,Job Request ID ,Application Date,Customer Name,Gender,Contact Number,Email Address,National ID Number,Administrative Division (Lagos),LGA Zone,Street Name,Zipcode,Description of Need,Latitude,Longitude,Job Status,Completed Date and time
0,PP20080827777,2008-08-27,Bola Ekanem,Female,2348053911779,bola.ekanem45@yahoo.com,99953733730,Lagos Island Division,Surulere,Monterey,94127.0,Sudden burst water pipe inside bathroom wall causing flooding,6.501867,3.359417,Closed,2026-02-13 04:03:00
1,PP20081216630,2008-12-16,Ngozi Ojo,Female,2349054733400,ngozi.ojo24@gmail.com,57215045765,Epe Division,Epe,27th,94121.0,new boiler,6.590477,3.99883,Closed,2026-02-13 04:03:00
2,PP20091112288,2009-11-12,Adaeze Danladi,Female,2348037698416,adaeze.danladi18@outlook.com,17742742886,Badagry Division,Amuwo-Odofin,Chestnut,94123.0,Public tap pipe severely damaged in residential community,6.447658,3.247659,Closed,2026-02-13 04:03:00
3,PP20091118429,2009-11-18,Aisha Akinyemi,Female,2348106641539,aisha.akinyemi61@yahoo.com,74441275865,Lagos Island Division,Eti-Osa,Naylor,94112.0,Bathroom floor drain completely clogged with wastewater backup,6.448892,3.429574,Closed,2026-02-13 04:03:00
4,PP20101217828,2010-12-17,Seyi Ibrahim,Male,2349018654299,seyi.ibrahim69@yahoo.com,36364167915,Ikeja Division,Kosofe,Church,94114.0,install a sand interception box and a sump pump outside the building,6.578605,3.422126,Closed,2026-02-13 04:03:00
5,PP20110106181,2011-01-06,Ngozi Akinyemi,Female,2349032726666,ngozi.akinyemi87@yahoo.com,34057108174,Ikeja Division,Kosofe,Panorama,94131.0,Major pipe burst near primary school disrupting access road,6.578666,3.412043,Closed,2026-02-13 04:03:00
6,PP20110629214,2011-06-29,Ngozi Bamidele,Female,2348161929821,ngozi.bamidele74@gmail.com,14852708837,Ikeja Division,Mushin,Lombard,94109.0,Sudden burst water pipe inside bathroom wall causing flooding,6.52972,3.335467,Closed,2026-02-13 04:03:00
7,PP20110826591,2011-08-26,Bola Ajayi,Female,2348119838266,bola.ajayi88@gmail.com,25997878390,Ikorodu Division,Ikorodu,Lyon,94123.0,Low water pressure affecting entire household supply,6.602151,3.504877,Closed,2026-02-13 04:03:00
8,PP20120515631,2012-05-15,Olamide Ogunleye,Male,2348177932240,olamide.ogunleye78@yahoo.com,69302620674,Badagry Division,Ojo,Vallejo,94123.0,Flooding due to collapsed drainage system after rainfall,6.450872,3.186142,Closed,2026-02-13 04:03:00
9,PP20121219905,2012-12-19,Chukwudi Akinyemi,Male,2348189252481,chukwudi.akinyemi87@yahoo.com,52421696701,Badagry Division,Amuwo-Odofin,16th,94116.0,Cracked underground pipe slowly flooding compound,6.44092,3.235877,Closed,2026-02-13 04:03:00
10,PP20130104181,2013-01-04,Chukwudi Adebisi,Male,2348131557181,chukwudi.adebisi78@outlook.com,12666017896,Ikeja Division,Mushin,Mariner - Ti,94130.0,Sewer overflow spreading wastewater near market area,6.541956,3.352342,Closed,2026-02-13 04:03:00
11,PP20130118554,2013-01-18,Adaeze Oladipo,Female,2348029167450,adaeze.oladipo41@outlook.com,3974065833,Epe Division,Epe,21st,94121.0,add one new bathroom.,6.584675,3.969353,Closed,2026-02-13 04:03:00
12,PP20130228661,2013-02-28,Adebayo Mohammed,Male,2348175720307,adebayo.mohammed78@hotmail.com,73264848555,Ikorodu Division,Ikorodu,18th,94121.0,Underground water pipe burst near hospital entrance,6.613956,3.511609,Closed,2026-02-13 04:03:00
13,PP20131108823,2013-11-08,Femi Oladipo,Male,2348070789187,femi.oladipo24@gmail.com,63386950653,Ikeja Division,Alimosho,Upper,94117.0,High-pressure pipe burst affecting multiple residential buildings,6.59749,3.298757,Closed,2026-02-13 04:03:00
14,PP20140515777,2014-05-15,Femi Okafor,Male,2349062164531,femi.okafor80@gmail.com,76780212158,Ikeja Division,Kosofe,Noe,94131.0,Toilet overflow due to heavily blocked drain system,6.577294,3.413783,Closed,2026-02-13 04:03:00
15,PP20140527016,2014-05-27,Opeyemi Chukwu,Female,2349082671576,opeyemi.chukwu24@yahoo.com,13440545358,Ikeja Division,Ifako-Ijaiye,Shrader,94117.0,High-pressure pipe burst affecting multiple residential buildings,6.663783,3.347123,Closed,2026-02-13 04:03:00
16,PP20141031441,2014-10-31,Amaka Chukwu,Female,2348132057547,amaka.chukwu87@hotmail.com,5063564872,Ikeja Division,Alimosho,Douglass,94114.0,"replace sink, remove stove gas line.",6.608865,3.284423,Closed,2026-02-13 04:03:00
17,PP20141110636,2014-11-10,Seyi Eze,Male,2348030035800,seyi.eze97@outlook.com,9736360014,Lagos Island Division,Apapa,Hill,94114.0,Sewer overflow spreading wastewater near market area,6.457025,3.346792,Closed,2026-02-13 04:03:00
18,PP20150504273,2015-05-04,Bola Adebisi,Female,2348154944957,bola.adebisi78@hotmail.com,95108675873,Lagos Island Division,Lagos Mainland,28th,94131.0,Minor kitchen sink pipe leakage under cabinet,6.526489,3.359603,Closed,2026-02-13 04:03:00
19,PP20150806933,2015-08-06,Yetunde Nnamdi,Female,2349028038798,yetunde.nnamdi93@yahoo.com,41052305793,Ikeja Division,Ifako-Ijaiye,Wisconsin,94107.0,2 shower pans.,6.656518,3.330569,Closed,2026-02-13 04:03:00
20,PP20160309582,2016-03-09,Chinedu Adebisi,Male,2348198298008,chinedu.adebisi78@hotmail.com,97926253567,Badagry Division,Ojo,09th,94122.0,High-pressure pipe burst affecting multiple residential buildings,6.468385,3.184714,Closed,2026-02-13 04:03:00
21,PP20160425897,2016-04-25,Zainab Ogunleye,Female,2348135364967,zainab.ogunleye45@gmail.com,53868240700,Ikeja Division,Oshodi-Isolo,Oak,94102.0,(1) shower pan.,6.552444,3.305089,Closed,2026-02-13 04:03:00
22,PP20160809928,2016-08-09,Obinna Ibrahim,Male,2348100753723,obinna.ibrahim57@outlook.com,67216940125,Ikeja Division,Agege,Ellington,94112.0,Minor kitchen sink pipe leakage under cabinet,6.600715,3.328802,Closed,2026-02-13 04:03:00
23,PP20170126470,2017-01-26,Opeyemi Oladipo,Female,2348086336570,opeyemi.oladipo76@gmail.com,7147475672,Lagos Island Division,Surulere,Mission,94112.0,Cracked underground pipe slowly flooding compound,6.492294,3.371371,Closed,2026-02-13 04:03:00
24,PP20170420726,2017-04-20,Chukwudi Adebisi,Male,2349096666997,chukwudi.adebisi63@gmail.com,49685907503,Lagos Island Division,Apapa,21st,94110.0,Sewer overflow spreading wastewater near market area,6.452236,3.34137,Closed,2026-02-13 04:03:00
25,PP20170601834,2017-06-01,Abdulrahman Yakubu,Male,2348118166387,abdulrahman.yakubu45@hotmail.com,59094267292,Badagry Division,Badagry,Grant,94133.0,Water heater pipe leakage soaking utility area,6.418241,2.881149,Closed,2026-02-13 04:03:00
26,PP20171006321,2017-10-06,Chinedu Umeh,Male,2348140117039,chinedu.umeh31@yahoo.com,25525876676,Ikeja Division,Ifako-Ijaiye,Persia,94112.0,Flooding due to collapsed drainage system after rainfall,6.663031,3.334717,Closed,2026-02-13 04:03:00
27,PP20180312574,2018-03-12,Emeka Owolabi,Male,2348144867864,emeka.owolabi71@gmail.com,27709440553,Lagos Island Division,Lagos Mainland,29th,94131.0,Water main leakage along roadside causing traffic obstruction,6.53471,3.388513,Closed,2026-02-13 04:03:00
28,PP20180524678,2018-05-24,Chioma Adeyemi,Female,2348154954822,chioma.adeyemi12@hotmail.com,55041688866,Lagos Island Division,Apapa,41st,94121.0,Public tap pipe severely damaged in residential community,6.440408,3.355908,Closed,2026-02-13 04:03:00
29,PP20181120841,2018-11-20,Emeka Okafor,Male,2348176652646,emeka.okafor17@hotmail.com,5477305904,Ikeja Division,Ifako-Ijaiye,Liebig,94112.0,Major pipe burst near primary school disrupting access road,6.673113,3.338355,Closed,2026-02-13 04:03:00
30,PP20190214154,2019-02-14,Abdulrahman Nwosu,Male,2349015703009,abdulrahman.nwosu48@yahoo.com,42454062642,Badagry Division,Badagry,Scott,94115.0,Persistent dripping tap in kitchen wasting water daily,6.410208,2.883143,Closed,2026-02-13 04:03:00
31,PP20190826826,2019-08-26,Oluwaseun Ibrahim,Male,2348147690130,oluwaseun.ibrahim12@yahoo.com,50533480231,Ikeja Division,Ikeja,Nobles,94133.0,Septic tank backflow causing strong sewage odor indoors,6.590737,3.339538,Closed,2026-02-13 04:03:00
32,PP20191010180,2019-10-10,Adebayo Umeh,Male,2348182777554,adebayo.umeh89@hotmail.com,86085105695,Ikeja Division,Alimosho,Mission,94110.0,Water main leakage along roadside causing traffic obstruction,6.617125,3.308562,Closed,2026-02-13 04:03:00
33,PP20200205393,2020-02-05,Obinna Eze,Male,2348113960869,obinna.eze10@gmail.com,65718886802,Epe Division,Epe,California,94115.0,Low water pressure affecting entire household supply,6.58328,3.993635,Closed,2026-02-13 04:03:00
34,PP20200828816,2020-08-28,Emeka Okoye,Male,2348188615932,emeka.okoye35@hotmail.com,10402552365,Epe Division,Epe,Brussels,94134.0,"replace ten feet of 1"" gas line.",6.587616,3.977149,Closed,2026-02-13 04:03:00
35,PP20210226458,2021-02-26,Ngozi Chukwu,Female,2348035758417,ngozi.chukwu21@yahoo.com,18516993098,Ikorodu Division,Ikorodu,Capra,94123.0,unit 306: relocate kitchen. rehabilitate existing bathroom. install washer & dryer. rewire unit.,6.623014,3.52588,Closed,2026-02-13 04:03:00
36,PP20210326008,2021-03-26,Kelechi Ajayi,Male,2349089359784,kelechi.ajayi94@gmail.com,97423297470,Ikeja Division,Agege,Hayes,94117.0,unit 10: kitchen & bath remodel,6.615142,3.351646,Closed,2026-02-13 04:03:00
37,PP20210429562,2021-04-29,Abdulrahman Akinyemi,Male,2348083468955,abdulrahman.akinyemi62@gmail.com,89202169362,Ikeja Division,Ifako-Ijaiye,Connecticut,94107.0,Sudden burst water pipe inside bathroom wall causing flooding,6.643603,3.336819,Open,2026-02-13 04:03:00
38,PP20210603138,2021-06-03,Chisom Adeyemi,Female,2348103264115,chisom.adeyemi85@gmail.com,56645235262,Badagry Division,Ajeromi-Ifelodun,Elizabeth,94114.0,bathroom remodel,6.46757,3.33031,Closed,2026-02-13 04:03:00
39,PP20211012793,2021-10-12,Aisha Ojo,Female,2348100511690,aisha.ojo27@outlook.com,83158991348,Lagos Island Division,Eti-Osa,Utah,94103.0,Major pipe burst near primary school disrupting access road,6.434018,3.402024,Closed,2026-02-13 04:03:00
40,PP20211214014,2021-12-14,Oluwaseun Ajayi,Male,2349056765825,oluwaseun.ajayi28@outlook.com,64583146307,Ikeja Division,Ifako-Ijaiye,Utah,94110.0,Public tap pipe severely damaged in residential community,6.667603,3.332171,Closed,2026-02-13 04:03:00
41,PP20220523021,2022-05-23,Olamide Adebisi,Male,2349031009231,olamide.adebisi79@hotmail.com,49129943887,Lagos Island Division,Surulere,Balboa,94118.0,High-pressure pipe burst affecting multiple residential buildings,6.511679,3.355617,Closed,2026-02-13 04:03:00
42,PP20220811473,2022-08-11,Kelechi Oladipo,Male,2348150369558,kelechi.oladipo80@outlook.com,14776327794,Ikeja Division,Ikeja,26th,94116.0,Toilet overflow due to heavily blocked drain system,6.593715,3.346482,Closed,2026-02-13 04:03:00
43,PP20220927259,2022-09-27,Oluwaseun Ajayi,Male,2348171340775,oluwaseun.ajayi37@outlook.com,24371795329,Epe Division,Epe,Colby,94134.0,Water main leakage along roadside causing traffic obstruction,6.593154,3.986888,Closed,2026-02-13 04:03:00
44,PP20230501706,2023-05-01,Ifeanyi Akinyemi,Male,2348144722142,ifeanyi.akinyemi28@hotmail.com,45009210709,Ikeja Division,Kosofe,Alpha,94134.0,Cracked underground pipe slowly flooding compound,6.578002,3.421833,Closed,2026-02-13 04:03:00
45,PP20230720022,2023-07-20,Aisha Ogunleye,Female,2349025713600,aisha.ogunleye90@yahoo.com,74377727034,Badagry Division,Amuwo-Odofin,Shafter,94124.0,Sewer overflow spreading wastewater near market area,6.450971,3.259686,Closed,2026-02-13 04:03:00
46,PP20230823597,2023-08-23,Yetunde Balogun,Female,2348149660034,yetunde.balogun92@hotmail.com,54448992191,Ikeja Division,Mushin,Shawnee,94112.0,replace fuacets for bath and kitchen.,6.520279,3.351323,Closed,2026-02-13 04:03:00
47,PP20241023639,2024-10-23,Emeka Abiola,Male,2348073768690,emeka.abiola38@hotmail.com,74458644988,Lagos Island Division,Apapa,Brookdale,94134.0,Septic tank backflow causing strong sewage odor indoors,6.444879,3.344365,Closed,2026-02-13 04:03:00
48,PP20250321218,2025-03-21,Olamide Ekanem,Male,2348090697823,olamide.ekanem28@outlook.com,16903198532,Lagos Island Division,Lagos Island,Bradford,94110.0,Water main leakage along roadside causing traffic obstruction,6.457061,3.397311,Closed,2026-02-13 04:03:00
49,PP20251114852,2025-11-14,Oluwaseun Abiola,Male,2348068629467,oluwaseun.abiola56@gmail.com,31485158301,Ikeja Division,Mushin,Alabama,94110.0,Cracked underground pipe slowly flooding compound,6.527351,3.352254,Open,2026-02-13 04:03:00
50,PP20251120960,2025-11-20,Amaka Nnamdi,Female,2348180161681,amaka.nnamdi69@hotmail.com,49672813359,Epe Division,Ibeju-Lekki,Mcallister,94117.0,renew pp20140709224 for final inspection. all work is complete,6.455846,3.580794,Closed,2026-02-13 04:03:00
51,PP20131230021,2013-12-30,Opeyemi Adeyemi,Female,2348093164042,opeyemi.adeyemi29@gmail.com,52841527243,Badagry Division,Ajeromi-Ifelodun,Mission,94112.0,Toilet overflow due to heavily blocked drain system,6.463273,3.325277,Closed,2026-02-13 04:03:00
52,PM20220201796,2022-02-01,Chinedu Akinyemi,Male,2348095741875,chinedu.akinyemi28@yahoo.com,31723583248,Epe Division,Epe,Divisadero,94123.0,Severe shower pipe rupture flooding entire bathroom,6.582387,3.987641,Closed,2026-02-13 04:03:00
53,PP20100527335,2010-05-27,Kunle Chukwu,Male,2349096862561,kunle.chukwu86@outlook.com,4346660863,Ikorodu Division,Ikorodu,Treat,94110.0,Open manhole with visible sewage leakage on street,6.638262,3.512246,Closed,2026-02-13 04:03:00
54,PP20251204197,2025-12-04,Adebayo Mohammed,Male,2349023950846,adebayo.mohammed85@gmail.com,31592045449,Lagos Island Division,Surulere,Divisadero,94117.0,High-pressure pipe burst affecting multiple residential buildings,6.499476,3.360056,Open,2026-02-13 04:03:00
55,PP20170927089,2017-09-27,Chinedu Yakubu,Male,2348118002519,chinedu.yakubu24@hotmail.com,79076083627,Epe Division,Ibeju-Lekki,24th,94114.0,Septic tank backflow causing strong sewage odor indoors,6.450812,3.584735,Closed,2026-02-13 04:03:00
56,PP20110503918,2011-05-03,Femi Umeh,Male,2348130043032,femi.umeh77@outlook.com,31177058817,Ikeja Division,Agege,Pierce,94117.0,Public tap pipe severely damaged in residential community,6.616102,3.360632,Closed,2026-02-13 04:03:00
57,PP20081030774,2008-10-30,Zainab Ibrahim,Female,2349018063494,zainab.ibrahim90@outlook.com,73349608236,Ikeja Division,Agege,Cervantes,94123.0,Minor kitchen sink pipe leakage under cabinet,6.613576,3.339015,Closed,2026-02-13 04:03:00
58,PP20140307804,2014-03-07,Tunde Okoye,Male,2348195816543,tunde.okoye84@outlook.com,44014109209,Ikeja Division,Ikeja,Church,94114.0,Sudden burst water pipe inside bathroom wall causing flooding,6.601453,3.339813,Closed,2026-02-13 04:03:00
59,PP20071213370,2007-12-13,Abdulrahman Yakubu,Male,2348065345468,abdulrahman.yakubu96@outlook.com,77766186437,Ikeja Division,Agege,Pearl,94103.0,Minor kitchen sink pipe leakage under cabinet,6.626928,3.343519,Closed,2026-02-13 04:03:00
60,PP20100810063,2010-08-10,Seyi Abiola,Male,2349096630730,seyi.abiola61@outlook.com,45316166099,Lagos Island Division,Apapa,27th,94110.0,Flooding due to collapsed drainage system after rainfall,6.45671,3.349906,Closed,2026-02-13 04:03:00
61,PM20190725892,2019-07-25,Yetunde Ekanem,Female,2349047377282,yetunde.ekanem16@gmail.com,22528455792,Ikeja Division,Agege,Tennessee,94107.0,Blocked drainage channel causing street-level flooding,6.629528,3.321981,Closed,2026-02-13 04:03:00
62,PM20080904267,2008-09-04,Ifeanyi Mohammed,Male,2348021591500,ifeanyi.mohammed63@gmail.com,86503410179,Ikorodu Division,Ikorodu,29th,94122.0,Water heater pipe leakage soaking utility area,6.625269,3.532405,Closed,2026-02-13 04:03:00
63,PM20081010953,2008-10-10,Oluwaseun Nwosu,Male,2348079872202,oluwaseun.nwosu29@yahoo.com,59187396252,Lagos Island Division,Surulere,Lincoln,94122.0,Minor kitchen sink pipe leakage under cabinet,6.486995,3.355137,Closed,2026-02-13 04:03:00
64,PM20081231017,2008-12-31,Adebayo Adebisi,Male,2348180704863,adebayo.adebisi19@yahoo.com,92857337641,Ikeja Division,Ifako-Ijaiye,11th,94116.0,furnace change out.,6.670797,3.323565,Closed,2026-02-13 04:03:00
65,PM20090605822,2009-06-05,Chukwudi Akinyemi,Male,2348138819953,chukwudi.akinyemi61@gmail.com,50684464930,Lagos Island Division,Surulere,Kingston,94110.0,Cracked underground pipe slowly flooding compound,6.481393,3.361486,Closed,2026-02-13 04:03:00
66,PM20100326914,2010-03-26,Bola Abiola,Female,2349076698450,bola.abiola61@yahoo.com,58393452805,Ikeja Division,Mushin,Folsom,94110.0,Cracked underground pipe slowly flooding compound,6.516677,3.359336,Closed,2026-02-13 04:03:00
67,PM20100830469,2010-08-30,Kelechi Chukwu,Male,2348081587897,kelechi.chukwu36@yahoo.com,57488146168,Ikorodu Division,Ikorodu,04th,94107.0,Sudden burst water pipe inside bathroom wall causing flooding,6.610206,3.525999,Closed,2026-02-13 04:03:00
68,PM20120315165,2012-03-15,Chioma Balogun,Female,2349027555290,chioma.balogun71@hotmail.com,79837891920,Ikeja Division,Ifako-Ijaiye,Huron,94112.0,Severe shower pipe rupture flooding entire bathroom,6.661967,3.325379,Closed,2026-02-13 04:03:00
69,PM20120925794,2012-09-25,Adebayo Chukwu,Male,2348163959166,adebayo.chukwu68@gmail.com,9504585305,Epe Division,Epe,45th,94121.0,Toilet overflow due to heavily blocked drain system,6.592135,3.971291,Open,2026-02-13 04:03:00
70,PM20130531193,2013-05-31,Aisha Yakubu,Female,2348133301897,aisha.yakubu25@gmail.com,64597071171,Badagry Division,Ajeromi-Ifelodun,Fair,94110.0,Sudden burst water pipe inside bathroom wall causing flooding,6.468975,3.346371,Closed,2026-02-13 04:03:00
71,PM20131108829,2013-11-08,Opeyemi Mohammed,Female,2349078689152,opeyemi.mohammed88@gmail.com,74887867581,Ikeja Division,Mushin,Portola,94127.0,Blocked drainage channel causing street-level flooding,6.511225,3.356446,Closed,2026-02-13 04:03:00
72,PM20140710231,2014-07-10,Zainab Danladi,Female,2348135273958,zainab.danladi42@yahoo.com,21520343529,Ikeja Division,Alimosho,Brussels,94134.0,Severe shower pipe rupture flooding entire bathroom,6.611599,3.302818,Closed,2026-02-13 04:03:00
73,PM20140805989,2014-08-05,Emeka Okafor,Male,2349011611387,emeka.okafor78@outlook.com,59057970699,Ikorodu Division,Ikorodu,Delta,94134.0,Severe shower pipe rupture flooding entire bathroom,6.60703,3.497295,Closed,2026-02-13 04:03:00
74,PM20141217570,2014-12-17,Seyi Ogunleye,Male,2348037319659,seyi.ogunleye61@gmail.com,35549897533,Badagry Division,Ojo,Pretor,94112.0,Minor kitchen sink pipe leakage under cabinet,6.466219,3.18597,Closed,2026-02-13 04:03:00
75,PM20150226344,2015-02-26,Oluwaseun Bamidele,Male,2348070170214,oluwaseun.bamidele53@yahoo.com,83651428909,Badagry Division,Badagry,Golden Gate,94115.0,to comply with physical inspection report cc-7693. [install new flue to copmly with unit 3 for furnace].,6.417505,2.888464,Closed,2026-02-13 04:03:00
76,PM20150820304,2015-08-20,Yetunde Ibrahim,Female,2349036473531,yetunde.ibrahim32@outlook.com,33801000239,Badagry Division,Ajeromi-Ifelodun,18th,94110.0,Severe shower pipe rupture flooding entire bathroom,6.4599,3.335623,Closed,2026-02-13 04:03:00
77,PM20151218473,2015-12-18,Chisom Nwosu,Female,2348020734767,chisom.nwosu92@yahoo.com,10451292134,Ikeja Division,Agege,Fair,94110.0,Blocked drainage channel causing street-level flooding,6.618431,3.328856,Closed,2026-02-13 04:03:00
78,PM20160711977,2016-07-11,Tunde Bamidele,Male,2348157591500,tunde.bamidele25@outlook.com,75829837966,Lagos Island Division,Surulere,42nd,94122.0,Bathroom floor drain completely clogged with wastewater backup,6.515558,3.365538,Closed,2026-02-13 04:03:00
79,PM20161006596,2016-10-06,Ngozi Okafor,Female,2348132240956,ngozi.okafor27@yahoo.com,89142624410,Ikeja Division,Agege,Dartmouth,94134.0,Septic tank backflow causing strong sewage odor indoors,6.603587,3.342566,Closed,2026-02-13 04:03:00
80,PM20170605915,2017-06-05,Abdulrahman Afolabi,Male,2348122399999,abdulrahman.afolabi26@outlook.com,50894070363,Ikorodu Division,Ikorodu,Madrone,94127.0,Sudden burst water pipe inside bathroom wall causing flooding,6.609653,3.518371,Closed,2026-02-13 04:03:00
81,PM20180816027,2018-08-16,Adebayo Ojo,Male,2349020799107,adebayo.ojo61@gmail.com,46346020214,Badagry Division,Ojo,Oak Park,94131.0,Underground water pipe burst near hospital entrance,6.472586,3.174793,Closed,2026-02-13 04:03:00
82,PM20181116742,2018-11-16,Obinna Owolabi,Male,2348096385100,obinna.owolabi65@gmail.com,94987204248,Ikeja Division,Oshodi-Isolo,Duncan,94131.0,Cracked underground pipe slowly flooding compound,6.563234,3.312228,Closed,2026-02-13 04:03:00
83,PM20190624016,2019-06-24,Obinna Balogun,Male,2348113423738,obinna.balogun63@gmail.com,829484286,Ikeja Division,Oshodi-Isolo,22nd,94114.0,Bathroom floor drain completely clogged with wastewater backup,6.561821,3.327068,Closed,2026-02-13 04:03:00
84,PM20191205759,2019-12-05,Olamide Umeh,Male,2348115196852,olamide.umeh26@outlook.com,67418219947,Ikeja Division,Agege,Funston,94116.0,Water main leakage along roadside causing traffic obstruction,6.613046,3.328463,Closed,2026-02-13 04:03:00
85,PM20200916066,2020-09-16,Adaeze Mohammed,Female,2348186402462,adaeze.mohammed46@yahoo.com,25817962051,Ikeja Division,Ifako-Ijaiye,08th,94122.0,Open manhole with visible sewage leakage on street,6.660905,3.320442,Closed,2026-02-13 04:03:00
86,PM20210126942,2021-01-26,Chinedu Okoye,Male,2349054095701,chinedu.okoye81@outlook.com,24715063088,Badagry Division,Ojo,Dellbrook,94131.0,Bathroom floor drain completely clogged with wastewater backup,6.460229,3.186412,Closed,2026-02-13 04:03:00
87,PM20210706735,2021-07-06,Ifeanyi Ibrahim,Male,2348173189773,ifeanyi.ibrahim47@outlook.com,25635895656,Badagry Division,Badagry,Laidley,94131.0,Water heater pipe leakage soaking utility area,6.417767,2.893272,Closed,2026-02-13 04:03:00
88,PM20211015904,2021-10-15,Opeyemi Adeyemi,Female,2348073817109,opeyemi.adeyemi81@hotmail.com,5825366837,Ikorodu Division,Ikorodu,Treat,94110.0,Persistent dripping tap in kitchen wasting water daily,6.61953,3.525035,Closed,2026-02-13 04:03:00
89,PM20211025112,2021-10-25,Ijeoma Bamidele,Female,2349028286909,ijeoma.bamidele45@yahoo.com,77757591256,Lagos Island Division,Lagos Mainland,Lincoln,94122.0,furnace.,6.521753,3.406402,Closed,2026-02-13 04:03:00
90,PM20220906898,2022-09-06,Obinna Abiola,Male,2349048284895,obinna.abiola34@outlook.com,30357390465,Ikeja Division,Agege,Mission,94103.0,new furnace,6.621757,3.327428,Closed,2026-02-13 04:03:00
91,PM20220921149,2022-09-21,Chinedu Nwosu,Male,2348116676885,chinedu.nwosu51@outlook.com,26346133563,Badagry Division,Ajeromi-Ifelodun,45th,94116.0,Persistent dripping tap in kitchen wasting water daily,6.455991,3.338125,Closed,2026-02-13 04:03:00
92,PM20221115139,2022-11-15,Chinedu Adebisi,Male,2349061800254,chinedu.adebisi22@hotmail.com,90040282284,Badagry Division,Ojo,Lexington,94110.0,Toilet overflow due to heavily blocked drain system,6.458765,3.19014,Closed,2026-02-13 04:03:00
93,PM20230315975,2023-03-15,Chioma Ibrahim,Female,2348038933479,chioma.ibrahim88@yahoo.com,79856663116,Lagos Island Division,Lagos Mainland,31st,94116.0,Water pipeline rupture near highway causing erosion,6.529132,3.378472,Closed,2026-02-13 04:03:00
94,PM20230907868,2023-09-07,Opeyemi Bamidele,Female,2348064352759,opeyemi.bamidele60@yahoo.com,96967245779,Badagry Division,Ojo,28th,94116.0,Sudden burst water pipe inside bathroom wall causing flooding,6.452532,3.167852,Closed,2026-02-13 04:03:00
95,PM20230915041,2023-09-15,Adaeze Balogun,Female,2348071996106,adaeze.balogun86@hotmail.com,23539349611,Lagos Island Division,Surulere,Holyoke,94134.0,2 new furnaces in garage,6.492435,3.369364,Closed,2026-02-13 04:03:00
96,PM20240124981,2024-01-24,Adaeze Adebisi,Female,2349040339681,adaeze.adebisi42@outlook.com,98342197305,Lagos Island Division,Surulere,25th,94122.0,Blocked drainage channel causing street-level flooding,6.499041,3.348343,Closed,2026-02-13 04:03:00
97,PM20240920077,2024-09-20,Ijeoma Oladipo,Female,2348160169530,ijeoma.oladipo34@hotmail.com,51176190791,Lagos Island Division,Lagos Island,Los Palmos,94127.0,Toilet overflow due to heavily blocked drain system,6.455832,3.398553,Open,2026-02-13 04:03:00
98,PM20240925167,2024-09-25,Ifeanyi Mohammed,Male,2348150406001,ifeanyi.mohammed67@hotmail.com,45901931532,Ikeja Division,Oshodi-Isolo,Longview,94131.0,install mini split.,6.544761,3.309637,Closed,2026-02-13 04:03:00
99,PM20241004324,2024-10-04,Adaeze Ojo,Female,2348159208974,adaeze.ojo96@yahoo.com,58712196802,Ikeja Division,Kosofe,Brunswick,94112.0,Bathroom floor drain completely clogged with wastewater backup,6.583882,3.40527,Closed,2026-02-13 04:03:00
100,PM20250226776,2025-02-26,Amaka Owolabi,Female,2348151450381,amaka.owolabi12@hotmail.com,53990866087,Ikeja Division,Kosofe,22nd,94116.0,Persistent dripping tap in kitchen wasting water daily,6.586878,3.422308,Closed,2026-02-13 04:03:00
101,PM20260123998,2026-01-23,Temitope Umeh,Female,2348070335982,temitope.umeh25@yahoo.com,94308713362,Badagry Division,Ojo,33rd,94121.0,Low water pressure affecting entire household supply,6.471831,3.193538,Closed,2026-02-13 04:03:00
102,PP20070417401,2007-04-17,Tunde Ojo,Male,2348115691955,tunde.ojo32@yahoo.com,76938526574,Ikeja Division,Mushin,Treat,94110.0,Public tap pipe severely damaged in residential community,6.513523,3.345222,Closed,2026-02-13 04:03:00
103,PP20070426892,2007-04-26,Tunde Ibrahim,Male,2349011190471,tunde.ibrahim39@outlook.com,50702157766,Lagos Island Division,Apapa,Geary,94118.0,flue,6.45395,3.364138,Closed,2026-02-13 04:03:00
104,PP200705011039,2007-05-01,Kelechi Ibrahim,Male,2348154794125,kelechi.ibrahim19@gmail.com,74212260659,Epe Division,Ibeju-Lekki,Clipper,94114.0,Septic tank backflow causing strong sewage odor indoors,6.47515,3.623527,Closed,2026-02-13 04:03:00
105,PP200705011049,2007-05-01,Amaka Yakubu,Female,2348134334181,amaka.yakubu31@hotmail.com,19081388011,Ikeja Division,Agege,Alabama,94110.0,Major pipe burst near primary school disrupting access road,6.621209,3.347356,Closed,2026-02-13 04:03:00
106,PP200706072369,2007-06-07,Temitope Nwosu,Female,2348121982963,temitope.nwosu65@gmail.com,17797376702,Lagos Island Division,Lagos Island,29th,94121.0,Minor kitchen sink pipe leakage under cabinet,6.46364,3.401214,Closed,2026-02-13 04:03:00
107,PP200706273078,2007-06-27,Chioma Akinyemi,Female,2348083960220,chioma.akinyemi98@yahoo.com,95038605515,Badagry Division,Ajeromi-Ifelodun,Collingwood,94114.0,Public tap pipe severely damaged in residential community,6.463547,3.34089,Closed,2026-02-13 04:03:00
108,PP200707033273,2007-07-03,Chinedu Adebisi,Male,2348088769758,chinedu.adebisi89@yahoo.com,91765958899,Ikeja Division,Ifako-Ijaiye,Stone,94108.0,Major pipe burst near primary school disrupting access road,6.662072,3.326232,Closed,2026-02-13 04:03:00
109,PP20070717641,2007-07-17,Adaeze Umeh,Female,2349029983681,adaeze.umeh91@hotmail.com,12969850604,Ikeja Division,Ifako-Ijaiye,Colby,94134.0,Flooding due to collapsed drainage system after rainfall,6.664946,3.329419,Closed,2026-02-13 04:03:00
110,PP20070723807,2007-07-23,Kunle Afolabi,Male,2348038284517,kunle.afolabi14@gmail.com,89980528217,Ikeja Division,Kosofe,Green,94123.0,Water main leakage along roadside causing traffic obstruction,6.606447,3.398027,Closed,2026-02-13 04:03:00
111,PP20070917587,2007-09-17,Chinedu Adebisi,Male,2348111557948,chinedu.adebisi64@outlook.com,24599066481,Ikeja Division,Ikeja,Post,94108.0,Public tap pipe severely damaged in residential community,6.608663,3.335373,Closed,2026-02-13 04:03:00
112,PP20070921773,2007-09-21,Ayomide Nnamdi,Male,2348028963295,ayomide.nnamdi85@yahoo.com,41186373092,Epe Division,Epe,Hernandez,94127.0,High-pressure pipe burst affecting multiple residential buildings,6.579281,3.99449,Closed,2026-02-13 04:03:00
113,PP20070921810,2007-09-21,Ifeanyi Nwosu,Male,2348140218213,ifeanyi.nwosu42@hotmail.com,90116398185,Ikorodu Division,Ikorodu,38th,94116.0,Severe shower pipe rupture flooding entire bathroom,6.620043,3.499723,Closed,2026-02-13 04:03:00
114,PP20071011462,2007-10-11,Tunde Ibrahim,Male,2348171059799,tunde.ibrahim71@yahoo.com,97678757711,Badagry Division,Amuwo-Odofin,14th,94103.0,gas houseline extension,6.442847,3.256796,Closed,2026-02-13 04:03:00
115,PP20071016582,2007-10-16,Aisha Okoye,Female,2349018277225,aisha.okoye36@outlook.com,9162333150,Ikorodu Division,Ikorodu,Clipper,94114.0,Low water pressure affecting entire household supply,6.612096,3.512665,Closed,2026-02-13 04:03:00
116,PP20071029015,2007-10-29,Chioma Adebisi,Female,2348193028443,chioma.adebisi36@yahoo.com,41815351162,Ikorodu Division,Ikorodu,45th,94121.0,shower pan.,6.619856,3.503984,Closed,2026-02-13 04:03:00
117,PP20071101138,2007-11-01,Ifeanyi Ekanem,Male,2348054373754,ifeanyi.ekanem19@gmail.com,26762262162,Ikeja Division,Kosofe,Lexington,94110.0,Sudden burst water pipe inside bathroom wall causing flooding,6.604739,3.423039,Closed,2026-02-13 04:03:00
118,PP20071107336,2007-11-07,Adaeze Yakubu,Female,2349033383895,adaeze.yakubu84@gmail.com,46171337085,Ikorodu Division,Ikorodu,Silver,94112.0,Underground water pipe burst near hospital entrance,6.599149,3.512365,Closed,2026-02-13 04:03:00
119,PP20071213347,2007-12-13,Adebayo Balogun,Male,2348126927209,adebayo.balogun39@outlook.com,35583705423,Lagos Island Division,Lagos Island,03rd,94107.0,repair sewer,6.447482,3.403224,Closed,2026-02-13 04:03:00
120,PP20071220530,2007-12-20,Zainab Adeyemi,Female,2349041959803,zainab.adeyemi38@yahoo.com,79176016210,Ikorodu Division,Ikorodu,Montgomery,94133.0,Water main leakage along roadside causing traffic obstruction,6.611475,3.509353,Closed,2026-02-13 04:03:00
121,PP20080110979,2008-01-10,Amaka Okoye,Female,2348170071073,amaka.okoye86@outlook.com,62597565648,Ikorodu Division,Ikorodu,Shakespeare,94112.0,Major pipe burst near primary school disrupting access road,6.62445,3.519158,Closed,2026-02-13 04:03:00
122,PP20080115134,2008-01-15,Bola Oladipo,Female,2348053400250,bola.oladipo34@gmail.com,25804380302,Ikeja Division,Ikeja,Sutter,94115.0,replace bathrooms fixtures on 4 units,6.589797,3.348155,Closed,2026-02-13 04:03:00
123,PP20080124383,2008-01-24,Abdulrahman Chukwu,Male,2348141606395,abdulrahman.chukwu19@outlook.com,30450993301,Ikeja Division,Mushin,Alabama,94110.0,Underground water pipe burst near hospital entrance,6.522551,3.348067,Closed,2026-02-13 04:03:00
124,PP20080201646,2008-02-01,Tunde Chukwu,Male,2348167858357,tunde.chukwu58@yahoo.com,94128404202,Ikeja Division,Ikeja,Parnassus,94117.0,Cracked underground pipe slowly flooding compound,6.619455,3.35555,Closed,2026-02-13 04:03:00
125,PP20080423038,2008-04-23,Adaeze Ogunleye,Female,2349082153078,adaeze.ogunleye80@yahoo.com,59401484404,Lagos Island Division,Lagos Island,Vallejo,94123.0,Sewer overflow spreading wastewater near market area,6.441491,3.403879,Closed,2026-02-13 04:03:00
126,PP20090728960,2009-07-28,Emeka Ajayi,Male,2348168186468,emeka.ajayi39@hotmail.com,78923660584,Ikorodu Division,Ikorodu,Union,94133.0,Underground water pipe burst near hospital entrance,6.640622,3.520825,Closed,2026-02-13 04:03:00
127,PP20091118406,2009-11-18,Ngozi Bamidele,Female,2348105305255,ngozi.bamidele21@hotmail.com,79899201496,Ikorodu Division,Ikorodu,Somerset,94134.0,remove & replace a 75 gallon water heater.,6.604206,3.505658,Closed,2026-02-13 04:03:00
128,PP20100902559,2010-09-02,Femi Balogun,Male,2348163181290,femi.balogun23@gmail.com,53832431261,Ikeja Division,Ifako-Ijaiye,Washington,94118.0,Underground water pipe burst near hospital entrance,6.682469,3.321523,Closed,2026-02-13 04:03:00
129,PP20110422691,2011-04-22,Chioma Mohammed,Female,2348090804628,chioma.mohammed77@gmail.com,1779156067,Lagos Island Division,Eti-Osa,Holly Park,94110.0,Open manhole with visible sewage leakage on street,6.437538,3.429646,Closed,2026-02-13 04:03:00
130,PP20111003428,2011-10-03,Ijeoma Ajayi,Female,2349072463428,ijeoma.ajayi27@outlook.com,87272536795,Lagos Island Division,Eti-Osa,Green,94123.0,2180 green street: sewer line and housetrap,6.423831,3.421305,Closed,2026-02-13 04:03:00
131,PP20120113704,2012-01-13,Ngozi Balogun,Female,2349098691664,ngozi.balogun45@hotmail.com,93769796228,Ikeja Division,Ikeja,Union,94123.0,Septic tank backflow causing strong sewage odor indoors,6.569387,3.341256,Closed,2026-02-13 04:03:00
132,PP20120510507,2012-05-10,Obinna Owolabi,Male,2348188230530,obinna.owolabi37@hotmail.com,60205167549,Ikeja Division,Alimosho,Oak Park,94131.0,Sewer overflow spreading wastewater near market area,6.606474,3.282522,Closed,2026-02-13 04:03:00
133,PP20120514591,2012-05-14,Opeyemi Danladi,Female,2349012876307,opeyemi.danladi41@hotmail.com,38740776670,Ikeja Division,Alimosho,Exposition - Ti,94130.0,replacing boiler. a-1953,6.625324,3.280699,Closed,2026-02-13 04:03:00
134,PP20120905324,2012-09-05,Aisha Bamidele,Female,2348062893381,aisha.bamidele34@outlook.com,23599835885,Epe Division,Epe,04th,94158.0,Public tap pipe severely damaged in residential community,6.5796,3.984907,Closed,2026-02-13 04:03:00
135,PP20120924752,2012-09-24,Kelechi Ajayi,Male,2348144384881,kelechi.ajayi29@gmail.com,42424990561,Ikeja Division,Alimosho,Shotwell,94110.0,Blocked drainage channel causing street-level flooding,6.623413,3.280641,Closed,2026-02-13 04:03:00
136,PP20130830777,2013-08-30,Tunde Ogunleye,Male,2349082300087,tunde.ogunleye39@gmail.com,29873775013,Lagos Island Division,Apapa,Leavenworth,94109.0,Water main leakage along roadside causing traffic obstruction,6.460432,3.359102,Closed,2026-02-13 04:03:00
137,PP20131218822,2013-12-18,Bola Eze,Female,2348074822685,bola.eze89@gmail.com,31815435389,Badagry Division,Ojo,42nd,94116.0,Sewer overflow spreading wastewater near market area,6.451185,3.187621,Closed,2026-02-13 04:03:00
138,PP20140228612,2014-02-28,Obinna Ibrahim,Male,2349010109989,obinna.ibrahim98@yahoo.com,62930513472,Lagos Island Division,Lagos Mainland,Woodward,94103.0,Blocked drainage channel causing street-level flooding,6.526391,3.373198,Closed,2026-02-13 04:03:00
139,PP20140814244,2014-08-14,Chinedu Ibrahim,Male,2348177627119,chinedu.ibrahim83@gmail.com,50801073167,Epe Division,Epe,Irving,94122.0,Persistent dripping tap in kitchen wasting water daily,6.584698,3.979747,Closed,2026-02-13 04:03:00
140,PP20140930557,2014-09-30,Emeka Danladi,Male,2348056076349,emeka.danladi17@outlook.com,84207546434,Epe Division,Ibeju-Lekki,Fulton,94117.0,Minor kitchen sink pipe leakage under cabinet,6.471135,3.591621,Closed,2026-02-13 04:03:00
141,PP20141015017,2014-10-15,Adebayo Ekanem,Male,2348023009066,adebayo.ekanem10@outlook.com,65998916073,Ikeja Division,Mushin,Duncan,94131.0,Water pipeline rupture near highway causing erosion,6.54316,3.342222,Closed,2026-02-13 04:03:00
142,PP20150220176,2015-02-20,Oluwaseun Mohammed,Male,2349031277598,oluwaseun.mohammed16@yahoo.com,77334650528,Lagos Island Division,Lagos Island,California,94108.0,Septic tank backflow causing strong sewage odor indoors,6.47543,3.375179,Closed,2026-02-13 04:03:00
143,PP20150710187,2015-07-10,Ifeanyi Adebisi,Male,2348113009415,ifeanyi.adebisi96@gmail.com,28497886907,Ikeja Division,Ifako-Ijaiye,Maywood,94127.0,kitchen & e bathrooms remodeling 1 toilet room,6.668282,3.334483,Closed,2026-02-13 04:03:00
144,PP20151014728,2015-10-14,Abdulrahman Chukwu,Male,2348090574695,abdulrahman.chukwu67@hotmail.com,63591373933,Ikeja Division,Agege,04th,94107.0,Persistent dripping tap in kitchen wasting water daily,6.61831,3.329773,Closed,2026-02-13 04:03:00
145,PP20160222104,2016-02-22,Temitope Ekanem,Female,2349036989964,temitope.ekanem87@outlook.com,98162302196,Ikeja Division,Ikeja,Duncan,94131.0,Flooding due to collapsed drainage system after rainfall,6.599719,3.34657,Closed,2026-02-13 04:03:00
146,PP20160309586,2016-03-09,Ifeanyi Mohammed,Male,2349062143473,ifeanyi.mohammed82@hotmail.com,50780461577,Badagry Division,Ajeromi-Ifelodun,09th,94118.0,remodel two exisitng bathrooms.,6.460806,3.341796,Closed,2026-02-13 04:03:00
147,PP20160531849,2016-05-31,Chisom Ibrahim,Female,2348178696757,chisom.ibrahim73@hotmail.com,99755214834,Lagos Island Division,Apapa,Taraval,94116.0,High-pressure pipe burst affecting multiple residential buildings,6.45237,3.352071,Closed,2026-02-13 04:03:00
148,PP20160829465,2016-08-29,Ngozi Bamidele,Female,2349029905081,ngozi.bamidele12@outlook.com,55337448364,Ikeja Division,Alimosho,08th,94118.0,Bathroom floor drain completely clogged with wastewater backup,6.617996,3.298073,Closed,2026-02-13 04:03:00
149,PP20170104894,2017-01-04,Ijeoma Akinyemi,Female,2348131619756,ijeoma.akinyemi67@outlook.com,87799287290,Ikeja Division,Ifako-Ijaiye,Marina,94123.0,Sudden burst water pipe inside bathroom wall causing flooding,6.677929,3.334896,Closed,2026-02-13 04:03:00
150,PP20170510227,2017-05-10,Kunle Chukwu,Male,2349065988689,kunle.chukwu41@hotmail.com,43759485253,Epe Division,Ibeju-Lekki,Jamestown,94124.0,Water pipeline rupture near highway causing erosion,6.46171,3.579398,Closed,2026-02-13 04:03:00
151,PP20170710838,2017-07-10,Ifeanyi Okoye,Male,2348052043182,ifeanyi.okoye77@gmail.com,45820173619,Ikeja Division,Oshodi-Isolo,Valencia,94110.0,Minor kitchen sink pipe leakage under cabinet,6.561073,3.314204,Closed,2026-02-13 04:03:00
152,PP20171024812,2017-10-24,Adebayo Ajayi,Male,2348177540320,adebayo.ajayi47@yahoo.com,79869018962,Ikeja Division,Alimosho,Clayton,94117.0,Low water pressure affecting entire household supply,6.608791,3.296173,Closed,2026-02-13 04:03:00
153,PP20171115411,2017-11-15,Zainab Nnamdi,Female,2349045125384,zainab.nnamdi18@yahoo.com,40923364861,Lagos Island Division,Eti-Osa,Sutter,94109.0,replace kitchen sink.,6.445877,3.415984,Closed,2026-02-13 04:03:00
154,PP20180403238,2018-04-03,Obinna Chukwu,Male,2349031591628,obinna.chukwu74@gmail.com,71649534463,Epe Division,Epe,25th,94110.0,install wall hung lavy,6.589471,3.981578,Closed,2026-02-13 04:03:00
155,PP20181019896,2018-10-19,Emeka Abiola,Male,2349047597224,emeka.abiola84@gmail.com,43374847260,Ikeja Division,Alimosho,Post,94102.0,Sewer overflow spreading wastewater near market area,6.606823,3.305988,Closed,2026-02-13 04:03:00
156,PP20190416921,2019-04-16,Abdulrahman Yakubu,Male,2349092797139,abdulrahman.yakubu38@gmail.com,41754209999,Badagry Division,Badagry,42nd,94122.0,Sudden burst water pipe inside bathroom wall causing flooding,6.423254,2.893135,Closed,2026-02-13 04:03:00
157,PP20191024619,2019-10-24,Zainab Nwosu,Female,2348193398218,zainab.nwosu37@outlook.com,74860066816,Badagry Division,Amuwo-Odofin,Guerrero,94103.0,Water pipeline rupture near highway causing erosion,6.463055,3.25021,Open,2026-02-13 04:03:00
158,PP20191105924,2019-11-05,Temitope Mohammed,Female,2349080597281,temitope.mohammed92@hotmail.com,19914889069,Ikeja Division,Oshodi-Isolo,Haight,94117.0,Underground water pipe burst near hospital entrance,6.56042,3.304997,Closed,2026-02-13 04:03:00
159,PP20191202619,2019-12-02,Chinedu Bamidele,Male,2349050626384,chinedu.bamidele35@yahoo.com,92990159113,Badagry Division,Amuwo-Odofin,Madrid,94112.0,Underground water pipe burst near hospital entrance,6.453242,3.248699,Closed,2026-02-13 04:03:00
160,PP20200203304,2020-02-03,Chisom Umeh,Female,2349027512796,chisom.umeh38@outlook.com,27753681560,Lagos Island Division,Lagos Island,Grant,94133.0,one shower pan,6.45507,3.400652,Closed,2026-02-13 04:03:00
161,PP20200227110,2020-02-27,Olamide Mohammed,Male,2348125082466,olamide.mohammed94@yahoo.com,57611344167,Badagry Division,Badagry,20th,94110.0,3 shower pans,6.406818,2.905924,Closed,2026-02-13 04:03:00
162,PP20200313569,2020-03-13,Ayomide Ajayi,Male,2349023967186,ayomide.ajayi43@hotmail.com,13234519587,Badagry Division,Ojo,Fell,94117.0,Low water pressure affecting entire household supply,6.45094,3.170858,Closed,2026-02-13 04:03:00
163,PP20200817626,2020-08-17,Chioma Okoye,Female,2348187558348,chioma.okoye95@hotmail.com,8910505166,Lagos Island Division,Eti-Osa,Chestnut,94123.0,Water main leakage along roadside causing traffic obstruction,6.444681,3.429817,Closed,2026-02-13 04:03:00
164,PP20220216156,2022-02-16,Amaka Ekanem,Female,2348193689578,amaka.ekanem36@hotmail.com,31601108525,Ikeja Division,Ikeja,19th,94110.0,Underground water pipe burst near hospital entrance,6.608041,3.357783,Closed,2026-02-13 04:03:00
165,PP20220328950,2022-03-28,Adaeze Owolabi,Female,2348123071069,adaeze.owolabi81@hotmail.com,62390558144,Ikorodu Division,Ikorodu,Hoff,94110.0,Water heater pipe leakage soaking utility area,6.619278,3.501527,Closed,2026-02-13 04:03:00
166,PP20220510750,2022-05-10,Obinna Ajayi,Male,2348118256981,obinna.ajayi40@gmail.com,64939174381,Ikeja Division,Mushin,45th,94116.0,Cracked underground pipe slowly flooding compound,6.528058,3.347828,Closed,2026-02-13 04:03:00
167,PP20230124178,2023-01-24,Ijeoma Ogunleye,Female,2349076317456,ijeoma.ogunleye48@yahoo.com,27389999898,Ikeja Division,Mushin,Cesar Chavez,94110.0,Persistent dripping tap in kitchen wasting water daily,6.537051,3.353129,Closed,2026-02-13 04:03:00
168,PP20230616523,2023-06-16,Femi Balogun,Male,2348179073801,femi.balogun33@hotmail.com,5957661306,Ikeja Division,Agege,Kearny,94133.0,Water pipeline rupture near highway causing erosion,6.607245,3.332786,Closed,2026-02-13 04:03:00
169,PP20230905807,2023-09-05,Aisha Eze,Female,2348165903794,aisha.eze77@yahoo.com,38558755534,Lagos Island Division,Lagos Mainland,31st,94116.0,Bathroom floor drain completely clogged with wastewater backup,6.528529,3.373563,Closed,2026-02-13 04:03:00
170,PP20231117096,2023-11-17,Ijeoma Adebisi,Female,2348158505557,ijeoma.adebisi32@gmail.com,28160961404,Badagry Division,Ajeromi-Ifelodun,Unknown,94116.45960559796,Water main leakage along roadside causing traffic obstruction,6.458478,3.335737,Closed,2026-02-13 04:03:00
171,PP20231205305,2023-12-05,Chinedu Okoye,Male,2349054139493,chinedu.okoye70@outlook.com,30062988980,Ikeja Division,Kosofe,Unknown,94116.45960559796,Water heater pipe leakage soaking utility area,6.58575,3.411631,Closed,2026-02-13 04:03:00
172,PP20240702680,2024-07-02,Chinedu Okafor,Male,2348036991040,chinedu.okafor25@gmail.com,30084026131,Lagos Island Division,Eti-Osa,Albion,94110.0,install sink in the laundry room.,6.42839,3.42422,Closed,2026-02-13 04:03:00
173,PP20240823563,2024-08-23,Opeyemi Ajayi,Female,2348020589048,opeyemi.ajayi36@gmail.com,88661970743,Ikeja Division,Mushin,Pacific,94133.0,Toilet overflow due to heavily blocked drain system,6.512819,3.340525,Closed,2026-02-13 04:03:00
174,PP20241219660,2024-12-19,Temitope Balogun,Female,2349080707047,temitope.balogun14@outlook.com,91291324684,Badagry Division,Ajeromi-Ifelodun,Sacramento,94109.0,Water pipeline rupture near highway causing erosion,6.459516,3.331166,Closed,2026-02-13 04:03:00
175,PP20241230760,2024-12-30,Olamide Ibrahim,Male,2348088080992,olamide.ibrahim81@yahoo.com,71578336341,Ikeja Division,Mushin,Polk,94109.0,Septic tank backflow causing strong sewage odor indoors,6.530409,3.369354,Closed,2026-02-13 04:03:00
176,PP20250313080,2025-03-13,Chisom Nnamdi,Female,2348192118703,chisom.nnamdi44@yahoo.com,19499155706,Badagry Division,Badagry,Wilde,94134.0,Blocked drainage channel causing street-level flooding,6.423577,2.883401,Closed,2026-02-13 04:03:00
177,PP20250415657,2025-04-15,Oluwaseun Danladi,Male,2348190312813,oluwaseun.danladi96@yahoo.com,68365397274,Lagos Island Division,Surulere,15th,94122.0,Water main leakage along roadside causing traffic obstruction,6.49671,3.350775,Closed,2026-02-13 04:03:00
178,PP20250428903,2025-04-28,Femi Danladi,Male,2348191490635,femi.danladi65@outlook.com,32966528120,Epe Division,Epe,Shotwell,94110.0,Underground water pipe burst near hospital entrance,6.583815,3.980713,Closed,2026-02-13 04:03:00
179,PP20250926928,2025-09-26,Olamide Balogun,Male,2349075107785,olamide.balogun33@yahoo.com,61978150748,Ikeja Division,Ifako-Ijaiye,20th,94132.0,Flooding due to collapsed drainage system after rainfall,6.673027,3.320328,Closed,2026-02-13 04:03:00
180,PP20260122981,2026-01-22,Ifeanyi Ojo,Male,2348140825998,ifeanyi.ojo88@yahoo.com,21669465823,Ikeja Division,Oshodi-Isolo,20th,94110.0,upgrade water service line to 23lf.,6.558793,3.323427,Closed,2026-02-13 04:03:00
181,PP200706132570,2007-06-13,Zainab Ekanem,Female,2348152449633,zainab.ekanem93@gmail.com,89795288516,Ikeja Division,Kosofe,Turk,94102.0,Toilet overflow due to heavily blocked drain system,6.582212,3.420717,Closed,2026-02-13 04:03:00
182,PP20161011717,2016-10-11,Ayomide Chukwu,Male,2349068335560,ayomide.chukwu79@hotmail.com,88214962391,Epe Division,Epe,Steiner,94115.0,Open manhole with visible sewage leakage on street,6.590901,3.979588,Closed,2026-02-13 04:03:00
183,PP20220309581,2022-03-09,Oluwaseun Akinyemi,Male,2348152855424,oluwaseun.akinyemi18@outlook.com,91610359930,Ikorodu Division,Ikorodu,Waller,94117.0,Sewer overflow spreading wastewater near market area,6.621641,3.510626,Closed,2026-02-13 04:03:00
184,PP20160128469,2016-01-28,Seyi Balogun,Male,2348160234983,seyi.balogun59@gmail.com,8066005765,Ikeja Division,Mushin,Albion,94110.0,Open manhole with visible sewage leakage on street,6.528277,3.34687,Closed,2026-02-13 04:03:00
185,PP20071218479,2007-12-18,Seyi Umeh,Male,2349029095697,seyi.umeh57@outlook.com,92657380689,Badagry Division,Badagry,20th,94114.0,Open manhole with visible sewage leakage on street,6.415245,2.88998,Closed,2026-02-13 04:03:00
186,PP20160620425,2016-06-20,Adebayo Ajayi,Male,2348023410754,adebayo.ajayi92@gmail.com,9268051466,Ikorodu Division,Ikorodu,29th,94110.0,test gas line,6.633911,3.520093,Closed,2026-02-13 04:03:00
187,PP20080618718,2008-06-18,Chioma Eze,Female,2348111979806,chioma.eze93@outlook.com,96359568590,Lagos Island Division,Eti-Osa,Belvedere,94117.0,Severe shower pipe rupture flooding entire bathroom,6.454632,3.414227,Closed,2026-02-13 04:03:00
188,PP20190710435,2019-07-10,Kelechi Okoye,Male,2349072326825,kelechi.okoye69@outlook.com,71245632838,Lagos Island Division,Apapa,19th,94116.0,Public tap pipe severely damaged in residential community,6.457523,3.360833,Closed,2026-02-13 04:03:00
189,PP20100302364,2010-03-02,Seyi Ogunleye,Male,2348105161110,seyi.ogunleye16@hotmail.com,82270558176,Ikeja Division,Ifako-Ijaiye,Plymouth,94112.0,sewer line replace.,6.691698,3.320517,Open,2026-02-13 04:03:00
190,PP20190322255,2019-03-22,Kunle Ogunleye,Male,2348160642095,kunle.ogunleye59@outlook.com,10312183073,Ikeja Division,Kosofe,Polk,94109.0,install sink & water heater,6.574903,3.410706,Closed,2026-02-13 04:03:00
191,PP20101208633,2010-12-08,Adebayo Okafor,Male,2348130810655,adebayo.okafor78@outlook.com,97789631535,Ikorodu Division,Ikorodu,20th,94110.0,Septic tank backflow causing strong sewage odor indoors,6.598161,3.505242,Closed,2026-02-13 04:03:00
192,PP20100108342,2010-01-08,Emeka Ibrahim,Male,2348073329768,emeka.ibrahim86@hotmail.com,72042520841,Epe Division,Ibeju-Lekki,Lawton,94122.0,Major pipe burst near primary school disrupting access road,6.462409,3.586504,Closed,2026-02-13 04:03:00
193,PP20191004017,2019-10-04,Ngozi Umeh,Female,2348196936042,ngozi.umeh21@outlook.com,18092960158,Badagry Division,Amuwo-Odofin,11th,94122.0,High-pressure pipe burst affecting multiple residential buildings,6.453418,3.268762,Closed,2026-02-13 04:03:00
194,PP20190903016,2019-09-03,Tunde Adebisi,Male,2349043132097,tunde.adebisi36@yahoo.com,87210842994,Ikeja Division,Alimosho,Polk,94109.0,Sewer overflow spreading wastewater near market area,6.618504,3.289231,Closed,2026-02-13 04:03:00
195,PP20150518745,2015-05-18,Seyi Eze,Male,2348174394324,seyi.eze42@outlook.com,28002510798,Ikeja Division,Alimosho,Sanchez,94114.0,Severe shower pipe rupture flooding entire bathroom,6.600016,3.299919,Closed,2026-02-13 04:03:00
196,PP20130108251,2013-01-08,Tunde Akinyemi,Male,2348060299761,tunde.akinyemi94@hotmail.com,90246935037,Badagry Division,Ojo,West Portal,94127.0,Bathroom floor drain completely clogged with wastewater backup,6.447798,3.201315,Closed,2026-02-13 04:03:00
197,PP20170621404,2017-06-21,Ngozi Nwosu,Female,2348022490224,ngozi.nwosu90@outlook.com,47098387712,Ikorodu Division,Ikorodu,Sea View,94121.0,"remodel 5 1/2 bathrooms, 1 laundry room, and kitchen.",6.631194,3.505808,Closed,2026-02-13 04:03:00
198,PP20140513712,2014-05-13,Amaka Adeyemi,Female,2349028039930,amaka.adeyemi61@gmail.com,98274637340,Ikorodu Division,Ikorodu,Ellis,94102.0,Bathroom floor drain completely clogged with wastewater backup,6.602269,3.524039,Closed,2026-02-13 04:03:00
199,PP20150113108,2015-01-13,Abdulrahman Eze,Male,2348161052648,abdulrahman.eze24@hotmail.com,97645078496,Badagry Division,Ajeromi-Ifelodun,Teresita,94127.0,Bathroom floor drain completely clogged with wastewater backup,6.465555,3.345678,Closed,2026-02-13 04:03:00
200,PP20140401562,2014-04-01,Chukwudi Akinyemi,Male,2349063444989,chukwudi.akinyemi92@gmail.com,93513488735,Badagry Division,Ojo,California,94115.0,"construction of new restaurant, 1 water heater, 1 main gas line, 1 shwer, 1 water, 2 ada bathroom, 6 sinks, 2 toilets, 6 floor sinks, 4 floor drains.",6.445056,3.177006,Closed,2026-02-13 04:03:00
201,PP20191002922,2019-10-02,Chioma Oladipo,Female,2348055786203,chioma.oladipo77@outlook.com,60032938136,Ikeja Division,Agege,San Jose,94112.0,replace (e) tub with new walk-in jet tub.,6.615552,3.33647,Closed,2026-02-13 04:03:00
202,PP20140314996,2014-03-14,Kunle Nwosu,Male,2349052050805,kunle.nwosu81@gmail.com,17938060989,Ikeja Division,Kosofe,Frederick,94117.0,fire sprinkler only,6.578799,3.422928,Closed,2026-02-13 04:03:00
203,PP20180508234,2018-05-08,Kunle Abiola,Male,2348196256004,kunle.abiola14@gmail.com,90260452535,Ikorodu Division,Ikorodu,Hayes,94102.0,Blocked drainage channel causing street-level flooding,6.608724,3.509076,Closed,2026-02-13 04:03:00
204,PP20180917882,2018-09-17,Olamide Balogun,Male,2348088039798,olamide.balogun10@outlook.com,53029613545,Badagry Division,Ojo,Pacific,94133.0,Blocked drainage channel causing street-level flooding,6.462203,3.188144,Open,2026-02-13 04:03:00
205,PP20121015315,2012-10-15,Seyi Balogun,Male,2348152131026,seyi.balogun39@outlook.com,48130605998,Ikeja Division,Ikeja,09th,94122.0,Low water pressure affecting entire household supply,6.608916,3.340254,Closed,2026-02-13 04:03:00
206,PP20130426300,2013-04-26,Kunle Adebisi,Male,2348150107472,kunle.adebisi95@hotmail.com,10925673767,Ikeja Division,Kosofe,Jefferson,94133.0,connecting to 3in existing sewer and running 1/2in copper line 40ft.,6.567959,3.429477,Closed,2026-02-13 04:03:00
207,PP20180928284,2018-09-28,Femi Adeyemi,Male,2348097561746,femi.adeyemi36@gmail.com,49630298342,Badagry Division,Ojo,Cesar Chavez,94131.0,Cracked underground pipe slowly flooding compound,6.464323,3.175515,Closed,2026-02-13 04:03:00
208,PP20150415735,2015-04-15,Femi Ajayi,Male,2348024073314,femi.ajayi72@outlook.com,53466813732,Ikeja Division,Ifako-Ijaiye,Jackson,94118.0,Public tap pipe severely damaged in residential community,6.685312,3.329757,Closed,2026-02-13 04:03:00
209,PP20100115470,2010-01-15,Olamide Abiola,Male,2348028451990,olamide.abiola90@outlook.com,95218208461,Ikeja Division,Ifako-Ijaiye,Folsom,94110.0,Low water pressure affecting entire household supply,6.681593,3.329275,Closed,2026-02-13 04:03:00
210,PP20180430957,2018-04-30,Chioma Eze,Female,2348066590073,chioma.eze91@outlook.com,5495160766,Lagos Island Division,Surulere,Arkansas,94107.0,Persistent dripping tap in kitchen wasting water daily,6.517507,3.378353,Closed,2026-02-13 04:03:00
211,PP20160829459,2016-08-29,Ngozi Yakubu,Female,2348184679613,ngozi.yakubu88@yahoo.com,59482847269,Badagry Division,Ajeromi-Ifelodun,Liberty,94110.0,Underground water pipe burst near hospital entrance,6.46421,3.343016,Closed,2026-02-13 04:03:00
212,PP20100802865,2010-08-02,Oluwaseun Ojo,Male,2348120982298,oluwaseun.ojo16@gmail.com,34386559649,Badagry Division,Ajeromi-Ifelodun,Dellbrook,94131.0,Flooding due to collapsed drainage system after rainfall,6.473154,3.346986,Closed,2026-02-13 04:03:00
213,PP20130625948,2013-06-25,Obinna Nnamdi,Male,2348122712101,obinna.nnamdi46@outlook.com,22690397304,Ikeja Division,Oshodi-Isolo,Valencia,94110.0,Persistent dripping tap in kitchen wasting water daily,6.543951,3.314961,Closed,2026-02-13 04:03:00
214,PP20170801472,2017-08-01,Ifeanyi Adeyemi,Male,2349078164285,ifeanyi.adeyemi95@hotmail.com,8764362744,Badagry Division,Ojo,08th,94122.0,Low water pressure affecting entire household supply,6.471584,3.165413,Closed,2026-02-13 04:03:00
215,PP20090824540,2009-08-24,Chioma Adebisi,Female,2348130463794,chioma.adebisi17@gmail.com,9760338913,Ikeja Division,Alimosho,Fell,94117.0,Blocked drainage channel causing street-level flooding,6.597167,3.274608,Closed,2026-02-13 04:03:00
216,PP20110411401,2011-04-11,Opeyemi Umeh,Female,2348118801239,opeyemi.umeh91@hotmail.com,92946443859,Ikeja Division,Agege,Valencia,94110.0,"underground pipe water, gas, 6 bathrooms",6.612806,3.343175,Closed,2026-02-13 04:03:00
217,PP20140107213,2014-01-07,Yetunde Adeyemi,Female,2348119508533,yetunde.adeyemi91@outlook.com,55505315004,Badagry Division,Amuwo-Odofin,Laguna,94102.0,Low water pressure affecting entire household supply,6.465024,3.250741,Closed,2026-02-13 04:03:00
218,PP20181024020,2018-10-24,Chukwudi Balogun,Male,2348056219737,chukwudi.balogun26@outlook.com,51973394934,Badagry Division,Ajeromi-Ifelodun,Fulton,94117.0,Sudden burst water pipe inside bathroom wall causing flooding,6.482986,3.319499,Closed,2026-02-13 04:03:00
219,PP20090108212,2009-01-08,Opeyemi Yakubu,Female,2348194803597,opeyemi.yakubu20@outlook.com,92757469659,Ikorodu Division,Ikorodu,Bush,94109.0,Blocked drainage channel causing street-level flooding,6.602366,3.509945,Closed,2026-02-13 04:03:00
220,PP20120921728,2012-09-21,Kunle Bamidele,Male,2348162460677,kunle.bamidele39@hotmail.com,35835523229,Badagry Division,Badagry,San Bruno,94134.0,Open manhole with visible sewage leakage on street,6.418841,2.884673,Closed,2026-02-13 04:03:00
221,PP20151203002,2015-12-03,Chisom Danladi,Female,2349085512337,chisom.danladi15@hotmail.com,33535131786,Lagos Island Division,Lagos Island,Waller,94102.0,Toilet overflow due to heavily blocked drain system,6.433426,3.393809,Closed,2026-02-13 04:03:00
222,PP20181221745,2018-12-21,Femi Ogunleye,Male,2348160933024,femi.ogunleye96@gmail.com,57391348488,Ikeja Division,Ikeja,Lombard,94123.0,Underground water pipe burst near hospital entrance,6.588755,3.358197,Closed,2026-02-13 04:03:00
223,PP20170802522,2017-08-02,Bola Ogunleye,Female,2349058880871,bola.ogunleye45@outlook.com,74140716149,Lagos Island Division,Lagos Island,Clay,94118.0,Low water pressure affecting entire household supply,6.457766,3.385301,Closed,2026-02-13 04:03:00
224,PP20190909184,2019-09-09,Chinedu Okoye,Male,2348020586410,chinedu.okoye76@yahoo.com,65451900722,Ikeja Division,Alimosho,Mcallister,94117.0,Blocked drainage channel causing street-level flooding,6.603861,3.284408,Closed,2026-02-13 04:03:00
225,PP20181130067,2018-11-30,Aisha Ekanem,Female,2349010257298,aisha.ekanem88@gmail.com,85336518173,Ikeja Division,Oshodi-Isolo,41st,94122.0,add new bathroom and laundry at 1st floor.,6.552973,3.317651,Closed,2026-02-13 04:03:00
226,PP20100615768,2010-06-15,Bola Ajayi,Female,2349094672114,bola.ajayi72@outlook.com,90083022657,Epe Division,Epe,Blanken,94134.0,Low water pressure affecting entire household supply,6.574143,3.98864,Closed,2026-02-13 04:03:00
227,PP20090515397,2009-05-15,Tunde Ajayi,Male,2348021865864,tunde.ajayi49@yahoo.com,60283247016,Lagos Island Division,Surulere,Ofarrell,94109.0,Open manhole with visible sewage leakage on street,6.491597,3.352871,Closed,2026-02-13 04:03:00
228,PP20100504784,2010-05-04,Aisha Danladi,Female,2348188553048,aisha.danladi40@gmail.com,4975262461,Ikorodu Division,Ikorodu,Larkin,94109.0,Major pipe burst near primary school disrupting access road,6.61833,3.500148,Closed,2026-02-13 04:03:00
229,PP20110223263,2011-02-23,Ngozi Yakubu,Female,2348157748220,ngozi.yakubu94@outlook.com,93162850976,Badagry Division,Badagry,Baker,94117.0,Major pipe burst near primary school disrupting access road,6.409464,2.873021,Closed,2026-02-13 04:03:00
230,PP20160624611,2016-06-24,Chisom Ojo,Female,2349085178811,chisom.ojo14@gmail.com,2226514510,Badagry Division,Badagry,Revere,94124.0,Cracked underground pipe slowly flooding compound,6.434647,2.885353,Closed,2026-02-13 04:03:00
231,PP20170601844,2017-06-01,Kelechi Nwosu,Male,2348093071242,kelechi.nwosu90@outlook.com,33302631708,Lagos Island Division,Eti-Osa,Steiner,94115.0,Flooding due to collapsed drainage system after rainfall,6.426103,3.42404,Closed,2026-02-13 04:03:00
232,PP20110329046,2011-03-29,Seyi Danladi,Male,2349066165988,seyi.danladi13@yahoo.com,41326583265,Lagos Island Division,Eti-Osa,Sacramento,94109.0,Persistent dripping tap in kitchen wasting water daily,6.431977,3.41969,Closed,2026-02-13 04:03:00
233,PP20121214826,2012-12-14,Emeka Afolabi,Male,2348036450653,emeka.afolabi35@hotmail.com,49648309400,Lagos Island Division,Lagos Island,Highland,94110.0,Persistent dripping tap in kitchen wasting water daily,6.460242,3.402275,Closed,2026-02-13 04:03:00
234,PP20160719223,2016-07-19,Chioma Oladipo,Female,2348198317145,chioma.oladipo48@hotmail.com,718628362,Ikeja Division,Oshodi-Isolo,37th,94122.0,"kitchen remodel, replace kitchen sinkand dishwasher, replace water line for refirgerator and gas line for stove.",6.548295,3.302342,Closed,2026-02-13 04:03:00
235,PP20180205496,2018-02-05,Oluwaseun Oladipo,Male,2348137003486,oluwaseun.oladipo63@yahoo.com,43584044874,Badagry Division,Badagry,Majestic,94112.0,Toilet overflow due to heavily blocked drain system,6.412249,2.861981,Closed,2026-02-13 04:03:00
236,PP20170329129,2017-03-29,Emeka Ekanem,Male,2349067440858,emeka.ekanem63@outlook.com,41836954461,Ikeja Division,Ikeja,Bridgeview,94124.0,Sewer overflow spreading wastewater near market area,6.586648,3.365169,Closed,2026-02-13 04:03:00
237,PP20150824410,2015-08-24,Opeyemi Umeh,Female,2349024194717,opeyemi.umeh35@outlook.com,81839950458,Ikeja Division,Alimosho,Union,94109.0,Water pipeline rupture near highway causing erosion,6.62545,3.29251,Closed,2026-02-13 04:03:00
238,PP20090310747,2009-03-10,Ifeanyi Nwosu,Male,2348069904067,ifeanyi.nwosu61@outlook.com,88237717684,Badagry Division,Ojo,Geary,94118.0,Open manhole with visible sewage leakage on street,6.466766,3.186113,Closed,2026-02-13 04:03:00
239,PP20180312582,2018-03-12,Adaeze Yakubu,Female,2348052632726,adaeze.yakubu70@outlook.com,14148660856,Ikeja Division,Ifako-Ijaiye,Cervantes,94123.0,Septic tank backflow causing strong sewage odor indoors,6.700589,3.339796,Closed,2026-02-13 04:03:00
240,PP20140730821,2014-07-30,Opeyemi Owolabi,Female,2349010570982,opeyemi.owolabi76@hotmail.com,10388201880,Epe Division,Ibeju-Lekki,Market,94103.0,Open manhole with visible sewage leakage on street,6.468721,3.575445,Closed,2026-02-13 04:03:00
241,PP20140226518,2014-02-26,Obinna Yakubu,Male,2348053082930,obinna.yakubu31@gmail.com,80934744387,Epe Division,Epe,Madrid,94112.0,50 gas water heater.,6.567936,3.985635,Closed,2026-02-13 04:03:00
242,PP20170830349,2017-08-30,Chioma Owolabi,Female,2349030446736,chioma.owolabi20@outlook.com,86649059593,Epe Division,Epe,Bush,94104.0,Severe shower pipe rupture flooding entire bathroom,6.576436,3.969377,Closed,2026-02-13 04:03:00
243,PP20161128926,2016-11-28,Seyi Adeyemi,Male,2349032532846,seyi.adeyemi48@gmail.com,10280495804,Lagos Island Division,Lagos Island,Cortland,94110.0,Low water pressure affecting entire household supply,6.447634,3.383885,Closed,2026-02-13 04:03:00
244,PP20110104108,2011-01-04,Abdulrahman Mohammed,Male,2348165946591,abdulrahman.mohammed58@outlook.com,1149354189,Ikeja Division,Ifako-Ijaiye,South Van Ness,94110.0,Bathroom floor drain completely clogged with wastewater backup,6.686671,3.337416,Closed,2026-02-13 04:03:00
245,PP20131011968,2013-10-11,Uche Chukwu,Male,2348152120751,uche.chukwu70@hotmail.com,78544131173,Epe Division,Epe,Habitat,94112.0,"new construction: waste, water, and gas plumbing installation, including 2 bathrooms, ituchens with dishwasher, laundry, hook-ups, furnace and tankless hot water heater.",6.58392,3.998399,Closed,2026-02-13 04:03:00
246,PP20140422128,2014-04-22,Chinedu Umeh,Male,2348105606275,chinedu.umeh22@yahoo.com,36388256230,Lagos Island Division,Lagos Island,Justin,94112.0,Persistent dripping tap in kitchen wasting water daily,6.454874,3.386087,Closed,2026-02-13 04:03:00
247,PP20110208921,2011-02-08,Uche Okoye,Male,2348067891544,uche.okoye20@hotmail.com,86968574790,Epe Division,Ibeju-Lekki,Pacific,94109.0,Septic tank backflow causing strong sewage odor indoors,6.485231,3.590389,Closed,2026-02-13 04:03:00
248,PP20171205879,2017-12-05,Zainab Owolabi,Female,2349092774797,zainab.owolabi40@outlook.com,23877162535,Epe Division,Ibeju-Lekki,Lombard,94109.0,Septic tank backflow causing strong sewage odor indoors,6.459628,3.583097,Closed,2026-02-13 04:03:00
249,PP20080929352,2008-09-29,Ayomide Danladi,Male,2349021818319,ayomide.danladi52@gmail.com,32139160046,Ikorodu Division,Ikorodu,Front,94111.0,Persistent dripping tap in kitchen wasting water daily,6.610644,3.496672,Closed,2026-02-13 04:03:00
250,PP20190716560,2019-07-16,Ifeanyi Okoye,Male,2348023883850,ifeanyi.okoye45@yahoo.com,3416370900,Ikeja Division,Ifako-Ijaiye,22nd,94122.0,Underground water pipe burst near hospital entrance,6.679062,3.347694,Closed,2026-02-13 04:03:00
251,PP20100312630,2010-03-12,Chisom Bamidele,Female,2348125815137,chisom.bamidele96@gmail.com,30456771368,Lagos Island Division,Lagos Mainland,Montana,94112.0,Open manhole with visible sewage leakage on street,6.510414,3.38483,Closed,2026-02-13 04:03:00
252,PP20100921013,2010-09-21,Chioma Eze,Female,2348156860156,chioma.eze45@yahoo.com,82638658674,Ikorodu Division,Ikorodu,Cambon,94132.0,Water main leakage along roadside causing traffic obstruction,6.612894,3.505629,Closed,2026-02-13 04:03:00
253,PP20171011410,2017-10-11,Uche Abiola,Male,2349028655049,uche.abiola58@outlook.com,30753243652,Ikeja Division,Alimosho,02nd,94118.0,install 1 shower pan.,6.603076,3.28636,Closed,2026-02-13 04:03:00
254,PP20160608128,2016-06-08,Tunde Chukwu,Male,2348056924629,tunde.chukwu21@yahoo.com,90640053713,Ikeja Division,Ikeja,Gold Mine,94131.0,Bathroom floor drain completely clogged with wastewater backup,6.602285,3.34319,Closed,2026-02-13 04:03:00
255,PP20120217566,2012-02-17,Aisha Mohammed,Female,2348035738766,aisha.mohammed15@hotmail.com,77423213853,Lagos Island Division,Apapa,California,94115.0,Major pipe burst near primary school disrupting access road,6.451505,3.358498,Closed,2026-02-13 04:03:00
256,PP20161013806,2016-10-13,Uche Okafor,Male,2349025402039,uche.okafor56@outlook.com,6159063296,Epe Division,Epe,Balboa,94118.0,Low water pressure affecting entire household supply,6.581611,3.974524,Closed,2026-02-13 04:03:00
257,PP20101104944,2010-11-04,Adaeze Ajayi,Female,2348053825568,adaeze.ajayi83@yahoo.com,27326689652,Badagry Division,Ajeromi-Ifelodun,07th,94103.0,Underground water pipe burst near hospital entrance,6.460932,3.340854,Open,2026-02-13 04:03:00
258,PP20140925417,2014-09-25,Uche Adeyemi,Male,2348146074894,uche.adeyemi85@hotmail.com,37587799690,Lagos Island Division,Lagos Island,Stanyan,94117.0,Bathroom floor drain completely clogged with wastewater backup,6.459109,3.384924,Closed,2026-02-13 04:03:00
259,PP20160108851,2016-01-08,Obinna Nwosu,Male,2348071298602,obinna.nwosu35@outlook.com,46983703312,Ikeja Division,Alimosho,Vicente,94127.0,High-pressure pipe burst affecting multiple residential buildings,6.609993,3.302514,Open,2026-02-13 04:03:00
260,PP20181001321,2018-10-01,Ijeoma Owolabi,Female,2349010874106,ijeoma.owolabi41@gmail.com,28618755125,Badagry Division,Badagry,Market,94103.0,Water main leakage along roadside causing traffic obstruction,6.398306,2.890434,Closed,2026-02-13 04:03:00
261,PP20160923267,2016-09-23,Abdulrahman Ajayi,Male,2348131016695,abdulrahman.ajayi91@outlook.com,26437129395,Epe Division,Ibeju-Lekki,24th,94110.0,Open manhole with visible sewage leakage on street,6.463374,3.590706,Open,2026-02-13 04:03:00
262,PP20160406422,2016-04-06,Amaka Okoye,Female,2349042283831,amaka.okoye29@outlook.com,44675230497,Ikeja Division,Agege,Mission,94103.0,install new washer & dryer,6.607867,3.317951,Closed,2026-02-13 04:03:00
263,PP20170414588,2017-04-14,Temitope Nnamdi,Female,2348065540245,temitope.nnamdi78@hotmail.com,29335892355,Lagos Island Division,Surulere,College,94110.0,Persistent dripping tap in kitchen wasting water daily,6.480625,3.361281,Closed,2026-02-13 04:03:00
264,PP20100819267,2010-08-19,Opeyemi Chukwu,Female,2348198292172,opeyemi.chukwu61@outlook.com,60813224666,Ikorodu Division,Ikorodu,15th,94114.0,"address also at 2230b 15th st, 2232 15th st.: plumbing inspection per cc-5776.",6.621997,3.501457,Closed,2026-02-13 04:03:00
265,PP20100408174,2010-04-08,Adebayo Ibrahim,Male,2349051638986,adebayo.ibrahim51@outlook.com,28597036825,Badagry Division,Ojo,Post,94115.0,Blocked drainage channel causing street-level flooding,6.467386,3.166385,Closed,2026-02-13 04:03:00
266,PP20140107177,2014-01-07,Chinedu Yakubu,Male,2348177241967,chinedu.yakubu10@outlook.com,72588540223,Badagry Division,Amuwo-Odofin,Dolores,94110.0,Bathroom floor drain completely clogged with wastewater backup,6.449339,3.23789,Closed,2026-02-13 04:03:00
267,PP20160316790,2016-03-16,Kelechi Okafor,Male,2348116997859,kelechi.okafor16@hotmail.com,47869528908,Badagry Division,Badagry,Ellis,94115.0,Major pipe burst near primary school disrupting access road,6.408482,2.885474,Closed,2026-02-13 04:03:00
268,PP20130109292,2013-01-09,Obinna Bamidele,Male,2349011386176,obinna.bamidele67@yahoo.com,28907583458,Lagos Island Division,Lagos Island,Mission,94105.0,"remodel restrooms, remodel bar and add new bar area (7 floor drains & 4 floor sinks, 2 hand sinks), (2) 3-compartment sinks.",6.445496,3.390854,Open,2026-02-13 04:03:00
269,PP20081222842,2008-12-22,Chukwudi Ojo,Male,2348117201135,chukwudi.ojo59@yahoo.com,58132301393,Ikeja Division,Ikeja,Moraga,94122.0,Persistent dripping tap in kitchen wasting water daily,6.611863,3.345731,Open,2026-02-13 04:03:00
270,PP20181220698,2018-12-20,Chisom Ekanem,Female,2348068355990,chisom.ekanem60@hotmail.com,48072877834,Ikorodu Division,Ikorodu,Lombard,94123.0,Blocked drainage channel causing street-level flooding,6.627757,3.499203,Closed,2026-02-13 04:03:00
271,PP20151120757,2015-11-20,Bola Mohammed,Female,2349072521408,bola.mohammed19@outlook.com,61625559187,Ikorodu Division,Ikorodu,Addison,94131.0,Septic tank backflow causing strong sewage odor indoors,6.624698,3.524916,Closed,2026-02-13 04:03:00
272,PP20110311637,2011-03-11,Femi Ibrahim,Male,2349062352658,femi.ibrahim35@hotmail.com,68313921174,Ikorodu Division,Ikorodu,Linda,94110.0,Low water pressure affecting entire household supply,6.594684,3.502531,Closed,2026-02-13 04:03:00
273,PP20161121851,2016-11-21,Chinedu Bamidele,Male,2348144329022,chinedu.bamidele51@outlook.com,57666670207,Epe Division,Epe,Pacific,94115.0,Open manhole with visible sewage leakage on street,6.589771,3.98157,Closed,2026-02-13 04:03:00
274,PP20190812370,2019-08-12,Yetunde Mohammed,Female,2349066027866,yetunde.mohammed71@hotmail.com,16505826306,Lagos Island Division,Lagos Mainland,27th,94116.0,Open manhole with visible sewage leakage on street,6.528111,3.37316,Closed,2026-02-13 04:03:00
275,PP20081231033,2008-12-31,Chinedu Nwosu,Male,2348177520600,chinedu.nwosu49@outlook.com,3846627039,Lagos Island Division,Apapa,Pierce,94123.0,Severe shower pipe rupture flooding entire bathroom,6.449666,3.357443,Closed,2026-02-13 04:03:00
276,PP20180223117,2018-02-23,Aisha Akinyemi,Female,2348119635065,aisha.akinyemi87@yahoo.com,31502895181,Badagry Division,Ajeromi-Ifelodun,Grant,94133.0,Persistent dripping tap in kitchen wasting water daily,6.478378,3.335844,Closed,2026-02-13 04:03:00
277,PP20080429232,2008-04-29,Bola Afolabi,Female,2349036203201,bola.afolabi90@yahoo.com,60462342527,Badagry Division,Ojo,Noriega,94122.0,Water pipeline rupture near highway causing erosion,6.464376,3.178881,Closed,2026-02-13 04:03:00
278,PP20140520860,2014-05-20,Amaka Ajayi,Female,2349047033467,amaka.ajayi36@hotmail.com,60134933833,Badagry Division,Ajeromi-Ifelodun,19th,94110.0,Minor kitchen sink pipe leakage under cabinet,6.461824,3.328974,Closed,2026-02-13 04:03:00
279,PP20150914925,2015-09-14,Obinna Ibrahim,Male,2348175062576,obinna.ibrahim56@gmail.com,31734734456,Badagry Division,Ojo,Spear,94105.0,Major pipe burst near primary school disrupting access road,6.464945,3.17879,Closed,2026-02-13 04:03:00
280,PP20100817214,2010-08-17,Kelechi Okoye,Male,2348189588000,kelechi.okoye35@gmail.com,29280979242,Ikorodu Division,Ikorodu,Pine,94109.0,Cracked underground pipe slowly flooding compound,6.622298,3.531254,Closed,2026-02-13 04:03:00
281,PP20090219315,2009-02-19,Tunde Danladi,Male,2349079621326,tunde.danladi16@yahoo.com,90947438040,Ikeja Division,Mushin,Church,94114.0,Underground water pipe burst near hospital entrance,6.536011,3.35134,Closed,2026-02-13 04:03:00
282,PP20090706481,2009-07-06,Ayomide Ogunleye,Male,2349097525169,ayomide.ogunleye97@gmail.com,59813726619,Lagos Island Division,Surulere,20th,94114.0,Flooding due to collapsed drainage system after rainfall,6.508912,3.356719,Closed,2026-02-13 04:03:00
283,PP20120607160,2012-06-07,Obinna Akinyemi,Male,2348093736346,obinna.akinyemi35@outlook.com,30799806008,Ikeja Division,Mushin,Ritch,94107.0,Water pipeline rupture near highway causing erosion,6.506919,3.344519,Closed,2026-02-13 04:03:00
284,PP20110909893,2011-09-09,Adebayo Umeh,Male,2349092942429,adebayo.umeh78@hotmail.com,99506293370,Lagos Island Division,Eti-Osa,Larkin,94109.0,remodel existing bath at basement,6.414392,3.418385,Closed,2026-02-13 04:03:00
285,PP20140417003,2014-04-17,Ayomide Owolabi,Male,2348136088489,ayomide.owolabi56@yahoo.com,78606544053,Ikeja Division,Alimosho,46th,94116.0,Sudden burst water pipe inside bathroom wall causing flooding,6.609184,3.311764,Open,2026-02-13 04:03:00
286,PP20091105161,2009-11-05,Ayomide Oladipo,Male,2348155427392,ayomide.oladipo44@yahoo.com,7736276448,Lagos Island Division,Lagos Island,41st,94122.0,Flooding due to collapsed drainage system after rainfall,6.457369,3.392509,Closed,2026-02-13 04:03:00
287,PP20150529052,2015-05-29,Amaka Chukwu,Female,2349057854118,amaka.chukwu59@gmail.com,55143928638,Lagos Island Division,Apapa,Clarendon,94131.0,Flooding due to collapsed drainage system after rainfall,6.457094,3.336889,Closed,2026-02-13 04:03:00
288,PP20120717080,2012-07-17,Uche Ogunleye,Male,2348031223681,uche.ogunleye33@yahoo.com,86486828041,Ikeja Division,Ifako-Ijaiye,Lakeshore,94132.0,Major pipe burst near primary school disrupting access road,6.672156,3.336309,Closed,2026-02-13 04:03:00
289,PP20170811786,2017-08-11,Aisha Adebisi,Female,2349038190978,aisha.adebisi93@yahoo.com,2629982517,Lagos Island Division,Lagos Mainland,Franklin,94109.0,Toilet overflow due to heavily blocked drain system,6.509614,3.390638,Closed,2026-02-13 04:03:00
290,PP20191203639,2019-12-03,Oluwaseun Ibrahim,Male,2349067331718,oluwaseun.ibrahim76@hotmail.com,94162480143,Ikeja Division,Oshodi-Isolo,Monterey,94127.0,Underground water pipe burst near hospital entrance,6.556985,3.303947,Closed,2026-02-13 04:03:00
291,PP20191122438,2019-11-22,Ijeoma Adeyemi,Female,2348163032567,ijeoma.adeyemi17@outlook.com,6807810561,Ikeja Division,Oshodi-Isolo,Elsie,94110.0,Persistent dripping tap in kitchen wasting water daily,6.559928,3.330807,Closed,2026-02-13 04:03:00
292,PP20190709351,2019-07-09,Ayomide Akinyemi,Male,2348035594996,ayomide.akinyemi59@outlook.com,44609742826,Ikorodu Division,Ikorodu,Waller,94117.0,Public tap pipe severely damaged in residential community,6.621219,3.512982,Closed,2026-02-13 04:03:00
293,PP20130709249,2013-07-09,Aisha Abiola,Female,2348053983214,aisha.abiola96@yahoo.com,96979730359,Lagos Island Division,Eti-Osa,Hickory,94102.0,remodel (e) kitchen and (e) two bathrooms at 2/f. add two floor drains and bathroom at g/f (n) floor drain @ yard. 1 shower pan.,6.428506,3.413402,Closed,2026-02-13 04:03:00
294,PP20140417017,2014-04-17,Adaeze Danladi,Female,2349037651298,adaeze.danladi89@outlook.com,55609063558,Ikeja Division,Mushin,Burnett,94131.0,Sewer overflow spreading wastewater near market area,6.535603,3.346039,Closed,2026-02-13 04:03:00
295,PP20110823493,2011-08-23,Opeyemi Danladi,Female,2349084217596,opeyemi.danladi70@gmail.com,13360431487,Lagos Island Division,Lagos Island,25th,94121.0,Severe shower pipe rupture flooding entire bathroom,6.454816,3.389923,Closed,2026-02-13 04:03:00
296,PP20200114690,2020-01-14,Ngozi Nwosu,Female,2348190919204,ngozi.nwosu88@outlook.com,86961297165,Badagry Division,Badagry,South Van Ness,94110.0,Flooding due to collapsed drainage system after rainfall,6.41979,2.888337,Closed,2026-02-13 04:03:00
297,PP20101013483,2010-10-13,Femi Yakubu,Male,2348172075828,femi.yakubu72@hotmail.com,93325283311,Ikeja Division,Ifako-Ijaiye,Mission,94105.0,Sewer overflow spreading wastewater near market area,6.680175,3.3235,Closed,2026-02-13 04:03:00
298,PP20170119294,2017-01-19,Femi Adebisi,Male,2349080257348,femi.adebisi43@gmail.com,64255024637,Badagry Division,Amuwo-Odofin,Sutter,94104.0,Minor kitchen sink pipe leakage under cabinet,6.447301,3.240212,Open,2026-02-13 04:03:00
299,PP20170809739,2017-08-09,Oluwaseun Akinyemi,Male,2349056633344,oluwaseun.akinyemi53@outlook.com,25583690013,Ikeja Division,Oshodi-Isolo,03rd,94118.0,Major pipe burst near primary school disrupting access road,6.549157,3.311873,Closed,2026-02-13 04:03:00
300,PP20190723786,2019-07-23,Opeyemi Eze,Female,2349078160039,opeyemi.eze52@yahoo.com,53518260734,Ikeja Division,Kosofe,Larkin,94109.0,Bathroom floor drain completely clogged with wastewater backup,6.59087,3.407478,Closed,2026-02-13 04:03:00
301,PP20161201067,2016-12-01,Chukwudi Nwosu,Male,2349061109168,chukwudi.nwosu59@gmail.com,62887011210,Lagos Island Division,Eti-Osa,Gates,94110.0,install tankless gas water heater,6.441796,3.435456,Closed,2026-02-13 04:03:00
302,PP20170324021,2017-03-24,Chioma Balogun,Female,2349059199860,chioma.balogun55@gmail.com,45696161155,Lagos Island Division,Surulere,Market,94103.0,Water heater pipe leakage soaking utility area,6.501034,3.379568,Closed,2026-02-13 04:03:00
303,PP20080813297,2008-08-13,Obinna Abiola,Male,2348111383206,obinna.abiola85@outlook.com,74490309470,Badagry Division,Ajeromi-Ifelodun,Winding,94112.0,Flooding due to collapsed drainage system after rainfall,6.458962,3.320853,Closed,2026-02-13 04:03:00
304,PP20190110087,2019-01-10,Obinna Chukwu,Male,2348089355359,obinna.chukwu96@gmail.com,20590924412,Badagry Division,Amuwo-Odofin,Circular,94131.0,Underground water pipe burst near hospital entrance,6.432213,3.26496,Closed,2026-02-13 04:03:00
305,PP20130213228,2013-02-13,Tunde Eze,Male,2348137239039,tunde.eze72@hotmail.com,80017536585,Epe Division,Ibeju-Lekki,Carmel,94117.0,Blocked drainage channel causing street-level flooding,6.476544,3.584444,Closed,2026-02-13 04:03:00
306,PP20191104920,2019-11-04,Ifeanyi Danladi,Male,2349098736928,ifeanyi.danladi11@hotmail.com,12865423046,Lagos Island Division,Eti-Osa,Irving,94122.0,Public tap pipe severely damaged in residential community,6.4359,3.410645,Closed,2026-02-13 04:03:00
307,PP20161228762,2016-12-28,Chinedu Nwosu,Male,2349093194195,chinedu.nwosu32@hotmail.com,17959217366,Ikeja Division,Agege,Inca,94115.0,Flooding due to collapsed drainage system after rainfall,6.639958,3.337292,Closed,2026-02-13 04:03:00
308,PP20151130873,2015-11-30,Tunde Mohammed,Male,2348139053216,tunde.mohammed68@gmail.com,98977694862,Badagry Division,Amuwo-Odofin,Precita,94110.0,Blocked drainage channel causing street-level flooding,6.451094,3.257258,Closed,2026-02-13 04:03:00
309,PP20081014048,2008-10-14,Adebayo Adebisi,Male,2348112581644,adebayo.adebisi43@yahoo.com,52578152634,Ikeja Division,Mushin,Mission,94105.0,Open manhole with visible sewage leakage on street,6.53211,3.356839,Closed,2026-02-13 04:03:00
310,PP20130422126,2013-04-22,Uche Okoye,Male,2348136838983,uche.okoye36@outlook.com,95713353447,Lagos Island Division,Eti-Osa,Sutter,94108.0,Toilet overflow due to heavily blocked drain system,6.425195,3.426615,Closed,2026-02-13 04:03:00
311,PP20150206845,2015-02-06,Ifeanyi Danladi,Male,2349021815443,ifeanyi.danladi13@hotmail.com,35678973394,Ikeja Division,Ifako-Ijaiye,Lower,94114.0,Severe shower pipe rupture flooding entire bathroom,6.68862,3.342054,Closed,2026-02-13 04:03:00
312,PP20100507886,2010-05-07,Zainab Ekanem,Female,2349054385999,zainab.ekanem81@yahoo.com,21187584907,Ikeja Division,Mushin,35th,94122.0,Underground water pipe burst near hospital entrance,6.543232,3.349488,Closed,2026-02-13 04:03:00
313,PP20131231041,2013-12-31,Obinna Umeh,Male,2349029504957,obinna.umeh98@outlook.com,28020053934,Epe Division,Ibeju-Lekki,Kearny,94133.0,Underground water pipe burst near hospital entrance,6.460104,3.583742,Closed,2026-02-13 04:03:00
314,PP20090210096,2009-02-10,Bola Ojo,Female,2348178213772,bola.ojo56@yahoo.com,21976931873,Ikorodu Division,Ikorodu,Lobos,94112.0,Public tap pipe severely damaged in residential community,6.619957,3.521442,Closed,2026-02-13 04:03:00
315,PP20100510931,2010-05-10,Bola Abiola,Female,2349032913542,bola.abiola49@hotmail.com,49531406825,Badagry Division,Badagry,Kansas,94107.0,Low water pressure affecting entire household supply,6.398075,2.900296,Closed,2026-02-13 04:03:00
316,PP20090804129,2009-08-04,Opeyemi Adeyemi,Female,2348038080656,opeyemi.adeyemi36@outlook.com,83528663575,Lagos Island Division,Lagos Island,17th,94114.0,Septic tank backflow causing strong sewage odor indoors,6.45252,3.390431,Closed,2026-02-13 04:03:00
317,PP20170627569,2017-06-27,Ifeanyi Okoye,Male,2349022031972,ifeanyi.okoye32@hotmail.com,53797851337,Ikeja Division,Mushin,Broderick,94123.0,install new water services for sprinker system,6.517179,3.338051,Closed,2026-02-13 04:03:00
318,PP20191028720,2019-10-28,Emeka Oladipo,Male,2349066850702,emeka.oladipo73@gmail.com,43721300403,Ikeja Division,Agege,Alvarado,94114.0,Bathroom floor drain completely clogged with wastewater backup,6.623732,3.336733,Closed,2026-02-13 04:03:00
319,PP20110823478,2011-08-23,Zainab Balogun,Female,2348134786824,zainab.balogun38@gmail.com,77122027549,Ikeja Division,Ikeja,The Embarcadero,94107.0,Persistent dripping tap in kitchen wasting water daily,6.5889,3.338549,Open,2026-02-13 04:03:00
320,PP20130612547,2013-06-12,Aisha Balogun,Female,2348127076099,aisha.balogun53@outlook.com,86544989533,Lagos Island Division,Eti-Osa,Minna,94103.0,Toilet overflow due to heavily blocked drain system,6.429742,3.43859,Closed,2026-02-13 04:03:00
321,PP20160928375,2016-09-28,Abdulrahman Abiola,Male,2348080141905,abdulrahman.abiola78@outlook.com,35081143246,Badagry Division,Ajeromi-Ifelodun,20th,94122.0,Underground water pipe burst near hospital entrance,6.464104,3.318269,Closed,2026-02-13 04:03:00
322,PP20121121230,2012-11-21,Chinedu Chukwu,Male,2348187775201,chinedu.chukwu21@gmail.com,91531074917,Badagry Division,Badagry,Howard,94103.0,Severe shower pipe rupture flooding entire bathroom,6.412543,2.882273,Closed,2026-02-13 04:03:00
323,PP20150729686,2015-07-29,Ifeanyi Afolabi,Male,2348079490081,ifeanyi.afolabi46@yahoo.com,26163904370,Ikeja Division,Ikeja,Hattie,94114.0,Bathroom floor drain completely clogged with wastewater backup,6.574831,3.350957,Closed,2026-02-13 04:03:00
324,PP20120907375,2012-09-07,Opeyemi Mohammed,Female,2348099367403,opeyemi.mohammed45@yahoo.com,14991059342,Epe Division,Ibeju-Lekki,32nd,94116.0,Open manhole with visible sewage leakage on street,6.467691,3.591962,Closed,2026-02-13 04:03:00
325,PP20131118074,2013-11-18,Uche Nwosu,Male,2349092949951,uche.nwosu41@gmail.com,95354131425,Badagry Division,Amuwo-Odofin,Bosworth,94131.0,Persistent dripping tap in kitchen wasting water daily,6.46849,3.261266,Closed,2026-02-13 04:03:00
326,PP20190916428,2019-09-16,Kelechi Abiola,Male,2348092092895,kelechi.abiola31@yahoo.com,41975823767,Lagos Island Division,Lagos Mainland,Castro,94114.0,Cracked underground pipe slowly flooding compound,6.521711,3.368135,Closed,2026-02-13 04:03:00
327,PP20190423154,2019-04-23,Ngozi Afolabi,Female,2348083746844,ngozi.afolabi38@outlook.com,87751632332,Badagry Division,Amuwo-Odofin,Mission,94112.0,Cracked underground pipe slowly flooding compound,6.475734,3.250592,Closed,2026-02-13 04:03:00
328,PP20141008809,2014-10-08,Chukwudi Nnamdi,Male,2348065120117,chukwudi.nnamdi75@hotmail.com,82100448345,Lagos Island Division,Surulere,Sweeny,94134.0,Severe shower pipe rupture flooding entire bathroom,6.497039,3.360559,Closed,2026-02-13 04:03:00
329,PP20140410820,2014-04-10,Abdulrahman Okoye,Male,2349071542444,abdulrahman.okoye94@hotmail.com,96850718669,Ikeja Division,Agege,20th,94132.0,Open manhole with visible sewage leakage on street,6.617481,3.334556,Closed,2026-02-13 04:03:00
330,PP20171213141,2017-12-13,Seyi Chukwu,Male,2348052361933,seyi.chukwu67@gmail.com,94790280759,Lagos Island Division,Lagos Island,Ocean,94112.0,ada bathroom remodel - relocate toilet,6.448363,3.389231,Closed,2026-02-13 04:03:00
331,PP20080215087,2008-02-15,Adaeze Danladi,Female,2348029707687,adaeze.danladi61@gmail.com,45481953241,Badagry Division,Ajeromi-Ifelodun,Alvarado,94114.0,Public tap pipe severely damaged in residential community,6.466372,3.327866,Closed,2026-02-13 04:03:00
332,PP20090420717,2009-04-20,Tunde Ojo,Male,2349047929634,tunde.ojo26@outlook.com,26012963770,Ikeja Division,Ifako-Ijaiye,Douglass,94114.0,Persistent dripping tap in kitchen wasting water daily,6.662672,3.329664,Closed,2026-02-13 04:03:00
333,PP20160613233,2016-06-13,Olamide Umeh,Male,2348188635969,olamide.umeh39@gmail.com,40637785664,Ikeja Division,Ikeja,Balboa,94121.0,Minor kitchen sink pipe leakage under cabinet,6.59925,3.36654,Closed,2026-02-13 04:03:00
334,PP20140904822,2014-09-04,Kunle Akinyemi,Male,2348113927080,kunle.akinyemi81@gmail.com,68317656259,Ikeja Division,Agege,Divisadero,94115.0,Sewer overflow spreading wastewater near market area,6.58899,3.346915,Closed,2026-02-13 04:03:00
335,PP20170918812,2017-09-18,Chioma Ibrahim,Female,2348037862651,chioma.ibrahim14@yahoo.com,66421631715,Ikeja Division,Ikeja,Lupine,94118.0,address correction. orig scope of work: remodel bathroom and kitchen,6.614261,3.330766,Closed,2026-02-13 04:03:00
336,PP20170320846,2017-03-20,Ifeanyi Ogunleye,Male,2349029949313,ifeanyi.ogunleye79@hotmail.com,38437287794,Ikorodu Division,Ikorodu,Van Ness,94109.0,Open manhole with visible sewage leakage on street,6.615973,3.506786,Closed,2026-02-13 04:03:00
337,PP20191023614,2019-10-23,Bola Okafor,Female,2349074492751,bola.okafor10@gmail.com,9810509996,Badagry Division,Ajeromi-Ifelodun,King,94107.0,2nd flr fire sprinklers modification. addition of 2 fire sprinkler heads in guest room 200,6.452625,3.325522,Open,2026-02-13 04:03:00
338,PP20150909786,2015-09-09,Chukwudi Ogunleye,Male,2349018698540,chukwudi.ogunleye94@outlook.com,60942144156,Lagos Island Division,Surulere,Madison,94134.0,Flooding due to collapsed drainage system after rainfall,6.485794,3.378323,Closed,2026-02-13 04:03:00
339,PP20101018580,2010-10-18,Ijeoma Chukwu,Female,2348145522226,ijeoma.chukwu73@outlook.com,2319431071,Ikeja Division,Kosofe,Jackson,94109.0,Persistent dripping tap in kitchen wasting water daily,6.592657,3.429416,Closed,2026-02-13 04:03:00
340,PP20131121197,2013-11-21,Adaeze Ekanem,Female,2348121991296,adaeze.ekanem33@gmail.com,39419815653,Lagos Island Division,Apapa,Sacramento,94115.0,Underground water pipe burst near hospital entrance,6.456017,3.347709,Closed,2026-02-13 04:03:00
341,PP20170410442,2017-04-10,Ijeoma Adebisi,Female,2348056893687,ijeoma.adebisi60@yahoo.com,1995726836,Lagos Island Division,Eti-Osa,15th,94118.0,Water heater pipe leakage soaking utility area,6.427855,3.426794,Closed,2026-02-13 04:03:00
342,PP20140820377,2014-08-20,Chisom Nwosu,Female,2348108442474,chisom.nwosu38@yahoo.com,69820731430,Ikeja Division,Mushin,Peralta,94110.0,Low water pressure affecting entire household supply,6.515079,3.36173,Closed,2026-02-13 04:03:00
343,PP20150715319,2015-07-15,Abdulrahman Ajayi,Male,2348067654491,abdulrahman.ajayi61@gmail.com,63787074088,Lagos Island Division,Lagos Island,Jackson,94109.0,Severe shower pipe rupture flooding entire bathroom,6.451697,3.390952,Closed,2026-02-13 04:03:00
344,PP20120612278,2012-06-12,Uche Mohammed,Male,2348067701489,uche.mohammed55@outlook.com,66080688451,Lagos Island Division,Lagos Island,20th,94107.0,Cracked underground pipe slowly flooding compound,6.46121,3.399143,Closed,2026-02-13 04:03:00
345,PP20140428270,2014-04-28,Opeyemi Okafor,Female,2348136940576,opeyemi.okafor77@outlook.com,19809469555,Badagry Division,Amuwo-Odofin,Brighton,94112.0,Major pipe burst near primary school disrupting access road,6.44639,3.261593,Closed,2026-02-13 04:03:00
346,PP20160721321,2016-07-21,Chukwudi Bamidele,Male,2348034389052,chukwudi.bamidele19@yahoo.com,76491959439,Badagry Division,Amuwo-Odofin,Fair Oaks,94110.0,Toilet overflow due to heavily blocked drain system,6.439189,3.256159,Closed,2026-02-13 04:03:00
347,PP20120507376,2012-05-07,Seyi Adebisi,Male,2348138458878,seyi.adebisi13@hotmail.com,48158945934,Ikeja Division,Alimosho,Church,94114.0,Sewer overflow spreading wastewater near market area,6.614931,3.291905,Closed,2026-02-13 04:03:00
348,PP20130809130,2013-08-09,Temitope Nwosu,Female,2348183544315,temitope.nwosu83@gmail.com,70093924970,Lagos Island Division,Surulere,27th,94122.0,Toilet overflow due to heavily blocked drain system,6.500161,3.348289,Closed,2026-02-13 04:03:00
349,PP20080904303,2008-09-04,Seyi Balogun,Male,2348110652038,seyi.balogun27@hotmail.com,44147961590,Badagry Division,Ajeromi-Ifelodun,26th,94131.0,Minor kitchen sink pipe leakage under cabinet,6.47594,3.331451,Closed,2026-02-13 04:03:00
350,PP20100910764,2010-09-10,Femi Akinyemi,Male,2348171211972,femi.akinyemi60@outlook.com,99258051812,Lagos Island Division,Lagos Island,Harrison,94110.0,Bathroom floor drain completely clogged with wastewater backup,6.448873,3.40519,Closed,2026-02-13 04:03:00
351,PP20081107166,2008-11-07,Chioma Adeyemi,Female,2348097217260,chioma.adeyemi34@hotmail.com,13390747516,Ikorodu Division,Ikorodu,Rockdale,94127.0,Toilet overflow due to heavily blocked drain system,6.612357,3.496415,Closed,2026-02-13 04:03:00
352,PP20170105931,2017-01-05,Yetunde Adebisi,Female,2349058265722,yetunde.adebisi46@hotmail.com,98643754628,Badagry Division,Ajeromi-Ifelodun,Howard,94103.0,High-pressure pipe burst affecting multiple residential buildings,6.451134,3.33936,Closed,2026-02-13 04:03:00
353,PP20080603223,2008-06-03,Abdulrahman Yakubu,Male,2348062835774,abdulrahman.yakubu86@yahoo.com,33750185682,Ikeja Division,Ifako-Ijaiye,Cresta Vista,94127.0,Persistent dripping tap in kitchen wasting water daily,6.656996,3.346148,Open,2026-02-13 04:03:00
354,PP20160318909,2016-03-18,Yetunde Nwosu,Female,2349045969635,yetunde.nwosu38@hotmail.com,44961337921,Ikeja Division,Alimosho,16th,94118.0,Persistent dripping tap in kitchen wasting water daily,6.588181,3.311965,Closed,2026-02-13 04:03:00
355,PP20080314900,2008-03-14,Kelechi Eze,Male,2348094416503,kelechi.eze39@hotmail.com,83850268747,Badagry Division,Badagry,11th,94103.0,Sudden burst water pipe inside bathroom wall causing flooding,6.41711,2.884033,Closed,2026-02-13 04:03:00
356,PP20090909865,2009-09-09,Aisha Yakubu,Female,2349022693782,aisha.yakubu16@hotmail.com,12789735438,Ikeja Division,Ifako-Ijaiye,California,94111.0,"rough in & trim out of kitchen equipment, 1 toilet, 1 lavatory.",6.664351,3.332591,Closed,2026-02-13 04:03:00
357,PP20150611457,2015-06-11,Tunde Bamidele,Male,2348073959372,tunde.bamidele50@yahoo.com,92069722515,Lagos Island Division,Surulere,Van Ness,94102.0,Toilet overflow due to heavily blocked drain system,6.496524,3.371833,Closed,2026-02-13 04:03:00
358,PP20121210664,2012-12-10,Ijeoma Owolabi,Female,2348070547877,ijeoma.owolabi46@outlook.com,46880623109,Epe Division,Ibeju-Lekki,Amethyst,94131.0,Persistent dripping tap in kitchen wasting water daily,6.471142,3.586503,Closed,2026-02-13 04:03:00
359,PP20091119448,2009-11-19,Olamide Umeh,Male,2348162334889,olamide.umeh30@hotmail.com,29802423305,Lagos Island Division,Eti-Osa,Minerva,94112.0,Major pipe burst near primary school disrupting access road,6.429464,3.421331,Closed,2026-02-13 04:03:00
360,PP20080416798,2008-04-16,Ayomide Danladi,Male,2348140701670,ayomide.danladi52@outlook.com,66562469491,Lagos Island Division,Lagos Island,Daniel Burnham,94109.0,Minor kitchen sink pipe leakage under cabinet,6.457178,3.377598,Closed,2026-02-13 04:03:00
361,PP20090226506,2009-02-26,Uche Okoye,Male,2349026877892,uche.okoye80@gmail.com,56197472164,Badagry Division,Amuwo-Odofin,Bryant,94110.0,Septic tank backflow causing strong sewage odor indoors,6.436518,3.257433,Closed,2026-02-13 04:03:00
362,PP20130506512,2013-05-06,Adaeze Chukwu,Female,2349070767056,adaeze.chukwu62@outlook.com,47879196462,Lagos Island Division,Lagos Island,Santa Rosa,94112.0,Water pipeline rupture near highway causing erosion,6.455809,3.39286,Closed,2026-02-13 04:03:00
363,PP20140929503,2014-09-29,Chisom Ojo,Female,2348164462560,chisom.ojo72@yahoo.com,36110005497,Lagos Island Division,Apapa,Mission,94112.0,Low water pressure affecting entire household supply,6.448984,3.362476,Closed,2026-02-13 04:03:00
364,PP20190603317,2019-06-03,Uche Ojo,Male,2348141379509,uche.ojo66@gmail.com,40757197500,Epe Division,Ibeju-Lekki,Broadway,94123.0,Cracked underground pipe slowly flooding compound,6.464602,3.577217,Closed,2026-02-13 04:03:00
365,PP20160428015,2016-04-28,Adaeze Adebisi,Female,2349046587346,adaeze.adebisi22@gmail.com,94639492114,Lagos Island Division,Lagos Mainland,Washington,94115.0,Sudden burst water pipe inside bathroom wall causing flooding,6.526358,3.369416,Closed,2026-02-13 04:03:00
366,PP20181107415,2018-11-07,Amaka Mohammed,Female,2348104893370,amaka.mohammed39@yahoo.com,31498788783,Epe Division,Ibeju-Lekki,Seacliff,94121.0,Water main leakage along roadside causing traffic obstruction,6.474083,3.567974,Closed,2026-02-13 04:03:00
367,PP20131223922,2013-12-23,Bola Eze,Female,2348104031374,bola.eze21@gmail.com,71882562402,Epe Division,Ibeju-Lekki,28th,94122.0,Open manhole with visible sewage leakage on street,6.480292,3.589726,Closed,2026-02-13 04:03:00
368,PP20090915011,2009-09-15,Seyi Nwosu,Male,2348026082259,seyi.nwosu74@yahoo.com,72785657690,Ikeja Division,Alimosho,Grant,94133.0,Flooding due to collapsed drainage system after rainfall,6.61156,3.304827,Closed,2026-02-13 04:03:00
369,PP20181119760,2018-11-19,Abdulrahman Mohammed,Male,2349055045704,abdulrahman.mohammed94@gmail.com,22230145818,Ikeja Division,Kosofe,Locust,94118.0,renew permit # pw20171113300,6.599955,3.426844,Closed,2026-02-13 04:03:00
370,PP20100708272,2010-07-08,Adaeze Okafor,Female,2349021769648,adaeze.okafor71@hotmail.com,68360766198,Ikeja Division,Ikeja,Corona,94127.0,Water heater pipe leakage soaking utility area,6.583391,3.338704,Closed,2026-02-13 04:03:00
371,PP20081027616,2008-10-27,Chinedu Umeh,Male,2349041234264,chinedu.umeh69@gmail.com,70041097314,Ikeja Division,Ifako-Ijaiye,Fell,94117.0,Sewer overflow spreading wastewater near market area,6.663552,3.328861,Closed,2026-02-13 04:03:00
372,PP20180131399,2018-01-31,Emeka Abiola,Male,2348075699783,emeka.abiola69@gmail.com,57660226196,Ikeja Division,Ikeja,Dwight,94134.0,Toilet overflow due to heavily blocked drain system,6.606977,3.344243,Closed,2026-02-13 04:03:00
373,PP20191212967,2019-12-12,Seyi Danladi,Male,2349044786420,seyi.danladi61@hotmail.com,80151146352,Badagry Division,Ajeromi-Ifelodun,Beideman,94115.0,Low water pressure affecting entire household supply,6.468568,3.325746,Closed,2026-02-13 04:03:00
374,PP20081121726,2008-11-21,Obinna Umeh,Male,2348138489343,obinna.umeh24@gmail.com,33303358955,Ikeja Division,Ikeja,College,94110.0,Septic tank backflow causing strong sewage odor indoors,6.595685,3.337433,Closed,2026-02-13 04:03:00
375,PP20150316847,2015-03-16,Aisha Oladipo,Female,2348030734577,aisha.oladipo37@gmail.com,66070838785,Ikeja Division,Oshodi-Isolo,Market,94114.0,Flooding due to collapsed drainage system after rainfall,6.544368,3.294583,Closed,2026-02-13 04:03:00
376,PP20190529183,2019-05-29,Chioma Okoye,Female,2348093536049,chioma.okoye90@yahoo.com,83227158877,Ikorodu Division,Ikorodu,Francisco,94133.0,Sewer overflow spreading wastewater near market area,6.609641,3.521036,Closed,2026-02-13 04:03:00
377,PP20080905339,2008-09-05,Oluwaseun Ibrahim,Male,2348149368438,oluwaseun.ibrahim18@hotmail.com,6082076164,Ikeja Division,Kosofe,Hidalgo,94103.0,Bathroom floor drain completely clogged with wastewater backup,6.573806,3.443024,Closed,2026-02-13 04:03:00
378,PP20120126988,2012-01-26,Emeka Afolabi,Male,2349048736493,emeka.afolabi94@yahoo.com,69611623611,Ikorodu Division,Ikorodu,Baker,94117.0,"change order for installing of four tankless water heaters for apts #1, 2, 3 & 4. all above gas lines and water lines.",6.624333,3.512348,Closed,2026-02-13 04:03:00
379,PP20121227017,2012-12-27,Uche Mohammed,Male,2348074885312,uche.mohammed84@yahoo.com,80293428466,Ikeja Division,Ifako-Ijaiye,Market,94114.0,relocate 1 sprinkler in new 2nd consult room,6.661216,3.335603,Closed,2026-02-13 04:03:00
380,PP20180403231,2018-04-03,Opeyemi Danladi,Female,2349014541483,opeyemi.danladi45@hotmail.com,81237084378,Ikeja Division,Mushin,Langton,94103.0,Toilet overflow due to heavily blocked drain system,6.521544,3.35582,Closed,2026-02-13 04:03:00
381,PP20080602160,2008-06-02,Chinedu Owolabi,Male,2349091228300,chinedu.owolabi65@gmail.com,23029470028,Badagry Division,Amuwo-Odofin,Chestnut,94123.0,Severe shower pipe rupture flooding entire bathroom,6.475601,3.249039,Closed,2026-02-13 04:03:00
382,PP20190829950,2019-08-29,Ifeanyi Adeyemi,Male,2349066188422,ifeanyi.adeyemi80@hotmail.com,80371366465,Badagry Division,Badagry,Laguna,94123.0,Water pipeline rupture near highway causing erosion,6.426493,2.877968,Closed,2026-02-13 04:03:00
383,PP20080722691,2008-07-22,Abdulrahman Ekanem,Male,2348055374080,abdulrahman.ekanem64@yahoo.com,18415941996,Ikorodu Division,Ikorodu,King,94158.0,Persistent dripping tap in kitchen wasting water daily,6.61905,3.528208,Closed,2026-02-13 04:03:00
384,PP20190429287,2019-04-29,Kunle Ibrahim,Male,2349050294969,kunle.ibrahim69@outlook.com,91653358955,Badagry Division,Ajeromi-Ifelodun,Natoma,94103.0,Water main leakage along roadside causing traffic obstruction,6.46043,3.351424,Closed,2026-02-13 04:03:00
385,PP20110324959,2011-03-24,Ifeanyi Abiola,Male,2348108587893,ifeanyi.abiola83@outlook.com,4089318592,Ikorodu Division,Ikorodu,08th,94122.0,Sudden burst water pipe inside bathroom wall causing flooding,6.626478,3.504875,Closed,2026-02-13 04:03:00
386,PP20080617677,2008-06-17,Temitope Owolabi,Female,2348116440192,temitope.owolabi10@yahoo.com,15958484108,Ikeja Division,Ikeja,Turk,94118.0,High-pressure pipe burst affecting multiple residential buildings,6.608124,3.361226,Closed,2026-02-13 04:03:00
387,PP20111213057,2011-12-13,Zainab Oladipo,Female,2348167594082,zainab.oladipo54@gmail.com,96259381306,Ikeja Division,Ifako-Ijaiye,California,94109.0,Sewer overflow spreading wastewater near market area,6.676018,3.312898,Open,2026-02-13 04:03:00
388,PP20100108334,2010-01-08,Amaka Abiola,Female,2349021318967,amaka.abiola49@hotmail.com,34013109051,Badagry Division,Amuwo-Odofin,Market,94103.0,Sudden burst water pipe inside bathroom wall causing flooding,6.442729,3.247525,Closed,2026-02-13 04:03:00
389,PP20140814249,2014-08-14,Femi Eze,Male,2349025950522,femi.eze47@hotmail.com,24256951815,Ikorodu Division,Ikorodu,30th,94116.0,Sudden burst water pipe inside bathroom wall causing flooding,6.618656,3.516707,Closed,2026-02-13 04:03:00
390,PP20180425835,2018-04-25,Obinna Adebisi,Male,2349029974388,obinna.adebisi33@hotmail.com,88187679708,Epe Division,Epe,19th,94121.0,Persistent dripping tap in kitchen wasting water daily,6.585777,3.970247,Closed,2026-02-13 04:03:00
391,PP20171003192,2017-10-03,Olamide Chukwu,Male,2348191746094,olamide.chukwu78@outlook.com,50069154495,Lagos Island Division,Apapa,Hyde,94109.0,1 shower pan waterproofing,6.452602,3.365106,Closed,2026-02-13 04:03:00
392,PP20090720771,2009-07-20,Ngozi Okoye,Female,2348132911833,ngozi.okoye22@hotmail.com,74749571628,Lagos Island Division,Eti-Osa,Geneva,94112.0,replace house trap.,6.438698,3.432708,Closed,2026-02-13 04:03:00
393,PP20160216954,2016-02-16,Ayomide Mohammed,Male,2349069912252,ayomide.mohammed30@gmail.com,96279197643,Badagry Division,Ojo,24th,94121.0,Water main leakage along roadside causing traffic obstruction,6.469339,3.187592,Open,2026-02-13 04:03:00
394,PP20150224288,2015-02-24,Femi Owolabi,Male,2349043279256,femi.owolabi41@yahoo.com,99035518033,Ikeja Division,Alimosho,Summit,94132.0,High-pressure pipe burst affecting multiple residential buildings,6.608298,3.27839,Closed,2026-02-13 04:03:00
395,PP20170928114,2017-09-28,Adaeze Chukwu,Female,2349061299361,adaeze.chukwu41@outlook.com,17111043100,Epe Division,Epe,06th,94122.0,"remodel kitchen and laundry rooms, replace sionk, faucet, dishwasher, and gas stove.",6.588296,3.985677,Closed,2026-02-13 04:03:00
396,PP20160818192,2016-08-18,Temitope Akinyemi,Female,2348056692024,temitope.akinyemi66@hotmail.com,10812847651,Ikorodu Division,Ikorodu,08th,94122.0,"remodel kid bathroom, remove (e) tub, sink, toilet and install new shower pan, new floating sink & new toilet. relocate (e) laundry area in 3/f, add new master bathroom, new shower pan, new toilet & new floating sink, replace old water heater with new tankless in the garage.",6.622116,3.497733,Closed,2026-02-13 04:03:00
397,PP20141124053,2014-11-24,Ayomide Nwosu,Male,2349063051235,ayomide.nwosu39@outlook.com,38625777795,Lagos Island Division,Lagos Mainland,Ellis,94109.0,unit 208: install plumbing to new kitchen & bathroom remodel ::note existing unit already demo::,6.513589,3.389732,Closed,2026-02-13 04:03:00
398,PP20130514699,2013-05-14,Adebayo Nnamdi,Male,2349056461097,adebayo.nnamdi80@yahoo.com,92823901508,Badagry Division,Badagry,O'farrell,94109.0,Water pipeline rupture near highway causing erosion,6.414604,2.891815,Closed,2026-02-13 04:03:00
399,PP20090511265,2009-05-11,Seyi Chukwu,Male,2348021950926,seyi.chukwu53@yahoo.com,71177041022,Badagry Division,Ojo,19th,94121.0,install one kitchen sink & one lav. drain.,6.461283,3.183298,Closed,2026-02-13 04:03:00
400,PP20120509475,2012-05-09,Olamide Ibrahim,Male,2348147320895,olamide.ibrahim11@outlook.com,98901848599,Ikeja Division,Ikeja,Masonic,94117.0,installation of c.i. peerless boilers 63055 s/n 63-667446.,6.611183,3.34634,Closed,2026-02-13 04:03:00
401,PP20110217137,2011-02-17,Aisha Owolabi,Female,2348088054574,aisha.owolabi52@outlook.com,27818374534,Epe Division,Ibeju-Lekki,27th,94122.0,Low water pressure affecting entire household supply,6.470961,3.580377,Closed,2026-02-13 04:03:00
402,PP20100714421,2010-07-14,Amaka Yakubu,Female,2348031942927,amaka.yakubu82@yahoo.com,2302382238,Lagos Island Division,Lagos Island,Foote,94112.0,Water main leakage along roadside causing traffic obstruction,6.449755,3.391608,Closed,2026-02-13 04:03:00
403,PP20090205998,2009-02-05,Chukwudi Abiola,Male,2348090483074,chukwudi.abiola57@gmail.com,80790194519,Ikorodu Division,Ikorodu,Lawton,94122.0,install the fire sprinkler for entire church,6.621621,3.505713,Closed,2026-02-13 04:03:00
404,PP20121213780,2012-12-13,Ifeanyi Owolabi,Male,2348030280377,ifeanyi.owolabi85@outlook.com,42604212931,Ikeja Division,Kosofe,Fillmore,94115.0,Sudden burst water pipe inside bathroom wall causing flooding,6.595858,3.407754,Closed,2026-02-13 04:03:00
405,PP20151014740,2015-10-14,Zainab Abiola,Female,2349097973786,zainab.abiola25@outlook.com,12151079313,Ikorodu Division,Ikorodu,Buena Vista East,94117.0,Underground water pipe burst near hospital entrance,6.617531,3.506103,Closed,2026-02-13 04:03:00
406,PP20170404272,2017-04-04,Ijeoma Chukwu,Female,2348161874261,ijeoma.chukwu58@hotmail.com,14651376630,Lagos Island Division,Surulere,25th,94121.0,Septic tank backflow causing strong sewage odor indoors,6.51137,3.362766,Closed,2026-02-13 04:03:00
407,PP20080711403,2008-07-11,Adebayo Adeyemi,Male,2349028332428,adebayo.adeyemi60@outlook.com,65747978025,Ikeja Division,Kosofe,Lincoln,94122.0,Water main leakage along roadside causing traffic obstruction,6.593618,3.401844,Closed,2026-02-13 04:03:00
408,PP20090406415,2009-04-06,Chinedu Mohammed,Male,2348172145059,chinedu.mohammed91@outlook.com,37904309592,Epe Division,Ibeju-Lekki,Irving,94122.0,Open manhole with visible sewage leakage on street,6.472671,3.593896,Closed,2026-02-13 04:03:00
409,PP20160211829,2016-02-11,Olamide Ekanem,Male,2348053578564,olamide.ekanem73@gmail.com,45399561661,Ikeja Division,Alimosho,24th,94110.0,Severe shower pipe rupture flooding entire bathroom,6.609823,3.305655,Closed,2026-02-13 04:03:00
410,PP20120511554,2012-05-11,Ayomide Adeyemi,Male,2349083954044,ayomide.adeyemi22@yahoo.com,22009588065,Ikeja Division,Ifako-Ijaiye,Keith,94124.0,Water main leakage along roadside causing traffic obstruction,6.664627,3.342693,Closed,2026-02-13 04:03:00
411,PP20170209847,2017-02-09,Chioma Yakubu,Female,2348168046556,chioma.yakubu35@yahoo.com,32894733552,Epe Division,Epe,Sutter,94115.0,High-pressure pipe burst affecting multiple residential buildings,6.606989,3.979972,Closed,2026-02-13 04:03:00
412,PP20170908548,2017-09-08,Opeyemi Adebisi,Female,2348084948793,opeyemi.adebisi12@outlook.com,18187964217,Epe Division,Ibeju-Lekki,16th,94118.0,one new water main and fire sprinkler combo.,6.465545,3.599534,Closed,2026-02-13 04:03:00
413,PP20160630757,2016-06-30,Kelechi Eze,Male,2349039427649,kelechi.eze21@gmail.com,17483767416,Lagos Island Division,Lagos Island,Munich,94112.0,Sudden burst water pipe inside bathroom wall causing flooding,6.469896,3.389471,Closed,2026-02-13 04:03:00
414,PP20120224707,2012-02-24,Ijeoma Umeh,Female,2348054294059,ijeoma.umeh88@gmail.com,29999123969,Badagry Division,Ajeromi-Ifelodun,Maywood,94127.0,Severe shower pipe rupture flooding entire bathroom,6.462498,3.330482,Closed,2026-02-13 04:03:00
415,PP20130823560,2013-08-23,Kunle Okafor,Male,2349033713109,kunle.okafor72@yahoo.com,5571102676,Lagos Island Division,Lagos Island,Jones,94102.0,High-pressure pipe burst affecting multiple residential buildings,6.440655,3.385513,Closed,2026-02-13 04:03:00
416,PP20130322312,2013-03-22,Olamide Ogunleye,Male,2349027561577,olamide.ogunleye56@hotmail.com,87710565671,Ikeja Division,Ifako-Ijaiye,Ulloa,94127.0,Cracked underground pipe slowly flooding compound,6.659759,3.320922,Closed,2026-02-13 04:03:00
417,PP20120912487,2012-09-12,Chinedu Afolabi,Male,2349035487166,chinedu.afolabi40@outlook.com,9777961387,Ikeja Division,Ifako-Ijaiye,06th,94103.0,amend pp20120508443 for shower pan.,6.669453,3.330942,Closed,2026-02-13 04:03:00
418,PP20080421955,2008-04-21,Opeyemi Owolabi,Female,2348160034362,opeyemi.owolabi26@outlook.com,37958053249,Badagry Division,Ojo,Eureka,94114.0,new gas line for lower unit.,6.476505,3.173016,Closed,2026-02-13 04:03:00
419,PP20080728846,2008-07-28,Temitope Danladi,Female,2348097557765,temitope.danladi36@yahoo.com,79505652899,Badagry Division,Badagry,Spruce,94118.0,Flooding due to collapsed drainage system after rainfall,6.424843,2.88286,Closed,2026-02-13 04:03:00
420,PP20170112109,2017-01-12,Obinna Akinyemi,Male,2348089570427,obinna.akinyemi96@hotmail.com,34421764090,Badagry Division,Ojo,Baker,94117.0,Sewer overflow spreading wastewater near market area,6.460505,3.189748,Closed,2026-02-13 04:03:00
421,PP20150508441,2015-05-08,Bola Ojo,Female,2348081664740,bola.ojo78@yahoo.com,73381455929,Badagry Division,Badagry,21st,94132.0,Water heater pipe leakage soaking utility area,6.403773,2.888824,Closed,2026-02-13 04:03:00
422,PP20140221386,2014-02-21,Ijeoma Ibrahim,Female,2348113138131,ijeoma.ibrahim56@outlook.com,59947399259,Ikeja Division,Oshodi-Isolo,10th,94122.0,Cracked underground pipe slowly flooding compound,6.555265,3.313025,Closed,2026-02-13 04:03:00
423,PP20141001579,2014-10-01,Obinna Ojo,Male,2348072918494,obinna.ojo66@outlook.com,87972022521,Lagos Island Division,Eti-Osa,Allston,94127.0,Sewer overflow spreading wastewater near market area,6.435992,3.446453,Closed,2026-02-13 04:03:00
424,PP20160301324,2016-03-01,Adaeze Ekanem,Female,2348195608776,adaeze.ekanem25@gmail.com,85426639117,Ikeja Division,Ifako-Ijaiye,Pacific,94133.0,Septic tank backflow causing strong sewage odor indoors,6.663423,3.32329,Closed,2026-02-13 04:03:00
425,PP20130125718,2013-01-25,Opeyemi Ojo,Female,2348072869975,opeyemi.ojo36@gmail.com,36289866097,Lagos Island Division,Lagos Island,Valencia,94110.0,Bathroom floor drain completely clogged with wastewater backup,6.447869,3.389145,Closed,2026-02-13 04:03:00
426,PP20180611221,2018-06-11,Obinna Eze,Male,2348164726121,obinna.eze35@outlook.com,17107395990,Lagos Island Division,Apapa,31st,94122.0,Persistent dripping tap in kitchen wasting water daily,6.442426,3.37089,Closed,2026-02-13 04:03:00
427,PP20180320844,2018-03-20,Chioma Yakubu,Female,2348076990980,chioma.yakubu38@gmail.com,86452819009,Ikorodu Division,Ikorodu,20th,94114.0,Toilet overflow due to heavily blocked drain system,6.633605,3.504793,Closed,2026-02-13 04:03:00
428,PP20130205999,2013-02-05,Seyi Nnamdi,Male,2348029755837,seyi.nnamdi53@gmail.com,15589373230,Lagos Island Division,Apapa,07th,94122.0,Major pipe burst near primary school disrupting access road,6.440476,3.363714,Closed,2026-02-13 04:03:00
429,PP20130820440,2013-08-20,Adaeze Danladi,Female,2348061763887,adaeze.danladi38@gmail.com,84624936412,Ikeja Division,Ikeja,Pacific,94115.0,Blocked drainage channel causing street-level flooding,6.596278,3.357829,Closed,2026-02-13 04:03:00
430,PP20140821452,2014-08-21,Bola Balogun,Female,2348160646813,bola.balogun11@yahoo.com,72646986503,Ikeja Division,Oshodi-Isolo,West Portal,94127.0,Severe shower pipe rupture flooding entire bathroom,6.555629,3.292943,Closed,2026-02-13 04:03:00
431,PP20160418696,2016-04-18,Yetunde Adebisi,Female,2349031278591,yetunde.adebisi18@outlook.com,70518788118,Badagry Division,Badagry,Post,94109.0,Minor kitchen sink pipe leakage under cabinet,6.430475,2.902959,Closed,2026-02-13 04:03:00
432,PP20170526719,2017-05-26,Femi Ojo,Male,2348036775970,femi.ojo93@hotmail.com,13109642740,Badagry Division,Amuwo-Odofin,Upper,94117.0,Open manhole with visible sewage leakage on street,6.443872,3.246123,Closed,2026-02-13 04:03:00
433,PP20081202030,2008-12-02,Emeka Akinyemi,Male,2349080284885,emeka.akinyemi67@yahoo.com,84257126148,Ikeja Division,Alimosho,Stanyan,94117.0,Minor kitchen sink pipe leakage under cabinet,6.611859,3.298345,Closed,2026-02-13 04:03:00
434,PP20161012727,2016-10-12,Ifeanyi Bamidele,Male,2348130965863,ifeanyi.bamidele12@outlook.com,62198889208,Ikeja Division,Ifako-Ijaiye,Beach,94109.0,Flooding due to collapsed drainage system after rainfall,6.676385,3.348702,Closed,2026-02-13 04:03:00
435,PP20080404480,2008-04-04,Chisom Adeyemi,Female,2348091551377,chisom.adeyemi61@outlook.com,61587557870,Badagry Division,Badagry,25th,94114.0,Flooding due to collapsed drainage system after rainfall,6.413231,2.877017,Open,2026-02-13 04:03:00
436,PP20170807645,2017-08-07,Adebayo Okafor,Male,2348107013825,adebayo.okafor62@yahoo.com,15733190986,Ikeja Division,Ifako-Ijaiye,Potrero,94103.0,Major pipe burst near primary school disrupting access road,6.656007,3.321291,Closed,2026-02-13 04:03:00
437,PP20180730546,2018-07-30,Ayomide Ogunleye,Male,2349067625493,ayomide.ogunleye81@hotmail.com,81941968203,Ikorodu Division,Ikorodu,Saint Charles,94132.0,Cracked underground pipe slowly flooding compound,6.619069,3.528446,Closed,2026-02-13 04:03:00
438,PP20150812102,2015-08-12,Ngozi Balogun,Female,2348026716543,ngozi.balogun94@outlook.com,35448077729,Badagry Division,Amuwo-Odofin,Pierce,94117.0,Underground water pipe burst near hospital entrance,6.444824,3.252238,Closed,2026-02-13 04:03:00
439,PP20080709284,2008-07-09,Ijeoma Afolabi,Female,2348039541965,ijeoma.afolabi52@yahoo.com,71772388989,Ikeja Division,Kosofe,Palou,94124.0,Bathroom floor drain completely clogged with wastewater backup,6.583136,3.428584,Closed,2026-02-13 04:03:00
440,PP20130417032,2013-04-17,Bola Balogun,Female,2348178948804,bola.balogun22@hotmail.com,50787058866,Ikeja Division,Kosofe,Pine,94108.0,Water heater pipe leakage soaking utility area,6.608569,3.411391,Closed,2026-02-13 04:03:00
441,PP20160621453,2016-06-21,Adebayo Okoye,Male,2348116556030,adebayo.okoye46@outlook.com,36949401819,Epe Division,Ibeju-Lekki,Laguna,94102.0,Open manhole with visible sewage leakage on street,6.465106,3.595442,Closed,2026-02-13 04:03:00
442,PP20161028221,2016-10-28,Chukwudi Oladipo,Male,2349053083567,chukwudi.oladipo41@yahoo.com,18216856227,Lagos Island Division,Lagos Island,32nd,94121.0,Septic tank backflow causing strong sewage odor indoors,6.460919,3.413167,Closed,2026-02-13 04:03:00
443,PP20190702238,2019-07-02,Chinedu Owolabi,Male,2348158879214,chinedu.owolabi74@outlook.com,64582257402,Lagos Island Division,Eti-Osa,18th,94116.0,Blocked drainage channel causing street-level flooding,6.438939,3.418307,Closed,2026-02-13 04:03:00
444,PP20120625570,2012-06-25,Femi Afolabi,Male,2348192023644,femi.afolabi33@outlook.com,73859339466,Ikorodu Division,Ikorodu,Rousseau,94112.0,Water main leakage along roadside causing traffic obstruction,6.625307,3.521587,Closed,2026-02-13 04:03:00
445,PP20090107165,2009-01-07,Femi Afolabi,Male,2348150739410,femi.afolabi31@yahoo.com,96481797247,Epe Division,Ibeju-Lekki,Julian,94103.0,Septic tank backflow causing strong sewage odor indoors,6.478205,3.590073,Closed,2026-02-13 04:03:00
446,PP20160411544,2016-04-11,Tunde Owolabi,Male,2349081500838,tunde.owolabi54@hotmail.com,98633275959,Epe Division,Ibeju-Lekki,Lyon,94117.0,Public tap pipe severely damaged in residential community,6.480667,3.596693,Closed,2026-02-13 04:03:00
447,PP20120326396,2012-03-26,Emeka Okafor,Male,2348076057082,emeka.okafor76@hotmail.com,98232209584,Badagry Division,Badagry,Judah,94122.0,Water main leakage along roadside causing traffic obstruction,6.428822,2.891487,Closed,2026-02-13 04:03:00
448,PP20180907650,2018-09-07,Oluwaseun Okafor,Male,2348020550269,oluwaseun.okafor56@gmail.com,91935663994,Lagos Island Division,Lagos Mainland,20th,94121.0,Blocked drainage channel causing street-level flooding,6.522729,3.380667,Closed,2026-02-13 04:03:00
449,PP20140113347,2014-01-13,Kelechi Adebisi,Male,2349022263329,kelechi.adebisi41@hotmail.com,39561927603,Ikeja Division,Mushin,Market,94102.0,Major pipe burst near primary school disrupting access road,6.539365,3.346431,Closed,2026-02-13 04:03:00
450,PP20140328460,2014-03-28,Emeka Afolabi,Male,2349081375661,emeka.afolabi54@hotmail.com,42399967813,Badagry Division,Ojo,14th,94122.0,Public tap pipe severely damaged in residential community,6.464687,3.179067,Closed,2026-02-13 04:03:00
451,PP20120502278,2012-05-02,Chisom Ojo,Female,2349039952839,chisom.ojo50@hotmail.com,2767549848,Lagos Island Division,Lagos Mainland,Valencia,94103.0,Low water pressure affecting entire household supply,6.524687,3.391985,Closed,2026-02-13 04:03:00
452,PP20160520641,2016-05-20,Olamide Mohammed,Male,2348151505907,olamide.mohammed61@hotmail.com,34052915084,Lagos Island Division,Eti-Osa,Bush,94109.0,site survey only- per complaint #201603321,6.435011,3.422364,Closed,2026-02-13 04:03:00
453,PP20131016118,2013-10-16,Uche Akinyemi,Male,2349045118259,uche.akinyemi20@gmail.com,69886336769,Epe Division,Ibeju-Lekki,Divisadero,94117.0,Underground water pipe burst near hospital entrance,6.456401,3.592463,Closed,2026-02-13 04:03:00
454,PP20160304442,2016-03-04,Tunde Okafor,Male,2349043917961,tunde.okafor94@yahoo.com,33786290458,Ikeja Division,Oshodi-Isolo,Lafayette,94103.0,Water heater pipe leakage soaking utility area,6.560055,3.329733,Closed,2026-02-13 04:03:00
455,PP20081007748,2008-10-07,Chinedu Danladi,Male,2349057604156,chinedu.danladi20@outlook.com,40313682236,Lagos Island Division,Lagos Mainland,Sloat,94132.0,"new master bathroom, new bathroom on 2nd floor, remodel two existing bathroom, remodel existing kitchen.",6.521322,3.381392,Closed,2026-02-13 04:03:00
456,PP20190822740,2019-08-22,Oluwaseun Bamidele,Male,2348166264776,oluwaseun.bamidele52@yahoo.com,54373261373,Ikeja Division,Mushin,Trumbull,94112.0,Toilet overflow due to heavily blocked drain system,6.529794,3.370375,Closed,2026-02-13 04:03:00
457,PP20080902193,2008-09-02,Femi Akinyemi,Male,2348081581045,femi.akinyemi74@yahoo.com,96143868961,Lagos Island Division,Lagos Mainland,09th,94118.0,Water main leakage along roadside causing traffic obstruction,6.523447,3.38199,Closed,2026-02-13 04:03:00
458,PP20171201798,2017-12-01,Femi Nwosu,Male,2349027616086,femi.nwosu38@gmail.com,11406138791,Ikeja Division,Mushin,Geary,94108.0,Bathroom floor drain completely clogged with wastewater backup,6.533379,3.356466,Closed,2026-02-13 04:03:00
459,PP20110210962,2011-02-10,Tunde Mohammed,Male,2348081209485,tunde.mohammed38@gmail.com,33114373740,Ikeja Division,Alimosho,Carmel,94117.0,install (1) shower pan,6.604536,3.296941,Closed,2026-02-13 04:03:00
460,PP20120323332,2012-03-23,Opeyemi Ajayi,Female,2348072471459,opeyemi.ajayi70@yahoo.com,87022460095,Ikeja Division,Agege,Mason,94108.0,Major pipe burst near primary school disrupting access road,6.626236,3.325735,Closed,2026-02-13 04:03:00
461,PP20131010930,2013-10-10,Tunde Balogun,Male,2349077483865,tunde.balogun80@yahoo.com,42239183929,Badagry Division,Ojo,Coleridge,94110.0,Cracked underground pipe slowly flooding compound,6.46233,3.175999,Closed,2026-02-13 04:03:00
462,PP20081031883,2008-10-31,Obinna Ajayi,Male,2348061752696,obinna.ajayi14@gmail.com,68154060983,Badagry Division,Ojo,Hampshire,94110.0,Public tap pipe severely damaged in residential community,6.47295,3.167768,Closed,2026-02-13 04:03:00
463,PP20090122601,2009-01-22,Amaka Adebisi,Female,2348081700548,amaka.adebisi24@gmail.com,70423379920,Lagos Island Division,Lagos Island,Liberty,94110.0,Sewer overflow spreading wastewater near market area,6.448511,3.398472,Closed,2026-02-13 04:03:00
464,PP20120410773,2012-04-10,Obinna Ogunleye,Male,2348156162072,obinna.ogunleye14@hotmail.com,41538616972,Epe Division,Ibeju-Lekki,31st,94122.0,Underground water pipe burst near hospital entrance,6.485655,3.584342,Closed,2026-02-13 04:03:00
465,PP20150304547,2015-03-04,Chisom Ogunleye,Female,2348106106059,chisom.ogunleye90@yahoo.com,21029688554,Lagos Island Division,Lagos Island,Miramar,94112.0,Severe shower pipe rupture flooding entire bathroom,6.448548,3.413512,Closed,2026-02-13 04:03:00
466,PP20161212340,2016-12-12,Kelechi Eze,Male,2348189763003,kelechi.eze13@hotmail.com,16053205600,Ikeja Division,Ikeja,Berry,94158.0,"fire sprinkler t/1 - ""suite # 1600"" - lev 1, 195 added sprinklers",6.58732,3.329512,Open,2026-02-13 04:03:00
467,PP20130314070,2013-03-14,Tunde Ekanem,Male,2348076390961,tunde.ekanem94@outlook.com,65677886858,Ikorodu Division,Ikorodu,29th,94131.0,Water main leakage along roadside causing traffic obstruction,6.6238,3.505479,Closed,2026-02-13 04:03:00
468,PP20111101130,2011-11-01,Kunle Nwosu,Male,2348181799949,kunle.nwosu43@hotmail.com,11521767588,Ikeja Division,Alimosho,Carmel,94117.0,Water main leakage along roadside causing traffic obstruction,6.598788,3.302084,Open,2026-02-13 04:03:00
469,PP20190618809,2019-06-18,Chisom Ojo,Female,2349014752784,chisom.ojo78@hotmail.com,19482471535,Epe Division,Ibeju-Lekki,Waterville,94124.0,remodel kitchen & 4 bathroom including 1 shower pan.,6.472438,3.579359,Closed,2026-02-13 04:03:00
470,PP20150227390,2015-02-27,Emeka Umeh,Male,2348031609193,emeka.umeh31@outlook.com,25692471606,Ikeja Division,Mushin,Hyde,94109.0,Water main leakage along roadside causing traffic obstruction,6.514497,3.363325,Closed,2026-02-13 04:03:00
471,PP20110801950,2011-08-01,Chioma Afolabi,Female,2348023948041,chioma.afolabi23@hotmail.com,3341557903,Epe Division,Epe,Laguna,94123.0,Sudden burst water pipe inside bathroom wall causing flooding,6.590502,3.982608,Closed,2026-02-13 04:03:00
472,PP20150730726,2015-07-30,Opeyemi Akinyemi,Female,2348115127029,opeyemi.akinyemi17@hotmail.com,17371384598,Ikeja Division,Agege,Jackson,94115.0,Minor kitchen sink pipe leakage under cabinet,6.633966,3.325299,Closed,2026-02-13 04:03:00
473,PP20190802127,2019-08-02,Ayomide Ajayi,Male,2348197043647,ayomide.ajayi76@yahoo.com,86168166257,Ikorodu Division,Ikorodu,31st,94122.0,Underground water pipe burst near hospital entrance,6.604145,3.503581,Closed,2026-02-13 04:03:00
474,PP20190809309,2019-08-09,Ayomide Ogunleye,Male,2348130432492,ayomide.ogunleye38@yahoo.com,97251179443,Lagos Island Division,Lagos Mainland,20th,94110.0,"strom drain-sump pump system. isntall sump-basin. runnig drain pipes underground running roof drain pipes to basin, install trench drain.",6.523944,3.381633,Closed,2026-02-13 04:03:00
475,PP20090126699,2009-01-26,Yetunde Oladipo,Female,2348187208859,yetunde.oladipo21@outlook.com,93722721425,Epe Division,Epe,Ora,94131.0,Toilet overflow due to heavily blocked drain system,6.581588,3.987121,Closed,2026-02-13 04:03:00
476,PP20080219122,2008-02-19,Uche Nwosu,Male,2348197187248,uche.nwosu61@yahoo.com,62890636880,Ikeja Division,Agege,Hyde,94109.0,Water pipeline rupture near highway causing erosion,6.602985,3.350438,Closed,2026-02-13 04:03:00
477,PP20091016688,2009-10-16,Kelechi Umeh,Male,2348150833398,kelechi.umeh11@gmail.com,93695862694,Lagos Island Division,Lagos Island,Eddy,94102.0,Public tap pipe severely damaged in residential community,6.453278,3.405873,Closed,2026-02-13 04:03:00
478,PP20090409526,2009-04-09,Adebayo Ibrahim,Male,2348087320963,adebayo.ibrahim64@outlook.com,19255658447,Epe Division,Ibeju-Lekki,17th,94110.0,Blocked drainage channel causing street-level flooding,6.473427,3.589568,Closed,2026-02-13 04:03:00
479,PP20100913804,2010-09-13,Chinedu Balogun,Male,2348167204125,chinedu.balogun43@hotmail.com,70255019609,Lagos Island Division,Apapa,Holladay,94110.0,Water heater pipe leakage soaking utility area,6.454498,3.363477,Closed,2026-02-13 04:03:00
480,PP20120413860,2012-04-13,Abdulrahman Bamidele,Male,2349022549802,abdulrahman.bamidele77@yahoo.com,40567220245,Badagry Division,Ajeromi-Ifelodun,05th,94122.0,Water pipeline rupture near highway causing erosion,6.473127,3.346592,Closed,2026-02-13 04:03:00
481,PP20140127708,2014-01-27,Adaeze Eze,Female,2349025722575,adaeze.eze21@yahoo.com,23448701426,Badagry Division,Ojo,Ocean,94127.0,Flooding due to collapsed drainage system after rainfall,6.462965,3.19009,Closed,2026-02-13 04:03:00
482,PP20130806008,2013-08-06,Ijeoma Adeyemi,Female,2348159230735,ijeoma.adeyemi30@yahoo.com,51745759263,Lagos Island Division,Lagos Island,06th,94118.0,Toilet overflow due to heavily blocked drain system,6.453203,3.409101,Closed,2026-02-13 04:03:00
483,PP20130220402,2013-02-20,Femi Bamidele,Male,2348132588922,femi.bamidele94@hotmail.com,55407913250,Badagry Division,Ajeromi-Ifelodun,Mission,94103.0,Sewer overflow spreading wastewater near market area,6.459936,3.351309,Closed,2026-02-13 04:03:00
484,PP20130328487,2013-03-28,Opeyemi Ojo,Female,2349036297753,opeyemi.ojo98@yahoo.com,84433088399,Lagos Island Division,Apapa,West Portal,94127.0,Water pipeline rupture near highway causing erosion,6.448398,3.344692,Closed,2026-02-13 04:03:00
485,PP20161213407,2016-12-13,Emeka Balogun,Male,2348134152541,emeka.balogun90@outlook.com,36308143756,Epe Division,Ibeju-Lekki,22nd,94110.0,Public tap pipe severely damaged in residential community,6.471281,3.578189,Closed,2026-02-13 04:03:00
486,PP20081014995,2008-10-14,Oluwaseun Okoye,Male,2348164487629,oluwaseun.okoye79@yahoo.com,13319387078,Ikeja Division,Ikeja,Folsom,94107.0,Sudden burst water pipe inside bathroom wall causing flooding,6.610206,3.344974,Closed,2026-02-13 04:03:00
487,PP20090508224,2009-05-08,Chisom Ekanem,Female,2349035287536,chisom.ekanem49@hotmail.com,79074885262,Ikeja Division,Oshodi-Isolo,Guerrero,94110.0,"complete job in reference to permit #487857. install 10 bathrooms, 3 kitchen, 3 water heaters, trench repair, new 2"" water service.",6.549138,3.289205,Closed,2026-02-13 04:03:00
488,PP20121101761,2012-11-01,Opeyemi Afolabi,Female,2348172970244,opeyemi.afolabi91@yahoo.com,67443275513,Epe Division,Ibeju-Lekki,Grant,94108.0,install toilets and lav - mop sink in the basement & first floor (ok per sp).,6.465477,3.560761,Closed,2026-02-13 04:03:00
489,PP20090105066,2009-01-05,Chukwudi Adebisi,Male,2349091974664,chukwudi.adebisi82@yahoo.com,49429441422,Ikorodu Division,Ikorodu,Grove,94117.0,Major pipe burst near primary school disrupting access road,6.603561,3.518104,Closed,2026-02-13 04:03:00
490,PP20140612448,2014-06-12,Bola Ekanem,Female,2349078337035,bola.ekanem61@yahoo.com,48182600782,Lagos Island Division,Surulere,21st,94114.0,Sewer overflow spreading wastewater near market area,6.504758,3.365055,Closed,2026-02-13 04:03:00
491,PP20101202511,2010-12-02,Kunle Akinyemi,Male,2348183548983,kunle.akinyemi26@yahoo.com,52564274082,Badagry Division,Amuwo-Odofin,Bannan,94133.0,Flooding due to collapsed drainage system after rainfall,6.44033,3.249523,Closed,2026-02-13 04:03:00
492,PP20110404238,2011-04-04,Aisha Danladi,Female,2348163793110,aisha.danladi31@gmail.com,12697164860,Ikeja Division,Mushin,Cerritos,94127.0,"install gas line for range, water to fridge, install new sink, re-route 4"" waste line which is now in wall to be removed, this line serves the upstairs bathroom.",6.527264,3.343016,Closed,2026-02-13 04:03:00
493,PP20131104664,2013-11-04,Ifeanyi Ibrahim,Male,2349045845523,ifeanyi.ibrahim41@hotmail.com,5802430933,Ikeja Division,Mushin,Church,94114.0,Septic tank backflow causing strong sewage odor indoors,6.542334,3.363374,Closed,2026-02-13 04:03:00
494,PP20200109591,2020-01-09,Aisha Ojo,Female,2348023047749,aisha.ojo64@gmail.com,93260103494,Lagos Island Division,Surulere,Polk,94109.0,Cracked underground pipe slowly flooding compound,6.49469,3.361069,Closed,2026-02-13 04:03:00
495,PP20130618717,2013-06-18,Opeyemi Ogunleye,Female,2348035063450,opeyemi.ogunleye89@hotmail.com,12395511811,Lagos Island Division,Lagos Mainland,Rausch,94103.0,Water main leakage along roadside causing traffic obstruction,6.526484,3.358783,Closed,2026-02-13 04:03:00
496,PP20161206199,2016-12-06,Chukwudi Abiola,Male,2349089374707,chukwudi.abiola31@yahoo.com,28559463992,Lagos Island Division,Lagos Mainland,Green,94123.0,"kitchen remodel, ref pp20161103389",6.521928,3.37238,Closed,2026-02-13 04:03:00
497,PP20170829308,2017-08-29,Tunde Afolabi,Male,2348153151412,tunde.afolabi59@outlook.com,69051172835,Ikeja Division,Mushin,Broadway,94109.0,Underground water pipe burst near hospital entrance,6.517284,3.351789,Closed,2026-02-13 04:03:00
498,PP20111219225,2011-12-19,Adebayo Ajayi,Male,2349050526157,adebayo.ajayi75@gmail.com,9923403439,Epe Division,Epe,Roosevelt,94114.0,Septic tank backflow causing strong sewage odor indoors,6.601977,3.990008,Closed,2026-02-13 04:03:00
499,PP20160427956,2016-04-27,Temitope Umeh,Female,2348170844451,temitope.umeh17@hotmail.com,96772497689,Epe Division,Ibeju-Lekki,Chestnut,94109.0,"replace bath tub, kitchen sink and faucet.",6.464288,3.590726,Closed,2026-02-13 04:03:00
500,PP20181030196,2018-10-30,Ijeoma Chukwu,Female,2348083788729,ijeoma.chukwu74@gmail.com,61378640851,Badagry Division,Amuwo-Odofin,Laidley,94131.0,Underground water pipe burst near hospital entrance,6.463994,3.259246,Closed,2026-02-13 04:03:00
501,PP20090327201,2009-03-27,Temitope Ajayi,Female,2348183084529,temitope.ajayi49@gmail.com,99190391981,Lagos Island Division,Lagos Island,Buchanan,94102.0,Severe shower pipe rupture flooding entire bathroom,6.454696,3.388231,Closed,2026-02-13 04:03:00
502,PP20190820613,2019-08-20,Ijeoma Umeh,Female,2348106094985,ijeoma.umeh14@gmail.com,80655109771,Ikeja Division,Agege,Ofarrell,94115.0,"install new fire sprinkler system in the new 1st fl adu and 3gress paths per nfpa 13. including a 2"" dedicated fire underground. total 23 heads",6.622482,3.339935,Closed,2026-02-13 04:03:00
503,PP20170331172,2017-03-31,Aisha Ibrahim,Female,2348109096285,aisha.ibrahim55@hotmail.com,33183334973,Ikorodu Division,Ikorodu,Lunado,94127.0,Persistent dripping tap in kitchen wasting water daily,6.628352,3.516852,Closed,2026-02-13 04:03:00
504,PP20151210200,2015-12-10,Chisom Owolabi,Female,2349047721149,chisom.owolabi26@gmail.com,20138055929,Badagry Division,Amuwo-Odofin,Haight,94117.0,t.i. add (4) sprinklers.,6.460496,3.244648,Closed,2026-02-13 04:03:00
505,PP20121003045,2012-10-03,Kunle Ibrahim,Male,2348186797792,kunle.ibrahim39@hotmail.com,89201331955,Ikeja Division,Oshodi-Isolo,16th,94103.0,Water heater pipe leakage soaking utility area,6.566774,3.310076,Closed,2026-02-13 04:03:00
506,PP20110712496,2011-07-12,Uche Nnamdi,Male,2348161302866,uche.nnamdi88@hotmail.com,20983846227,Epe Division,Epe,08th,94122.0,Water pipeline rupture near highway causing erosion,6.604753,3.976708,Closed,2026-02-13 04:03:00
507,PP20131211628,2013-12-11,Adaeze Ajayi,Female,2348026963672,adaeze.ajayi45@hotmail.com,7720836824,Ikorodu Division,Ikorodu,San Gabriel,94112.0,Cracked underground pipe slowly flooding compound,6.63676,3.512479,Closed,2026-02-13 04:03:00
508,PP20090305661,2009-03-05,Aisha Nnamdi,Female,2348159164446,aisha.nnamdi75@hotmail.com,92413124829,Epe Division,Ibeju-Lekki,Kansas,94107.0,Major pipe burst near primary school disrupting access road,6.463486,3.580161,Closed,2026-02-13 04:03:00
509,PP20150616562,2015-06-16,Olamide Umeh,Male,2349087568503,olamide.umeh54@hotmail.com,53399463788,Badagry Division,Ojo,47th,94121.0,Open manhole with visible sewage leakage on street,6.457797,3.187242,Closed,2026-02-13 04:03:00
510,PP20160908779,2016-09-08,Temitope Nwosu,Female,2349076292209,temitope.nwosu59@hotmail.com,81240348702,Badagry Division,Ojo,14th,94118.0,kitchen remodel.,6.466228,3.177263,Closed,2026-02-13 04:03:00
511,PP20150522906,2015-05-22,Chisom Nnamdi,Female,2348195043465,chisom.nnamdi64@outlook.com,25330930429,Lagos Island Division,Lagos Island,Tennessee,94107.0,Sudden burst water pipe inside bathroom wall causing flooding,6.453856,3.416123,Closed,2026-02-13 04:03:00
512,PP20120223665,2012-02-23,Seyi Danladi,Male,2348148583009,seyi.danladi51@yahoo.com,42438591000,Epe Division,Ibeju-Lekki,Douglass,94114.0,1st floor: hook up cold and hot water (sink) and washer machine. hook up gas stove; hook up drain ( kitchen remodel),6.487275,3.589363,Closed,2026-02-13 04:03:00
513,PP20180327085,2018-03-27,Tunde Danladi,Male,2348092155647,tunde.danladi55@yahoo.com,84394822176,Ikorodu Division,Ikorodu,Moscow,94112.0,Cracked underground pipe slowly flooding compound,6.61978,3.5117,Closed,2026-02-13 04:03:00
514,PP20110304452,2011-03-04,Bola Eze,Female,2348091084493,bola.eze59@gmail.com,13600751990,Ikeja Division,Agege,17th,94114.0,Severe shower pipe rupture flooding entire bathroom,6.621635,3.325772,Closed,2026-02-13 04:03:00
515,PP20080519773,2008-05-19,Ngozi Nnamdi,Female,2348034168850,ngozi.nnamdi22@yahoo.com,23492468439,Ikeja Division,Oshodi-Isolo,University,94134.0,remove exsiting kitchen water and waste pipe etc.,6.551026,3.291414,Closed,2026-02-13 04:03:00
516,PP20170602892,2017-06-02,Adaeze Yakubu,Female,2348185435551,adaeze.yakubu31@gmail.com,87488054592,Lagos Island Division,Eti-Osa,Rausch,94103.0,Sewer overflow spreading wastewater near market area,6.437092,3.428372,Closed,2026-02-13 04:03:00
517,PP20140407729,2014-04-07,Zainab Ojo,Female,2348166389143,zainab.ojo68@gmail.com,29463541054,Ikorodu Division,Ikorodu,19th,94110.0,Major pipe burst near primary school disrupting access road,6.614568,3.52624,Closed,2026-02-13 04:03:00
518,PP20171024790,2017-10-24,Adaeze Adeyemi,Female,2349083775579,adaeze.adeyemi95@outlook.com,86095628109,Epe Division,Ibeju-Lekki,Berry,94158.0,Minor kitchen sink pipe leakage under cabinet,6.457742,3.570356,Closed,2026-02-13 04:03:00
519,PP20151218469,2015-12-18,Abdulrahman Akinyemi,Male,2349084001994,abdulrahman.akinyemi79@hotmail.com,98690392648,Ikeja Division,Kosofe,18th,94110.0,High-pressure pipe burst affecting multiple residential buildings,6.585545,3.427171,Closed,2026-02-13 04:03:00
520,PP20080519766,2008-05-19,Chinedu Mohammed,Male,2348060339308,chinedu.mohammed12@yahoo.com,25912350537,Lagos Island Division,Lagos Island,Sanchez,94131.0,Septic tank backflow causing strong sewage odor indoors,6.470939,3.390111,Closed,2026-02-13 04:03:00
521,PP20080228446,2008-02-28,Ayomide Ojo,Male,2349023465470,ayomide.ojo79@gmail.com,87719154589,Lagos Island Division,Apapa,Moneta,94112.0,Septic tank backflow causing strong sewage odor indoors,6.459587,3.358615,Closed,2026-02-13 04:03:00
522,PP20111026009,2011-10-26,Temitope Okoye,Female,2349065462081,temitope.okoye58@outlook.com,64967096341,Epe Division,Ibeju-Lekki,Seward,94114.0,Major pipe burst near primary school disrupting access road,6.468274,3.593837,Closed,2026-02-13 04:03:00
523,PP20180817083,2018-08-17,Emeka Nnamdi,Male,2348159279825,emeka.nnamdi59@gmail.com,94802381689,Ikorodu Division,Ikorodu,Rockdale,94127.0,Water heater pipe leakage soaking utility area,6.625923,3.494736,Closed,2026-02-13 04:03:00
524,PP20190610541,2019-06-10,Emeka Umeh,Male,2349060634733,emeka.umeh44@outlook.com,34936772150,Ikorodu Division,Ikorodu,Taylor,94133.0,"kitchen and bathroom remodel. new cabinets, countertop, sink, appliances, replace tub and shower fixtures. remove & re-install vanity sink & toilet. new shower",6.634165,3.524301,Closed,2026-02-13 04:03:00
525,PP20090323067,2009-03-23,Aisha Ekanem,Female,2349074540651,aisha.ekanem81@outlook.com,86764466116,Lagos Island Division,Surulere,Naples,94112.0,Blocked drainage channel causing street-level flooding,6.490644,3.364758,Closed,2026-02-13 04:03:00
526,PP20130129838,2013-01-29,Bola Abiola,Female,2348136547415,bola.abiola59@yahoo.com,41087112385,Lagos Island Division,Surulere,Polk,94109.0,Sudden burst water pipe inside bathroom wall causing flooding,6.50184,3.363407,Closed,2026-02-13 04:03:00
527,PP20160222116,2016-02-22,Ngozi Okafor,Female,2348180456105,ngozi.okafor64@yahoo.com,27579174932,Ikeja Division,Kosofe,Sansome,94111.0,Water main leakage along roadside causing traffic obstruction,6.577797,3.409984,Closed,2026-02-13 04:03:00
528,PP20160505185,2016-05-05,Aisha Ajayi,Female,2348054100391,aisha.ajayi28@outlook.com,89665820685,Ikeja Division,Mushin,Market,94114.0,Major pipe burst near primary school disrupting access road,6.527044,3.366327,Closed,2026-02-13 04:03:00
529,PP20160804820,2016-08-04,Ijeoma Okoye,Female,2348195396549,ijeoma.okoye73@gmail.com,91789780228,Ikorodu Division,Ikorodu,Summit,94132.0,Septic tank backflow causing strong sewage odor indoors,6.624836,3.506794,Closed,2026-02-13 04:03:00
530,PP20101021684,2010-10-21,Uche Bamidele,Male,2348151488169,uche.bamidele75@hotmail.com,29021801086,Ikorodu Division,Ikorodu,Page,94117.0,Sewer overflow spreading wastewater near market area,6.627117,3.482015,Closed,2026-02-13 04:03:00
531,PP20140121567,2014-01-21,Oluwaseun Eze,Male,2349032028862,oluwaseun.eze18@gmail.com,9549432764,Epe Division,Ibeju-Lekki,Cesar Chavez,94131.0,Bathroom floor drain completely clogged with wastewater backup,6.481488,3.567603,Closed,2026-02-13 04:03:00
532,PP20171211052,2017-12-11,Abdulrahman Ogunleye,Male,2349023661466,abdulrahman.ogunleye38@outlook.com,86916637363,Epe Division,Ibeju-Lekki,Stockton,94133.0,Water heater pipe leakage soaking utility area,6.466376,3.573803,Closed,2026-02-13 04:03:00
533,PP20110302370,2011-03-02,Olamide Abiola,Male,2349059972021,olamide.abiola27@yahoo.com,72195665755,Lagos Island Division,Apapa,Monterey,94127.0,Water heater pipe leakage soaking utility area,6.435853,3.370608,Closed,2026-02-13 04:03:00
534,PP20150804844,2015-08-04,Ngozi Umeh,Female,2349011409394,ngozi.umeh80@yahoo.com,21650110243,Badagry Division,Ajeromi-Ifelodun,Tacoma,94118.0,Sewer overflow spreading wastewater near market area,6.462023,3.336765,Closed,2026-02-13 04:03:00
535,PP20160719253,2016-07-19,Chisom Ogunleye,Female,2349014937049,chisom.ogunleye38@yahoo.com,17876915348,Epe Division,Ibeju-Lekki,Vallejo,94133.0,Septic tank backflow causing strong sewage odor indoors,6.469531,3.58977,Closed,2026-02-13 04:03:00
536,PP20140820416,2014-08-20,Aisha Okoye,Female,2348029937010,aisha.okoye92@gmail.com,83748132612,Ikorodu Division,Ikorodu,Union,94109.0,Water heater pipe leakage soaking utility area,6.620168,3.49767,Open,2026-02-13 04:03:00
537,PP20131213712,2013-12-13,Chioma Akinyemi,Female,2348136105591,chioma.akinyemi14@gmail.com,87152549369,Ikeja Division,Oshodi-Isolo,Polk,94109.0,kitchen remodel.,6.563563,3.303162,Closed,2026-02-13 04:03:00
538,PP20170517465,2017-05-17,Femi Akinyemi,Male,2348170929452,femi.akinyemi78@hotmail.com,63231334017,Lagos Island Division,Eti-Osa,Fulton,94117.0,Public tap pipe severely damaged in residential community,6.417534,3.417619,Closed,2026-02-13 04:03:00
539,PP20130403624,2013-04-03,Temitope Abiola,Female,2348114195753,temitope.abiola61@outlook.com,77478336490,Ikeja Division,Mushin,Sutter,94115.0,Water heater pipe leakage soaking utility area,6.542308,3.363102,Closed,2026-02-13 04:03:00
540,PP20151009645,2015-10-09,Emeka Afolabi,Male,2349057791751,emeka.afolabi97@outlook.com,73713149976,Epe Division,Ibeju-Lekki,Texas,94107.0,new fire sprinkler system.,6.466513,3.581507,Closed,2026-02-13 04:03:00
541,PP20181113604,2018-11-13,Tunde Balogun,Male,2348195694978,tunde.balogun29@outlook.com,46463393709,Badagry Division,Ajeromi-Ifelodun,21st,94122.0,Septic tank backflow causing strong sewage odor indoors,6.463484,3.354067,Closed,2026-02-13 04:03:00
542,PP20100923067,2010-09-23,Chinedu Okoye,Male,2348066751684,chinedu.okoye82@gmail.com,49193471117,Ikeja Division,Kosofe,Vallejo,94123.0,Severe shower pipe rupture flooding entire bathroom,6.587119,3.421,Closed,2026-02-13 04:03:00
543,PP20190301592,2019-03-01,Obinna Nnamdi,Male,2348171323969,obinna.nnamdi25@outlook.com,24159513193,Badagry Division,Ojo,16th,94103.0,Underground water pipe burst near hospital entrance,6.471303,3.185388,Closed,2026-02-13 04:03:00
544,PP20180718267,2018-07-18,Chisom Okafor,Female,2348100746010,chisom.okafor34@hotmail.com,64939925137,Badagry Division,Ajeromi-Ifelodun,Cumberland,94114.0,Major pipe burst near primary school disrupting access road,6.46411,3.331337,Closed,2026-02-13 04:03:00
545,PP20191029758,2019-10-29,Chinedu Balogun,Male,2348075987642,chinedu.balogun66@gmail.com,18177695016,Lagos Island Division,Lagos Mainland,Montgomery,94104.0,Public tap pipe severely damaged in residential community,6.523684,3.378828,Open,2026-02-13 04:03:00
546,PP20110621069,2011-06-21,Kelechi Umeh,Male,2348188422250,kelechi.umeh14@outlook.com,38232619113,Ikeja Division,Oshodi-Isolo,12th,94116.0,"remodel bathroom, re-do drains and copper.",6.560876,3.308619,Closed,2026-02-13 04:03:00
547,PP20190828887,2019-08-28,Emeka Nwosu,Male,2348067241169,emeka.nwosu18@outlook.com,77776564714,Badagry Division,Amuwo-Odofin,Topaz,94131.0,High-pressure pipe burst affecting multiple residential buildings,6.457326,3.249193,Closed,2026-02-13 04:03:00
548,PP20171129727,2017-11-29,Chioma Okoye,Female,2348054259271,chioma.okoye74@outlook.com,68908206271,Lagos Island Division,Lagos Island,Howth,94112.0,Underground water pipe burst near hospital entrance,6.454886,3.374718,Closed,2026-02-13 04:03:00
549,PP20190515825,2019-05-15,Adebayo Mohammed,Male,2348057707916,adebayo.mohammed35@yahoo.com,31309428358,Badagry Division,Ajeromi-Ifelodun,Hayes,94117.0,Severe shower pipe rupture flooding entire bathroom,6.475863,3.336765,Closed,2026-02-13 04:03:00
550,PP20150415762,2015-04-15,Ijeoma Balogun,Female,2348081467206,ijeoma.balogun28@hotmail.com,16208838631,Lagos Island Division,Eti-Osa,Ellsworth,94110.0,replacing house trap.,6.44308,3.392937,Closed,2026-02-13 04:03:00
551,PP20120229802,2012-02-29,Seyi Oladipo,Male,2349044607947,seyi.oladipo65@gmail.com,47995435210,Ikorodu Division,Ikorodu,Fillmore,94115.0,Underground water pipe burst near hospital entrance,6.640284,3.509104,Closed,2026-02-13 04:03:00
552,PP20120621505,2012-06-21,Zainab Okafor,Female,2349099469215,zainab.okafor77@yahoo.com,80358366589,Lagos Island Division,Surulere,Ramsell,94132.0,Toilet overflow due to heavily blocked drain system,6.507982,3.350401,Closed,2026-02-13 04:03:00
553,PP20081027580,2008-10-27,Kunle Adeyemi,Male,2349048932875,kunle.adeyemi39@outlook.com,62566525190,Lagos Island Division,Lagos Mainland,Folsom,94110.0,Water heater pipe leakage soaking utility area,6.530528,3.368666,Closed,2026-02-13 04:03:00
554,PP20141027329,2014-10-27,Femi Yakubu,Male,2348199052252,femi.yakubu21@hotmail.com,72721727138,Ikorodu Division,Ikorodu,09th,94103.0,Low water pressure affecting entire household supply,6.613162,3.52964,Closed,2026-02-13 04:03:00
555,PP20160408478,2016-04-08,Ijeoma Bamidele,Female,2348159543716,ijeoma.bamidele31@outlook.com,1189439936,Lagos Island Division,Lagos Mainland,Gough,94123.0,Water main leakage along roadside causing traffic obstruction,6.522493,3.381374,Closed,2026-02-13 04:03:00
556,PP20190514780,2019-05-14,Olamide Ajayi,Male,2349031603832,olamide.ajayi39@hotmail.com,28480971731,Ikeja Division,Kosofe,Webster,94123.0,Severe shower pipe rupture flooding entire bathroom,6.592001,3.421657,Closed,2026-02-13 04:03:00
557,PP20130410818,2013-04-10,Ifeanyi Okafor,Male,2349099120970,ifeanyi.okafor48@hotmail.com,15292846417,Ikeja Division,Agege,Miley,94123.0,Persistent dripping tap in kitchen wasting water daily,6.617004,3.33965,Closed,2026-02-13 04:03:00
558,PP20100414329,2010-04-14,Chinedu Eze,Male,2348052149227,chinedu.eze35@gmail.com,81137446383,Badagry Division,Badagry,Banks,94110.0,Low water pressure affecting entire household supply,6.439034,2.884424,Closed,2026-02-13 04:03:00
559,PP20100512992,2010-05-12,Amaka Ekanem,Female,2348063207064,amaka.ekanem78@hotmail.com,72506614398,Badagry Division,Ojo,47th,94116.0,replace sewer lateral,6.463011,3.193507,Closed,2026-02-13 04:03:00
560,PP20140602189,2014-06-02,Chinedu Ibrahim,Male,2349033750971,chinedu.ibrahim51@yahoo.com,12094233596,Badagry Division,Amuwo-Odofin,Clay,94108.0,Flooding due to collapsed drainage system after rainfall,6.461055,3.26187,Closed,2026-02-13 04:03:00
561,PP20161220600,2016-12-20,Adaeze Nnamdi,Female,2349058057914,adaeze.nnamdi62@yahoo.com,67249557440,Ikeja Division,Mushin,11th,94122.0,Severe shower pipe rupture flooding entire bathroom,6.533687,3.34317,Closed,2026-02-13 04:03:00
562,PP20151106358,2015-11-06,Temitope Eze,Female,2348084236389,temitope.eze78@yahoo.com,5994958766,Ikeja Division,Ikeja,Corbett,94131.0,"replace body shower & vanity, sink faucet",6.618134,3.340037,Closed,2026-02-13 04:03:00
563,PP20190925714,2019-09-25,Amaka Ajayi,Female,2349014749778,amaka.ajayi37@outlook.com,55064657276,Ikeja Division,Ifako-Ijaiye,Buchanan,94115.0,bathroom and kitchen remodel,6.672826,3.321057,Closed,2026-02-13 04:03:00
564,PP20090429954,2009-04-29,Obinna Nnamdi,Male,2349095324521,obinna.nnamdi86@hotmail.com,2938564246,Lagos Island Division,Apapa,La Playa,94121.0,Bathroom floor drain completely clogged with wastewater backup,6.448159,3.362288,Closed,2026-02-13 04:03:00
565,PP20120425137,2012-04-25,Adaeze Mohammed,Female,2348186482753,adaeze.mohammed75@yahoo.com,88746394320,Lagos Island Division,Lagos Island,Richland,94110.0,Water heater pipe leakage soaking utility area,6.457314,3.398919,Closed,2026-02-13 04:03:00
566,PP20160511361,2016-05-11,Zainab Afolabi,Female,2348148495864,zainab.afolabi44@hotmail.com,41541741010,Lagos Island Division,Lagos Mainland,25th,94121.0,Minor kitchen sink pipe leakage under cabinet,6.540537,3.383735,Closed,2026-02-13 04:03:00
567,PP20180308495,2018-03-08,Abdulrahman Nwosu,Male,2349013129235,abdulrahman.nwosu71@hotmail.com,99229069684,Lagos Island Division,Lagos Mainland,Hugo,94122.0,Major pipe burst near primary school disrupting access road,6.521958,3.388841,Closed,2026-02-13 04:03:00
568,PP20150605309,2015-06-05,Yetunde Yakubu,Female,2348142900884,yetunde.yakubu56@yahoo.com,34773733713,Epe Division,Epe,Vicente,94116.0,Flooding due to collapsed drainage system after rainfall,6.595895,3.971324,Closed,2026-02-13 04:03:00
569,PP20170228315,2017-02-28,Oluwaseun Bamidele,Male,2348116868176,oluwaseun.bamidele37@gmail.com,735495336,Ikeja Division,Mushin,Mission Bay Blvd South,94158.0,add 1 ssp to meet and exceed coverage per new wall condition,6.533274,3.361612,Closed,2026-02-13 04:03:00
570,PP20190107979,2019-01-07,Temitope Ajayi,Female,2348084362710,temitope.ajayi32@outlook.com,8923843509,Lagos Island Division,Lagos Mainland,21st,94110.0,Low water pressure affecting entire household supply,6.521424,3.392957,Closed,2026-02-13 04:03:00
571,PP20150902639,2015-09-02,Uche Ibrahim,Male,2348131847261,uche.ibrahim96@outlook.com,4480223669,Badagry Division,Ajeromi-Ifelodun,44th,94116.0,Septic tank backflow causing strong sewage odor indoors,6.465199,3.334556,Closed,2026-02-13 04:03:00
572,PP20150127574,2015-01-27,Seyi Ogunleye,Male,2348106430489,seyi.ogunleye41@yahoo.com,48612646882,Lagos Island Division,Lagos Island,Bay,94123.0,Sewer overflow spreading wastewater near market area,6.452369,3.394856,Closed,2026-02-13 04:03:00
573,PP20141216530,2014-12-16,Kunle Bamidele,Male,2349038138347,kunle.bamidele25@hotmail.com,75333651445,Badagry Division,Ajeromi-Ifelodun,16th,94122.0,Open manhole with visible sewage leakage on street,6.455737,3.318899,Closed,2026-02-13 04:03:00
574,PP20150127558,2015-01-27,Chukwudi Balogun,Male,2348020883183,chukwudi.balogun60@outlook.com,67974197523,Ikorodu Division,Ikorodu,Casitas,94127.0,gas houseline extension,6.635345,3.50203,Closed,2026-02-13 04:03:00
575,PP20171114370,2017-11-14,Oluwaseun Nnamdi,Male,2348080842308,oluwaseun.nnamdi63@hotmail.com,2315759283,Epe Division,Epe,Powell,94133.0,Bathroom floor drain completely clogged with wastewater backup,6.574086,3.962066,Closed,2026-02-13 04:03:00
576,PP20130717485,2013-07-17,Chukwudi Ajayi,Male,2349073183892,chukwudi.ajayi42@yahoo.com,53319111793,Ikeja Division,Kosofe,Brunswick,94112.0,Water heater pipe leakage soaking utility area,6.57691,3.403469,Closed,2026-02-13 04:03:00
577,PP20191227290,2019-12-27,Adebayo Owolabi,Male,2349066931837,adebayo.owolabi17@hotmail.com,39924369656,Epe Division,Epe,Clement,94121.0,Water heater pipe leakage soaking utility area,6.60042,3.993698,Closed,2026-02-13 04:03:00
578,PP20170203669,2017-02-03,Emeka Nnamdi,Male,2348161794668,emeka.nnamdi33@gmail.com,67022496953,Lagos Island Division,Apapa,Buchanan,94102.0,Water pipeline rupture near highway causing erosion,6.441918,3.381524,Closed,2026-02-13 04:03:00
579,PP20081203067,2008-12-03,Seyi Okafor,Male,2348059393945,seyi.okafor73@yahoo.com,56374210312,Ikeja Division,Mushin,California,94118.0,Water main leakage along roadside causing traffic obstruction,6.537118,3.351352,Closed,2026-02-13 04:03:00
580,PP20200114717,2020-01-14,Chinedu Chukwu,Male,2348182321980,chinedu.chukwu46@hotmail.com,5347352726,Lagos Island Division,Apapa,Gardenside,94131.0,"unit 304: installation of ice maker box. installation of bath tub, reconfirgured sink vent line",6.423806,3.381909,Closed,2026-02-13 04:03:00
581,PP20080623831,2008-06-23,Bola Mohammed,Female,2348181760495,bola.mohammed21@hotmail.com,62299721467,Epe Division,Ibeju-Lekki,Powell,94133.0,Sewer overflow spreading wastewater near market area,6.456104,3.568546,Closed,2026-02-13 04:03:00
582,PP20190404662,2019-04-04,Tunde Chukwu,Male,2349043068529,tunde.chukwu93@hotmail.com,1682792318,Lagos Island Division,Apapa,19th,94114.0,Open manhole with visible sewage leakage on street,6.459026,3.383398,Closed,2026-02-13 04:03:00
583,PP20090812308,2009-08-12,Chinedu Abiola,Male,2348163940408,chinedu.abiola40@yahoo.com,44340995334,Ikeja Division,Mushin,Ulloa,94127.0,Public tap pipe severely damaged in residential community,6.541143,3.360239,Closed,2026-02-13 04:03:00
584,PP20141020120,2014-10-20,Chinedu Ibrahim,Male,2349062816859,chinedu.ibrahim88@yahoo.com,3924947024,Badagry Division,Amuwo-Odofin,29th,94122.0,Severe shower pipe rupture flooding entire bathroom,6.455948,3.258534,Closed,2026-02-13 04:03:00
585,PP20190225404,2019-02-25,Uche Oladipo,Male,2349046541765,uche.oladipo46@hotmail.com,25925737632,Ikeja Division,Ifako-Ijaiye,09th,94122.0,Open manhole with visible sewage leakage on street,6.677389,3.331412,Closed,2026-02-13 04:03:00
586,PP20191115242,2019-11-15,Tunde Danladi,Male,2348074808539,tunde.danladi84@yahoo.com,44608188262,Ikeja Division,Agege,Embarcadero Center,94111.0,"existing fire sprinkler syst. t.i. 4 added, 74 relocated & 3 removed spkrs (11tth floor)",6.616542,3.335374,Closed,2026-02-13 04:03:00
587,PP20120726347,2012-07-26,Opeyemi Okafor,Female,2348098447679,opeyemi.okafor84@hotmail.com,77246020166,Ikeja Division,Alimosho,Scott,94115.0,Open manhole with visible sewage leakage on street,6.60146,3.292193,Closed,2026-02-13 04:03:00
588,PP20140314011,2014-03-14,Chioma Nnamdi,Female,2349018255168,chioma.nnamdi82@hotmail.com,25518713836,Ikeja Division,Kosofe,20th,94110.0,Open manhole with visible sewage leakage on street,6.56637,3.415717,Closed,2026-02-13 04:03:00
589,PP20110121530,2011-01-21,Aisha Ajayi,Female,2349090710715,aisha.ajayi19@yahoo.com,49503455421,Ikeja Division,Oshodi-Isolo,Octavia,94102.0,Cracked underground pipe slowly flooding compound,6.543714,3.297064,Closed,2026-02-13 04:03:00
590,PP20120521746,2012-05-21,Temitope Ibrahim,Female,2349054729366,temitope.ibrahim52@gmail.com,60436178904,Ikeja Division,Ikeja,Bright,94132.0,Open manhole with visible sewage leakage on street,6.603599,3.36542,Closed,2026-02-13 04:03:00
591,PP20131025408,2013-10-25,Olamide Adeyemi,Male,2348187113989,olamide.adeyemi46@yahoo.com,34820231007,Badagry Division,Badagry,Mariner,94130.0,Major pipe burst near primary school disrupting access road,6.424183,2.869295,Closed,2026-02-13 04:03:00
592,PP20110204841,2011-02-04,Kunle Umeh,Male,2348113824985,kunle.umeh41@hotmail.com,31927579425,Ikeja Division,Oshodi-Isolo,Rolph,94112.0,Major pipe burst near primary school disrupting access road,6.543704,3.317508,Closed,2026-02-13 04:03:00
593,PP20130531239,2013-05-31,Chisom Nwosu,Female,2348059853376,chisom.nwosu23@yahoo.com,97442270385,Ikeja Division,Ifako-Ijaiye,Revere,94124.0,Persistent dripping tap in kitchen wasting water daily,6.659975,3.326354,Closed,2026-02-13 04:03:00
594,PP20170829286,2017-08-29,Ngozi Adebisi,Female,2348195728915,ngozi.adebisi13@hotmail.com,59665877160,Ikorodu Division,Ikorodu,Turk,94102.0,Blocked drainage channel causing street-level flooding,6.624901,3.500817,Closed,2026-02-13 04:03:00
595,PP20110518263,2011-05-18,Emeka Danladi,Male,2348140140708,emeka.danladi19@yahoo.com,97284668137,Lagos Island Division,Apapa,Francisco,94133.0,replace sewer house trap.,6.449854,3.34566,Closed,2026-02-13 04:03:00
596,PP20101027798,2010-10-27,Chukwudi Umeh,Male,2349092108300,chukwudi.umeh25@outlook.com,44246375553,Badagry Division,Amuwo-Odofin,Whitfield,94124.0,Low water pressure affecting entire household supply,6.443986,3.253198,Closed,2026-02-13 04:03:00
597,PP20111028064,2011-10-28,Chukwudi Oladipo,Male,2348091669860,chukwudi.oladipo27@gmail.com,29551983397,Ikeja Division,Ikeja,Waterville,94124.0,Flooding due to collapsed drainage system after rainfall,6.58587,3.355905,Closed,2026-02-13 04:03:00
598,PP20110902751,2011-09-02,Chisom Ajayi,Female,2348147737374,chisom.ajayi16@hotmail.com,29661231895,Ikeja Division,Oshodi-Isolo,Mission,94110.0,Low water pressure affecting entire household supply,6.553404,3.313625,Open,2026-02-13 04:03:00
599,PP20180525734,2018-05-25,Ayomide Danladi,Male,2348065111892,ayomide.danladi56@outlook.com,759651273,Ikeja Division,Oshodi-Isolo,Leland,94134.0,Flooding due to collapsed drainage system after rainfall,6.555839,3.321741,Closed,2026-02-13 04:03:00
600,PP20170926063,2017-09-26,Opeyemi Afolabi,Female,2348179397399,opeyemi.afolabi91@outlook.com,72160214194,Ikeja Division,Oshodi-Isolo,Mountain Spring,94114.0,"repipe kitchen, 4 bathrooms, 1 laundry. install 1 water heater",6.554852,3.303806,Closed,2026-02-13 04:03:00
601,PP20151015785,2015-10-15,Femi Bamidele,Male,2349064832105,femi.bamidele91@outlook.com,28987496121,Ikeja Division,Ifako-Ijaiye,Cotter,94112.0,Water heater pipe leakage soaking utility area,6.671023,3.334033,Closed,2026-02-13 04:03:00
602,PP20110928349,2011-09-28,Chioma Ojo,Female,2348121754161,chioma.ojo10@gmail.com,90238180857,Ikeja Division,Kosofe,Vicente,94127.0,Open manhole with visible sewage leakage on street,6.583789,3.417106,Closed,2026-02-13 04:03:00
603,PP20080625951,2008-06-25,Uche Eze,Male,2348164191684,uche.eze80@yahoo.com,27863551140,Ikeja Division,Ifako-Ijaiye,Teresita,94127.0,Water pipeline rupture near highway causing erosion,6.66278,3.321971,Closed,2026-02-13 04:03:00
604,PP20110518272,2011-05-18,Zainab Ojo,Female,2348093121456,zainab.ojo68@hotmail.com,49227220799,Ikeja Division,Agege,Leavenworth,94102.0,Sudden burst water pipe inside bathroom wall causing flooding,6.601474,3.353496,Closed,2026-02-13 04:03:00
605,PP20170508135,2017-05-08,Chinedu Adeyemi,Male,2349023736560,chinedu.adeyemi41@outlook.com,57251238367,Lagos Island Division,Lagos Mainland,Fulton,94102.0,Water pipeline rupture near highway causing erosion,6.511961,3.372271,Closed,2026-02-13 04:03:00
606,PP20170131581,2017-01-31,Temitope Ibrahim,Female,2349025268209,temitope.ibrahim26@yahoo.com,41744652603,Ikeja Division,Kosofe,Wisconsin,94107.0,"5 bathrooms remodel, new underground sewer & storm drain line, new main water line, kitchen & laundry remodel, radiant floor heating, boiler installation.",6.576116,3.425649,Closed,2026-02-13 04:03:00
607,PP20191101878,2019-11-01,Yetunde Akinyemi,Female,2348175007818,yetunde.akinyemi26@gmail.com,35597063598,Lagos Island Division,Surulere,Jones,94102.0,Water heater pipe leakage soaking utility area,6.493951,3.373277,Closed,2026-02-13 04:03:00
608,PP20120810722,2012-08-10,Bola Owolabi,Female,2348077663142,bola.owolabi30@outlook.com,27251814536,Lagos Island Division,Lagos Island,Precita,94110.0,"bathtub swap r&r toilet, r&r sink.",6.447365,3.39749,Closed,2026-02-13 04:03:00
609,PP20110204823,2011-02-04,Kelechi Afolabi,Male,2348168502385,kelechi.afolabi15@hotmail.com,66699814981,Badagry Division,Ojo,Homestead,94114.0,Blocked drainage channel causing street-level flooding,6.452647,3.204451,Closed,2026-02-13 04:03:00
610,PP20141209381,2014-12-09,Uche Okoye,Male,2348060717575,uche.okoye58@hotmail.com,26829773578,Ikeja Division,Oshodi-Isolo,Winding,94112.0,Cracked underground pipe slowly flooding compound,6.541724,3.311198,Closed,2026-02-13 04:03:00
611,PP20080320055,2008-03-20,Olamide Okoye,Male,2349044997677,olamide.okoye35@hotmail.com,10492503517,Badagry Division,Badagry,03rd,94124.0,Septic tank backflow causing strong sewage odor indoors,6.421338,2.889138,Closed,2026-02-13 04:03:00
612,PP20120807600,2012-08-07,Obinna Ogunleye,Male,2349061865801,obinna.ogunleye81@gmail.com,31079066579,Badagry Division,Amuwo-Odofin,Westwood,94112.0,Major pipe burst near primary school disrupting access road,6.448147,3.248702,Closed,2026-02-13 04:03:00
613,PP20160317849,2016-03-17,Olamide Balogun,Male,2348150924037,olamide.balogun53@outlook.com,56989408,Ikeja Division,Agege,Great,94121.0,High-pressure pipe burst affecting multiple residential buildings,6.615938,3.33453,Closed,2026-02-13 04:03:00
614,PP20100602467,2010-06-02,Kelechi Adeyemi,Male,2348080029772,kelechi.adeyemi38@gmail.com,45812621678,Ikorodu Division,Ikorodu,Orizaba,94112.0,Open manhole with visible sewage leakage on street,6.629039,3.532605,Closed,2026-02-13 04:03:00
615,PP20170929152,2017-09-29,Aisha Balogun,Female,2348092383246,aisha.balogun27@hotmail.com,11634059701,Epe Division,Ibeju-Lekki,Bonview,94110.0,Blocked drainage channel causing street-level flooding,6.464425,3.571302,Closed,2026-02-13 04:03:00
616,PP20180314648,2018-03-14,Chioma Bamidele,Female,2348073731951,chioma.bamidele72@yahoo.com,61854697854,Ikeja Division,Oshodi-Isolo,Glenbrook,94114.0,final for all work completed under pp20160413623 and pp20161229810.,6.552717,3.333897,Closed,2026-02-13 04:03:00
617,PP20140311904,2014-03-11,Kelechi Abiola,Male,2349020481641,kelechi.abiola84@gmail.com,61730283992,Ikeja Division,Kosofe,Eddy,94109.0,Water heater pipe leakage soaking utility area,6.575263,3.433091,Closed,2026-02-13 04:03:00
618,PP20131202374,2013-12-02,Ifeanyi Mohammed,Male,2348105331262,ifeanyi.mohammed85@outlook.com,32215959375,Ikorodu Division,Ikorodu,37th,94116.0,Low water pressure affecting entire household supply,6.636177,3.504964,Closed,2026-02-13 04:03:00
619,PP20100805950,2010-08-05,Chukwudi Ogunleye,Male,2348154955352,chukwudi.ogunleye12@outlook.com,75822195664,Badagry Division,Ajeromi-Ifelodun,Persia,94112.0,Bathroom floor drain completely clogged with wastewater backup,6.47239,3.349584,Closed,2026-02-13 04:03:00
620,PP20170425818,2017-04-25,Olamide Umeh,Male,2349066316201,olamide.umeh47@outlook.com,56196057005,Ikeja Division,Agege,Market,94114.0,Severe shower pipe rupture flooding entire bathroom,6.611709,3.333964,Closed,2026-02-13 04:03:00
621,PP20191217052,2019-12-17,Temitope Afolabi,Female,2348128755013,temitope.afolabi82@outlook.com,42996665388,Ikeja Division,Ifako-Ijaiye,Bancroft,94124.0,Severe shower pipe rupture flooding entire bathroom,6.663983,3.318452,Closed,2026-02-13 04:03:00
622,PP20181011623,2018-10-11,Adaeze Akinyemi,Female,2349020763830,adaeze.akinyemi49@hotmail.com,66748566862,Lagos Island Division,Lagos Mainland,Chenery,94131.0,Severe shower pipe rupture flooding entire bathroom,6.517907,3.366961,Closed,2026-02-13 04:03:00
623,PP20151102254,2015-11-02,Temitope Afolabi,Female,2348120003013,temitope.afolabi63@hotmail.com,55653520047,Lagos Island Division,Lagos Mainland,Divisadero,94115.0,"remodel 3 bathrooms, install two shower pans.,",6.524741,3.3715,Closed,2026-02-13 04:03:00
624,PP20111004473,2011-10-04,Obinna Ajayi,Male,2349061768535,obinna.ajayi29@outlook.com,21788171670,Badagry Division,Amuwo-Odofin,Mission,94112.0,Water heater pipe leakage soaking utility area,6.452338,3.234441,Closed,2026-02-13 04:03:00
625,PP20100922018,2010-09-22,Emeka Balogun,Male,2348173682210,emeka.balogun14@outlook.com,72069278107,Lagos Island Division,Lagos Mainland,Monterey,94131.0,remove and replace roof drain.,6.527709,3.387535,Closed,2026-02-13 04:03:00
626,PP20130107215,2013-01-07,Chioma Ekanem,Female,2348160268160,chioma.ekanem49@outlook.com,95902885275,Lagos Island Division,Lagos Island,Bay,94133.0,Sudden burst water pipe inside bathroom wall causing flooding,6.434163,3.398441,Open,2026-02-13 04:03:00
627,PP20090422779,2009-04-22,Oluwaseun Danladi,Male,2349015471065,oluwaseun.danladi81@hotmail.com,5471650752,Badagry Division,Ajeromi-Ifelodun,Eddy,94109.0,"install new mop sink, waste line and new hot and cold water line",6.478977,3.321204,Closed,2026-02-13 04:03:00
628,PP20160205704,2016-02-05,Amaka Abiola,Female,2349077175861,amaka.abiola42@yahoo.com,46831267420,Ikeja Division,Kosofe,Ingerson,94124.0,Cracked underground pipe slowly flooding compound,6.600026,3.42089,Open,2026-02-13 04:03:00
629,PP20171127613,2017-11-27,Adaeze Ojo,Female,2349078638338,adaeze.ojo46@hotmail.com,90142611201,Ikeja Division,Kosofe,Sutter,94109.0,Sudden burst water pipe inside bathroom wall causing flooding,6.57625,3.416142,Closed,2026-02-13 04:03:00
630,PP20190128644,2019-01-28,Aisha Okafor,Female,2349073776957,aisha.okafor52@outlook.com,42951732478,Badagry Division,Ajeromi-Ifelodun,Market,94105.0,Water heater pipe leakage soaking utility area,6.472283,3.33406,Closed,2026-02-13 04:03:00
631,PP20160226266,2016-02-26,Temitope Akinyemi,Female,2349064317833,temitope.akinyemi45@yahoo.com,3558049058,Ikorodu Division,Ikorodu,21st,94110.0,Septic tank backflow causing strong sewage odor indoors,6.624788,3.501293,Closed,2026-02-13 04:03:00
632,PP20150323034,2015-03-23,Olamide Nwosu,Male,2349041645377,olamide.nwosu58@gmail.com,39982649067,Lagos Island Division,Lagos Mainland,05th,94118.0,Sewer overflow spreading wastewater near market area,6.526094,3.365063,Closed,2026-02-13 04:03:00
633,PP20141126119,2014-11-26,Adaeze Adeyemi,Female,2349045208823,adaeze.adeyemi75@gmail.com,50865323081,Lagos Island Division,Lagos Island,15th,94114.0,kitchen and bathroom reodel adding one powder room.,6.452988,3.385661,Closed,2026-02-13 04:03:00
634,PP20171108252,2017-11-08,Ijeoma Okafor,Female,2348091257030,ijeoma.okafor27@yahoo.com,12092384502,Ikeja Division,Ifako-Ijaiye,Steiner,94123.0,Water main leakage along roadside causing traffic obstruction,6.662445,3.340961,Closed,2026-02-13 04:03:00
635,PP20150309634,2015-03-09,Amaka Ojo,Female,2348037581288,amaka.ojo24@outlook.com,66908061888,Lagos Island Division,Eti-Osa,California,94111.0,"fire sprinkler t/i ""sales center"" 181 fremont: suite #4225.",6.444013,3.427991,Closed,2026-02-13 04:03:00
636,PP20160208722,2016-02-08,Bola Umeh,Female,2348155241697,bola.umeh22@yahoo.com,35125061746,Lagos Island Division,Surulere,45th,94121.0,Underground water pipe burst near hospital entrance,6.485977,3.357636,Closed,2026-02-13 04:03:00
637,PP20130923355,2013-09-23,Adaeze Danladi,Female,2348087126906,adaeze.danladi45@hotmail.com,72583960689,Ikeja Division,Ifako-Ijaiye,04th,94107.0,Water pipeline rupture near highway causing erosion,6.681931,3.330017,Closed,2026-02-13 04:03:00
638,PP20190724843,2019-07-24,Amaka Nnamdi,Female,2349057632238,amaka.nnamdi50@gmail.com,73260706597,Ikeja Division,Agege,Silver,94134.0,Major pipe burst near primary school disrupting access road,6.638693,3.339933,Closed,2026-02-13 04:03:00
639,PP20140724647,2014-07-24,Tunde Bamidele,Male,2348111403173,tunde.bamidele37@yahoo.com,54836595413,Lagos Island Division,Eti-Osa,North Point,94109.0,unit 601 - 6th floor: install mix valve in two bathrooms and raise shower head 60-10 inches fromoriginal position. replace existing sink(s) fixtures. replace (e) fixtures at kitchen,6.43502,3.418809,Closed,2026-02-13 04:03:00
640,PP20160128441,2016-01-28,Ifeanyi Nwosu,Male,2348184344426,ifeanyi.nwosu92@gmail.com,8873403341,Ikeja Division,Ifako-Ijaiye,Habitat,94112.0,to obtain final inspections for work approved for previous permit pp20150108932.,6.671135,3.327075,Closed,2026-02-13 04:03:00
641,PP20111102171,2011-11-02,Oluwaseun Adebisi,Male,2349021227329,oluwaseun.adebisi74@gmail.com,11715170145,Ikeja Division,Ikeja,35th,94116.0,install new shower base.,6.608881,3.361067,Closed,2026-02-13 04:03:00
642,PP20090608882,2009-06-08,Obinna Okafor,Male,2348184387674,obinna.okafor45@outlook.com,85760130736,Ikeja Division,Ikeja,15th,94116.0,Sudden burst water pipe inside bathroom wall causing flooding,6.59394,3.338188,Closed,2026-02-13 04:03:00
643,PP20190912358,2019-09-12,Ngozi Adebisi,Female,2349036057616,ngozi.adebisi67@yahoo.com,67886849325,Ikeja Division,Kosofe,Mason,94133.0,Water main leakage along roadside causing traffic obstruction,6.564938,3.42178,Closed,2026-02-13 04:03:00
644,PP20080613599,2008-06-13,Ijeoma Ogunleye,Female,2348084301692,ijeoma.ogunleye29@gmail.com,98312218329,Ikeja Division,Alimosho,California,94115.0,Toilet overflow due to heavily blocked drain system,6.597966,3.273471,Closed,2026-02-13 04:03:00
645,PP20111214102,2011-12-14,Ngozi Akinyemi,Female,2348077754180,ngozi.akinyemi61@yahoo.com,57795462917,Ikorodu Division,Ikorodu,Del Monte,94112.0,Sewer overflow spreading wastewater near market area,6.623286,3.53543,Closed,2026-02-13 04:03:00
646,PP20120409736,2012-04-09,Ijeoma Ajayi,Female,2349010334472,ijeoma.ajayi32@yahoo.com,85356725959,Lagos Island Division,Eti-Osa,Sutter,94102.0,third floor bathroom: two floor drains w/ trap primary.,6.433039,3.430285,Closed,2026-02-13 04:03:00
647,PP20091013596,2009-10-13,Ngozi Ojo,Female,2348082170869,ngozi.ojo33@hotmail.com,63517287591,Badagry Division,Badagry,Mission,94105.0,Public tap pipe severely damaged in residential community,6.415818,2.884011,Closed,2026-02-13 04:03:00
648,PP20101112134,2010-11-12,Emeka Akinyemi,Male,2348143258839,emeka.akinyemi14@hotmail.com,75054503645,Badagry Division,Ajeromi-Ifelodun,20th,94121.0,"replace 50'4"" building sewer line",6.475891,3.330397,Closed,2026-02-13 04:03:00
649,PP20150512546,2015-05-12,Zainab Abiola,Female,2348078114074,zainab.abiola55@gmail.com,17935287589,Lagos Island Division,Eti-Osa,Judah,94122.0,Minor kitchen sink pipe leakage under cabinet,6.435774,3.425117,Closed,2026-02-13 04:03:00
650,PP20180116915,2018-01-16,Temitope Okoye,Female,2348149181675,temitope.okoye84@outlook.com,81871848230,Ikeja Division,Ikeja,Mendosa,94116.0,Minor kitchen sink pipe leakage under cabinet,6.595119,3.36142,Closed,2026-02-13 04:03:00
651,PP20151214318,2015-12-14,Zainab Owolabi,Female,2348166036005,zainab.owolabi77@outlook.com,46655798337,Lagos Island Division,Lagos Island,Parnassus,94117.0,Water main leakage along roadside causing traffic obstruction,6.45235,3.387143,Closed,2026-02-13 04:03:00
652,PP20081030813,2008-10-30,Olamide Danladi,Male,2349032489992,olamide.danladi96@gmail.com,49858303865,Lagos Island Division,Lagos Mainland,Vienna,94112.0,replace 50 gal water heater,6.529765,3.370215,Closed,2026-02-13 04:03:00
653,PP20160519586,2016-05-19,Chioma Balogun,Female,2348079489309,chioma.balogun43@gmail.com,13021338626,Badagry Division,Amuwo-Odofin,Stillman,94107.0,Underground water pipe burst near hospital entrance,6.450282,3.249909,Closed,2026-02-13 04:03:00
654,PP20090730004,2009-07-30,Emeka Ekanem,Male,2349040599609,emeka.ekanem31@gmail.com,76780953019,Lagos Island Division,Surulere,Panorama,94131.0,Low water pressure affecting entire household supply,6.507759,3.365547,Closed,2026-02-13 04:03:00
655,PP20140718494,2014-07-18,Abdulrahman Umeh,Male,2349038087456,abdulrahman.umeh41@yahoo.com,30508920556,Ikeja Division,Kosofe,Vallejo,94123.0,Toilet overflow due to heavily blocked drain system,6.58305,3.424878,Closed,2026-02-13 04:03:00
656,PP20080826692,2008-08-26,Abdulrahman Nwosu,Male,2349035655142,abdulrahman.nwosu37@yahoo.com,69342568843,Ikeja Division,Kosofe,Polk,94109.0,"kitchen and bathroom sinks faucets, toilet",6.597202,3.422278,Closed,2026-02-13 04:03:00
657,PP20150810016,2015-08-10,Adaeze Akinyemi,Female,2349063055672,adaeze.akinyemi16@yahoo.com,62384961844,Lagos Island Division,Surulere,Revere,94124.0,Bathroom floor drain completely clogged with wastewater backup,6.497004,3.347682,Closed,2026-02-13 04:03:00
658,PP20170420716,2017-04-20,Adaeze Ajayi,Female,2348089181291,adaeze.ajayi79@yahoo.com,37314232651,Badagry Division,Amuwo-Odofin,Encanto,94115.0,remodel one bathroom on main floor,6.439349,3.246948,Closed,2026-02-13 04:03:00
659,PP20091204759,2009-12-04,Seyi Okoye,Male,2348110404777,seyi.okoye64@yahoo.com,74576212737,Lagos Island Division,Lagos Mainland,19th,94107.0,"plumbing: 7 bathrooms, 3 kitchens, 3 laundry, 4 floor drain. 4 shower pan. new install and catch basin",6.518305,3.37733,Closed,2026-02-13 04:03:00
660,PP20180209703,2018-02-09,Olamide Akinyemi,Male,2348037406540,olamide.akinyemi53@yahoo.com,36590751419,Lagos Island Division,Apapa,Greenwich,94123.0,Water heater pipe leakage soaking utility area,6.449366,3.364297,Closed,2026-02-13 04:03:00
661,PP20110308506,2011-03-08,Zainab Owolabi,Female,2348160596990,zainab.owolabi23@hotmail.com,69565902910,Epe Division,Epe,19th,94114.0,Public tap pipe severely damaged in residential community,6.583295,3.988465,Closed,2026-02-13 04:03:00
662,PP20160711996,2016-07-11,Ijeoma Adebisi,Female,2349083419712,ijeoma.adebisi50@gmail.com,3010537494,Badagry Division,Ojo,California,94108.0,Water main leakage along roadside causing traffic obstruction,6.461645,3.163245,Closed,2026-02-13 04:03:00
663,PP20181002384,2018-10-02,Opeyemi Ogunleye,Female,2348178153659,opeyemi.ogunleye11@yahoo.com,79552596125,Ikeja Division,Alimosho,35th,94121.0,"install 1/2 gas line for fire place from (e) 1"" gas line.",6.599607,3.293559,Closed,2026-02-13 04:03:00
664,PP20151117639,2015-11-17,Chinedu Ekanem,Male,2348118930179,chinedu.ekanem14@yahoo.com,98877889845,Ikeja Division,Mushin,Pine,94108.0,Open manhole with visible sewage leakage on street,6.515203,3.360599,Closed,2026-02-13 04:03:00
665,PP20170926022,2017-09-26,Chukwudi Umeh,Male,2348101306378,chukwudi.umeh96@hotmail.com,40300260699,Ikeja Division,Ikeja,Godeus,94110.0,Persistent dripping tap in kitchen wasting water daily,6.617108,3.363688,Closed,2026-02-13 04:03:00
666,PP20150922147,2015-09-22,Ijeoma Umeh,Female,2349082455975,ijeoma.umeh87@hotmail.com,8458224623,Ikeja Division,Agege,Sloat,94132.0,Major pipe burst near primary school disrupting access road,6.613366,3.350907,Closed,2026-02-13 04:03:00
667,PP20150930391,2015-09-30,Ayomide Okafor,Male,2348083672627,ayomide.okafor86@outlook.com,18981407599,Ikeja Division,Kosofe,Bocana,94110.0,Public tap pipe severely damaged in residential community,6.584787,3.413329,Closed,2026-02-13 04:03:00
668,PP20080806114,2008-08-06,Uche Oladipo,Male,2348020598354,uche.oladipo56@outlook.com,11946885150,Ikeja Division,Agege,Lake,94121.0,Major pipe burst near primary school disrupting access road,6.609366,3.332975,Closed,2026-02-13 04:03:00
669,PP20170117193,2017-01-17,Tunde Mohammed,Male,2348025822139,tunde.mohammed44@hotmail.com,12490944326,Ikeja Division,Agege,Capp,94110.0,Sewer overflow spreading wastewater near market area,6.611618,3.337704,Closed,2026-02-13 04:03:00
670,PP20160816130,2016-08-16,Ayomide Adeyemi,Male,2349021029584,ayomide.adeyemi28@outlook.com,60622553422,Ikeja Division,Agege,Mission,94110.0,Underground water pipe burst near hospital entrance,6.617106,3.33603,Closed,2026-02-13 04:03:00
671,PP20190911308,2019-09-11,Seyi Mohammed,Male,2348172444646,seyi.mohammed72@outlook.com,84089586996,Ikorodu Division,Ikorodu,Hoffman,94114.0,High-pressure pipe burst affecting multiple residential buildings,6.623769,3.522406,Closed,2026-02-13 04:03:00
672,PP20100208944,2010-02-08,Chioma Balogun,Female,2348114147319,chioma.balogun17@outlook.com,46935192191,Ikeja Division,Oshodi-Isolo,Shrader,94117.0,High-pressure pipe burst affecting multiple residential buildings,6.563096,3.293251,Closed,2026-02-13 04:03:00
673,PP20171110304,2017-11-10,Zainab Okafor,Female,2349028877777,zainab.okafor22@outlook.com,64529443937,Lagos Island Division,Lagos Mainland,20th,94121.0,Public tap pipe severely damaged in residential community,6.498861,3.388543,Closed,2026-02-13 04:03:00
674,PP20180809851,2018-08-09,Adaeze Nnamdi,Female,2348025872011,adaeze.nnamdi40@yahoo.com,51115020308,Lagos Island Division,Eti-Osa,03rd,94107.0,Flooding due to collapsed drainage system after rainfall,6.419431,3.419652,Closed,2026-02-13 04:03:00
675,PP20130911050,2013-09-11,Chioma Nnamdi,Female,2349065178630,chioma.nnamdi51@yahoo.com,57153675070,Epe Division,Epe,Hyde,94109.0,"rough & trim kitchen, 1/2 bathroom & master bathroom.",6.572299,3.96558,Closed,2026-02-13 04:03:00
676,PP20110124580,2011-01-24,Chukwudi Ojo,Male,2349033733196,chukwudi.ojo20@gmail.com,81957414077,Ikeja Division,Mushin,Fulton,94118.0,Major pipe burst near primary school disrupting access road,6.532715,3.362192,Closed,2026-02-13 04:03:00
677,PP20100811091,2010-08-11,Chioma Abiola,Female,2348173526523,chioma.abiola38@yahoo.com,15797623089,Lagos Island Division,Surulere,Oak,94117.0,Persistent dripping tap in kitchen wasting water daily,6.491135,3.33489,Closed,2026-02-13 04:03:00
678,PP20161027184,2016-10-27,Amaka Nwosu,Female,2348124853613,amaka.nwosu28@gmail.com,91967390499,Epe Division,Ibeju-Lekki,Cole,94117.0,Major pipe burst near primary school disrupting access road,6.464538,3.588918,Closed,2026-02-13 04:03:00
679,PP20150121345,2015-01-21,Adaeze Adebisi,Female,2348073381577,adaeze.adebisi50@yahoo.com,56034463967,Ikorodu Division,Ikorodu,Cesar Chavez,94131.0,Water main leakage along roadside causing traffic obstruction,6.604611,3.512334,Closed,2026-02-13 04:03:00
680,PP20140327413,2014-03-27,Seyi Oladipo,Male,2348099369551,seyi.oladipo38@yahoo.com,10990083866,Ikorodu Division,Ikorodu,Dolores,94110.0,High-pressure pipe burst affecting multiple residential buildings,6.619247,3.516293,Closed,2026-02-13 04:03:00
681,PP20170814816,2017-08-14,Amaka Ojo,Female,2349077687885,amaka.ojo31@hotmail.com,11490667672,Ikeja Division,Kosofe,Joost,94131.0,install new tankless water heater.,6.584496,3.406969,Closed,2026-02-13 04:03:00
682,PP20180206582,2018-02-06,Ifeanyi Okafor,Male,2349016268991,ifeanyi.okafor17@outlook.com,27893701999,Ikeja Division,Agege,Princeton,94134.0,Cracked underground pipe slowly flooding compound,6.627466,3.334415,Closed,2026-02-13 04:03:00
683,PP20081124775,2008-11-24,Chukwudi Bamidele,Male,2348165588448,chukwudi.bamidele15@outlook.com,81174457789,Badagry Division,Badagry,24th,94121.0,replace water heater and install per code.,6.414727,2.875667,Closed,2026-02-13 04:03:00
684,PP20170214953,2017-02-14,Adaeze Oladipo,Female,2348106752677,adaeze.oladipo93@gmail.com,28204628055,Epe Division,Epe,Haight,94117.0,"amend permit pp20160523685. total scope of work: remodel 5 residential units, 1 commercial unit, 5 kitches, 6 bathrooms, gutter, sinks, toilets, gas lines, tubs, etc.",6.579567,3.974752,Closed,2026-02-13 04:03:00
685,PP20090924224,2009-09-24,Opeyemi Ajayi,Female,2348026211782,opeyemi.ajayi45@hotmail.com,72494762697,Lagos Island Division,Apapa,22nd,94110.0,Sewer overflow spreading wastewater near market area,6.447071,3.376117,Closed,2026-02-13 04:03:00
686,PP20130115444,2013-01-15,Zainab Okoye,Female,2349025905238,zainab.okoye86@hotmail.com,44075544221,Lagos Island Division,Surulere,Evans,94124.0,Water heater pipe leakage soaking utility area,6.483181,3.344664,Closed,2026-02-13 04:03:00
687,PP20180823229,2018-08-23,Aisha Abiola,Female,2349020266407,aisha.abiola55@yahoo.com,87249475640,Ikeja Division,Ikeja,Banks,94110.0,Water pipeline rupture near highway causing erosion,6.616512,3.349407,Closed,2026-02-13 04:03:00
688,PP20141114784,2014-11-14,Adaeze Ogunleye,Female,2349097999192,adaeze.ogunleye73@outlook.com,73402110572,Badagry Division,Badagry,Eddy,94102.0,Minor kitchen sink pipe leakage under cabinet,6.408309,2.895399,Closed,2026-02-13 04:03:00
689,PP20171130753,2017-11-30,Chinedu Okafor,Male,2349030342915,chinedu.okafor32@gmail.com,9125280697,Ikeja Division,Kosofe,Buchanan,94115.0,Sewer overflow spreading wastewater near market area,6.577244,3.43496,Closed,2026-02-13 04:03:00
690,PP20121220949,2012-12-20,Ifeanyi Ibrahim,Male,2348106032588,ifeanyi.ibrahim90@yahoo.com,87400764928,Ikeja Division,Ikeja,Urbano,94127.0,Bathroom floor drain completely clogged with wastewater backup,6.608579,3.346621,Closed,2026-02-13 04:03:00
691,PP20120516673,2012-05-16,Aisha Owolabi,Female,2349068748647,aisha.owolabi55@hotmail.com,35383727240,Lagos Island Division,Surulere,Fremont,94105.0,Water heater pipe leakage soaking utility area,6.518473,3.354743,Closed,2026-02-13 04:03:00
692,PP20141002613,2014-10-02,Seyi Ekanem,Male,2349068908600,seyi.ekanem52@yahoo.com,51205491782,Lagos Island Division,Lagos Mainland,Ofarrell,94115.0,Septic tank backflow causing strong sewage odor indoors,6.531821,3.382193,Closed,2026-02-13 04:03:00
693,PP20100201815,2010-02-01,Oluwaseun Mohammed,Male,2348077859755,oluwaseun.mohammed29@hotmail.com,55957499726,Ikeja Division,Kosofe,Irving,94122.0,Public tap pipe severely damaged in residential community,6.596317,3.432315,Open,2026-02-13 04:03:00
694,PP20150723544,2015-07-23,Adaeze Abiola,Female,2348064122445,adaeze.abiola87@outlook.com,3465511197,Ikeja Division,Ikeja,Sacramento,94115.0,Water heater pipe leakage soaking utility area,6.60212,3.343966,Closed,2026-02-13 04:03:00
695,PP20131219843,2013-12-19,Zainab Eze,Female,2349045713540,zainab.eze39@yahoo.com,60878344879,Badagry Division,Ajeromi-Ifelodun,Union,94133.0,Sewer overflow spreading wastewater near market area,6.4713,3.326523,Closed,2026-02-13 04:03:00
696,PP20150805899,2015-08-05,Emeka Owolabi,Male,2348112186453,emeka.owolabi68@yahoo.com,59906833474,Ikeja Division,Alimosho,Van Ness,94102.0,Persistent dripping tap in kitchen wasting water daily,6.629134,3.296365,Closed,2026-02-13 04:03:00
697,PP20121109985,2012-11-09,Yetunde Mohammed,Female,2348193809246,yetunde.mohammed93@outlook.com,37470260450,Lagos Island Division,Lagos Island,Sutter,94108.0,Sewer overflow spreading wastewater near market area,6.450447,3.396547,Closed,2026-02-13 04:03:00
698,PP20150413661,2015-04-13,Tunde Umeh,Male,2348115263266,tunde.umeh28@yahoo.com,68823034647,Ikeja Division,Alimosho,Maddux,94124.0,remodel bathroom & kitchen.,6.595529,3.285284,Closed,2026-02-13 04:03:00
699,PP20090610919,2009-06-10,Yetunde Owolabi,Female,2348066101372,yetunde.owolabi44@hotmail.com,60162189772,Lagos Island Division,Surulere,Hoff,94110.0,remove and replace water heater,6.508904,3.354231,Closed,2026-02-13 04:03:00
700,PP20100524224,2010-05-24,Chioma Danladi,Female,2349095588385,chioma.danladi81@gmail.com,98716768660,Lagos Island Division,Lagos Mainland,Mission,94110.0,Water main leakage along roadside causing traffic obstruction,6.513931,3.384567,Closed,2026-02-13 04:03:00
701,PP20080609384,2008-06-09,Ayomide Mohammed,Male,2348181951734,ayomide.mohammed66@gmail.com,14096447890,Ikeja Division,Ikeja,Clementina,94103.0,Major pipe burst near primary school disrupting access road,6.613657,3.35869,Closed,2026-02-13 04:03:00
702,PP20130516782,2013-05-16,Kelechi Adebisi,Male,2349077530678,kelechi.adebisi58@yahoo.com,93188029711,Ikeja Division,Mushin,Baker,94117.0,"install (2) toilets, (2) lavatory, (3) hand sinks, (1) utility sink, (1) floor drain. (ref. pm20130516784)",6.53726,3.347032,Closed,2026-02-13 04:03:00
703,PP20110505991,2011-05-05,Emeka Danladi,Male,2348030349045,emeka.danladi94@gmail.com,14866114668,Ikeja Division,Mushin,Rae,94112.0,"two new bathroom on g/f. relocate water heater. new water sewer line, washer/dryer.",6.513082,3.369613,Closed,2026-02-13 04:03:00
704,PP20190215201,2019-02-15,Chisom Mohammed,Female,2348056532429,chisom.mohammed38@outlook.com,20807476818,Ikeja Division,Oshodi-Isolo,Mission,94103.0,Bathroom floor drain completely clogged with wastewater backup,6.550373,3.305592,Closed,2026-02-13 04:03:00
705,PP20081113413,2008-11-13,Ifeanyi Bamidele,Male,2349088553319,ifeanyi.bamidele80@yahoo.com,94405999929,Epe Division,Ibeju-Lekki,Bryant,94107.0,Sudden burst water pipe inside bathroom wall causing flooding,6.483282,3.590562,Closed,2026-02-13 04:03:00
706,PP20140123652,2014-01-23,Ijeoma Umeh,Female,2348067918011,ijeoma.umeh77@gmail.com,22387577080,Ikeja Division,Kosofe,Newhall,94124.0,Flooding due to collapsed drainage system after rainfall,6.587859,3.43835,Closed,2026-02-13 04:03:00
707,PP20160728543,2016-07-28,Ngozi Yakubu,Female,2348135628443,ngozi.yakubu98@yahoo.com,18690204378,Ikorodu Division,Ikorodu,Golden Gate,94115.0,Public tap pipe severely damaged in residential community,6.612965,3.519778,Closed,2026-02-13 04:03:00
708,PP20190604393,2019-06-04,Adebayo Oladipo,Male,2349087331823,adebayo.oladipo33@outlook.com,32325017230,Ikeja Division,Ifako-Ijaiye,Golden Gate,94115.0,Minor kitchen sink pipe leakage under cabinet,6.67037,3.331286,Closed,2026-02-13 04:03:00
709,PP20120109601,2012-01-09,Ifeanyi Owolabi,Male,2348166977369,ifeanyi.owolabi48@hotmail.com,20940867897,Badagry Division,Badagry,Wawona,94116.0,"rough / finish: dwv system, hot & cold water supply, and gas supply.",6.430285,2.890078,Closed,2026-02-13 04:03:00
710,PP20161108522,2016-11-08,Uche Okafor,Male,2348195551744,uche.okafor34@outlook.com,26667351684,Badagry Division,Amuwo-Odofin,Carroll,94124.0,Minor kitchen sink pipe leakage under cabinet,6.455383,3.260725,Closed,2026-02-13 04:03:00
711,PP20170613129,2017-06-13,Ifeanyi Abiola,Male,2348033885830,ifeanyi.abiola77@yahoo.com,31611819221,Lagos Island Division,Apapa,Dolores,94103.0,Major pipe burst near primary school disrupting access road,6.44515,3.350608,Closed,2026-02-13 04:03:00
712,PP20190520930,2019-05-20,Bola Nnamdi,Female,2349010789515,bola.nnamdi98@outlook.com,92824600910,Lagos Island Division,Lagos Island,Post,94109.0,Open manhole with visible sewage leakage on street,6.443652,3.375036,Closed,2026-02-13 04:03:00
713,PP20190208991,2019-02-08,Bola Okoye,Female,2348112814169,bola.okoye95@gmail.com,9392020237,Lagos Island Division,Eti-Osa,Gambier,94134.0,"kitchen remodel, re pp20170818024.",6.453662,3.410868,Closed,2026-02-13 04:03:00
714,PP20140505446,2014-05-05,Zainab Ekanem,Female,2348178643397,zainab.ekanem64@outlook.com,22885939480,Ikeja Division,Ikeja,Valdez,94112.0,Water pipeline rupture near highway causing erosion,6.599587,3.348732,Closed,2026-02-13 04:03:00
715,PP20110707383,2011-07-07,Oluwaseun Ogunleye,Male,2349099999041,oluwaseun.ogunleye62@yahoo.com,66900863842,Epe Division,Ibeju-Lekki,37th,94116.0,Toilet overflow due to heavily blocked drain system,6.473074,3.593157,Closed,2026-02-13 04:03:00
716,PP20181019899,2018-10-19,Amaka Adebisi,Female,2348188697585,amaka.adebisi16@outlook.com,18360889555,Ikorodu Division,Ikorodu,26th,94132.0,Flooding due to collapsed drainage system after rainfall,6.628005,3.504669,Closed,2026-02-13 04:03:00
717,PP20120801485,2012-08-01,Ijeoma Ajayi,Female,2349066870367,ijeoma.ajayi84@yahoo.com,40390437077,Epe Division,Epe,Seal Cove,94134.0,thorpe design to install new service underground.,6.582329,3.986426,Closed,2026-02-13 04:03:00
718,PP20120307986,2012-03-07,Amaka Nwosu,Female,2348092367658,amaka.nwosu20@outlook.com,8850668077,Ikeja Division,Ikeja,Vernon,94132.0,Minor kitchen sink pipe leakage under cabinet,6.599313,3.367573,Closed,2026-02-13 04:03:00
719,PP20190415892,2019-04-15,Tunde Okafor,Male,2348116750051,tunde.okafor18@outlook.com,65097434492,Badagry Division,Ojo,Molimo,94127.0,Underground water pipe burst near hospital entrance,6.46591,3.190349,Closed,2026-02-13 04:03:00
720,PP20170307543,2017-03-07,Emeka Chukwu,Male,2348100175911,emeka.chukwu96@gmail.com,33745918779,Epe Division,Ibeju-Lekki,Folsom,94110.0,Blocked drainage channel causing street-level flooding,6.476629,3.596735,Closed,2026-02-13 04:03:00
721,PP20080828812,2008-08-28,Yetunde Bamidele,Female,2348166447683,yetunde.bamidele74@hotmail.com,44218573494,Ikeja Division,Ikeja,Buchanan,94102.0,High-pressure pipe burst affecting multiple residential buildings,6.60361,3.338532,Closed,2026-02-13 04:03:00
722,PP20190206928,2019-02-06,Kelechi Yakubu,Male,2349093120064,kelechi.yakubu14@gmail.com,93153392758,Ikeja Division,Oshodi-Isolo,Masonic,94117.0,High-pressure pipe burst affecting multiple residential buildings,6.557597,3.301586,Closed,2026-02-13 04:03:00
723,PP20160506237,2016-05-06,Uche Ekanem,Male,2349026120716,uche.ekanem35@outlook.com,45839699555,Badagry Division,Badagry,California,94115.0,Underground water pipe burst near hospital entrance,6.409714,2.890864,Open,2026-02-13 04:03:00
724,PP20190409760,2019-04-09,Femi Afolabi,Male,2348115118978,femi.afolabi47@outlook.com,39561862996,Lagos Island Division,Eti-Osa,Scott,94123.0,Low water pressure affecting entire household supply,6.445483,3.422113,Closed,2026-02-13 04:03:00
725,PP20200109552,2020-01-09,Opeyemi Adebisi,Female,2348063190939,opeyemi.adebisi94@outlook.com,99485631382,Ikorodu Division,Ikorodu,Lawton,94122.0,Major pipe burst near primary school disrupting access road,6.622488,3.527522,Closed,2026-02-13 04:03:00
726,PP20190730019,2019-07-30,Chisom Oladipo,Female,2348127170036,chisom.oladipo22@outlook.com,63241936195,Ikeja Division,Alimosho,Steuart,94105.0,Sudden burst water pipe inside bathroom wall causing flooding,6.611408,3.321017,Closed,2026-02-13 04:03:00
727,PP20081205226,2008-12-05,Ayomide Yakubu,Male,2348114161882,ayomide.yakubu90@outlook.com,42496276349,Badagry Division,Badagry,Sacramento,94118.0,Sudden burst water pipe inside bathroom wall causing flooding,6.420655,2.867392,Closed,2026-02-13 04:03:00
728,PP20140303639,2014-03-03,Ayomide Ibrahim,Male,2348157320430,ayomide.ibrahim96@outlook.com,31807382629,Ikeja Division,Ifako-Ijaiye,Curtis,94112.0,remodel one kitchen and one bathroom. replace a wall furance and a water heater.,6.677333,3.332412,Closed,2026-02-13 04:03:00
729,PP20160303417,2016-03-03,Ijeoma Oladipo,Female,2348127772568,ijeoma.oladipo62@outlook.com,61276278116,Ikeja Division,Ifako-Ijaiye,Sutter,94115.0,Flooding due to collapsed drainage system after rainfall,6.682698,3.335332,Closed,2026-02-13 04:03:00
730,PP20110606631,2011-06-06,Zainab Okoye,Female,2349048599930,zainab.okoye54@yahoo.com,74194281810,Ikeja Division,Kosofe,Stanyan,94122.0,Low water pressure affecting entire household supply,6.581915,3.404457,Closed,2026-02-13 04:03:00
731,PP20120420037,2012-04-20,Kelechi Ogunleye,Male,2348199424407,kelechi.ogunleye76@hotmail.com,95531925348,Ikorodu Division,Ikorodu,Broadway,94115.0,Sewer overflow spreading wastewater near market area,6.61731,3.501995,Closed,2026-02-13 04:03:00
732,PP20130909957,2013-09-09,Ayomide Okafor,Male,2349044870260,ayomide.okafor53@gmail.com,49715545414,Badagry Division,Badagry,03rd,94118.0,remodel 2 bathrooms,6.409195,2.890886,Closed,2026-02-13 04:03:00
733,PP20171017634,2017-10-17,Ngozi Ekanem,Female,2348024859185,ngozi.ekanem82@hotmail.com,2637261725,Lagos Island Division,Eti-Osa,Edinburgh,94112.0,Open manhole with visible sewage leakage on street,6.449799,3.425847,Closed,2026-02-13 04:03:00
734,PP20120521773,2012-05-21,Aisha Abiola,Female,2348074253912,aisha.abiola77@yahoo.com,16351223055,Lagos Island Division,Surulere,Pacific,94133.0,Major pipe burst near primary school disrupting access road,6.484941,3.365246,Closed,2026-02-13 04:03:00
735,PP20150813138,2015-08-13,Adebayo Adebisi,Male,2348118599834,adebayo.adebisi34@hotmail.com,37493699710,Ikorodu Division,Ikorodu,Sansome,94111.0,Severe shower pipe rupture flooding entire bathroom,6.631366,3.504402,Closed,2026-02-13 04:03:00
736,PP20130520879,2013-05-20,Adebayo Ogunleye,Male,2348125847049,adebayo.ogunleye59@yahoo.com,51741415715,Lagos Island Division,Lagos Island,Broadway,94109.0,Septic tank backflow causing strong sewage odor indoors,6.45276,3.394847,Closed,2026-02-13 04:03:00
737,PP20100222196,2010-02-22,Temitope Akinyemi,Female,2348029564059,temitope.akinyemi10@outlook.com,50873637911,Ikorodu Division,Ikorodu,Manor,94127.0,High-pressure pipe burst affecting multiple residential buildings,6.611551,3.516983,Closed,2026-02-13 04:03:00
738,PP20121116140,2012-11-16,Ifeanyi Ibrahim,Male,2349045966125,ifeanyi.ibrahim61@hotmail.com,23549965398,Lagos Island Division,Surulere,Fulton,94102.0,Water main leakage along roadside causing traffic obstruction,6.495691,3.364995,Closed,2026-02-13 04:03:00
739,PP20100422502,2010-04-22,Zainab Yakubu,Female,2348051349822,zainab.yakubu49@hotmail.com,60736120141,Lagos Island Division,Surulere,28th,94116.0,Major pipe burst near primary school disrupting access road,6.488025,3.356425,Open,2026-02-13 04:03:00
740,PP20140804949,2014-08-04,Chinedu Chukwu,Male,2349054562473,chinedu.chukwu69@hotmail.com,55522963572,Lagos Island Division,Eti-Osa,Henry,94114.0,relocate gas house line for pge.,6.440324,3.418172,Closed,2026-02-13 04:03:00
741,PP20091005446,2009-10-05,Chukwudi Nnamdi,Male,2348121312339,chukwudi.nnamdi82@yahoo.com,88254379884,Ikeja Division,Agege,Turk,94118.0,Septic tank backflow causing strong sewage odor indoors,6.63277,3.332004,Closed,2026-02-13 04:03:00
742,PP20171227499,2017-12-27,Amaka Danladi,Female,2348119583885,amaka.danladi93@gmail.com,42802664537,Badagry Division,Amuwo-Odofin,Cortland,94110.0,Minor kitchen sink pipe leakage under cabinet,6.452247,3.259326,Closed,2026-02-13 04:03:00
743,PP20081119639,2008-11-19,Aisha Umeh,Female,2349042424418,aisha.umeh29@gmail.com,39549522960,Lagos Island Division,Apapa,19th,94116.0,Sudden burst water pipe inside bathroom wall causing flooding,6.434616,3.341392,Closed,2026-02-13 04:03:00
744,PP20080801993,2008-08-01,Bola Yakubu,Female,2348176543717,bola.yakubu11@gmail.com,535033107,Ikeja Division,Kosofe,02nd,94118.0,Water heater pipe leakage soaking utility area,6.568043,3.429326,Closed,2026-02-13 04:03:00
745,PP20111014728,2011-10-14,Femi Oladipo,Male,2348029024536,femi.oladipo97@gmail.com,53148634745,Ikorodu Division,Ikorodu,14th,94118.0,Sewer overflow spreading wastewater near market area,6.613881,3.536082,Closed,2026-02-13 04:03:00
746,PP20170822080,2017-08-22,Emeka Umeh,Male,2348091111847,emeka.umeh48@outlook.com,95740321667,Lagos Island Division,Eti-Osa,Grattan,94117.0,Toilet overflow due to heavily blocked drain system,6.427458,3.423746,Closed,2026-02-13 04:03:00
747,PP20190104939,2019-01-04,Chisom Adebisi,Female,2348074053251,chisom.adebisi39@yahoo.com,94055791850,Lagos Island Division,Surulere,Moss,94103.0,renew permit # pp201781107207,6.512321,3.380861,Closed,2026-02-13 04:03:00
748,PP20130508558,2013-05-08,Chinedu Yakubu,Male,2349070870981,chinedu.yakubu91@yahoo.com,87907645388,Epe Division,Epe,15th,94116.0,Persistent dripping tap in kitchen wasting water daily,6.604615,3.995684,Closed,2026-02-13 04:03:00
749,PP20090629324,2009-06-29,Opeyemi Ekanem,Female,2349021719106,opeyemi.ekanem53@outlook.com,90821338345,Badagry Division,Ajeromi-Ifelodun,Faxon,94112.0,Cracked underground pipe slowly flooding compound,6.476941,3.339225,Closed,2026-02-13 04:03:00
750,PP20160217986,2016-02-17,Oluwaseun Ibrahim,Male,2348141944222,oluwaseun.ibrahim19@gmail.com,30123499207,Ikeja Division,Alimosho,Larkin,94109.0,"unit #402, 5th floor: remodel extg bathroom. add bath and relocate extg kitchen. add washer and dryer.",6.616784,3.289488,Closed,2026-02-13 04:03:00
751,PP20090727910,2009-07-27,Temitope Chukwu,Female,2348083212353,temitope.chukwu57@yahoo.com,73632650812,Epe Division,Epe,04th,94118.0,Bathroom floor drain completely clogged with wastewater backup,6.575818,3.983566,Closed,2026-02-13 04:03:00
752,PP20110722760,2011-07-22,Oluwaseun Danladi,Male,2349072227301,oluwaseun.danladi94@yahoo.com,42273914197,Badagry Division,Ajeromi-Ifelodun,Stockton,94108.0,Public tap pipe severely damaged in residential community,6.464998,3.328768,Closed,2026-02-13 04:03:00
753,PP20160617385,2016-06-17,Temitope Okafor,Female,2348159125708,temitope.okafor26@hotmail.com,21220223780,Ikeja Division,Kosofe,Dorchester,94127.0,(1) shower pan,6.590264,3.426253,Closed,2026-02-13 04:03:00
754,PP20141024256,2014-10-24,Ngozi Mohammed,Female,2348199126827,ngozi.mohammed14@yahoo.com,5040745378,Ikeja Division,Mushin,California,94104.0,Bathroom floor drain completely clogged with wastewater backup,6.528184,3.369375,Closed,2026-02-13 04:03:00
755,PP20100211039,2010-02-11,Ayomide Ojo,Male,2348178963335,ayomide.ojo83@hotmail.com,80639760001,Badagry Division,Ajeromi-Ifelodun,Clay,94115.0,Major pipe burst near primary school disrupting access road,6.455283,3.331363,Closed,2026-02-13 04:03:00
756,PP20150625800,2015-06-25,Adebayo Oladipo,Male,2348064867446,adebayo.oladipo75@outlook.com,91840691232,Badagry Division,Badagry,Green,94123.0,Septic tank backflow causing strong sewage odor indoors,6.407832,2.866335,Closed,2026-02-13 04:03:00
757,PP20190730003,2019-07-30,Zainab Ojo,Female,2348137812196,zainab.ojo13@gmail.com,28370504608,Lagos Island Division,Apapa,Folsom,94103.0,Toilet overflow due to heavily blocked drain system,6.447973,3.357783,Closed,2026-02-13 04:03:00
758,PP20180411467,2018-04-11,Yetunde Ajayi,Female,2349011130126,yetunde.ajayi92@gmail.com,85118359131,Ikorodu Division,Ikorodu,Spear,94105.0,Water heater pipe leakage soaking utility area,6.634534,3.516808,Closed,2026-02-13 04:03:00
759,PP20170915731,2017-09-15,Ijeoma Adeyemi,Female,2348120522336,ijeoma.adeyemi37@hotmail.com,21744776460,Badagry Division,Badagry,Webster,94115.0,Sudden burst water pipe inside bathroom wall causing flooding,6.404758,2.903541,Closed,2026-02-13 04:03:00
760,PP20131024359,2013-10-24,Aisha Ojo,Female,2348057761459,aisha.ojo47@yahoo.com,22152326346,Ikeja Division,Agege,Admiral,94112.0,Underground water pipe burst near hospital entrance,6.62771,3.341821,Closed,2026-02-13 04:03:00
761,PP20110223237,2011-02-23,Yetunde Mohammed,Female,2348069486101,yetunde.mohammed76@hotmail.com,35854074429,Ikeja Division,Agege,Buchanan,94102.0,Water heater pipe leakage soaking utility area,6.613235,3.326406,Closed,2026-02-13 04:03:00
762,PP20090429998,2009-04-29,Kunle Ogunleye,Male,2348051298382,kunle.ogunleye56@yahoo.com,10849363187,Ikeja Division,Mushin,Parker,94118.0,Water main leakage along roadside causing traffic obstruction,6.523578,3.365487,Closed,2026-02-13 04:03:00
763,PP20081208346,2008-12-08,Chisom Umeh,Female,2348024991311,chisom.umeh34@yahoo.com,37813564996,Badagry Division,Ojo,Steiner,94115.0,unit #3: replace kitchen sink and stove,6.479846,3.198432,Closed,2026-02-13 04:03:00
764,PP20190111135,2019-01-11,Ifeanyi Ajayi,Male,2348152431915,ifeanyi.ajayi88@outlook.com,37224529149,Ikeja Division,Mushin,Mission,94112.0,Bathroom floor drain completely clogged with wastewater backup,6.522412,3.343404,Closed,2026-02-13 04:03:00
765,PP20101022691,2010-10-22,Ifeanyi Umeh,Male,2349069560520,ifeanyi.umeh78@yahoo.com,52621932672,Lagos Island Division,Lagos Mainland,Edinburgh,94112.0,Septic tank backflow causing strong sewage odor indoors,6.525809,3.361516,Closed,2026-02-13 04:03:00
766,PP20140815295,2014-08-15,Kunle Bamidele,Male,2349073979339,kunle.bamidele49@hotmail.com,50410693417,Badagry Division,Badagry,15th,94114.0,relocate houseline to new gas meter location.,6.418232,2.883524,Closed,2026-02-13 04:03:00
767,PP20121115121,2012-11-15,Seyi Mohammed,Male,2348065849773,seyi.mohammed59@outlook.com,92609060887,Ikorodu Division,Ikorodu,26th,94116.0,Low water pressure affecting entire household supply,6.61474,3.494553,Closed,2026-02-13 04:03:00
768,PP20120117722,2012-01-17,Femi Akinyemi,Male,2349098845427,femi.akinyemi49@outlook.com,73348239464,Ikeja Division,Alimosho,19th,94114.0,Sewer overflow spreading wastewater near market area,6.614136,3.289673,Closed,2026-02-13 04:03:00
769,PP20080814339,2008-08-14,Abdulrahman Okafor,Male,2348113886724,abdulrahman.okafor46@outlook.com,85255906200,Ikorodu Division,Ikorodu,Hill,94110.0,remodel 1 full bathroom.,6.607701,3.481777,Closed,2026-02-13 04:03:00
770,PP20080912647,2008-09-12,Ngozi Ajayi,Female,2349026528092,ngozi.ajayi78@gmail.com,49911396796,Ikeja Division,Mushin,Broadway,94133.0,Toilet overflow due to heavily blocked drain system,6.527025,3.372323,Closed,2026-02-13 04:03:00
771,PP20140205950,2014-02-05,Adebayo Ojo,Male,2348139622183,adebayo.ojo71@yahoo.com,86388297017,Ikorodu Division,Ikorodu,Douglass,94114.0,Cracked underground pipe slowly flooding compound,6.636013,3.505929,Closed,2026-02-13 04:03:00
772,PP20110318822,2011-03-18,Seyi Umeh,Male,2349095186946,seyi.umeh50@hotmail.com,75771262151,Ikeja Division,Kosofe,Paris,94112.0,Low water pressure affecting entire household supply,6.577278,3.421388,Closed,2026-02-13 04:03:00
773,PP20170816910,2017-08-16,Kelechi Okafor,Male,2349039616330,kelechi.okafor85@yahoo.com,11365431717,Lagos Island Division,Eti-Osa,Tehama,94105.0,amend description to add: storm water harvesting and treatment.,6.423116,3.424918,Closed,2026-02-13 04:03:00
774,PP20150819267,2015-08-19,Chioma Adeyemi,Female,2348054413080,chioma.adeyemi40@gmail.com,93401702194,Badagry Division,Amuwo-Odofin,Mississippi,94107.0,Open manhole with visible sewage leakage on street,6.457661,3.262269,Closed,2026-02-13 04:03:00
775,PP20111227338,2011-12-27,Amaka Adebisi,Female,2348086206295,amaka.adebisi52@gmail.com,33333513660,Ikeja Division,Agege,Bush,94115.0,kitchen and laundry remodel,6.614498,3.333963,Closed,2026-02-13 04:03:00
776,PP20120924776,2012-09-24,Temitope Okafor,Female,2348155359378,temitope.okafor76@yahoo.com,98651548042,Ikeja Division,Mushin,Grove,94102.0,Sewer overflow spreading wastewater near market area,6.51852,3.346331,Closed,2026-02-13 04:03:00
777,PP20110415513,2011-04-15,Oluwaseun Nnamdi,Male,2348036884057,oluwaseun.nnamdi50@yahoo.com,80520219726,Badagry Division,Ajeromi-Ifelodun,21st,94116.0,Septic tank backflow causing strong sewage odor indoors,6.464435,3.336974,Closed,2026-02-13 04:03:00
778,PP20160802688,2016-08-02,Ngozi Ekanem,Female,2348021041993,ngozi.ekanem72@hotmail.com,95669033494,Badagry Division,Badagry,Vallejo,94109.0,Persistent dripping tap in kitchen wasting water daily,6.424136,2.876968,Closed,2026-02-13 04:03:00
779,PP20140619651,2014-06-19,Ayomide Ogunleye,Male,2348026741706,ayomide.ogunleye39@outlook.com,73040279460,Badagry Division,Ojo,20th,94114.0,"install radiant heat system. install 3"" flue to roof",6.475927,3.180289,Closed,2026-02-13 04:03:00
780,PP20090317938,2009-03-17,Ayomide Bamidele,Male,2348195541184,ayomide.bamidele31@yahoo.com,57537757535,Badagry Division,Ojo,St Marys,94112.0,Persistent dripping tap in kitchen wasting water daily,6.460786,3.175528,Closed,2026-02-13 04:03:00
781,PP20100405085,2010-04-05,Kelechi Okoye,Male,2349046510432,kelechi.okoye64@outlook.com,87646074667,Lagos Island Division,Surulere,Topaz,94131.0,Minor kitchen sink pipe leakage under cabinet,6.472658,3.36964,Closed,2026-02-13 04:03:00
782,PP20140404690,2014-04-04,Chisom Adebisi,Female,2348039131328,chisom.adebisi70@yahoo.com,65544362427,Ikeja Division,Ikeja,19th,94114.0,High-pressure pipe burst affecting multiple residential buildings,6.609168,3.348687,Closed,2026-02-13 04:03:00
783,PP20140710254,2014-07-10,Tunde Okoye,Male,2348092786534,tunde.okoye41@outlook.com,49503840356,Ikeja Division,Kosofe,Illinois,94158.0,Underground water pipe burst near hospital entrance,6.58397,3.421859,Closed,2026-02-13 04:03:00
784,PP20170710818,2017-07-10,Amaka Ogunleye,Female,2348102126706,amaka.ogunleye13@gmail.com,67451912355,Ikeja Division,Oshodi-Isolo,Masonic,94117.0,amend permit pp20170602888 to include the remodel of master bathroom.,6.537975,3.302809,Closed,2026-02-13 04:03:00
785,PP20180214847,2018-02-14,Kelechi Okoye,Male,2348112273742,kelechi.okoye54@hotmail.com,20238973681,Epe Division,Epe,Minna,94105.0,Public tap pipe severely damaged in residential community,6.591943,3.971057,Closed,2026-02-13 04:03:00
786,PP20170223222,2017-02-23,Chisom Ekanem,Female,2348063756852,chisom.ekanem29@outlook.com,20716621278,Lagos Island Division,Apapa,De Haro,94107.0,Cracked underground pipe slowly flooding compound,6.451736,3.345434,Closed,2026-02-13 04:03:00
787,PP20190919552,2019-09-19,Chinedu Okoye,Male,2348172291090,chinedu.okoye80@gmail.com,71851845010,Lagos Island Division,Lagos Mainland,Broadway,94123.0,Blocked drainage channel causing street-level flooding,6.529064,3.378844,Closed,2026-02-13 04:03:00
788,PP20180831494,2018-08-31,Kunle Okoye,Male,2348062487847,kunle.okoye69@gmail.com,31023321791,Lagos Island Division,Lagos Island,Turk,94102.0,Open manhole with visible sewage leakage on street,6.437949,3.406347,Closed,2026-02-13 04:03:00
789,PP20100729810,2010-07-29,Adaeze Balogun,Female,2348064242445,adaeze.balogun35@gmail.com,46820807162,Epe Division,Ibeju-Lekki,Van Ness,94109.0,Flooding due to collapsed drainage system after rainfall,6.462654,3.576897,Closed,2026-02-13 04:03:00
790,PP20150320017,2015-03-20,Bola Mohammed,Female,2348110950517,bola.mohammed32@hotmail.com,55374643525,Ikeja Division,Alimosho,Mission,94103.0,Persistent dripping tap in kitchen wasting water daily,6.611006,3.306486,Closed,2026-02-13 04:03:00
791,PP20080918915,2008-09-18,Zainab Nnamdi,Female,2348132955341,zainab.nnamdi11@yahoo.com,55273167357,Lagos Island Division,Lagos Mainland,Kansas,94107.0,replace gas line from meter to house.,6.514242,3.379817,Closed,2026-02-13 04:03:00
792,PP20200106434,2020-01-06,Aisha Danladi,Female,2349099796956,aisha.danladi87@yahoo.com,48551684440,Lagos Island Division,Lagos Mainland,10th,94103.0,Flooding due to collapsed drainage system after rainfall,6.528688,3.386131,Closed,2026-02-13 04:03:00
793,PP20141104508,2014-11-04,Yetunde Akinyemi,Female,2348194601825,yetunde.akinyemi53@outlook.com,49728853309,Badagry Division,Badagry,Hampshire,94110.0,Septic tank backflow causing strong sewage odor indoors,6.416764,2.88133,Closed,2026-02-13 04:03:00
794,PP20110113350,2011-01-13,Opeyemi Bamidele,Female,2348098431241,opeyemi.bamidele35@outlook.com,44400910735,Ikeja Division,Kosofe,Geary,94118.0,Underground water pipe burst near hospital entrance,6.575024,3.417561,Closed,2026-02-13 04:03:00
795,PP20161024081,2016-10-24,Chinedu Danladi,Male,2348153036297,chinedu.danladi92@yahoo.com,74535523576,Ikorodu Division,Ikorodu,Sacramento,94109.0,move water and drain lines to new kitchen location per plans,6.608679,3.481286,Closed,2026-02-13 04:03:00
796,PP20160115075,2016-01-15,Ayomide Akinyemi,Male,2348085042907,ayomide.akinyemi14@gmail.com,32757889890,Epe Division,Epe,Paris,94112.0,Underground water pipe burst near hospital entrance,6.588366,3.992639,Closed,2026-02-13 04:03:00
797,PP20190201780,2019-02-01,Adebayo Chukwu,Male,2349066999358,adebayo.chukwu79@outlook.com,28391043447,Lagos Island Division,Eti-Osa,16th,94118.0,plumbing for remodel of (4) bathrooms and kitchen. shower pan test required,6.409471,3.411803,Closed,2026-02-13 04:03:00
798,PP20130610453,2013-06-10,Amaka Danladi,Female,2348172834659,amaka.danladi25@outlook.com,52878372460,Badagry Division,Ajeromi-Ifelodun,Broderick,94117.0,Water heater pipe leakage soaking utility area,6.472892,3.353875,Closed,2026-02-13 04:03:00
799,PP20131121181,2013-11-21,Aisha Ogunleye,Female,2348107729568,aisha.ogunleye91@yahoo.com,2307145550,Epe Division,Ibeju-Lekki,26th,94121.0,Low water pressure affecting entire household supply,6.470208,3.57772,Closed,2026-02-13 04:03:00
800,PP20161215449,2016-12-15,Amaka Ajayi,Female,2349099347053,amaka.ajayi34@outlook.com,22751030479,Badagry Division,Badagry,43rd,94122.0,Minor kitchen sink pipe leakage under cabinet,6.413171,2.898749,Closed,2026-02-13 04:03:00
801,PP20181023954,2018-10-23,Chioma Akinyemi,Female,2349044171340,chioma.akinyemi84@gmail.com,17757167385,Ikeja Division,Ikeja,Mission,94103.0,Blocked drainage channel causing street-level flooding,6.59534,3.343508,Closed,2026-02-13 04:03:00
802,PP20121126270,2012-11-26,Amaka Mohammed,Female,2349051457854,amaka.mohammed80@yahoo.com,23309003051,Lagos Island Division,Surulere,Ellis,94115.0,Septic tank backflow causing strong sewage odor indoors,6.492073,3.351267,Closed,2026-02-13 04:03:00
803,PP20130918273,2013-09-18,Tunde Oladipo,Male,2348143116460,tunde.oladipo59@hotmail.com,6509851626,Badagry Division,Badagry,Noriega,94122.0,High-pressure pipe burst affecting multiple residential buildings,6.416227,2.901247,Closed,2026-02-13 04:03:00
804,PP20081010928,2008-10-10,Kunle Eze,Male,2348194172019,kunle.eze65@yahoo.com,84047723776,Lagos Island Division,Lagos Island,Townsend,94103.0,"fire sprinkler tenant improvement @ 03rd floor, spec. suite. ar&b #4211",6.457331,3.392176,Closed,2026-02-13 04:03:00
805,PP20130517838,2013-05-17,Chioma Ajayi,Female,2349096576972,chioma.ajayi35@outlook.com,53981102232,Badagry Division,Badagry,Sydney,94127.0,Low water pressure affecting entire household supply,6.412082,2.869368,Closed,2026-02-13 04:03:00
806,PP20131204460,2013-12-04,Ayomide Nnamdi,Male,2348086900622,ayomide.nnamdi41@gmail.com,95875779514,Epe Division,Ibeju-Lekki,26th,94116.0,Severe shower pipe rupture flooding entire bathroom,6.478831,3.584222,Closed,2026-02-13 04:03:00
807,PP20191204718,2019-12-04,Chioma Eze,Female,2348174512524,chioma.eze22@gmail.com,35137023115,Epe Division,Ibeju-Lekki,Mission,94110.0,Water main leakage along roadside causing traffic obstruction,6.468195,3.616931,Closed,2026-02-13 04:03:00
808,PP20151112492,2015-11-12,Temitope Abiola,Female,2348112544550,temitope.abiola98@yahoo.com,52721460117,Lagos Island Division,Surulere,Valencia,94110.0,Major pipe burst near primary school disrupting access road,6.499888,3.353282,Closed,2026-02-13 04:03:00
809,PP20090710617,2009-07-10,Obinna Umeh,Male,2348138407664,obinna.umeh95@outlook.com,95334233660,Ikeja Division,Mushin,Bay,94123.0,Water pipeline rupture near highway causing erosion,6.523036,3.366084,Closed,2026-02-13 04:03:00
810,PP20150203752,2015-02-03,Aisha Eze,Female,2348028874270,aisha.eze26@yahoo.com,28553982751,Epe Division,Epe,39th,94116.0,Water pipeline rupture near highway causing erosion,6.585133,3.969217,Closed,2026-02-13 04:03:00
811,PP20130424231,2013-04-24,Emeka Umeh,Male,2349026364569,emeka.umeh47@yahoo.com,20235962630,Ikorodu Division,Ikorodu,Lexington,94110.0,Low water pressure affecting entire household supply,6.628592,3.503819,Closed,2026-02-13 04:03:00
812,PP20190228553,2019-02-28,Yetunde Afolabi,Female,2348186666226,yetunde.afolabi23@hotmail.com,7963059655,Ikeja Division,Kosofe,Robinhood,94127.0,High-pressure pipe burst affecting multiple residential buildings,6.602033,3.4275,Closed,2026-02-13 04:03:00
813,PP20100712331,2010-07-12,Aisha Okoye,Female,2349011235799,aisha.okoye78@gmail.com,75169327943,Epe Division,Ibeju-Lekki,Ocean,94112.0,Severe shower pipe rupture flooding entire bathroom,6.465527,3.59781,Closed,2026-02-13 04:03:00
814,PP20080506456,2008-05-06,Femi Owolabi,Male,2348093113525,femi.owolabi77@outlook.com,34323941648,Ikorodu Division,Ikorodu,Myra,94127.0,Cracked underground pipe slowly flooding compound,6.620079,3.519028,Closed,2026-02-13 04:03:00
815,PP20160128457,2016-01-28,Chioma Adebisi,Female,2349044174168,chioma.adebisi72@gmail.com,50848012454,Lagos Island Division,Eti-Osa,Corona,94127.0,"remodeling existing bathroom, 1 toilet, shower pan.",6.437947,3.413436,Closed,2026-02-13 04:03:00
816,PP20171122587,2017-11-22,Femi Danladi,Male,2348110685013,femi.danladi98@gmail.com,3533474675,Lagos Island Division,Lagos Mainland,Larkin,94109.0,Severe shower pipe rupture flooding entire bathroom,6.517965,3.3895,Closed,2026-02-13 04:03:00
817,PP20140418058,2014-04-18,Ijeoma Ojo,Female,2348163171238,ijeoma.ojo13@yahoo.com,51940861598,Lagos Island Division,Lagos Mainland,Folsom,94110.0,Low water pressure affecting entire household supply,6.521052,3.375164,Closed,2026-02-13 04:03:00
818,PP20150430177,2015-04-30,Femi Balogun,Male,2348120746747,femi.balogun25@yahoo.com,42932096717,Ikeja Division,Alimosho,Lake,94121.0,Flooding due to collapsed drainage system after rainfall,6.599449,3.299236,Closed,2026-02-13 04:03:00
819,PP20180926222,2018-09-26,Adebayo Balogun,Male,2348127812034,adebayo.balogun75@outlook.com,86036575959,Ikeja Division,Mushin,Geary,94121.0,Blocked drainage channel causing street-level flooding,6.547925,3.343925,Closed,2026-02-13 04:03:00
820,PP20120306954,2012-03-06,Temitope Oladipo,Female,2348197101488,temitope.oladipo77@hotmail.com,56486085781,Ikorodu Division,Ikorodu,Wilmot,94115.0,Septic tank backflow causing strong sewage odor indoors,6.619642,3.524622,Closed,2026-02-13 04:03:00
821,PP20110421641,2011-04-21,Opeyemi Yakubu,Female,2348031262052,opeyemi.yakubu26@hotmail.com,14499193830,Ikeja Division,Oshodi-Isolo,Jackson,94118.0,Bathroom floor drain completely clogged with wastewater backup,6.552804,3.312624,Closed,2026-02-13 04:03:00
822,PP20140516806,2014-05-16,Ijeoma Afolabi,Female,2348023001971,ijeoma.afolabi15@yahoo.com,41506638244,Ikeja Division,Alimosho,35th,94116.0,Low water pressure affecting entire household supply,6.598376,3.299283,Closed,2026-02-13 04:03:00
823,PP20090817368,2009-08-17,Adaeze Mohammed,Female,2349019975320,adaeze.mohammed93@outlook.com,79930402509,Lagos Island Division,Apapa,Steiner,94115.0,bring 5 bathrooms (existing) upto ada standards.,6.446929,3.368857,Closed,2026-02-13 04:03:00
824,PP20150623748,2015-06-23,Ayomide Mohammed,Male,2348058454090,ayomide.mohammed48@gmail.com,26156149902,Lagos Island Division,Apapa,18th,94114.0,Sewer overflow spreading wastewater near market area,6.460674,3.384896,Closed,2026-02-13 04:03:00
825,PP20170512302,2017-05-12,Chioma Okoye,Female,2348062766796,chioma.okoye43@hotmail.com,2343388844,Epe Division,Ibeju-Lekki,Larkin,94109.0,install (1) shower pan.,6.475796,3.588258,Closed,2026-02-13 04:03:00
826,PP20160525727,2016-05-25,Aisha Adeyemi,Female,2348121352250,aisha.adeyemi63@hotmail.com,15194434691,Ikeja Division,Ifako-Ijaiye,Jackson,94109.0,Minor kitchen sink pipe leakage under cabinet,6.671744,3.325068,Closed,2026-02-13 04:03:00
827,PP20160712036,2016-07-12,Femi Bamidele,Male,2348160409715,femi.bamidele91@yahoo.com,3603550645,Ikeja Division,Oshodi-Isolo,Franklin,94109.0,Septic tank backflow causing strong sewage odor indoors,6.556985,3.305146,Closed,2026-02-13 04:03:00
828,PP20080623866,2008-06-23,Aisha Nwosu,Female,2348129493023,aisha.nwosu74@outlook.com,6323844762,Badagry Division,Ojo,Dolores,94110.0,final inspection per e200304297225,6.462685,3.196176,Closed,2026-02-13 04:03:00
829,PP20190815498,2019-08-15,Opeyemi Akinyemi,Female,2349011109152,opeyemi.akinyemi38@gmail.com,1200771714,Lagos Island Division,Surulere,Green,94123.0,Water pipeline rupture near highway causing erosion,6.486835,3.372199,Closed,2026-02-13 04:03:00
830,PP20190807254,2019-08-07,Zainab Ibrahim,Female,2349094073831,zainab.ibrahim72@hotmail.com,8391057300,Ikeja Division,Ifako-Ijaiye,Minerva,94112.0,sewer line and house trap replacement,6.682971,3.327419,Closed,2026-02-13 04:03:00
831,PP20081210440,2008-12-10,Chisom Afolabi,Female,2349024956369,chisom.afolabi75@hotmail.com,51418143098,Lagos Island Division,Apapa,09th,94118.0,Septic tank backflow causing strong sewage odor indoors,6.427581,3.352922,Closed,2026-02-13 04:03:00
832,PP20080324134,2008-03-24,Chinedu Balogun,Male,2348056378677,chinedu.balogun54@gmail.com,29738417315,Ikeja Division,Mushin,Chestnut,94133.0,Toilet overflow due to heavily blocked drain system,6.54027,3.354371,Closed,2026-02-13 04:03:00
833,PP20160516468,2016-05-16,Tunde Ajayi,Male,2349018534946,tunde.ajayi52@outlook.com,7868106397,Ikeja Division,Ikeja,Gladstone,94134.0,replace house - trap and main line,6.591807,3.346452,Closed,2026-02-13 04:03:00
834,PP20150421915,2015-04-21,Yetunde Ogunleye,Female,2348116839935,yetunde.ogunleye75@hotmail.com,26698390695,Lagos Island Division,Lagos Island,Tillman,94108.0,Sudden burst water pipe inside bathroom wall causing flooding,6.462506,3.400167,Closed,2026-02-13 04:03:00
835,PP20171101056,2017-11-01,Yetunde Akinyemi,Female,2349078007682,yetunde.akinyemi43@gmail.com,8979347159,Lagos Island Division,Eti-Osa,Stockton,94108.0,relocate and add heads on 3 floors and add 1 preaction system,6.430711,3.418232,Closed,2026-02-13 04:03:00
836,PP20090928265,2009-09-28,Yetunde Abiola,Female,2349094249035,yetunde.abiola32@yahoo.com,17492137092,Epe Division,Epe,California,94104.0,Septic tank backflow causing strong sewage odor indoors,6.580082,3.974376,Closed,2026-02-13 04:03:00
837,PP20170818007,2017-08-18,Femi Okoye,Male,2348036703343,femi.okoye25@yahoo.com,1960870901,Lagos Island Division,Surulere,Canyon,94112.0,"reinstall shower pan, toilet, sink",6.513054,3.357577,Closed,2026-02-13 04:03:00
838,PP20180423776,2018-04-23,Ayomide Yakubu,Male,2348116108051,ayomide.yakubu85@outlook.com,15036892344,Lagos Island Division,Lagos Island,Clay,94115.0,High-pressure pipe burst affecting multiple residential buildings,6.466272,3.409913,Closed,2026-02-13 04:03:00
839,PP20190808269,2019-08-08,Amaka Ekanem,Female,2348183545241,amaka.ekanem28@hotmail.com,14906458207,Badagry Division,Amuwo-Odofin,Spear,94105.0,Flooding due to collapsed drainage system after rainfall,6.459983,3.245684,Closed,2026-02-13 04:03:00
840,PP20180620494,2018-06-20,Zainab Nwosu,Female,2348092077268,zainab.nwosu44@outlook.com,11934027526,Ikeja Division,Ifako-Ijaiye,Grove,94102.0,Water pipeline rupture near highway causing erosion,6.673837,3.328358,Closed,2026-02-13 04:03:00
841,PP20120914556,2012-09-14,Zainab Ibrahim,Female,2349072196684,zainab.ibrahim77@gmail.com,54772798927,Badagry Division,Badagry,Munich,94112.0,Major pipe burst near primary school disrupting access road,6.405963,2.888244,Closed,2026-02-13 04:03:00
842,PP20140512664,2014-05-12,Bola Danladi,Female,2349037331036,bola.danladi16@gmail.com,76702566534,Ikeja Division,Ikeja,28th,94116.0,Septic tank backflow causing strong sewage odor indoors,6.59001,3.363377,Closed,2026-02-13 04:03:00
843,PP20150213023,2015-02-13,Kunle Ojo,Male,2349088904669,kunle.ojo34@gmail.com,80144679554,Epe Division,Ibeju-Lekki,Farallones,94112.0,Sudden burst water pipe inside bathroom wall causing flooding,6.465354,3.587012,Closed,2026-02-13 04:03:00
844,PP20090129780,2009-01-29,Yetunde Ojo,Female,2348185932893,yetunde.ojo50@gmail.com,47452482763,Ikeja Division,Ikeja,Funston,94116.0,Public tap pipe severely damaged in residential community,6.604633,3.348911,Closed,2026-02-13 04:03:00
845,PP20180628753,2018-06-28,Femi Adebisi,Male,2349070650347,femi.adebisi71@gmail.com,47969917781,Lagos Island Division,Apapa,Hill,94110.0,Flooding due to collapsed drainage system after rainfall,6.454667,3.354251,Closed,2026-02-13 04:03:00
846,PP20081112313,2008-11-12,Adaeze Danladi,Female,2348062139394,adaeze.danladi23@gmail.com,31326461354,Ikeja Division,Oshodi-Isolo,Moss,94103.0,Sewer overflow spreading wastewater near market area,6.562313,3.29464,Closed,2026-02-13 04:03:00
847,PP20080916789,2008-09-16,Ayomide Eze,Male,2349068149820,ayomide.eze63@yahoo.com,16186254821,Epe Division,Ibeju-Lekki,Lake,94118.0,Minor kitchen sink pipe leakage under cabinet,6.471264,3.604389,Closed,2026-02-13 04:03:00
848,PP20180710978,2018-07-10,Seyi Eze,Male,2349015400335,seyi.eze97@outlook.com,13082417246,Lagos Island Division,Surulere,43rd,94122.0,High-pressure pipe burst affecting multiple residential buildings,6.486897,3.354023,Closed,2026-02-13 04:03:00
849,PP20110817351,2011-08-17,Femi Adeyemi,Male,2349059509866,femi.adeyemi57@outlook.com,12797296187,Lagos Island Division,Apapa,24th,94114.0,Bathroom floor drain completely clogged with wastewater backup,6.453939,3.360796,Closed,2026-02-13 04:03:00
850,PP20110614841,2011-06-14,Yetunde Ojo,Female,2348136115623,yetunde.ojo64@hotmail.com,88634649744,Ikeja Division,Kosofe,Laguna,94115.0,install new toilet & lavy.,6.586806,3.421592,Closed,2026-02-13 04:03:00
851,PP20190712512,2019-07-12,Yetunde Mohammed,Female,2348162663640,yetunde.mohammed92@hotmail.com,43619329762,Badagry Division,Badagry,25th,94110.0,unit# 1: new plumbing for 1 1/2 bathroom 1 kitchen.,6.421347,2.896097,Closed,2026-02-13 04:03:00
852,PP20121128396,2012-11-28,Abdulrahman Nnamdi,Male,2349093611019,abdulrahman.nnamdi78@gmail.com,33967370863,Ikeja Division,Mushin,Hollister,94124.0,Water heater pipe leakage soaking utility area,6.531398,3.352187,Closed,2026-02-13 04:03:00
853,PP20091229152,2009-12-29,Chinedu Adeyemi,Male,2348107700935,chinedu.adeyemi68@gmail.com,79179566113,Ikorodu Division,Ikorodu,Webster,94117.0,install vented trap and section of ci pipe.,6.626126,3.529499,Closed,2026-02-13 04:03:00
854,PP20140304691,2014-03-04,Chioma Chukwu,Female,2348101259316,chioma.chukwu43@gmail.com,53545855744,Ikeja Division,Kosofe,Sacramento,94115.0,remodel two existing bathrooms - shower pan,6.581974,3.406955,Closed,2026-02-13 04:03:00
855,PP20120628699,2012-06-28,Amaka Yakubu,Female,2349037769836,amaka.yakubu55@outlook.com,90507985818,Ikeja Division,Oshodi-Isolo,Upper,94117.0,Water main leakage along roadside causing traffic obstruction,6.564671,3.306896,Closed,2026-02-13 04:03:00
856,PP20090113344,2009-01-13,Oluwaseun Okoye,Male,2348129031842,oluwaseun.okoye75@outlook.com,32007101238,Ikeja Division,Kosofe,Castro,94114.0,Major pipe burst near primary school disrupting access road,6.561573,3.425174,Closed,2026-02-13 04:03:00
857,PP20170418674,2017-04-18,Temitope Umeh,Female,2348065906766,temitope.umeh37@outlook.com,64450554989,Lagos Island Division,Eti-Osa,Ralston,94132.0,Bathroom floor drain completely clogged with wastewater backup,6.427747,3.420995,Closed,2026-02-13 04:03:00
858,PP20151215359,2015-12-15,Amaka Abiola,Female,2348113684143,amaka.abiola49@gmail.com,94896289638,Lagos Island Division,Surulere,Bay,94133.0,Major pipe burst near primary school disrupting access road,6.50022,3.362705,Closed,2026-02-13 04:03:00
859,PP20190506523,2019-05-06,Adebayo Okafor,Male,2348104882955,adebayo.okafor66@outlook.com,58391893166,Ikeja Division,Kosofe,Hermann,94102.0,Water main leakage along roadside causing traffic obstruction,6.590395,3.412345,Closed,2026-02-13 04:03:00
860,PP20191113130,2019-11-13,Kunle Adebisi,Male,2348069206496,kunle.adebisi31@hotmail.com,44750304438,Badagry Division,Ajeromi-Ifelodun,Sloat,94116.0,"construct 2 bedroom, 2 full bath, and laundry rm at gr fl. removel e kitchen, bath rm, add 1 new bath and remove interior wall between lving rm/ dining rm 2nd fl. 4 shower pans total",6.471831,3.330705,Closed,2026-02-13 04:03:00
861,PP20140826547,2014-08-26,Yetunde Ekanem,Female,2348197262298,yetunde.ekanem17@hotmail.com,79245474799,Lagos Island Division,Eti-Osa,Rutland,94134.0,Toilet overflow due to heavily blocked drain system,6.440488,3.428054,Closed,2026-02-13 04:03:00
862,PP20160725428,2016-07-25,Kelechi Oladipo,Male,2349013529966,kelechi.oladipo74@hotmail.com,24352933451,Lagos Island Division,Eti-Osa,Theresa,94112.0,Public tap pipe severely damaged in residential community,6.423746,3.43276,Closed,2026-02-13 04:03:00
863,PP20130214285,2013-02-14,Femi Nwosu,Male,2348072133774,femi.nwosu80@gmail.com,97366916014,Lagos Island Division,Surulere,22nd,94121.0,remodel kitchen & 2 bathrooms & gas stove,6.49154,3.368881,Closed,2026-02-13 04:03:00
864,PP20161014850,2016-10-14,Chisom Danladi,Female,2348155704331,chisom.danladi38@gmail.com,76298426304,Lagos Island Division,Lagos Island,Shotwell,94110.0,Toilet overflow due to heavily blocked drain system,6.457773,3.413082,Closed,2026-02-13 04:03:00
865,PP20080725797,2008-07-25,Kelechi Ogunleye,Male,2348120564781,kelechi.ogunleye65@yahoo.com,73678845691,Lagos Island Division,Lagos Mainland,Nevada,94110.0,Underground water pipe burst near hospital entrance,6.522165,3.375707,Closed,2026-02-13 04:03:00
866,PP20130828689,2013-08-28,Bola Umeh,Female,2348153842524,bola.umeh13@hotmail.com,80556155874,Ikeja Division,Mushin,Broadway,94123.0,Sewer overflow spreading wastewater near market area,6.527106,3.351568,Closed,2026-02-13 04:03:00
867,PP20190708307,2019-07-08,Ijeoma Yakubu,Female,2348055948257,ijeoma.yakubu81@outlook.com,66462655116,Ikeja Division,Ikeja,Duboce,94103.0,Water heater pipe leakage soaking utility area,6.609799,3.335337,Closed,2026-02-13 04:03:00
868,PP20101229032,2010-12-29,Chukwudi Abiola,Male,2348095167083,chukwudi.abiola59@outlook.com,8252896034,Ikorodu Division,Ikorodu,Bay,94123.0,Water main leakage along roadside causing traffic obstruction,6.608863,3.499822,Closed,2026-02-13 04:03:00
869,PP20160915993,2016-09-15,Opeyemi Afolabi,Female,2349079696103,opeyemi.afolabi44@gmail.com,66404435794,Epe Division,Epe,11th,94118.0,High-pressure pipe burst affecting multiple residential buildings,6.593503,4.000706,Closed,2026-02-13 04:03:00
870,PP20100402048,2010-04-02,Zainab Ibrahim,Female,2348181796750,zainab.ibrahim87@hotmail.com,74273225794,Lagos Island Division,Lagos Island,Broderick,94117.0,2nd floor: remodel kitchen and bathroom,6.453056,3.393012,Closed,2026-02-13 04:03:00
871,PP20170925006,2017-09-25,Emeka Chukwu,Male,2348148590075,emeka.chukwu56@hotmail.com,251061710,Ikeja Division,Kosofe,40th,94122.0,Underground water pipe burst near hospital entrance,6.584001,3.428319,Closed,2026-02-13 04:03:00
872,PP20150724587,2015-07-24,Ngozi Eze,Female,2348107796693,ngozi.eze40@gmail.com,91160246570,Badagry Division,Ojo,07th,94122.0,conversion of nail spa to office; canceling floor drains & water lines,6.451726,3.185384,Closed,2026-02-13 04:03:00
873,PP20141017080,2014-10-17,Ngozi Ibrahim,Female,2349081892134,ngozi.ibrahim90@gmail.com,68658395592,Lagos Island Division,Eti-Osa,Head,94132.0,Water main leakage along roadside causing traffic obstruction,6.442852,3.426911,Closed,2026-02-13 04:03:00
874,PP20120830212,2012-08-30,Temitope Abiola,Female,2349010948498,temitope.abiola83@outlook.com,60777835615,Ikeja Division,Mushin,Vernon,94132.0,Sudden burst water pipe inside bathroom wall causing flooding,6.529196,3.36461,Closed,2026-02-13 04:03:00
875,PP20080828918,2008-08-28,Bola Balogun,Female,2348169523302,bola.balogun64@hotmail.com,73472503520,Ikeja Division,Ikeja,Bertha,94124.0,Toilet overflow due to heavily blocked drain system,6.574768,3.358279,Closed,2026-02-13 04:03:00
876,PP20190308822,2019-03-08,Bola Bamidele,Female,2348050808011,bola.bamidele77@outlook.com,52766764977,Badagry Division,Amuwo-Odofin,Cambridge,94134.0,"amend pp20190124555. new domestic service/waterline (domestic only, no fire) from building penetration, through breezeway, into building basement. waterline services buildings a (main school building), b (gym complex), c (chapel), d (cambridge hall), e (school building), f (school building). all buildings on 501 cambridge.",6.443459,3.231694,Closed,2026-02-13 04:03:00
877,PP20141230800,2014-12-30,Chioma Nnamdi,Female,2348165602178,chioma.nnamdi78@yahoo.com,79517908859,Badagry Division,Ajeromi-Ifelodun,Laguna,94102.0,"new kitchen waste, gas test for gas to stove. install new tub & plumbing fixtures.",6.471812,3.347037,Closed,2026-02-13 04:03:00
878,PP20170421759,2017-04-21,Temitope Bamidele,Female,2348031983485,temitope.bamidele50@yahoo.com,55300046005,Ikeja Division,Agege,Clement,94121.0,install handicapped ada bathroom,6.614126,3.345529,Closed,2026-02-13 04:03:00
879,PP20110207864,2011-02-07,Adaeze Bamidele,Female,2349098869844,adaeze.bamidele93@yahoo.com,11687164939,Ikeja Division,Oshodi-Isolo,15th,94122.0,Water pipeline rupture near highway causing erosion,6.569723,3.321249,Closed,2026-02-13 04:03:00
880,PP20160901628,2016-09-01,Seyi Ogunleye,Male,2348147938662,seyi.ogunleye84@gmail.com,33866387935,Ikeja Division,Ifako-Ijaiye,15th,94116.0,3 shower pans.,6.6862,3.336021,Closed,2026-02-13 04:03:00
881,PP20180531893,2018-05-31,Opeyemi Adebisi,Female,2349036420659,opeyemi.adebisi26@gmail.com,30492011732,Badagry Division,Ajeromi-Ifelodun,Chattanooga,94114.0,Major pipe burst near primary school disrupting access road,6.467454,3.31728,Closed,2026-02-13 04:03:00
882,PP20150317911,2015-03-17,Ifeanyi Owolabi,Male,2349061317601,ifeanyi.owolabi66@outlook.com,39004686427,Ikeja Division,Ifako-Ijaiye,Guerrero,94110.0,High-pressure pipe burst affecting multiple residential buildings,6.667339,3.320168,Closed,2026-02-13 04:03:00
883,PP20160714117,2016-07-14,Chioma Eze,Female,2348033201808,chioma.eze25@hotmail.com,63027183696,Ikeja Division,Kosofe,Waller,94102.0,Cracked underground pipe slowly flooding compound,6.605009,3.414941,Closed,2026-02-13 04:03:00
884,PP20180912763,2018-09-12,Olamide Okafor,Male,2349061144399,olamide.okafor97@yahoo.com,76364962966,Badagry Division,Ajeromi-Ifelodun,Cervantes,94123.0,remodel of kitchen and bathroom,6.467932,3.338815,Closed,2026-02-13 04:03:00
885,PP20080328281,2008-03-28,Ifeanyi Abiola,Male,2348053931444,ifeanyi.abiola43@hotmail.com,17683804963,Ikeja Division,Agege,Arbor,94131.0,Severe shower pipe rupture flooding entire bathroom,6.615936,3.352951,Closed,2026-02-13 04:03:00
886,PP20081016225,2008-10-16,Adaeze Afolabi,Female,2348120516344,adaeze.afolabi90@outlook.com,68441473173,Badagry Division,Ajeromi-Ifelodun,Baker,94123.0,Public tap pipe severely damaged in residential community,6.460474,3.335246,Closed,2026-02-13 04:03:00
887,PP20080522907,2008-05-22,Obinna Mohammed,Male,2349041423138,obinna.mohammed29@hotmail.com,46493639314,Ikeja Division,Ifako-Ijaiye,15th,94114.0,Open manhole with visible sewage leakage on street,6.662375,3.3154,Closed,2026-02-13 04:03:00
888,PP20180122086,2018-01-22,Adaeze Ojo,Female,2349072005230,adaeze.ojo65@outlook.com,73185294584,Ikeja Division,Agege,Frederick,94117.0,Public tap pipe severely damaged in residential community,6.609382,3.33563,Closed,2026-02-13 04:03:00
889,PP20140630923,2014-06-30,Adebayo Adebisi,Male,2348100451660,adebayo.adebisi62@gmail.com,80930119409,Ikeja Division,Agege,Mission,94110.0,Persistent dripping tap in kitchen wasting water daily,6.611207,3.329076,Closed,2026-02-13 04:03:00
890,PP20110124555,2011-01-24,Olamide Balogun,Male,2348063400680,olamide.balogun13@yahoo.com,25002815256,Badagry Division,Ajeromi-Ifelodun,Myra,94127.0,Open manhole with visible sewage leakage on street,6.452637,3.332469,Closed,2026-02-13 04:03:00
891,PP20160204687,2016-02-04,Ngozi Balogun,Female,2348181551836,ngozi.balogun45@gmail.com,61237408016,Ikorodu Division,Ikorodu,Beale,94105.0,Persistent dripping tap in kitchen wasting water daily,6.604353,3.518101,Closed,2026-02-13 04:03:00
892,PP20160711965,2016-07-11,Emeka Mohammed,Male,2349052768201,emeka.mohammed44@yahoo.com,25740921546,Ikorodu Division,Ikorodu,Mission,94110.0,Sudden burst water pipe inside bathroom wall causing flooding,6.620224,3.495924,Closed,2026-02-13 04:03:00
893,PP20081106084,2008-11-06,Adaeze Ekanem,Female,2348170491279,adaeze.ekanem72@yahoo.com,15454646085,Lagos Island Division,Lagos Mainland,Oakdale,94124.0,Flooding due to collapsed drainage system after rainfall,6.521308,3.371678,Closed,2026-02-13 04:03:00
894,PP20180103603,2018-01-03,Amaka Danladi,Female,2348073495680,amaka.danladi30@hotmail.com,80163904356,Badagry Division,Ajeromi-Ifelodun,28th,94121.0,relocate toilet and vanity in existing bathroom,6.469892,3.346705,Closed,2026-02-13 04:03:00
895,PP20150312756,2015-03-12,Adaeze Nnamdi,Female,2349038470380,adaeze.nnamdi78@gmail.com,25193986153,Ikeja Division,Ifako-Ijaiye,Precita,94110.0,underground drain pipe. replacement in the driveway and house trap,6.651048,3.32975,Closed,2026-02-13 04:03:00
896,PP20130924443,2013-09-24,Tunde Balogun,Male,2348193262091,tunde.balogun50@yahoo.com,77079602422,Ikeja Division,Kosofe,Hermann,94102.0,176 hermann: install 2 new bathroom with 1 shower pan & water heater. 174 hermann: install 1 showr pan.,6.581699,3.423413,Closed,2026-02-13 04:03:00
897,PP20111011638,2011-10-11,Ifeanyi Abiola,Male,2349093007673,ifeanyi.abiola96@yahoo.com,7840080822,Ikorodu Division,Ikorodu,Cayuga,94112.0,Underground water pipe burst near hospital entrance,6.621532,3.50298,Closed,2026-02-13 04:03:00
898,PP20180322919,2018-03-22,Abdulrahman Oladipo,Male,2348082732356,abdulrahman.oladipo65@outlook.com,34559808365,Ikeja Division,Ikeja,Golden Gate,94115.0,Major pipe burst near primary school disrupting access road,6.598609,3.34354,Closed,2026-02-13 04:03:00
899,PP20170727380,2017-07-27,Opeyemi Owolabi,Female,2348093761784,opeyemi.owolabi50@yahoo.com,81168467739,Ikeja Division,Ifako-Ijaiye,Cresta Vista,94127.0,Persistent dripping tap in kitchen wasting water daily,6.68056,3.328813,Closed,2026-02-13 04:03:00
900,PP20190117341,2019-01-17,Chinedu Nwosu,Male,2349033353664,chinedu.nwosu30@hotmail.com,60349653259,Ikeja Division,Alimosho,Van Ness,94109.0,Open manhole with visible sewage leakage on street,6.628012,3.294393,Closed,2026-02-13 04:03:00
901,PP20140811131,2014-08-11,Chisom Umeh,Female,2348154976656,chisom.umeh34@yahoo.com,42318692770,Ikeja Division,Oshodi-Isolo,Sutter,94108.0,Blocked drainage channel causing street-level flooding,6.546516,3.292963,Closed,2026-02-13 04:03:00
902,PP20090427868,2009-04-27,Adaeze Balogun,Female,2349069191969,adaeze.balogun62@hotmail.com,44210391491,Ikeja Division,Mushin,12th,94118.0,Water heater pipe leakage soaking utility area,6.509269,3.338759,Closed,2026-02-13 04:03:00
903,PP20101014533,2010-10-14,Adebayo Nnamdi,Male,2348096401877,adebayo.nnamdi79@hotmail.com,9999819320,Lagos Island Division,Lagos Island,Magellan,94116.0,Toilet overflow due to heavily blocked drain system,6.456771,3.399787,Closed,2026-02-13 04:03:00
904,PP20080910511,2008-09-10,Bola Ekanem,Female,2348120587232,bola.ekanem13@hotmail.com,71705320906,Lagos Island Division,Lagos Island,Post,94109.0,Open manhole with visible sewage leakage on street,6.438288,3.40365,Closed,2026-02-13 04:03:00
905,PP20080401360,2008-04-01,Femi Ojo,Male,2348088793177,femi.ojo40@outlook.com,52192766492,Ikorodu Division,Ikorodu,43rd,94116.0,Toilet overflow due to heavily blocked drain system,6.614569,3.511968,Closed,2026-02-13 04:03:00
906,PP20160120182,2016-01-20,Amaka Nwosu,Female,2348165780810,amaka.nwosu84@gmail.com,536999056,Ikorodu Division,Ikorodu,20th,94122.0,Bathroom floor drain completely clogged with wastewater backup,6.635522,3.519468,Closed,2026-02-13 04:03:00
907,PP20131023310,2013-10-23,Femi Ajayi,Male,2349077376149,femi.ajayi14@yahoo.com,1885364231,Ikeja Division,Ikeja,North Point,94123.0,Toilet overflow due to heavily blocked drain system,6.599115,3.342588,Closed,2026-02-13 04:03:00
908,PP20170427899,2017-04-27,Adaeze Adeyemi,Female,2349032049786,adaeze.adeyemi76@hotmail.com,52637082249,Ikeja Division,Kosofe,Peninsula,94134.0,Sudden burst water pipe inside bathroom wall causing flooding,6.561782,3.409508,Closed,2026-02-13 04:03:00
909,PP20120711958,2012-07-11,Kelechi Mohammed,Male,2348140001039,kelechi.mohammed84@gmail.com,2315930262,Lagos Island Division,Surulere,Pacific,94115.0,Flooding due to collapsed drainage system after rainfall,6.494789,3.350928,Closed,2026-02-13 04:03:00
910,PP20191106972,2019-11-06,Uche Afolabi,Male,2348113368600,uche.afolabi92@gmail.com,55019511375,Lagos Island Division,Apapa,Fulton,94117.0,Sudden burst water pipe inside bathroom wall causing flooding,6.447487,3.359769,Closed,2026-02-13 04:03:00
911,PP20090527606,2009-05-27,Amaka Yakubu,Female,2349033059147,amaka.yakubu98@hotmail.com,73266107256,Ikeja Division,Ifako-Ijaiye,Desmond,94134.0,Toilet overflow due to heavily blocked drain system,6.667551,3.3221,Closed,2026-02-13 04:03:00
912,PP20110727847,2011-07-27,Seyi Mohammed,Male,2348172868042,seyi.mohammed44@hotmail.com,75642167721,Badagry Division,Ajeromi-Ifelodun,Hyde,94109.0,Blocked drainage channel causing street-level flooding,6.468387,3.337719,Closed,2026-02-13 04:03:00
913,PP20190903995,2019-09-03,Chioma Yakubu,Female,2348063697949,chioma.yakubu56@yahoo.com,85924018992,Lagos Island Division,Apapa,Eddy,94115.0,Sewer overflow spreading wastewater near market area,6.437896,3.373109,Closed,2026-02-13 04:03:00
914,PP20091026872,2009-10-26,Obinna Ibrahim,Male,2348092223547,obinna.ibrahim64@hotmail.com,79747113713,Lagos Island Division,Apapa,Stanyan,94117.0,Sewer overflow spreading wastewater near market area,6.447814,3.359188,Closed,2026-02-13 04:03:00
915,PP20170417629,2017-04-17,Abdulrahman Ibrahim,Male,2348164491461,abdulrahman.ibrahim78@outlook.com,72710578971,Lagos Island Division,Eti-Osa,Pacheco,94116.0,Flooding due to collapsed drainage system after rainfall,6.440182,3.424232,Closed,2026-02-13 04:03:00
916,PP20170314728,2017-03-14,Adebayo Ekanem,Male,2348086483907,adebayo.ekanem47@gmail.com,6625680242,Ikeja Division,Kosofe,Buckingham,94132.0,Septic tank backflow causing strong sewage odor indoors,6.592831,3.419571,Closed,2026-02-13 04:03:00
917,PP20180521573,2018-05-21,Yetunde Owolabi,Female,2348177671280,yetunde.owolabi21@outlook.com,79510948980,Epe Division,Ibeju-Lekki,06th,94118.0,Flooding due to collapsed drainage system after rainfall,6.463876,3.588615,Closed,2026-02-13 04:03:00
918,PP20191031839,2019-10-31,Ijeoma Danladi,Female,2349077643999,ijeoma.danladi18@yahoo.com,25431341906,Badagry Division,Ojo,Battery,94111.0,Water pipeline rupture near highway causing erosion,6.449563,3.184086,Open,2026-02-13 04:03:00
919,PP20170516417,2017-05-16,Chinedu Ojo,Male,2348169504336,chinedu.ojo38@outlook.com,67950712734,Ikeja Division,Alimosho,Corbett,94131.0,Underground water pipe burst near hospital entrance,6.608668,3.292919,Closed,2026-02-13 04:03:00
920,PP20140211115,2014-02-11,Ijeoma Abiola,Female,2348117745124,ijeoma.abiola96@yahoo.com,86960079091,Ikorodu Division,Ikorodu,Noe,94114.0,2 shower pans,6.618115,3.491682,Closed,2026-02-13 04:03:00
921,PP20120201145,2012-02-01,Uche Oladipo,Male,2348032354931,uche.oladipo67@hotmail.com,38669640476,Lagos Island Division,Apapa,15th,94114.0,Water heater pipe leakage soaking utility area,6.443313,3.359928,Closed,2026-02-13 04:03:00
922,PP20101210677,2010-12-10,Olamide Mohammed,Male,2348144460347,olamide.mohammed62@gmail.com,61037016457,Ikorodu Division,Ikorodu,Potrero,94110.0,Sewer overflow spreading wastewater near market area,6.620999,3.500223,Closed,2026-02-13 04:03:00
923,PP20160722386,2016-07-22,Femi Owolabi,Male,2348147049001,femi.owolabi13@gmail.com,87034855211,Badagry Division,Amuwo-Odofin,Pierce,94115.0,Minor kitchen sink pipe leakage under cabinet,6.462657,3.241338,Closed,2026-02-13 04:03:00
924,PP20110510097,2011-05-10,Olamide Yakubu,Male,2348038320158,olamide.yakubu63@gmail.com,64904087307,Lagos Island Division,Lagos Island,San Jose,94112.0,Cracked underground pipe slowly flooding compound,6.463795,3.398972,Closed,2026-02-13 04:03:00
925,PP20091221050,2009-12-21,Ifeanyi Owolabi,Male,2348073486737,ifeanyi.owolabi37@hotmail.com,40148979781,Ikeja Division,Agege,Duncan,94131.0,Water main leakage along roadside causing traffic obstruction,6.609038,3.353753,Closed,2026-02-13 04:03:00
926,PP20160120161,2016-01-20,Seyi Yakubu,Male,2349054652486,seyi.yakubu22@hotmail.com,69429713443,Ikeja Division,Agege,Clay,94115.0,Persistent dripping tap in kitchen wasting water daily,6.603564,3.345192,Closed,2026-02-13 04:03:00
927,PP20110128685,2011-01-28,Olamide Ekanem,Male,2348066415675,olamide.ekanem65@gmail.com,22495039951,Lagos Island Division,Lagos Mainland,16th,94107.0,Sewer overflow spreading wastewater near market area,6.534406,3.372494,Closed,2026-02-13 04:03:00
928,PP20121210690,2012-12-10,Yetunde Ibrahim,Female,2349076158536,yetunde.ibrahim57@hotmail.com,94822823834,Badagry Division,Amuwo-Odofin,Steiner,94117.0,remove and replace water heater. (pm20121210691),6.463925,3.2475,Closed,2026-02-13 04:03:00
929,PP20140108238,2014-01-08,Chukwudi Akinyemi,Male,2348054092788,chukwudi.akinyemi34@yahoo.com,17893236019,Ikeja Division,Kosofe,Filbert,94109.0,Toilet overflow due to heavily blocked drain system,6.586187,3.419303,Closed,2026-02-13 04:03:00
930,PP20080930404,2008-09-30,Olamide Akinyemi,Male,2348179134205,olamide.akinyemi39@hotmail.com,48522629296,Ikeja Division,Kosofe,Northwood,94112.0,Bathroom floor drain completely clogged with wastewater backup,6.581957,3.424808,Closed,2026-02-13 04:03:00
931,PP20191230331,2019-12-30,Temitope Ojo,Female,2348179180869,temitope.ojo12@outlook.com,88270713658,Ikorodu Division,Ikorodu,Masonic,94117.0,Water main leakage along roadside causing traffic obstruction,6.627335,3.493015,Closed,2026-02-13 04:03:00
932,PP20130529108,2013-05-29,Ifeanyi Ajayi,Male,2348035714521,ifeanyi.ajayi38@gmail.com,71306371717,Epe Division,Epe,Market,94103.0,Severe shower pipe rupture flooding entire bathroom,6.597043,3.966975,Closed,2026-02-13 04:03:00
933,PP20140523968,2014-05-23,Ngozi Ogunleye,Female,2348135210704,ngozi.ogunleye20@gmail.com,1404461159,Lagos Island Division,Lagos Island,Castro,94114.0,bathroom remodel.,6.464425,3.405967,Closed,2026-02-13 04:03:00
934,PP20110408360,2011-04-08,Ijeoma Okafor,Female,2348082616146,ijeoma.okafor33@hotmail.com,27293600854,Ikeja Division,Oshodi-Isolo,21st,94110.0,Low water pressure affecting entire household supply,6.54269,3.303992,Closed,2026-02-13 04:03:00
935,PP20100527316,2010-05-27,Abdulrahman Eze,Male,2348132302894,abdulrahman.eze74@gmail.com,11657224937,Ikeja Division,Ikeja,Guerrero,94110.0,Major pipe burst near primary school disrupting access road,6.590743,3.349351,Closed,2026-02-13 04:03:00
936,PP20191230313,2019-12-30,Yetunde Danladi,Female,2348177126938,yetunde.danladi63@hotmail.com,57618551805,Ikeja Division,Agege,Jones,94109.0,Open manhole with visible sewage leakage on street,6.61242,3.343797,Closed,2026-02-13 04:03:00
937,PP20150410624,2015-04-10,Ifeanyi Owolabi,Male,2348166039559,ifeanyi.owolabi43@hotmail.com,71299604596,Epe Division,Ibeju-Lekki,Dolores,94110.0,Persistent dripping tap in kitchen wasting water daily,6.483103,3.598957,Closed,2026-02-13 04:03:00
938,PP20180220967,2018-02-20,Ngozi Oladipo,Female,2349054212822,ngozi.oladipo77@outlook.com,99626036630,Ikeja Division,Mushin,Folsom,94110.0,Septic tank backflow causing strong sewage odor indoors,6.521678,3.352508,Closed,2026-02-13 04:03:00
939,PP20180319806,2018-03-19,Kunle Owolabi,Male,2348191217560,kunle.owolabi38@gmail.com,73137741625,Lagos Island Division,Lagos Island,Ofarrell,94102.0,Public tap pipe severely damaged in residential community,6.437266,3.386641,Closed,2026-02-13 04:03:00
940,PP20100827436,2010-08-27,Emeka Owolabi,Male,2348081526282,emeka.owolabi12@outlook.com,84838030877,Ikeja Division,Alimosho,Market,94103.0,Sewer overflow spreading wastewater near market area,6.618649,3.311156,Closed,2026-02-13 04:03:00
941,PP20110511140,2011-05-11,Ayomide Okafor,Male,2349063717875,ayomide.okafor17@yahoo.com,68265483221,Lagos Island Division,Apapa,Irving,94122.0,Minor kitchen sink pipe leakage under cabinet,6.436457,3.353075,Closed,2026-02-13 04:03:00
942,PP20160321952,2016-03-21,Chisom Mohammed,Female,2348120606171,chisom.mohammed42@hotmail.com,2751743003,Badagry Division,Ojo,20th,94114.0,Septic tank backflow causing strong sewage odor indoors,6.460736,3.185802,Closed,2026-02-13 04:03:00
943,PP20111114434,2011-11-14,Abdulrahman Chukwu,Male,2348052044948,abdulrahman.chukwu34@hotmail.com,89950781560,Ikorodu Division,Ikorodu,Dwight,94134.0,Bathroom floor drain completely clogged with wastewater backup,6.611304,3.514741,Closed,2026-02-13 04:03:00
944,PP20190605456,2019-06-05,Seyi Danladi,Male,2348085249621,seyi.danladi35@yahoo.com,44210561144,Ikeja Division,Mushin,O'farrell,94109.0,Open manhole with visible sewage leakage on street,6.522562,3.354455,Closed,2026-02-13 04:03:00
945,PP20090817401,2009-08-17,Emeka Abiola,Male,2349042489039,emeka.abiola26@outlook.com,22028108473,Ikeja Division,Ikeja,Mason,94108.0,Open manhole with visible sewage leakage on street,6.607263,3.351564,Closed,2026-02-13 04:03:00
946,PP20130808093,2013-08-08,Adebayo Bamidele,Male,2349041107121,adebayo.bamidele38@outlook.com,74555199862,Ikeja Division,Oshodi-Isolo,Winfield,94110.0,Low water pressure affecting entire household supply,6.549236,3.307004,Closed,2026-02-13 04:03:00
947,PP20131028448,2013-10-28,Zainab Adebisi,Female,2348060249035,zainab.adebisi82@yahoo.com,13789157283,Epe Division,Epe,Merced,94127.0,Sewer overflow spreading wastewater near market area,6.583116,3.9799,Closed,2026-02-13 04:03:00
948,PP20140709221,2014-07-09,Femi Adeyemi,Male,2348173665819,femi.adeyemi14@yahoo.com,46433428163,Ikorodu Division,Ikorodu,09th,94122.0,Blocked drainage channel causing street-level flooding,6.616812,3.526486,Closed,2026-02-13 04:03:00
949,PP20171012496,2017-10-12,Bola Okoye,Female,2349077935540,bola.okoye65@outlook.com,76731685651,Lagos Island Division,Eti-Osa,19th,94116.0,Severe shower pipe rupture flooding entire bathroom,6.438709,3.418945,Closed,2026-02-13 04:03:00
950,PP20140522938,2014-05-22,Ifeanyi Adeyemi,Male,2349026712342,ifeanyi.adeyemi66@outlook.com,84233841567,Badagry Division,Badagry,Funston,94122.0,Underground water pipe burst near hospital entrance,6.42197,2.881662,Closed,2026-02-13 04:03:00
951,PP20190328425,2019-03-28,Emeka Danladi,Male,2349047715389,emeka.danladi54@gmail.com,47736893830,Badagry Division,Badagry,Mason,94102.0,High-pressure pipe burst affecting multiple residential buildings,6.426731,2.888696,Closed,2026-02-13 04:03:00
952,PP20110630244,2011-06-30,Kelechi Mohammed,Male,2348037059012,kelechi.mohammed81@outlook.com,31575856471,Ikeja Division,Ikeja,Athens,94112.0,Toilet overflow due to heavily blocked drain system,6.600727,3.355977,Closed,2026-02-13 04:03:00
953,PP20100129796,2010-01-29,Opeyemi Chukwu,Female,2348114991944,opeyemi.chukwu45@gmail.com,17515758528,Epe Division,Ibeju-Lekki,21st,94114.0,house trap replacement,6.454291,3.573732,Closed,2026-02-13 04:03:00
954,PP20110922201,2011-09-22,Seyi Mohammed,Male,2348022489070,seyi.mohammed15@hotmail.com,94532942157,Lagos Island Division,Lagos Island,36th,94116.0,new bathroom in ground floor,6.442161,3.396129,Closed,2026-02-13 04:03:00
955,PP20090625282,2009-06-25,Ifeanyi Afolabi,Male,2348115074666,ifeanyi.afolabi85@outlook.com,25802178952,Lagos Island Division,Eti-Osa,Magellan,94116.0,replace drain line from the front of the house to the back and 10' from main sewer,6.450425,3.444213,Closed,2026-02-13 04:03:00
956,PP20100301324,2010-03-01,Opeyemi Eze,Female,2349057816151,opeyemi.eze54@hotmail.com,97961607482,Lagos Island Division,Lagos Island,San Jose,94112.0,install 2 half bathroom on groundfloor.,6.460481,3.399708,Closed,2026-02-13 04:03:00
957,PP20081117495,2008-11-17,Kelechi Okoye,Male,2348125106235,kelechi.okoye16@gmail.com,67051752368,Ikeja Division,Kosofe,Brussels,94134.0,repair/replace water line from meter into bldg.,6.565289,3.411273,Closed,2026-02-13 04:03:00
958,PP20130208112,2013-02-08,Ayomide Afolabi,Male,2348073855156,ayomide.afolabi74@gmail.com,91851737666,Ikeja Division,Mushin,Harrison,94105.0,Water pipeline rupture near highway causing erosion,6.519422,3.348392,Closed,2026-02-13 04:03:00
959,PP20150518780,2015-05-18,Emeka Yakubu,Male,2349077892966,emeka.yakubu33@gmail.com,17129666346,Badagry Division,Ojo,Polk,94109.0,"kitchen room remodeling: change sink, faucet.",6.459319,3.178279,Closed,2026-02-13 04:03:00
960,PP20190826802,2019-08-26,Adaeze Ogunleye,Female,2348027345249,adaeze.ogunleye70@outlook.com,72589438326,Ikeja Division,Ifako-Ijaiye,11th,94118.0,"remodel 1 bathroom, waste and vent piping",6.650007,3.336079,Closed,2026-02-13 04:03:00
961,PP20100714447,2010-07-14,Adaeze Umeh,Female,2348070220606,adaeze.umeh41@yahoo.com,40708039380,Badagry Division,Badagry,Haight,94117.0,Open manhole with visible sewage leakage on street,6.404273,2.887392,Closed,2026-02-13 04:03:00
962,PP20160202586,2016-02-02,Seyi Nnamdi,Male,2349038646895,seyi.nnamdi74@hotmail.com,98368615523,Ikeja Division,Kosofe,Harrison,94110.0,Public tap pipe severely damaged in residential community,6.604041,3.407506,Closed,2026-02-13 04:03:00
963,PP20190509663,2019-05-09,Adaeze Ekanem,Female,2348195037449,adaeze.ekanem66@hotmail.com,55097813516,Lagos Island Division,Apapa,09th,94103.0,Persistent dripping tap in kitchen wasting water daily,6.423497,3.35614,Closed,2026-02-13 04:03:00
964,PP20081023485,2008-10-23,Chisom Bamidele,Female,2348137704470,chisom.bamidele94@outlook.com,57690994563,Ikeja Division,Oshodi-Isolo,Hartford,94114.0,Persistent dripping tap in kitchen wasting water daily,6.56461,3.327683,Open,2026-02-13 04:03:00
965,PP20190603356,2019-06-03,Ayomide Akinyemi,Male,2349066812306,ayomide.akinyemi39@outlook.com,80291102945,Lagos Island Division,Eti-Osa,Saint Charles,94132.0,Cracked underground pipe slowly flooding compound,6.420805,3.426867,Closed,2026-02-13 04:03:00
966,PP20161104445,2016-11-04,Adebayo Ajayi,Male,2349092227891,adebayo.ajayi68@yahoo.com,73082732233,Badagry Division,Badagry,17th,94110.0,Persistent dripping tap in kitchen wasting water daily,6.410347,2.883941,Closed,2026-02-13 04:03:00
967,PP20150113074,2015-01-13,Ijeoma Ibrahim,Female,2349099085851,ijeoma.ibrahim71@outlook.com,61710735026,Ikeja Division,Mushin,Shotwell,94110.0,Open manhole with visible sewage leakage on street,6.553743,3.33957,Closed,2026-02-13 04:03:00
968,PP20100609658,2010-06-09,Zainab Okoye,Female,2348027207070,zainab.okoye40@yahoo.com,67163538004,Lagos Island Division,Apapa,Haight,94117.0,Sewer overflow spreading wastewater near market area,6.451337,3.363677,Closed,2026-02-13 04:03:00
969,PP20110824521,2011-08-24,Chisom Eze,Female,2349088823458,chisom.eze63@yahoo.com,47627321864,Lagos Island Division,Apapa,Francisco,94133.0,Sewer overflow spreading wastewater near market area,6.459658,3.35998,Closed,2026-02-13 04:03:00
970,PP20131031579,2013-10-31,Bola Oladipo,Female,2348133501739,bola.oladipo47@outlook.com,82578307925,Badagry Division,Badagry,Pixley,94123.0,Flooding due to collapsed drainage system after rainfall,6.418081,2.881084,Closed,2026-02-13 04:03:00
971,PP20100322804,2010-03-22,Emeka Ogunleye,Male,2348093883750,emeka.ogunleye40@gmail.com,35261424287,Epe Division,Ibeju-Lekki,Gough,94109.0,replace faucet in kitchen,6.472691,3.581568,Closed,2026-02-13 04:03:00
972,PP20180713150,2018-07-13,Tunde Yakubu,Male,2348090278200,tunde.yakubu34@hotmail.com,17792941951,Badagry Division,Ojo,Rivera,94116.0,construction (1) new bathroom ground floor; remodel (e) kitchen & (e) bathroom 2/f,6.467216,3.179304,Closed,2026-02-13 04:03:00
973,PP20090506169,2009-05-06,Obinna Okoye,Male,2348094055366,obinna.okoye26@outlook.com,32077050802,Ikeja Division,Alimosho,25th,94121.0,Sudden burst water pipe inside bathroom wall causing flooding,6.612771,3.294707,Closed,2026-02-13 04:03:00
974,PP20161007617,2016-10-07,Chinedu Ojo,Male,2348148049263,chinedu.ojo54@gmail.com,80136700470,Ikeja Division,Ikeja,Sacramento,94109.0,Public tap pipe severely damaged in residential community,6.613061,3.350986,Closed,2026-02-13 04:03:00
975,PP20150731767,2015-07-31,Amaka Oladipo,Female,2349030091107,amaka.oladipo96@yahoo.com,25020384296,Ikeja Division,Kosofe,Bay,94123.0,"kitchen & bath remodeling, 1 new bath, washer & dryer.",6.56557,3.429319,Closed,2026-02-13 04:03:00
976,PP20181016759,2018-10-16,Olamide Adeyemi,Male,2349055998435,olamide.adeyemi84@outlook.com,58338191864,Lagos Island Division,Lagos Island,Hayes,94117.0,Minor kitchen sink pipe leakage under cabinet,6.445043,3.388162,Closed,2026-02-13 04:03:00
977,PP20110325003,2011-03-25,Oluwaseun Ogunleye,Male,2349070678762,oluwaseun.ogunleye61@hotmail.com,48948754440,Ikeja Division,Oshodi-Isolo,University,94134.0,"new domestic hot water boiler -- 401,000 btu",6.547643,3.321844,Open,2026-02-13 04:03:00
978,PP20170106971,2017-01-06,Obinna Adeyemi,Male,2348032335639,obinna.adeyemi71@gmail.com,42582078939,Lagos Island Division,Lagos Island,41st,94122.0,Minor kitchen sink pipe leakage under cabinet,6.432743,3.426077,Closed,2026-02-13 04:03:00
979,PP20180130353,2018-01-30,Adaeze Afolabi,Female,2348088520994,adaeze.afolabi97@outlook.com,42723961037,Lagos Island Division,Eti-Osa,Flood,94112.0,Open manhole with visible sewage leakage on street,6.443661,3.424132,Closed,2026-02-13 04:03:00
980,PP20190801103,2019-08-01,Chioma Abiola,Female,2348129279012,chioma.abiola93@outlook.com,9233226793,Ikeja Division,Kosofe,22nd,94110.0,install 39 new sprinkler heads per nfpa3.,6.582751,3.419556,Closed,2026-02-13 04:03:00
981,PP20080226348,2008-02-26,Seyi Ojo,Male,2349027475138,seyi.ojo30@yahoo.com,77506645823,Badagry Division,Badagry,48th,94122.0,Water heater pipe leakage soaking utility area,6.420211,2.891452,Closed,2026-02-13 04:03:00
982,PP20160722418,2016-07-22,Ayomide Afolabi,Male,2348064497596,ayomide.afolabi80@gmail.com,89184278048,Ikeja Division,Ifako-Ijaiye,Trumbull,94112.0,Water heater pipe leakage soaking utility area,6.675356,3.329496,Closed,2026-02-13 04:03:00
983,PP20170714017,2017-07-14,Abdulrahman Ibrahim,Male,2349054426946,abdulrahman.ibrahim62@outlook.com,10751240106,Ikeja Division,Oshodi-Isolo,Stockton,94133.0,Cracked underground pipe slowly flooding compound,6.551627,3.306587,Closed,2026-02-13 04:03:00
984,PP20190725871,2019-07-25,Emeka Balogun,Male,2348171874157,emeka.balogun61@gmail.com,69495219810,Badagry Division,Badagry,Turk,94115.0,Water main leakage along roadside causing traffic obstruction,6.413051,2.896338,Closed,2026-02-13 04:03:00
985,PP20180420718,2018-04-20,Tunde Eze,Male,2349067326146,tunde.eze95@gmail.com,87768270057,Lagos Island Division,Lagos Island,Fulton,94121.0,Major pipe burst near primary school disrupting access road,6.460036,3.365296,Closed,2026-02-13 04:03:00
986,PP20100901548,2010-09-01,Opeyemi Eze,Female,2348023150620,opeyemi.eze83@yahoo.com,79008860917,Badagry Division,Ajeromi-Ifelodun,Balboa,94118.0,Open manhole with visible sewage leakage on street,6.473259,3.335247,Closed,2026-02-13 04:03:00
987,PP20120328468,2012-03-28,Yetunde Bamidele,Female,2349076162874,yetunde.bamidele84@outlook.com,74124290542,Lagos Island Division,Lagos Mainland,Annapolis,94118.0,Public tap pipe severely damaged in residential community,6.524213,3.375315,Closed,2026-02-13 04:03:00
988,PP20130726728,2013-07-26,Chisom Eze,Female,2349062001704,chisom.eze39@outlook.com,89761944552,Ikeja Division,Ifako-Ijaiye,Plymouth,94112.0,Water main leakage along roadside causing traffic obstruction,6.681041,3.338075,Closed,2026-02-13 04:03:00
989,PP20091029968,2009-10-29,Olamide Oladipo,Male,2348118160258,olamide.oladipo68@outlook.com,30043663919,Ikorodu Division,Ikorodu,Noriega,94122.0,Underground water pipe burst near hospital entrance,6.611671,3.514571,Closed,2026-02-13 04:03:00
990,PP20170710856,2017-07-10,Opeyemi Bamidele,Female,2348121631259,opeyemi.bamidele47@yahoo.com,37146958136,Badagry Division,Amuwo-Odofin,Sansome,94104.0,Sudden burst water pipe inside bathroom wall causing flooding,6.440283,3.236204,Closed,2026-02-13 04:03:00
991,PP20190815541,2019-08-15,Obinna Ojo,Male,2348117983387,obinna.ojo55@hotmail.com,74438932868,Badagry Division,Ajeromi-Ifelodun,Sutter,94102.0,12 shower pans.,6.460433,3.341924,Closed,2026-02-13 04:03:00
992,PP20191120364,2019-11-20,Chukwudi Okoye,Male,2348171708874,chukwudi.okoye41@hotmail.com,32973923136,Ikeja Division,Mushin,17th,94117.0,"both units. correction inspector corrections to comply with nov 2019799331. reference survey pp20191114173, shower pan",6.536831,3.359731,Closed,2026-02-13 04:03:00
993,PP20081218757,2008-12-18,Emeka Adebisi,Male,2348072430893,emeka.adebisi48@gmail.com,20975275088,Lagos Island Division,Lagos Mainland,Laguna,94115.0,Underground water pipe burst near hospital entrance,6.531651,3.384362,Closed,2026-02-13 04:03:00
994,PP20171010378,2017-10-10,Ayomide Nwosu,Male,2348055046198,ayomide.nwosu66@outlook.com,85537866119,Lagos Island Division,Lagos Mainland,Gates,94110.0,Sewer overflow spreading wastewater near market area,6.517985,3.383519,Closed,2026-02-13 04:03:00
995,PP20140715348,2014-07-15,Tunde Danladi,Male,2348175177000,tunde.danladi29@yahoo.com,13841364704,Ikeja Division,Agege,Cityview,94131.0,install overhead fire sprinkler system.,6.623504,3.343543,Closed,2026-02-13 04:03:00
996,PP20180306363,2018-03-06,Emeka Owolabi,Male,2348063709208,emeka.owolabi91@yahoo.com,32690571505,Epe Division,Ibeju-Lekki,Edinburgh,94112.0,"1st floor - add a powder, laundry room. 2nd floor - add powder room. remodel (e) full bath & kitchen.",6.481889,3.592083,Closed,2026-02-13 04:03:00
997,PP20090220373,2009-02-20,Ayomide Abiola,Male,2348128670410,ayomide.abiola94@hotmail.com,54647154916,Ikeja Division,Oshodi-Isolo,Greenwich,94123.0,Toilet overflow due to heavily blocked drain system,6.557114,3.318802,Closed,2026-02-13 04:03:00
998,PP20121102787,2012-11-02,Abdulrahman Bamidele,Male,2348056011322,abdulrahman.bamidele43@yahoo.com,35431642579,Epe Division,Epe,Cayuga,94112.0,Bathroom floor drain completely clogged with wastewater backup,6.583735,3.974781,Closed,2026-02-13 04:03:00
999,PP20170531811,2017-05-31,Opeyemi Yakubu,Female,2348124264323,opeyemi.yakubu20@outlook.com,91932697739,Lagos Island Division,Eti-Osa,Judah,94122.0,Persistent dripping tap in kitchen wasting water daily,6.431469,3.414451,Closed,2026-02-13 04:03:00
1000,PP20181107447,2018-11-07,Ifeanyi Adeyemi,Male,2348141021001,ifeanyi.adeyemi52@yahoo.com,15272188821,Ikeja Division,Agege,03rd,94124.0,Persistent dripping tap in kitchen wasting water daily,6.608748,3.334555,Closed,2026-02-13 04:03:00
1001,PP20151006553,2015-10-06,Chisom Mohammed,Female,2349084875094,chisom.mohammed17@outlook.com,31790158944,Lagos Island Division,Surulere,12th,94122.0,Minor kitchen sink pipe leakage under cabinet,6.488976,3.35772,Closed,2026-02-13 04:03:00
1002,PP20130320221,2013-03-20,Obinna Oladipo,Male,2348026977614,obinna.oladipo81@outlook.com,27591439837,Ikorodu Division,Ikorodu,Ulloa,94127.0,Public tap pipe severely damaged in residential community,6.600464,3.512633,Closed,2026-02-13 04:03:00
1003,PP20101215792,2010-12-15,Bola Abiola,Female,2349034983771,bola.abiola74@outlook.com,4825955362,Badagry Division,Badagry,Broderick,94117.0,Minor kitchen sink pipe leakage under cabinet,6.415012,2.876829,Closed,2026-02-13 04:03:00
1004,PP20180814960,2018-08-14,Kelechi Eze,Male,2348084193608,kelechi.eze61@outlook.com,59421070440,Ikorodu Division,Ikorodu,Van Ness,94109.0,Toilet overflow due to heavily blocked drain system,6.625992,3.519876,Closed,2026-02-13 04:03:00
1005,PP20120210391,2012-02-10,Opeyemi Balogun,Female,2349090467131,opeyemi.balogun62@hotmail.com,84856614132,Badagry Division,Ojo,Dellbrook,94131.0,Blocked drainage channel causing street-level flooding,6.444924,3.175373,Closed,2026-02-13 04:03:00
1006,PP20111021910,2011-10-21,Obinna Nnamdi,Male,2348065513301,obinna.nnamdi57@yahoo.com,54016803244,Badagry Division,Ajeromi-Ifelodun,21st,94122.0,Sewer overflow spreading wastewater near market area,6.459009,3.323901,Closed,2026-02-13 04:03:00
1007,PP20080821586,2008-08-21,Yetunde Yakubu,Female,2348162475256,yetunde.yakubu25@yahoo.com,99143000728,Ikorodu Division,Ikorodu,Gaviota,94127.0,Sewer overflow spreading wastewater near market area,6.627695,3.508562,Closed,2026-02-13 04:03:00
1008,PP20090107193,2009-01-07,Ngozi Okafor,Female,2348089502633,ngozi.okafor37@hotmail.com,91883330453,Ikeja Division,Kosofe,Waller,94117.0,redo existing kitchen and add a new laundry,6.580655,3.396661,Open,2026-02-13 04:03:00
1009,PP20180807762,2018-08-07,Chisom Ojo,Female,2349068182530,chisom.ojo60@gmail.com,72867681317,Lagos Island Division,Eti-Osa,Lakeview,94112.0,Sewer overflow spreading wastewater near market area,6.439454,3.409507,Closed,2026-02-13 04:03:00
1010,PP20180427934,2018-04-27,Uche Yakubu,Male,2348115716511,uche.yakubu34@yahoo.com,17565830897,Ikeja Division,Ikeja,Fillmore,94115.0,Bathroom floor drain completely clogged with wastewater backup,6.602399,3.354274,Closed,2026-02-13 04:03:00
1011,PP20140512622,2014-05-12,Kelechi Ekanem,Male,2348063276129,kelechi.ekanem35@yahoo.com,9593128461,Epe Division,Epe,Jones,94109.0,High-pressure pipe burst affecting multiple residential buildings,6.597607,3.970512,Closed,2026-02-13 04:03:00
1012,PP20120104491,2012-01-04,Seyi Adeyemi,Male,2349084127311,seyi.adeyemi47@hotmail.com,72078706637,Epe Division,Ibeju-Lekki,Seal Rock,94121.0,replace plumbing fixture for shower same location.,6.439805,3.586838,Closed,2026-02-13 04:03:00
1013,PP20141118909,2014-11-18,Uche Danladi,Male,2349057631838,uche.danladi76@outlook.com,43413976766,Ikeja Division,Mushin,Egbert,94124.0,Minor kitchen sink pipe leakage under cabinet,6.545305,3.366989,Closed,2026-02-13 04:03:00
1014,PP20131209547,2013-12-09,Femi Nnamdi,Male,2349046415652,femi.nnamdi15@yahoo.com,61201951078,Badagry Division,Amuwo-Odofin,41st,94122.0,Severe shower pipe rupture flooding entire bathroom,6.452097,3.245084,Open,2026-02-13 04:03:00
1015,PP20080805072,2008-08-05,Chioma Ajayi,Female,2348127248466,chioma.ajayi73@yahoo.com,62039221924,Epe Division,Epe,20th,94132.0,sewer line addition.,6.592071,3.973865,Closed,2026-02-13 04:03:00
1016,PP20181105349,2018-11-05,Yetunde Eze,Female,2349041466305,yetunde.eze89@hotmail.com,30009888933,Ikeja Division,Mushin,Alta,94133.0,new shower pan and move toilet and sink,6.532064,3.359655,Closed,2026-02-13 04:03:00
1017,PP20180605024,2018-06-05,Ngozi Umeh,Female,2348172431646,ngozi.umeh22@gmail.com,96292350243,Lagos Island Division,Apapa,Kennedy,94124.0,Public tap pipe severely damaged in residential community,6.459402,3.386597,Closed,2026-02-13 04:03:00
1018,PP20160111892,2016-01-11,Zainab Umeh,Female,2348113489344,zainab.umeh47@hotmail.com,78787906809,Epe Division,Epe,Page,94117.0,Toilet overflow due to heavily blocked drain system,6.587924,3.97851,Closed,2026-02-13 04:03:00
1019,PP20190906143,2019-09-06,Chisom Ogunleye,Female,2348103364555,chisom.ogunleye23@gmail.com,9147793668,Ikeja Division,Oshodi-Isolo,Wool,94110.0,Underground water pipe burst near hospital entrance,6.553344,3.290409,Closed,2026-02-13 04:03:00
1020,PP20180510318,2018-05-10,Femi Okoye,Male,2349094487367,femi.okoye86@gmail.com,82744759903,Badagry Division,Ojo,Laguna,94102.0,sewer repair at rear of building.,6.454053,3.178907,Closed,2026-02-13 04:03:00
1021,PP20140514746,2014-05-14,Ayomide Akinyemi,Male,2348114239594,ayomide.akinyemi82@yahoo.com,84390872803,Ikeja Division,Alimosho,Dolores,94110.0,full installation of fire sprinkler,6.603759,3.296524,Closed,2026-02-13 04:03:00
1022,PP20151020878,2015-10-20,Opeyemi Afolabi,Female,2348112156402,opeyemi.afolabi15@gmail.com,43384065839,Epe Division,Epe,Hollister,94124.0,Water main leakage along roadside causing traffic obstruction,6.575776,3.99481,Closed,2026-02-13 04:03:00
1023,PP20170621430,2017-06-21,Kelechi Ekanem,Male,2348053954058,kelechi.ekanem46@gmail.com,59638002840,Epe Division,Epe,Pine,94115.0,Underground water pipe burst near hospital entrance,6.584002,3.983507,Closed,2026-02-13 04:03:00
1024,PP20190419061,2019-04-19,Oluwaseun Adebisi,Male,2348197728729,oluwaseun.adebisi62@yahoo.com,45362456914,Epe Division,Ibeju-Lekki,El Camino Del Mar,94121.0,Bathroom floor drain completely clogged with wastewater backup,6.466721,3.586552,Closed,2026-02-13 04:03:00
1025,PP20090806183,2009-08-06,Aisha Chukwu,Female,2349042483522,aisha.chukwu87@hotmail.com,66270323873,Lagos Island Division,Surulere,Amber,94131.0,Sewer overflow spreading wastewater near market area,6.505151,3.352129,Closed,2026-02-13 04:03:00
1026,PP20080829061,2008-08-29,Yetunde Abiola,Female,2348077727729,yetunde.abiola43@yahoo.com,70791552417,Ikorodu Division,Ikorodu,Harbor,94124.0,Sewer overflow spreading wastewater near market area,6.612819,3.507463,Closed,2026-02-13 04:03:00
1027,PP20161005528,2016-10-05,Amaka Ogunleye,Female,2349091918656,amaka.ogunleye72@gmail.com,74673146333,Ikorodu Division,Ikorodu,Lombard,94109.0,Toilet overflow due to heavily blocked drain system,6.605941,3.502307,Closed,2026-02-13 04:03:00
1028,PP20110329082,2011-03-29,Uche Balogun,Male,2349070722533,uche.balogun90@yahoo.com,88977607300,Ikeja Division,Agege,Folsom,94110.0,install one tub.,6.610738,3.344744,Closed,2026-02-13 04:03:00
1029,PP20180202463,2018-02-02,Ayomide Owolabi,Male,2348069872000,ayomide.owolabi87@hotmail.com,22907335887,Ikorodu Division,Ikorodu,Valencia,94110.0,Sudden burst water pipe inside bathroom wall causing flooding,6.622026,3.512436,Closed,2026-02-13 04:03:00
1030,PP20080527017,2008-05-27,Chisom Ogunleye,Female,2349035327758,chisom.ogunleye26@gmail.com,9912449711,Ikeja Division,Oshodi-Isolo,Sanchez,94114.0,Persistent dripping tap in kitchen wasting water daily,6.562109,3.306726,Closed,2026-02-13 04:03:00
1031,PP20080221221,2008-02-21,Ijeoma Eze,Female,2348120750346,ijeoma.eze39@outlook.com,70814247758,Lagos Island Division,Lagos Mainland,20th,94116.0,Major pipe burst near primary school disrupting access road,6.528305,3.378168,Closed,2026-02-13 04:03:00
1032,PP20140227551,2014-02-27,Femi Adebisi,Male,2349078598372,femi.adebisi16@gmail.com,61070780647,Ikeja Division,Agege,Castro,94114.0,Water heater pipe leakage soaking utility area,6.618154,3.330172,Open,2026-02-13 04:03:00
1033,PP20130530156,2013-05-30,Chinedu Okoye,Male,2348069358504,chinedu.okoye55@outlook.com,31667852429,Ikeja Division,Agege,Van Ness,94109.0,Underground water pipe burst near hospital entrance,6.591112,3.334657,Closed,2026-02-13 04:03:00
1034,PP20190624018,2019-06-24,Tunde Abiola,Male,2348114527933,tunde.abiola45@yahoo.com,84696693323,Ikeja Division,Oshodi-Isolo,Clipper,94114.0,High-pressure pipe burst affecting multiple residential buildings,6.567827,3.317362,Closed,2026-02-13 04:03:00
1035,PP20150210909,2015-02-10,Adebayo Adebisi,Male,2348134987648,adebayo.adebisi29@hotmail.com,84530665397,Badagry Division,Amuwo-Odofin,Union,94133.0,Sudden burst water pipe inside bathroom wall causing flooding,6.459654,3.262361,Closed,2026-02-13 04:03:00
1036,PP20121129422,2012-11-29,Uche Oladipo,Male,2348119913704,uche.oladipo90@hotmail.com,70871839519,Ikeja Division,Alimosho,05th,94103.0,Severe shower pipe rupture flooding entire bathroom,6.609887,3.296973,Closed,2026-02-13 04:03:00
1037,PP20140731859,2014-07-31,Abdulrahman Danladi,Male,2349071179867,abdulrahman.danladi34@outlook.com,31884220723,Badagry Division,Amuwo-Odofin,Van Ness,94102.0,Persistent dripping tap in kitchen wasting water daily,6.443823,3.246839,Open,2026-02-13 04:03:00
1038,PP20150602173,2015-06-02,Ijeoma Ogunleye,Female,2349040312289,ijeoma.ogunleye58@gmail.com,17210911300,Ikeja Division,Mushin,Waller,94117.0,"fire sprinkler, new system - 6 heads",6.533458,3.366639,Closed,2026-02-13 04:03:00
1039,PP20171220372,2017-12-20,Opeyemi Adebisi,Female,2348173122675,opeyemi.adebisi36@outlook.com,54057422188,Ikeja Division,Agege,Regent,94112.0,Bathroom floor drain completely clogged with wastewater backup,6.614106,3.331498,Closed,2026-02-13 04:03:00
1040,PP20120531995,2012-05-31,Adaeze Abiola,Female,2349035097041,adaeze.abiola55@outlook.com,60031210269,Lagos Island Division,Surulere,Divisadero,94115.0,Water pipeline rupture near highway causing erosion,6.496905,3.366812,Closed,2026-02-13 04:03:00
1041,PP20140829679,2014-08-29,Abdulrahman Abiola,Male,2348088431257,abdulrahman.abiola54@yahoo.com,89875077895,Badagry Division,Badagry,29th,94116.0,Water main leakage along roadside causing traffic obstruction,6.400561,2.862038,Closed,2026-02-13 04:03:00
1042,PP20080924162,2008-09-24,Seyi Ekanem,Male,2348167449265,seyi.ekanem23@yahoo.com,25767274632,Ikeja Division,Oshodi-Isolo,Los Palmos,94127.0,Sewer overflow spreading wastewater near market area,6.548095,3.295893,Closed,2026-02-13 04:03:00
1043,PP20080908409,2008-09-08,Kunle Balogun,Male,2348170355259,kunle.balogun57@hotmail.com,58382548513,Badagry Division,Badagry,18th,94122.0,Bathroom floor drain completely clogged with wastewater backup,6.409919,2.883522,Closed,2026-02-13 04:03:00
1044,PP20120510511,2012-05-10,Obinna Balogun,Male,2348088813837,obinna.balogun94@hotmail.com,48089003510,Ikorodu Division,Ikorodu,Stanyan,94118.0,Sudden burst water pipe inside bathroom wall causing flooding,6.614868,3.525025,Closed,2026-02-13 04:03:00
1045,PP20101007396,2010-10-07,Femi Danladi,Male,2349092289709,femi.danladi24@yahoo.com,37540269245,Badagry Division,Ajeromi-Ifelodun,29th,94121.0,new fire sprinklers on basement thru 3rd floor.,6.469967,3.336305,Closed,2026-02-13 04:03:00
1046,PP20160310640,2016-03-10,Chioma Nnamdi,Female,2349012127569,chioma.nnamdi98@outlook.com,82518868390,Ikeja Division,Mushin,28th,94122.0,Toilet overflow due to heavily blocked drain system,6.533522,3.343212,Closed,2026-02-13 04:03:00
1047,PP20150209868,2015-02-09,Ifeanyi Abiola,Male,2348179502098,ifeanyi.abiola63@outlook.com,1921372310,Ikeja Division,Ifako-Ijaiye,Noriega,94122.0,Water pipeline rupture near highway causing erosion,6.680191,3.327842,Closed,2026-02-13 04:03:00
1048,PP20181203097,2018-12-03,Seyi Yakubu,Male,2348114388242,seyi.yakubu84@hotmail.com,76917926028,Ikorodu Division,Ikorodu,Montgomery,94104.0,Flooding due to collapsed drainage system after rainfall,6.626105,3.499781,Closed,2026-02-13 04:03:00
1049,PP20110705350,2011-07-05,Seyi Abiola,Male,2349091091772,seyi.abiola64@gmail.com,30509012175,Ikeja Division,Oshodi-Isolo,22nd,94114.0,Water heater pipe leakage soaking utility area,6.538062,3.316279,Closed,2026-02-13 04:03:00
1050,PP20081007783,2008-10-07,Amaka Ojo,Female,2349066182121,amaka.ojo81@yahoo.com,5082001506,Ikorodu Division,Ikorodu,23rd,94121.0,Bathroom floor drain completely clogged with wastewater backup,6.623164,3.501479,Closed,2026-02-13 04:03:00
1051,PP20160624580,2016-06-24,Amaka Chukwu,Female,2348177424765,amaka.chukwu79@hotmail.com,36333997179,Lagos Island Division,Lagos Mainland,Golden Gate,94118.0,"renew permit pp20150305572, previous work descr: new plumbing throughout: 1 sump pump, new u/g plumbing, new radiant heating system, new fixtures including (e) . kitchen & all bathrooms - 2 shower pans.",6.515703,3.390454,Closed,2026-02-13 04:03:00
1052,PP20190417984,2019-04-17,Ngozi Ibrahim,Female,2348160900977,ngozi.ibrahim57@hotmail.com,6653401961,Epe Division,Epe,Clay,94109.0,Sewer overflow spreading wastewater near market area,6.572106,4.000027,Closed,2026-02-13 04:03:00
1053,PP20190722744,2019-07-22,Kunle Afolabi,Male,2348166530803,kunle.afolabi21@yahoo.com,76973060684,Badagry Division,Badagry,Howard,94103.0,Bathroom floor drain completely clogged with wastewater backup,6.405994,2.891384,Closed,2026-02-13 04:03:00
1054,PP20130306841,2013-03-06,Uche Akinyemi,Male,2348056443043,uche.akinyemi86@outlook.com,10737122388,Epe Division,Epe,23rd,94121.0,Water heater pipe leakage soaking utility area,6.580714,3.989632,Closed,2026-02-13 04:03:00
1055,PP20160330225,2016-03-30,Abdulrahman Ekanem,Male,2348169717032,abdulrahman.ekanem70@yahoo.com,46801526497,Lagos Island Division,Apapa,Mission,94110.0,Underground water pipe burst near hospital entrance,6.443359,3.357372,Closed,2026-02-13 04:03:00
1056,PP20170922942,2017-09-22,Kelechi Afolabi,Male,2348074437230,kelechi.afolabi96@gmail.com,8954738407,Badagry Division,Ajeromi-Ifelodun,Lombard,94123.0,Blocked drainage channel causing street-level flooding,6.467109,3.323278,Closed,2026-02-13 04:03:00
1057,PP20140214225,2014-02-14,Chukwudi Danladi,Male,2348090160255,chukwudi.danladi90@gmail.com,84458412928,Lagos Island Division,Lagos Mainland,03rd,94122.0,High-pressure pipe burst affecting multiple residential buildings,6.531808,3.374068,Closed,2026-02-13 04:03:00
1058,PP20191016340,2019-10-16,Emeka Adebisi,Male,2349051159466,emeka.adebisi69@gmail.com,75491897458,Lagos Island Division,Lagos Island,Fulton,94118.0,Water main leakage along roadside causing traffic obstruction,6.451814,3.384757,Closed,2026-02-13 04:03:00
1059,PP20130816374,2013-08-16,Zainab Owolabi,Female,2349047954363,zainab.owolabi80@gmail.com,3484427673,Badagry Division,Ojo,23rd,94121.0,2nd floor: remodel hall bath & add one full bath. 3rd floor: remodel master bathroom. 2 shower pans.,6.435377,3.18109,Closed,2026-02-13 04:03:00
1060,PP20160419753,2016-04-19,Ngozi Afolabi,Female,2349044002211,ngozi.afolabi87@gmail.com,79303497959,Ikorodu Division,Ikorodu,West Point,94124.0,"install on site storm drain, including area drains, drop inlets and catch bargains, approx 850 lf of storm drain total",6.643526,3.518346,Closed,2026-02-13 04:03:00
1061,PP20080424092,2008-04-24,Emeka Adebisi,Male,2348080545460,emeka.adebisi90@yahoo.com,42355517753,Epe Division,Epe,Northgate,94127.0,Severe shower pipe rupture flooding entire bathroom,6.583807,3.980971,Closed,2026-02-13 04:03:00
1062,PP20170125440,2017-01-25,Chinedu Danladi,Male,2348152506329,chinedu.danladi57@outlook.com,15592137424,Badagry Division,Ajeromi-Ifelodun,Howard,94103.0,"1st floor, 6 bathrooms: install shower valves and p-traps, also work that is referenced in n.o.v # 201649621",6.466925,3.338771,Closed,2026-02-13 04:03:00
1063,PP20150706033,2015-07-06,Ijeoma Okafor,Female,2349080704975,ijeoma.okafor58@yahoo.com,87963182562,Lagos Island Division,Surulere,Valmar,94112.0,Flooding due to collapsed drainage system after rainfall,6.485092,3.371943,Closed,2026-02-13 04:03:00
1064,PP20130723614,2013-07-23,Chinedu Umeh,Male,2349067555471,chinedu.umeh67@gmail.com,22226435712,Lagos Island Division,Apapa,Parker,94118.0,Bathroom floor drain completely clogged with wastewater backup,6.455954,3.366182,Closed,2026-02-13 04:03:00
1065,PP20090306703,2009-03-06,Ngozi Bamidele,Female,2349063042364,ngozi.bamidele82@yahoo.com,16149877201,Badagry Division,Ojo,Anza,94121.0,job location: work for ground floor & unit 3135 anza street; remove bath tub & toilet at ground floor. add bath at unit 3135 anza street.,6.465385,3.183196,Closed,2026-02-13 04:03:00
1066,PP20161227732,2016-12-27,Kelechi Eze,Male,2348163059560,kelechi.eze70@yahoo.com,63940185648,Ikeja Division,Oshodi-Isolo,Mcallister,94115.0,to comply with physical inspection report cc-7478.,6.560329,3.314018,Closed,2026-02-13 04:03:00
1067,PP20110111302,2011-01-11,Chioma Adebisi,Female,2348163895135,chioma.adebisi48@yahoo.com,94598434440,Ikeja Division,Kosofe,Winfield,94110.0,Water heater pipe leakage soaking utility area,6.57976,3.410964,Closed,2026-02-13 04:03:00
1068,PP20090803096,2009-08-03,Chisom Oladipo,Female,2348069625322,chisom.oladipo36@hotmail.com,44037365487,Lagos Island Division,Lagos Mainland,Joost,94127.0,Underground water pipe burst near hospital entrance,6.525419,3.39469,Closed,2026-02-13 04:03:00
1069,PP20140902718,2014-09-02,Opeyemi Eze,Female,2348161290283,opeyemi.eze40@outlook.com,49686294887,Ikeja Division,Kosofe,Greenwich,94123.0,replace underground in residence sanitary sewer. install new residential sanitary sewer and domestic water system.,6.570909,3.402025,Closed,2026-02-13 04:03:00
1070,PP20140521891,2014-05-21,Adaeze Umeh,Female,2348172704064,adaeze.umeh97@outlook.com,56607569916,Ikeja Division,Oshodi-Isolo,Broadway,94123.0,Major pipe burst near primary school disrupting access road,6.555248,3.308609,Closed,2026-02-13 04:03:00
1071,PP20190318081,2019-03-18,Adaeze Adebisi,Female,2349010602556,adaeze.adebisi63@yahoo.com,74052486758,Ikeja Division,Alimosho,O'farrell,94115.0,Persistent dripping tap in kitchen wasting water daily,6.610733,3.29744,Closed,2026-02-13 04:03:00
1072,PP20090703451,2009-07-03,Chisom Ibrahim,Female,2348130615749,chisom.ibrahim20@yahoo.com,20937568163,Ikeja Division,Alimosho,Masonic,94117.0,Toilet overflow due to heavily blocked drain system,6.606768,3.309899,Closed,2026-02-13 04:03:00
1073,PP20110906793,2011-09-06,Chinedu Nnamdi,Male,2349027737442,chinedu.nnamdi44@hotmail.com,67167094815,Ikeja Division,Alimosho,Lawrence,94112.0,Low water pressure affecting entire household supply,6.592991,3.286715,Closed,2026-02-13 04:03:00
1074,PP20170123381,2017-01-23,Chukwudi Adeyemi,Male,2349068800940,chukwudi.adeyemi52@gmail.com,12543629681,Epe Division,Epe,Great,94122.0,Bathroom floor drain completely clogged with wastewater backup,6.582967,3.967168,Closed,2026-02-13 04:03:00
1075,PP20160428047,2016-04-28,Temitope Owolabi,Female,2349030113718,temitope.owolabi49@gmail.com,40614003667,Lagos Island Division,Lagos Island,Mississippi,94107.0,Water pipeline rupture near highway causing erosion,6.452341,3.411315,Closed,2026-02-13 04:03:00
1076,PP20191203672,2019-12-03,Abdulrahman Okoye,Male,2348178109981,abdulrahman.okoye96@yahoo.com,83199287529,Lagos Island Division,Eti-Osa,Ora,94131.0,replace e boiler serial #0507238600 with a new boiler 399k btu at roof,6.433309,3.424207,Closed,2026-02-13 04:03:00
1077,PP20120716045,2012-07-16,Kunle Ogunleye,Male,2349072009165,kunle.ogunleye51@outlook.com,71338763607,Badagry Division,Ojo,48th,94122.0,"ground floor #b - remodel shower, change toilet, vanity",6.448398,3.176836,Closed,2026-02-13 04:03:00
1078,PP20111107289,2011-11-07,Femi Owolabi,Male,2348181310239,femi.owolabi12@yahoo.com,78809605412,Ikeja Division,Ifako-Ijaiye,Gough,94102.0,Water main leakage along roadside causing traffic obstruction,6.666048,3.325423,Closed,2026-02-13 04:03:00
1079,PP20090319030,2009-03-19,Femi Oladipo,Male,2349044697864,femi.oladipo87@outlook.com,71326735267,Epe Division,Ibeju-Lekki,42nd,94121.0,Severe shower pipe rupture flooding entire bathroom,6.482816,3.590577,Closed,2026-02-13 04:03:00
1080,PP20140926453,2014-09-26,Kunle Owolabi,Male,2349087989753,kunle.owolabi94@hotmail.com,63989751968,Badagry Division,Ajeromi-Ifelodun,Leavenworth,94109.0,Persistent dripping tap in kitchen wasting water daily,6.455585,3.335765,Closed,2026-02-13 04:03:00
1081,PP20180503104,2018-05-03,Femi Mohammed,Male,2349088998922,femi.mohammed30@gmail.com,88850546709,Ikeja Division,Ikeja,10th,94103.0,"install new fire sprinkler system. per nfpa 13 included 2"" underground fire service.",6.606782,3.362901,Closed,2026-02-13 04:03:00
1082,PP20110616952,2011-06-16,Bola Ekanem,Female,2348135554416,bola.ekanem86@gmail.com,33036531678,Lagos Island Division,Eti-Osa,O'farrell,94109.0,common area -to comply with nov#20033980.,6.448905,3.411749,Closed,2026-02-13 04:03:00
1083,PP20130620808,2013-06-20,Ayomide Yakubu,Male,2348143273370,ayomide.yakubu62@hotmail.com,83245725468,Ikorodu Division,Ikorodu,Broad,94112.0,Major pipe burst near primary school disrupting access road,6.611291,3.497924,Closed,2026-02-13 04:03:00
1084,PP20130522962,2013-05-22,Ngozi Eze,Female,2349086157459,ngozi.eze55@gmail.com,65893075549,Epe Division,Ibeju-Lekki,Sansome,94111.0,Major pipe burst near primary school disrupting access road,6.46766,3.589664,Closed,2026-02-13 04:03:00
1085,PP20130726754,2013-07-26,Amaka Afolabi,Female,2348105888582,amaka.afolabi47@gmail.com,25065427388,Lagos Island Division,Eti-Osa,York,94110.0,Water heater pipe leakage soaking utility area,6.442973,3.42114,Closed,2026-02-13 04:03:00
1086,PP20090318976,2009-03-18,Abdulrahman Akinyemi,Male,2349041735540,abdulrahman.akinyemi97@yahoo.com,46553979240,Badagry Division,Amuwo-Odofin,Hampshire,94110.0,Water heater pipe leakage soaking utility area,6.446802,3.251518,Closed,2026-02-13 04:03:00
1087,PP20090629339,2009-06-29,Ijeoma Ojo,Female,2348099709635,ijeoma.ojo20@gmail.com,8386978067,Ikeja Division,Kosofe,Lombard,94133.0,Public tap pipe severely damaged in residential community,6.574949,3.437595,Closed,2026-02-13 04:03:00
1088,PP20121010199,2012-10-10,Yetunde Ekanem,Female,2348114741316,yetunde.ekanem54@hotmail.com,19802803955,Epe Division,Ibeju-Lekki,Funston,94122.0,Underground water pipe burst near hospital entrance,6.453923,3.586847,Closed,2026-02-13 04:03:00
1089,PP20130605353,2013-06-05,Chisom Afolabi,Female,2349062600854,chisom.afolabi53@yahoo.com,39999044223,Ikeja Division,Agege,Greenwich,94133.0,Major pipe burst near primary school disrupting access road,6.635736,3.336068,Closed,2026-02-13 04:03:00
1090,PP20150916021,2015-09-16,Kunle Okafor,Male,2348155504832,kunle.okafor90@yahoo.com,22268079087,Epe Division,Epe,Prague,94112.0,Public tap pipe severely damaged in residential community,6.5821,3.980026,Closed,2026-02-13 04:03:00
1091,PP20160125311,2016-01-25,Aisha Afolabi,Female,2348191236578,aisha.afolabi70@yahoo.com,55967609338,Badagry Division,Ojo,Friedell,94124.0,Public tap pipe severely damaged in residential community,6.459196,3.196728,Closed,2026-02-13 04:03:00
1092,PP20180724399,2018-07-24,Aisha Danladi,Female,2348175631883,aisha.danladi21@yahoo.com,82845623407,Badagry Division,Amuwo-Odofin,Athens,94112.0,"kitchen remodel, relocate kitchen sink and gas line for stove.",6.427881,3.265334,Closed,2026-02-13 04:03:00
1093,PP20191010224,2019-10-10,Ngozi Chukwu,Female,2348142952030,ngozi.chukwu18@outlook.com,61684540564,Lagos Island Division,Eti-Osa,09th,94103.0,Sewer overflow spreading wastewater near market area,6.41886,3.419233,Open,2026-02-13 04:03:00
1094,PP20190614719,2019-06-14,Amaka Mohammed,Female,2348032793398,amaka.mohammed83@outlook.com,25699862067,Ikeja Division,Kosofe,Lombard,94123.0,Flooding due to collapsed drainage system after rainfall,6.579008,3.422586,Closed,2026-02-13 04:03:00
1095,PP20151118671,2015-11-18,Oluwaseun Nnamdi,Male,2348091233979,oluwaseun.nnamdi11@hotmail.com,4796135662,Ikeja Division,Kosofe,Sansome,94111.0,shower pan.,6.567319,3.421322,Closed,2026-02-13 04:03:00
1096,PP20150710173,2015-07-10,Uche Umeh,Male,2349095289784,uche.umeh52@yahoo.com,76393341857,Ikeja Division,Agege,Lexington,94110.0,Severe shower pipe rupture flooding entire bathroom,6.635743,3.322368,Closed,2026-02-13 04:03:00
1097,PP20100726690,2010-07-26,Obinna Okafor,Male,2348053488265,obinna.okafor61@outlook.com,5570425892,Ikeja Division,Ifako-Ijaiye,Cook,94118.0,Bathroom floor drain completely clogged with wastewater backup,6.671697,3.32198,Closed,2026-02-13 04:03:00
1098,PP20181116723,2018-11-16,Femi Oladipo,Male,2349034916315,femi.oladipo40@yahoo.com,88013616496,Badagry Division,Ojo,Scott,94123.0,Water main leakage along roadside causing traffic obstruction,6.465259,3.183191,Closed,2026-02-13 04:03:00
1099,PP20171113333,2017-11-13,Uche Eze,Male,2348141916069,uche.eze73@outlook.com,88226444835,Lagos Island Division,Apapa,Eddy,94109.0,Cracked underground pipe slowly flooding compound,6.442385,3.363879,Closed,2026-02-13 04:03:00
1100,PP20120822988,2012-08-22,Seyi Chukwu,Male,2349040560860,seyi.chukwu53@hotmail.com,56158217074,Ikeja Division,Oshodi-Isolo,Daniel Burnham,94116.45960559796,Flooding due to collapsed drainage system after rainfall,6.571643,3.306191,Closed,2026-02-13 04:03:00
1101,PP20190215185,2019-02-15,Ngozi Mohammed,Female,2348054310363,ngozi.mohammed11@outlook.com,88304689885,Epe Division,Epe,Laidley,94131.0,Toilet overflow due to heavily blocked drain system,6.591198,3.970667,Closed,2026-02-13 04:03:00
1102,PP20130716456,2013-07-16,Seyi Ojo,Male,2348117740815,seyi.ojo41@hotmail.com,14254909914,Ikorodu Division,Ikorodu,Andover,94110.0,Minor kitchen sink pipe leakage under cabinet,6.609836,3.515224,Closed,2026-02-13 04:03:00
1103,PP20191210838,2019-12-10,Kunle Ajayi,Male,2348124972559,kunle.ajayi64@yahoo.com,50620669253,Epe Division,Ibeju-Lekki,18th,94114.0,High-pressure pipe burst affecting multiple residential buildings,6.484841,3.588556,Open,2026-02-13 04:03:00
1104,PP20150529085,2015-05-29,Olamide Ogunleye,Male,2349026348593,olamide.ogunleye96@outlook.com,38658238368,Epe Division,Epe,Fell,94117.0,Open manhole with visible sewage leakage on street,6.580869,3.983593,Closed,2026-02-13 04:03:00
1105,PP20081211485,2008-12-11,Adaeze Okoye,Female,2349078941574,adaeze.okoye78@outlook.com,38632526062,Ikeja Division,Kosofe,Rondel,94110.0,Bathroom floor drain completely clogged with wastewater backup,6.570796,3.422745,Closed,2026-02-13 04:03:00
1106,PP20090303599,2009-03-03,Chinedu Ekanem,Male,2348197807913,chinedu.ekanem89@hotmail.com,85685915516,Lagos Island Division,Lagos Island,43rd,94121.0,Septic tank backflow causing strong sewage odor indoors,6.462923,3.390179,Closed,2026-02-13 04:03:00
1107,PP20160926301,2016-09-26,Tunde Eze,Male,2348171192736,tunde.eze33@gmail.com,89345078035,Badagry Division,Ajeromi-Ifelodun,Grove,94117.0,Underground water pipe burst near hospital entrance,6.462,3.335959,Closed,2026-02-13 04:03:00
1108,PP20141007773,2014-10-07,Chukwudi Bamidele,Male,2348149292155,chukwudi.bamidele67@hotmail.com,90267740074,Badagry Division,Ojo,Divisadero,94117.0,Underground water pipe burst near hospital entrance,6.456633,3.182339,Closed,2026-02-13 04:03:00
1109,PP20081217709,2008-12-17,Temitope Danladi,Female,2348196327187,temitope.danladi37@yahoo.com,80139637646,Ikeja Division,Oshodi-Isolo,Rivera,94116.0,Underground water pipe burst near hospital entrance,6.574597,3.30563,Closed,2026-02-13 04:03:00
1110,PP20181217563,2018-12-17,Chioma Abiola,Female,2348187231135,chioma.abiola34@outlook.com,72213331692,Ikorodu Division,Ikorodu,Precita,94110.0,Low water pressure affecting entire household supply,6.615817,3.504025,Closed,2026-02-13 04:03:00
1111,PP20101231075,2010-12-31,Bola Adebisi,Female,2349040905226,bola.adebisi47@outlook.com,90148352817,Ikeja Division,Agege,Grove,94117.0,Blocked drainage channel causing street-level flooding,6.622942,3.334188,Closed,2026-02-13 04:03:00
1112,PP20110315688,2011-03-15,Amaka Danladi,Female,2348150092709,amaka.danladi95@yahoo.com,27237938850,Ikeja Division,Ikeja,Edgar,94112.0,Water heater pipe leakage soaking utility area,6.595306,3.364713,Closed,2026-02-13 04:03:00
1113,PP20130110322,2013-01-10,Seyi Akinyemi,Male,2348153839762,seyi.akinyemi54@hotmail.com,88687886516,Lagos Island Division,Lagos Mainland,Sutter,94102.0,Sewer overflow spreading wastewater near market area,6.538596,3.373196,Closed,2026-02-13 04:03:00
1114,PP20111206906,2011-12-06,Ngozi Balogun,Female,2349066921806,ngozi.balogun41@gmail.com,5561313211,Lagos Island Division,Apapa,Bush,94109.0,Major pipe burst near primary school disrupting access road,6.430135,3.369075,Closed,2026-02-13 04:03:00
1115,PP20180613275,2018-06-13,Adebayo Mohammed,Male,2349031176649,adebayo.mohammed83@gmail.com,29363632727,Lagos Island Division,Eti-Osa,Spruce,94118.0,bathroom and kitchen remodel.,6.426254,3.429806,Closed,2026-02-13 04:03:00
1116,PP20161216534,2016-12-16,Opeyemi Okoye,Female,2348101140535,opeyemi.okoye73@hotmail.com,12325897319,Ikeja Division,Ikeja,Ellis,94109.0,Severe shower pipe rupture flooding entire bathroom,6.582099,3.360426,Closed,2026-02-13 04:03:00
1117,PP20080425183,2008-04-25,Tunde Ajayi,Male,2349062760563,tunde.ajayi16@yahoo.com,3412327185,Ikorodu Division,Ikorodu,Tiffany,94110.0,Open manhole with visible sewage leakage on street,6.607288,3.517808,Closed,2026-02-13 04:03:00
1118,PP20151202958,2015-12-02,Oluwaseun Eze,Male,2348039860723,oluwaseun.eze79@gmail.com,7953510574,Ikeja Division,Agege,Inverness,94132.0,Public tap pipe severely damaged in residential community,6.615643,3.326461,Closed,2026-02-13 04:03:00
1119,PP20180906620,2018-09-06,Amaka Ogunleye,Female,2348144059519,amaka.ogunleye84@outlook.com,72502342746,Ikeja Division,Ikeja,Teresita,94127.0,renew plumbing permit # pp20170710855,6.59773,3.358363,Closed,2026-02-13 04:03:00
1120,PP20181231849,2018-12-31,Yetunde Okoye,Female,2348087533857,yetunde.okoye82@yahoo.com,47022992585,Ikorodu Division,Ikorodu,Los Palmos,94127.0,Low water pressure affecting entire household supply,6.620459,3.516344,Closed,2026-02-13 04:03:00
1121,PP20110818379,2011-08-18,Ifeanyi Ajayi,Male,2348106290499,ifeanyi.ajayi31@yahoo.com,40105245421,Epe Division,Epe,24th,94110.0,Public tap pipe severely damaged in residential community,6.603764,3.967958,Closed,2026-02-13 04:03:00
1122,PP20160720291,2016-07-20,Opeyemi Abiola,Female,2348039162787,opeyemi.abiola82@outlook.com,11933273721,Ikorodu Division,Ikorodu,California,94111.0,12/f- relocate 8 and add 1 fire sprinklers.,6.635572,3.511544,Closed,2026-02-13 04:03:00
1123,PP20090901714,2009-09-01,Yetunde Adeyemi,Female,2349054226455,yetunde.adeyemi55@gmail.com,75169637284,Ikorodu Division,Ikorodu,Post,94115.0,Sudden burst water pipe inside bathroom wall causing flooding,6.610412,3.497197,Closed,2026-02-13 04:03:00
1124,PP20190917464,2019-09-17,Ifeanyi Yakubu,Male,2348110794550,ifeanyi.yakubu35@hotmail.com,28112892489,Badagry Division,Badagry,Jackson,94115.0,High-pressure pipe burst affecting multiple residential buildings,6.413109,2.894217,Closed,2026-02-13 04:03:00
1125,PP20170808682,2017-08-08,Bola Ajayi,Female,2348055855083,bola.ajayi89@gmail.com,55018714453,Lagos Island Division,Eti-Osa,18th,94116.0,Water pipeline rupture near highway causing erosion,6.431825,3.437012,Closed,2026-02-13 04:03:00
1126,PP20150610429,2015-06-10,Emeka Nwosu,Male,2348171022406,emeka.nwosu96@outlook.com,84381129398,Ikeja Division,Mushin,Castro,94114.0,remove and replace domestic boiler (boiler is connected to 2 - 80 gallon tanks),6.512788,3.354479,Closed,2026-02-13 04:03:00
1127,PP20190422117,2019-04-22,Ifeanyi Okoye,Male,2348193506962,ifeanyi.okoye28@yahoo.com,41275433754,Lagos Island Division,Apapa,Harrison,94110.0,Sudden burst water pipe inside bathroom wall causing flooding,6.436276,3.362636,Closed,2026-02-13 04:03:00
1128,PP20160629725,2016-06-29,Olamide Nwosu,Male,2349035639888,olamide.nwosu25@gmail.com,45260451181,Lagos Island Division,Lagos Island,Peralta,94110.0,Open manhole with visible sewage leakage on street,6.462969,3.390492,Closed,2026-02-13 04:03:00
1129,PP20150317896,2015-03-17,Kelechi Adebisi,Male,2348189511382,kelechi.adebisi60@gmail.com,20803617723,Ikeja Division,Agege,Francisco,94123.0,"change plumbing locations of waste and water to 1 wc & 1 lav. add shower, adjust existing lav. gas to fireplace.",6.589458,3.337989,Closed,2026-02-13 04:03:00
1130,PP20101029837,2010-10-29,Ijeoma Okoye,Female,2348081047991,ijeoma.okoye55@outlook.com,64415344170,Badagry Division,Ajeromi-Ifelodun,El Camino Del Mar,94121.0,guest bathroom remodeling at 3rd floor in hallway.,6.471067,3.337343,Closed,2026-02-13 04:03:00
1131,PP20111110395,2011-11-10,Aisha Nwosu,Female,2348128720372,aisha.nwosu43@yahoo.com,16610900596,Lagos Island Division,Lagos Island,Brookdale,94134.0,Minor kitchen sink pipe leakage under cabinet,6.466458,3.383989,Closed,2026-02-13 04:03:00
1132,PP20090417685,2009-04-17,Chisom Oladipo,Female,2348121635419,chisom.oladipo87@outlook.com,15387714127,Ikeja Division,Ikeja,Presidio,94118.0,Minor kitchen sink pipe leakage under cabinet,6.608602,3.363425,Closed,2026-02-13 04:03:00
1133,PP20090120502,2009-01-20,Adebayo Balogun,Male,2348038917700,adebayo.balogun32@gmail.com,43479651949,Ikeja Division,Alimosho,Tennessee,94107.0,Water pipeline rupture near highway causing erosion,6.591214,3.298197,Closed,2026-02-13 04:03:00
1134,PP20141001595,2014-10-01,Kunle Eze,Male,2348061082017,kunle.eze22@yahoo.com,88828845699,Badagry Division,Badagry,Sutter,94109.0,Open manhole with visible sewage leakage on street,6.409958,2.884185,Closed,2026-02-13 04:03:00
1135,PP20150921125,2015-09-21,Opeyemi Okafor,Female,2348076505637,opeyemi.okafor36@yahoo.com,95403775276,Ikeja Division,Ifako-Ijaiye,Columbus,94133.0,Minor kitchen sink pipe leakage under cabinet,6.673277,3.323728,Closed,2026-02-13 04:03:00
1136,PP20080501316,2008-05-01,Zainab Owolabi,Female,2348106155651,zainab.owolabi39@hotmail.com,82507145382,Ikorodu Division,Ikorodu,42nd,94122.0,"new bathroom kitchen water heater, furnace for new extension & existing house.",6.612643,3.510842,Closed,2026-02-13 04:03:00
1137,PP20110718619,2011-07-18,Ayomide Eze,Male,2349073872271,ayomide.eze76@yahoo.com,12409308214,Lagos Island Division,Lagos Mainland,Hyde,94109.0,Open manhole with visible sewage leakage on street,6.513528,3.368342,Closed,2026-02-13 04:03:00
1138,PP20131122228,2013-11-22,Chinedu Chukwu,Male,2349083522291,chinedu.chukwu23@outlook.com,9680776936,Lagos Island Division,Surulere,Kirkwood,94124.0,Blocked drainage channel causing street-level flooding,6.503694,3.349312,Closed,2026-02-13 04:03:00
1139,PP20091006490,2009-10-06,Seyi Bamidele,Male,2349078792691,seyi.bamidele49@outlook.com,15447073955,Lagos Island Division,Lagos Mainland,21st,94121.0,replace sewer from garage to sidewalk.,6.531063,3.383826,Closed,2026-02-13 04:03:00
1140,PP20140403645,2014-04-03,Chioma Nwosu,Female,2348065489343,chioma.nwosu12@yahoo.com,7386308955,Ikorodu Division,Ikorodu,Avocet,94124.0,"new residential - gas, water, waste, storm plumbing",6.602142,3.503724,Closed,2026-02-13 04:03:00
1141,PP20181212415,2018-12-12,Ifeanyi Chukwu,Male,2348167720511,ifeanyi.chukwu10@gmail.com,4306321749,Ikeja Division,Kosofe,Kearny,94108.0,install new fire sprinkler system,6.595241,3.406888,Closed,2026-02-13 04:03:00
1142,PP20151120724,2015-11-20,Adaeze Akinyemi,Female,2349027269987,adaeze.akinyemi82@hotmail.com,84909447547,Badagry Division,Ojo,Lisbon,94112.0,Underground water pipe burst near hospital entrance,6.456356,3.187621,Closed,2026-02-13 04:03:00
1143,PP20080630058,2008-06-30,Opeyemi Chukwu,Female,2348196679498,opeyemi.chukwu85@gmail.com,4242381903,Lagos Island Division,Eti-Osa,Van Ness,94102.0,Flooding due to collapsed drainage system after rainfall,6.440934,3.419385,Closed,2026-02-13 04:03:00
1144,PP20131113920,2013-11-13,Opeyemi Yakubu,Female,2349087550533,opeyemi.yakubu25@yahoo.com,74892801889,Ikeja Division,Alimosho,Bradford,94110.0,High-pressure pipe burst affecting multiple residential buildings,6.603025,3.309224,Closed,2026-02-13 04:03:00
1145,PP20120508416,2012-05-08,Aisha Adeyemi,Female,2348033444309,aisha.adeyemi81@yahoo.com,49389127014,Ikorodu Division,Ikorodu,Belvedere,94117.0,Water main leakage along roadside causing traffic obstruction,6.636789,3.520289,Closed,2026-02-13 04:03:00
1146,PP20150504280,2015-05-04,Adebayo Bamidele,Male,2349072186818,adebayo.bamidele55@yahoo.com,69823900038,Badagry Division,Amuwo-Odofin,11th,94122.0,Toilet overflow due to heavily blocked drain system,6.450853,3.241917,Closed,2026-02-13 04:03:00
1147,PP20081212539,2008-12-12,Temitope Ojo,Female,2348128899392,temitope.ojo42@yahoo.com,73765912367,Badagry Division,Amuwo-Odofin,08th,94122.0,reroute new water supply line from meter to the hosue approx 20 feet; install automatic gas shut off valve.,6.441696,3.255225,Closed,2026-02-13 04:03:00
1148,PP20160415658,2016-04-15,Uche Afolabi,Male,2348082821757,uche.afolabi50@outlook.com,73874218066,Ikorodu Division,Ikorodu,Fulton,94117.0,"install new kitchen sink, install (3) toilets, (1) shower pan, install (3) bathroom vanities/sinks.",6.623584,3.524516,Closed,2026-02-13 04:03:00
1149,PP20150803806,2015-08-03,Ayomide Eze,Male,2348176279009,ayomide.eze31@hotmail.com,6018788349,Ikorodu Division,Ikorodu,Clipper,94114.0,Septic tank backflow causing strong sewage odor indoors,6.625905,3.495469,Closed,2026-02-13 04:03:00
1150,PP20170627542,2017-06-27,Kelechi Ajayi,Male,2348157895418,kelechi.ajayi92@outlook.com,65817112355,Badagry Division,Amuwo-Odofin,California,94109.0,unit #7: replace shower valve,6.460519,3.240019,Closed,2026-02-13 04:03:00
1151,PP20130708217,2013-07-08,Adebayo Bamidele,Male,2348087887972,adebayo.bamidele71@gmail.com,15740751671,Ikorodu Division,Ikorodu,San Bruno,94134.0,Sudden burst water pipe inside bathroom wall causing flooding,6.61556,3.513002,Closed,2026-02-13 04:03:00
1152,PP20130916156,2013-09-16,Bola Balogun,Female,2348152103114,bola.balogun84@yahoo.com,5576799414,Badagry Division,Amuwo-Odofin,Francisco,94133.0,1 shower pan in apt. #5.,6.469957,3.281099,Closed,2026-02-13 04:03:00
1153,PP20151008608,2015-10-08,Zainab Nnamdi,Female,2349030834617,zainab.nnamdi68@yahoo.com,18408940889,Badagry Division,Ojo,California,94109.0,replacing down spout.,6.467067,3.181168,Closed,2026-02-13 04:03:00
1154,PP20100309537,2010-03-09,Chinedu Umeh,Male,2348131941133,chinedu.umeh53@hotmail.com,98599161339,Badagry Division,Amuwo-Odofin,19th,94114.0,install (2) new trench drains w/ trap primer and vents. move (3) drains and vents for washer and dryer.,6.455345,3.258877,Closed,2026-02-13 04:03:00
1155,PP20191008084,2019-10-08,Adebayo Chukwu,Male,2348157597693,adebayo.chukwu93@outlook.com,65965032663,Badagry Division,Amuwo-Odofin,Leavenworth,94109.0,"comply with nov 201965640. not sure what plumbing work consist of, investigative permit.",6.446793,3.267952,Closed,2026-02-13 04:03:00
1156,PP20151130903,2015-11-30,Aisha Ekanem,Female,2348038107980,aisha.ekanem14@gmail.com,63829148208,Ikeja Division,Ifako-Ijaiye,Missouri,94107.0,install kitchen fauct,6.672101,3.333577,Closed,2026-02-13 04:03:00
1157,PP20191030798,2019-10-30,Yetunde Umeh,Female,2349061540119,yetunde.umeh20@outlook.com,41528212528,Ikorodu Division,Ikorodu,Powell,94108.0,Open manhole with visible sewage leakage on street,6.626059,3.514716,Closed,2026-02-13 04:03:00
1158,PP20180221025,2018-02-21,Oluwaseun Yakubu,Male,2348125039411,oluwaseun.yakubu19@gmail.com,88161047265,Ikorodu Division,Ikorodu,Sacramento,94115.0,bathroom remodel. replace shower valve and bathtub.,6.627789,3.504327,Closed,2026-02-13 04:03:00
1159,PP20180808807,2018-08-08,Chioma Afolabi,Female,2349066502890,chioma.afolabi54@outlook.com,6239104519,Ikeja Division,Kosofe,Maddux,94124.0,Major pipe burst near primary school disrupting access road,6.577717,3.405698,Closed,2026-02-13 04:03:00
1160,PP20100119515,2010-01-19,Obinna Yakubu,Male,2349017689336,obinna.yakubu43@yahoo.com,55775634552,Ikorodu Division,Ikorodu,Dolores,94110.0,Blocked drainage channel causing street-level flooding,6.623795,3.518289,Closed,2026-02-13 04:03:00
1161,PP20150924258,2015-09-24,Emeka Yakubu,Male,2348029810652,emeka.yakubu22@hotmail.com,83735015260,Ikeja Division,Agege,Lawton,94122.0,High-pressure pipe burst affecting multiple residential buildings,6.620078,3.352745,Closed,2026-02-13 04:03:00
1162,PP20120628677,2012-06-28,Chisom Nnamdi,Female,2348024934004,chisom.nnamdi98@outlook.com,22037664395,Ikeja Division,Agege,Page,94102.0,kitchen remodeling: reoute water & gasl ine. existing drain will remain.,6.615444,3.342687,Closed,2026-02-13 04:03:00
1163,PP20120910400,2012-09-10,Chinedu Danladi,Male,2348084184498,chinedu.danladi45@outlook.com,10636589526,Badagry Division,Ojo,Murray,94112.0,Open manhole with visible sewage leakage on street,6.450083,3.179129,Closed,2026-02-13 04:03:00
1164,PP20150218122,2015-02-18,Uche Adeyemi,Male,2349024413149,uche.adeyemi85@outlook.com,89567343056,Ikeja Division,Alimosho,33rd,94122.0,Persistent dripping tap in kitchen wasting water daily,6.615955,3.303491,Closed,2026-02-13 04:03:00
1165,PP20151224594,2015-12-24,Amaka Ekanem,Female,2348151989578,amaka.ekanem75@hotmail.com,15194023317,Ikorodu Division,Ikorodu,Commercial,94111.0,Bathroom floor drain completely clogged with wastewater backup,6.61646,3.509784,Closed,2026-02-13 04:03:00
1166,PP20090826585,2009-08-26,Aisha Afolabi,Female,2348177445071,aisha.afolabi89@yahoo.com,58521825916,Ikorodu Division,Ikorodu,Levant,94114.0,"remodel kitchen sink, disp, dishwasher.",6.604221,3.50693,Closed,2026-02-13 04:03:00
1167,PP20100701166,2010-07-01,Chinedu Afolabi,Male,2349058219485,chinedu.afolabi62@yahoo.com,8080070723,Lagos Island Division,Eti-Osa,Page,94102.0,"new shower pan & change out, 2 water closets, 2 lavatories, 2 shower faucets.",6.442004,3.427652,Closed,2026-02-13 04:03:00
1168,PP20170908562,2017-09-08,Temitope Ekanem,Female,2348107641994,temitope.ekanem58@hotmail.com,15692826348,Ikeja Division,Mushin,Powell,94108.0,Open manhole with visible sewage leakage on street,6.532307,3.355098,Closed,2026-02-13 04:03:00
1169,PP20160912887,2016-09-12,Kunle Okafor,Male,2348146616567,kunle.okafor77@outlook.com,22883008549,Ikeja Division,Ikeja,Golden Gate,94115.0,Sewer overflow spreading wastewater near market area,6.601871,3.344897,Closed,2026-02-13 04:03:00
1170,PP20090205965,2009-02-05,Emeka Abiola,Male,2349030772242,emeka.abiola86@yahoo.com,22168590577,Badagry Division,Amuwo-Odofin,Noe,94131.0,Toilet overflow due to heavily blocked drain system,6.456988,3.25421,Closed,2026-02-13 04:03:00
1171,PP20170616299,2017-06-16,Femi Umeh,Male,2348174701138,femi.umeh74@gmail.com,92045981061,Epe Division,Epe,Folsom,94110.0,Toilet overflow due to heavily blocked drain system,6.58892,3.97834,Closed,2026-02-13 04:03:00
1172,PP20090716732,2009-07-16,Zainab Oladipo,Female,2348038697048,zainab.oladipo30@yahoo.com,12360562214,Badagry Division,Ajeromi-Ifelodun,Holly Park,94110.0,Septic tank backflow causing strong sewage odor indoors,6.445167,3.344272,Closed,2026-02-13 04:03:00
1173,PP20140113383,2014-01-13,Emeka Umeh,Male,2348061512721,emeka.umeh93@outlook.com,62672025082,Ikeja Division,Agege,46th,94116.0,Cracked underground pipe slowly flooding compound,6.610712,3.327372,Closed,2026-02-13 04:03:00
1174,PP20120125969,2012-01-25,Kunle Ekanem,Male,2348082025286,kunle.ekanem75@hotmail.com,26656479148,Badagry Division,Amuwo-Odofin,Folsom,94110.0,Low water pressure affecting entire household supply,6.456935,3.24608,Closed,2026-02-13 04:03:00
1175,PP20100630117,2010-06-30,Opeyemi Ibrahim,Female,2348164184683,opeyemi.ibrahim16@yahoo.com,37257865559,Lagos Island Division,Lagos Island,12th,94118.0,Bathroom floor drain completely clogged with wastewater backup,6.464699,3.40087,Closed,2026-02-13 04:03:00
1176,PP20190828916,2019-08-28,Ifeanyi Okoye,Male,2349080517421,ifeanyi.okoye93@yahoo.com,82328497789,Badagry Division,Badagry,26th,94122.0,Open manhole with visible sewage leakage on street,6.421836,2.87134,Closed,2026-02-13 04:03:00
1177,PP20190426256,2019-04-26,Adaeze Nnamdi,Female,2349076873111,adaeze.nnamdi13@hotmail.com,62421298876,Ikeja Division,Mushin,Lake,94118.0,Sudden burst water pipe inside bathroom wall causing flooding,6.539419,3.357213,Closed,2026-02-13 04:03:00
1178,PP20111117553,2011-11-17,Yetunde Umeh,Female,2349056513234,yetunde.umeh29@outlook.com,8915945779,Badagry Division,Ojo,Elizabeth,94114.0,Flooding due to collapsed drainage system after rainfall,6.457307,3.184434,Closed,2026-02-13 04:03:00
1179,PP20180330197,2018-03-30,Chisom Nwosu,Female,2349068172893,chisom.nwosu68@gmail.com,16107863636,Lagos Island Division,Lagos Mainland,Minnesota,94107.0,Minor kitchen sink pipe leakage under cabinet,6.506638,3.383287,Closed,2026-02-13 04:03:00
1180,PP20080530132,2008-05-30,Adaeze Owolabi,Female,2348182959863,adaeze.owolabi54@yahoo.com,38467403265,Epe Division,Ibeju-Lekki,04th,94107.0,remodel kitchen & bathroom.,6.459706,3.571473,Closed,2026-02-13 04:03:00
1181,PP20121228054,2012-12-28,Bola Balogun,Female,2349029322838,bola.balogun31@hotmail.com,51574816553,Ikeja Division,Ifako-Ijaiye,Francisco,94133.0,Severe shower pipe rupture flooding entire bathroom,6.654576,3.339727,Closed,2026-02-13 04:03:00
1182,PP20090514355,2009-05-14,Temitope Eze,Female,2348124640145,temitope.eze57@yahoo.com,98577341351,Badagry Division,Badagry,Revere,94124.0,Public tap pipe severely damaged in residential community,6.408707,2.900337,Closed,2026-02-13 04:03:00
1183,PP20140224433,2014-02-24,Chukwudi Balogun,Male,2348091985112,chukwudi.balogun38@hotmail.com,19694226294,Epe Division,Epe,28th,94121.0,remove & reinstall one sink.,6.578642,3.966526,Closed,2026-02-13 04:03:00
1184,PP20110811223,2011-08-11,Seyi Owolabi,Male,2348028934602,seyi.owolabi51@gmail.com,12303329821,Ikeja Division,Kosofe,Green,94123.0,install new shower pan.,6.572135,3.429058,Closed,2026-02-13 04:03:00
1185,PP20191220184,2019-12-20,Zainab Afolabi,Female,2348162174010,zainab.afolabi16@hotmail.com,68540287870,Epe Division,Ibeju-Lekki,Clay,94109.0,Water pipeline rupture near highway causing erosion,6.468441,3.579517,Closed,2026-02-13 04:03:00
1186,PP20110811209,2011-08-11,Ngozi Eze,Female,2348175864279,ngozi.eze22@gmail.com,77451076361,Badagry Division,Badagry,Van Ness,94109.0,Severe shower pipe rupture flooding entire bathroom,6.4166,2.890018,Closed,2026-02-13 04:03:00
1187,PP20090923183,2009-09-23,Chisom Mohammed,Female,2349038454966,chisom.mohammed22@yahoo.com,16256693206,Ikeja Division,Ifako-Ijaiye,Vandewater,94133.0,Severe shower pipe rupture flooding entire bathroom,6.680974,3.343085,Closed,2026-02-13 04:03:00
1188,PP20160308526,2016-03-08,Femi Ibrahim,Male,2348191673592,femi.ibrahim23@yahoo.com,80439166725,Ikeja Division,Agege,Duncan,94131.0,Sewer overflow spreading wastewater near market area,6.611902,3.32274,Closed,2026-02-13 04:03:00
1189,PP20080225312,2008-02-25,Zainab Adebisi,Female,2349062672153,zainab.adebisi25@gmail.com,32306661081,Badagry Division,Amuwo-Odofin,Bennington,94110.0,Water pipeline rupture near highway causing erosion,6.445865,3.252603,Closed,2026-02-13 04:03:00
1190,PP20130531198,2013-05-31,Bola Yakubu,Female,2349071311103,bola.yakubu61@hotmail.com,44706214380,Ikeja Division,Ikeja,Music Concourse,94118.0,Sewer overflow spreading wastewater near market area,6.592162,3.341928,Closed,2026-02-13 04:03:00
1191,PP20181207287,2018-12-07,Tunde Bamidele,Male,2348038865260,tunde.bamidele94@gmail.com,22364952413,Lagos Island Division,Apapa,Monticello,94132.0,add (2) bathrooms.,6.452238,3.358513,Closed,2026-02-13 04:03:00
1192,PP20090623197,2009-06-23,Olamide Adebisi,Male,2348113552392,olamide.adebisi25@gmail.com,22377041952,Ikeja Division,Agege,California,94115.0,Open manhole with visible sewage leakage on street,6.615828,3.328415,Closed,2026-02-13 04:03:00
1193,PP20171222417,2017-12-22,Temitope Ibrahim,Female,2348080778502,temitope.ibrahim33@outlook.com,99887111498,Badagry Division,Amuwo-Odofin,Ofarrell,94115.0,High-pressure pipe burst affecting multiple residential buildings,6.447696,3.240758,Closed,2026-02-13 04:03:00
1194,PP20181126922,2018-11-26,Aisha Nnamdi,Female,2348024212872,aisha.nnamdi74@yahoo.com,66229207168,Ikeja Division,Ifako-Ijaiye,Mission,94103.0,Water main leakage along roadside causing traffic obstruction,6.678702,3.338952,Closed,2026-02-13 04:03:00
1195,PP20180712125,2018-07-12,Chioma Okafor,Female,2349014037043,chioma.okafor68@outlook.com,10494082164,Ikorodu Division,Ikorodu,Newcomb,94124.0,Open manhole with visible sewage leakage on street,6.600938,3.501205,Closed,2026-02-13 04:03:00
1196,PP20190626086,2019-06-26,Opeyemi Ajayi,Female,2349056809359,opeyemi.ajayi40@hotmail.com,33880967467,Epe Division,Epe,Cesar Chavez,94110.0,Blocked drainage channel causing street-level flooding,6.569035,3.9771,Closed,2026-02-13 04:03:00
1197,PP20131107783,2013-11-07,Kunle Mohammed,Male,2348096797777,kunle.mohammed88@outlook.com,78415095226,Epe Division,Ibeju-Lekki,Oakdale,94124.0,run water & gas to steam (pressure clear & one hose bib) install flue for steam cleaner.,6.469166,3.570504,Closed,2026-02-13 04:03:00
1198,PP20160629702,2016-06-29,Obinna Chukwu,Male,2349058254733,obinna.chukwu18@yahoo.com,34595120273,Badagry Division,Ojo,Carolina,94107.0,Minor kitchen sink pipe leakage under cabinet,6.451781,3.17296,Closed,2026-02-13 04:03:00
1199,PP20090202880,2009-02-02,Yetunde Ogunleye,Female,2348189945311,yetunde.ogunleye53@hotmail.com,13684449862,Ikeja Division,Mushin,Pine,94115.0,Low water pressure affecting entire household supply,6.529373,3.355293,Closed,2026-02-13 04:03:00
1200,PP20150403410,2015-04-03,Zainab Adebisi,Female,2348142107490,zainab.adebisi25@hotmail.com,18273474915,Badagry Division,Ajeromi-Ifelodun,43rd,94116.0,Water heater pipe leakage soaking utility area,6.459483,3.335068,Closed,2026-02-13 04:03:00
1201,PP20081120691,2008-11-20,Olamide Eze,Male,2348158737966,olamide.eze57@gmail.com,60985318581,Ikeja Division,Ikeja,02nd,94105.0,Underground water pipe burst near hospital entrance,6.596333,3.348783,Closed,2026-02-13 04:03:00
1202,PP20120508442,2012-05-08,Abdulrahman Danladi,Male,2348195399919,abdulrahman.danladi74@hotmail.com,45452811492,Ikeja Division,Ifako-Ijaiye,Franklin,94109.0,Water main leakage along roadside causing traffic obstruction,6.686535,3.342005,Closed,2026-02-13 04:03:00
1203,PP20090408508,2009-04-08,Yetunde Akinyemi,Female,2349068474668,yetunde.akinyemi79@yahoo.com,15563729045,Ikeja Division,Alimosho,34th,94116.0,Water main leakage along roadside causing traffic obstruction,6.596004,3.303297,Closed,2026-02-13 04:03:00
1204,PP20140702047,2014-07-02,Chukwudi Ekanem,Male,2348050159982,chukwudi.ekanem84@gmail.com,21226032960,Lagos Island Division,Lagos Mainland,Fillmore,94123.0,Persistent dripping tap in kitchen wasting water daily,6.532514,3.367717,Closed,2026-02-13 04:03:00
1205,PP20161107482,2016-11-07,Seyi Umeh,Male,2349091012614,seyi.umeh61@gmail.com,79677808026,Badagry Division,Badagry,Fillmore,94115.0,"ground floor: renew expired permit #pp20141202217 (install a roof drain, a floor drain with a hose bib).",6.423188,2.900379,Closed,2026-02-13 04:03:00
1206,PP20120904280,2012-09-04,Oluwaseun Yakubu,Male,2349016977798,oluwaseun.yakubu64@outlook.com,74026118539,Badagry Division,Badagry,Sears,94112.0,Minor kitchen sink pipe leakage under cabinet,6.403775,2.875825,Closed,2026-02-13 04:03:00
1207,PP20100315663,2010-03-15,Ijeoma Chukwu,Female,2348020915044,ijeoma.chukwu49@gmail.com,86672101247,Lagos Island Division,Surulere,Cole,94117.0,Blocked drainage channel causing street-level flooding,6.507077,3.363515,Closed,2026-02-13 04:03:00
1208,PP20191003964,2019-10-03,Chinedu Yakubu,Male,2348173405671,chinedu.yakubu72@outlook.com,26447949697,Ikeja Division,Agege,Ofarrell,94102.0,Water pipeline rupture near highway causing erosion,6.621015,3.339406,Closed,2026-02-13 04:03:00
1209,PP20131008828,2013-10-08,Ifeanyi Eze,Male,2348176587380,ifeanyi.eze31@yahoo.com,72374062194,Epe Division,Ibeju-Lekki,Harrison,94103.0,installation of 2 new boilers - (penthouse / mechanical room),6.473907,3.571735,Closed,2026-02-13 04:03:00
1210,PP20140814216,2014-08-14,Bola Umeh,Female,2348087311904,bola.umeh47@gmail.com,8945684324,Lagos Island Division,Lagos Mainland,Ashbury,94117.0,Public tap pipe severely damaged in residential community,6.534873,3.390896,Closed,2026-02-13 04:03:00
1211,PP20150630913,2015-06-30,Chinedu Okafor,Male,2348185334487,chinedu.okafor46@gmail.com,99247137475,Lagos Island Division,Eti-Osa,Crescent,94110.0,Toilet overflow due to heavily blocked drain system,6.430806,3.421465,Closed,2026-02-13 04:03:00
1212,PP20141222688,2014-12-22,Uche Ojo,Male,2349082209537,uche.ojo91@yahoo.com,4916931049,Ikeja Division,Alimosho,Funston,94122.0,install walk-in shower.,6.593689,3.300143,Closed,2026-02-13 04:03:00
1213,PP20170217086,2017-02-17,Ifeanyi Ojo,Male,2348031640669,ifeanyi.ojo21@hotmail.com,77915690456,Badagry Division,Badagry,Taylor,94102.0,Low water pressure affecting entire household supply,6.420721,2.884378,Closed,2026-02-13 04:03:00
1214,PP20120319235,2012-03-19,Tunde Umeh,Male,2348083711125,tunde.umeh53@yahoo.com,82792878482,Badagry Division,Ojo,Folsom,94110.0,"#100s- rough in show kitchen, drain, waste, vent, water with 30 gallon electric water heater.",6.472244,3.179659,Closed,2026-02-13 04:03:00
1215,PP20100120561,2010-01-20,Ngozi Danladi,Female,2348021910296,ngozi.danladi15@hotmail.com,62571703605,Ikeja Division,Kosofe,Wisconsin,94107.0,testing for gas leak only,6.588946,3.406503,Closed,2026-02-13 04:03:00
1216,PP20081113360,2008-11-13,Ifeanyi Balogun,Male,2348170648108,ifeanyi.balogun36@outlook.com,95686230462,Ikeja Division,Ikeja,44th,94122.0,Cracked underground pipe slowly flooding compound,6.601564,3.349756,Closed,2026-02-13 04:03:00
1217,PP20180921089,2018-09-21,Femi Nnamdi,Male,2349079547746,femi.nnamdi64@outlook.com,52345507237,Badagry Division,Badagry,Aquavista,94131.0,r/r gas water heater 40gal.,6.417253,2.881305,Closed,2026-02-13 04:03:00
1218,PP20090311787,2009-03-11,Seyi Umeh,Male,2348150319201,seyi.umeh73@gmail.com,45074061525,Badagry Division,Badagry,Page,94102.0,remove and reset kitchen sink,6.413685,2.89326,Closed,2026-02-13 04:03:00
1219,PP20190321207,2019-03-21,Ngozi Okoye,Female,2348150732012,ngozi.okoye26@outlook.com,85052338764,Ikeja Division,Oshodi-Isolo,Sutter,94115.0,3/f: remodel (e) kitchen & bathroom. add 1 bathroom.,6.549232,3.292034,Closed,2026-02-13 04:03:00
1220,PP20090121566,2009-01-21,Ifeanyi Adebisi,Male,2348055975116,ifeanyi.adebisi19@outlook.com,93208701008,Epe Division,Epe,Divisadero,94117.0,Toilet overflow due to heavily blocked drain system,6.601496,3.997415,Closed,2026-02-13 04:03:00
1221,PP20110429829,2011-04-29,Ngozi Abiola,Female,2348020684040,ngozi.abiola72@gmail.com,42177510505,Ikeja Division,Oshodi-Isolo,Scott,94123.0,Sudden burst water pipe inside bathroom wall causing flooding,6.540677,3.314997,Closed,2026-02-13 04:03:00
1222,PP20080221228,2008-02-21,Ngozi Nnamdi,Female,2348128381613,ngozi.nnamdi71@gmail.com,91691153579,Lagos Island Division,Surulere,Ellis,94102.0,Sewer overflow spreading wastewater near market area,6.49187,3.363435,Closed,2026-02-13 04:03:00
1223,PP20180126267,2018-01-26,Kunle Adebisi,Male,2349051112485,kunle.adebisi18@hotmail.com,24498687212,Epe Division,Ibeju-Lekki,Geary,94118.0,Flooding due to collapsed drainage system after rainfall,6.472942,3.582656,Open,2026-02-13 04:03:00
1224,PP20170608046,2017-06-08,Ifeanyi Balogun,Male,2348178945972,ifeanyi.balogun41@outlook.com,59309985020,Lagos Island Division,Eti-Osa,Broad,94112.0,Severe shower pipe rupture flooding entire bathroom,6.425262,3.414995,Closed,2026-02-13 04:03:00
1225,PP20180828355,2018-08-28,Kunle Oladipo,Male,2348032859392,kunle.oladipo42@outlook.com,83131556883,Badagry Division,Ojo,08th Ti,94130.0,Major pipe burst near primary school disrupting access road,6.451838,3.174682,Closed,2026-02-13 04:03:00
1226,PP20081118583,2008-11-18,Abdulrahman Eze,Male,2348151383471,abdulrahman.eze21@gmail.com,87066936994,Lagos Island Division,Lagos Island,Fillmore,94115.0,Water heater pipe leakage soaking utility area,6.453428,3.387542,Closed,2026-02-13 04:03:00
1227,PP20161209307,2016-12-09,Temitope Adebisi,Female,2348162563068,temitope.adebisi94@outlook.com,44564886923,Ikeja Division,Mushin,34th,94122.0,install new water service from meter to house.,6.534121,3.369472,Closed,2026-02-13 04:03:00
1228,PP20110602590,2011-06-02,Chinedu Ekanem,Male,2348190096827,chinedu.ekanem41@hotmail.com,36143980925,Epe Division,Epe,Westgate,94127.0,Sewer overflow spreading wastewater near market area,6.578199,3.985994,Closed,2026-02-13 04:03:00
1229,PP20140923311,2014-09-23,Seyi Balogun,Male,2349082201626,seyi.balogun76@hotmail.com,32526089135,Lagos Island Division,Eti-Osa,Kissling,94103.0,Toilet overflow due to heavily blocked drain system,6.438097,3.42662,Closed,2026-02-13 04:03:00
1230,PP20120705816,2012-07-05,Yetunde Abiola,Female,2348079742864,yetunde.abiola26@yahoo.com,57735867716,Ikorodu Division,Ikorodu,Congo,94131.0,Low water pressure affecting entire household supply,6.62016,3.517927,Closed,2026-02-13 04:03:00
1231,PP20150109020,2015-01-09,Tunde Danladi,Male,2349069846803,tunde.danladi90@outlook.com,26108990020,Ikeja Division,Mushin,Jones,94133.0,Minor kitchen sink pipe leakage under cabinet,6.532122,3.342223,Closed,2026-02-13 04:03:00
1232,PP20130419090,2013-04-19,Kelechi Okoye,Male,2348027213247,kelechi.okoye13@gmail.com,66716894928,Ikeja Division,Kosofe,Chattanooga,94114.0,Septic tank backflow causing strong sewage odor indoors,6.591992,3.425573,Closed,2026-02-13 04:03:00
1233,PP20170719133,2017-07-19,Chisom Adeyemi,Female,2348127674995,chisom.adeyemi26@hotmail.com,2112965899,Ikeja Division,Ifako-Ijaiye,Union,94109.0,Bathroom floor drain completely clogged with wastewater backup,6.662167,3.328979,Closed,2026-02-13 04:03:00
1234,PP20100720549,2010-07-20,Zainab Umeh,Female,2348100554309,zainab.umeh31@yahoo.com,24827865554,Badagry Division,Ajeromi-Ifelodun,Dolores,94110.0,Sudden burst water pipe inside bathroom wall causing flooding,6.473533,3.331207,Closed,2026-02-13 04:03:00
1235,PP20170321883,2017-03-21,Tunde Afolabi,Male,2348137522567,tunde.afolabi51@hotmail.com,66625883817,Lagos Island Division,Lagos Mainland,Ripley,94110.0,Bathroom floor drain completely clogged with wastewater backup,6.53513,3.402839,Closed,2026-02-13 04:03:00
1236,PP20190918524,2019-09-18,Ifeanyi Abiola,Male,2348079505893,ifeanyi.abiola54@outlook.com,14518573230,Ikorodu Division,Ikorodu,29th,94131.0,Toilet overflow due to heavily blocked drain system,6.61154,3.49669,Closed,2026-02-13 04:03:00
1237,PP20150424032,2015-04-24,Olamide Owolabi,Male,2348169083102,olamide.owolabi62@hotmail.com,7049829141,Lagos Island Division,Surulere,Reddy,94124.0,Sewer overflow spreading wastewater near market area,6.499938,3.368016,Closed,2026-02-13 04:03:00
1238,PP20120403597,2012-04-03,Chioma Nwosu,Female,2349069181479,chioma.nwosu69@gmail.com,90898034188,Epe Division,Ibeju-Lekki,Sacramento,94115.0,install new dishwasher & water line for icemaker & kitchen sink & drain.,6.467691,3.599533,Closed,2026-02-13 04:03:00
1239,PP20121001932,2012-10-01,Chinedu Oladipo,Male,2348102182712,chinedu.oladipo29@gmail.com,87509473750,Ikeja Division,Alimosho,Waller,94117.0,Severe shower pipe rupture flooding entire bathroom,6.595614,3.301929,Closed,2026-02-13 04:03:00
1240,PP20180611190,2018-06-11,Chisom Chukwu,Female,2348025630284,chisom.chukwu34@yahoo.com,2032686404,Ikorodu Division,Ikorodu,Guerrero,94110.0,Sewer overflow spreading wastewater near market area,6.613341,3.527694,Closed,2026-02-13 04:03:00
1241,PP20170705741,2017-07-05,Chisom Umeh,Female,2348083044451,chisom.umeh21@hotmail.com,5760789105,Badagry Division,Ajeromi-Ifelodun,Spruce,94118.0,Public tap pipe severely damaged in residential community,6.486625,3.325633,Closed,2026-02-13 04:03:00
1242,PP20111228353,2011-12-28,Adebayo Mohammed,Male,2348191954459,adebayo.mohammed15@yahoo.com,36227642028,Badagry Division,Amuwo-Odofin,Vermont,94107.0,Open manhole with visible sewage leakage on street,6.444504,3.258596,Closed,2026-02-13 04:03:00
1243,PP20130128752,2013-01-28,Yetunde Balogun,Female,2349068615861,yetunde.balogun28@hotmail.com,4351384718,Ikorodu Division,Ikorodu,Sacramento,94115.0,shower valve; replace copper for lavy & shower on hot side.,6.615529,3.510046,Open,2026-02-13 04:03:00
1244,PP20130613579,2013-06-13,Ngozi Balogun,Female,2349027838141,ngozi.balogun34@gmail.com,66178942250,Badagry Division,Ojo,Waller,94117.0,Blocked drainage channel causing street-level flooding,6.461254,3.163803,Closed,2026-02-13 04:03:00
1245,PP20130123660,2013-01-23,Amaka Afolabi,Female,2348130416716,amaka.afolabi90@hotmail.com,98582929663,Badagry Division,Ojo,Washington,94109.0,Open manhole with visible sewage leakage on street,6.460862,3.176103,Closed,2026-02-13 04:03:00
1246,PP20090616038,2009-06-16,Emeka Balogun,Male,2349030204708,emeka.balogun12@hotmail.com,71001572578,Ikeja Division,Ikeja,Lisbon,94112.0,Cracked underground pipe slowly flooding compound,6.596869,3.365936,Closed,2026-02-13 04:03:00
1247,PP20151027091,2015-10-27,Ayomide Nnamdi,Male,2349024848976,ayomide.nnamdi17@hotmail.com,76326065221,Ikeja Division,Oshodi-Isolo,04th,94103.0,Bathroom floor drain completely clogged with wastewater backup,6.541035,3.316232,Closed,2026-02-13 04:03:00
1248,PP20141015012,2014-10-15,Yetunde Eze,Female,2348130389730,yetunde.eze54@hotmail.com,4665956740,Epe Division,Ibeju-Lekki,15th,94116.0,High-pressure pipe burst affecting multiple residential buildings,6.46721,3.582202,Closed,2026-02-13 04:03:00
1249,PP20190709379,2019-07-09,Opeyemi Okoye,Female,2348123254412,opeyemi.okoye10@outlook.com,61466845950,Badagry Division,Ojo,Wanda,94112.0,Flooding due to collapsed drainage system after rainfall,6.468904,3.186401,Closed,2026-02-13 04:03:00
1250,PP20130325350,2013-03-25,Chisom Mohammed,Female,2349051318299,chisom.mohammed74@outlook.com,96963352953,Badagry Division,Amuwo-Odofin,Cervantes,94123.0,Persistent dripping tap in kitchen wasting water daily,6.455706,3.259682,Closed,2026-02-13 04:03:00
1251,PP20120216523,2012-02-16,Oluwaseun Okafor,Male,2349050927471,oluwaseun.okafor59@hotmail.com,97478309664,Lagos Island Division,Lagos Island,07th,94118.0,Water heater pipe leakage soaking utility area,6.450787,3.388578,Closed,2026-02-13 04:03:00
1252,PP20080721663,2008-07-21,Amaka Nwosu,Female,2349068626702,amaka.nwosu12@gmail.com,40206436858,Ikeja Division,Agege,Masonic,94117.0,Low water pressure affecting entire household supply,6.604648,3.327746,Closed,2026-02-13 04:03:00
1253,PP20151021924,2015-10-21,Temitope Oladipo,Female,2349045234234,temitope.oladipo24@outlook.com,59858244976,Ikeja Division,Mushin,Fremont,94105.0,Water heater pipe leakage soaking utility area,6.556791,3.367047,Closed,2026-02-13 04:03:00
1254,PP20160405384,2016-04-05,Tunde Nnamdi,Male,2349019897592,tunde.nnamdi63@hotmail.com,11699358936,Badagry Division,Amuwo-Odofin,Palm,94118.0,Sewer overflow spreading wastewater near market area,6.436489,3.236775,Closed,2026-02-13 04:03:00
1255,PP20190522047,2019-05-22,Ijeoma Eze,Female,2349016790568,ijeoma.eze46@gmail.com,80918436408,Lagos Island Division,Lagos Mainland,Ellis,94102.0,Water heater pipe leakage soaking utility area,6.529219,3.384673,Closed,2026-02-13 04:03:00
1256,PP20100820301,2010-08-20,Adaeze Nnamdi,Female,2348142149058,adaeze.nnamdi32@gmail.com,72922618367,Ikeja Division,Alimosho,Taylor,94133.0,Blocked drainage channel causing street-level flooding,6.614489,3.29245,Closed,2026-02-13 04:03:00
1257,PP20180404283,2018-04-04,Yetunde Nnamdi,Female,2348128667915,yetunde.nnamdi27@gmail.com,47391259563,Lagos Island Division,Apapa,Pacific,94133.0,"unit #8: remodel kitchen & bathroom, install angle stop/supply lines, add washer 7 dryer, new sinks, vanities & shower.",6.447545,3.362279,Closed,2026-02-13 04:03:00
1258,PP20080417868,2008-04-17,Kunle Nwosu,Male,2348074225996,kunle.nwosu40@hotmail.com,77622165613,Ikeja Division,Ifako-Ijaiye,03rd,94118.0,Water pipeline rupture near highway causing erosion,6.670659,3.306407,Closed,2026-02-13 04:03:00
1259,PP20140324250,2014-03-24,Zainab Adebisi,Female,2348160209248,zainab.adebisi57@yahoo.com,1649212399,Lagos Island Division,Apapa,Green,94123.0,Sewer overflow spreading wastewater near market area,6.446502,3.350486,Closed,2026-02-13 04:03:00
1260,PP20190524089,2019-05-24,Oluwaseun Balogun,Male,2349029980584,oluwaseun.balogun31@gmail.com,47812365596,Ikeja Division,Oshodi-Isolo,Chestnut,94123.0,Water main leakage along roadside causing traffic obstruction,6.555352,3.337953,Closed,2026-02-13 04:03:00
1261,PP20190513749,2019-05-13,Ifeanyi Eze,Male,2348169140899,ifeanyi.eze54@hotmail.com,7810315287,Badagry Division,Ojo,Pierce,94123.0,Toilet overflow due to heavily blocked drain system,6.464675,3.179865,Closed,2026-02-13 04:03:00
1262,PP20160407447,2016-04-07,Seyi Umeh,Male,2349085823530,seyi.umeh73@outlook.com,66647342214,Ikeja Division,Oshodi-Isolo,23rd,94110.0,Water pipeline rupture near highway causing erosion,6.562818,3.312927,Closed,2026-02-13 04:03:00
1263,PP20141014955,2014-10-14,Olamide Akinyemi,Male,2349064784700,olamide.akinyemi84@outlook.com,19390101305,Lagos Island Division,Surulere,Green,94111.0,Flooding due to collapsed drainage system after rainfall,6.501101,3.366869,Closed,2026-02-13 04:03:00
1264,PP20181115694,2018-11-15,Chukwudi Adebisi,Male,2348095448071,chukwudi.adebisi91@outlook.com,2113825929,Ikeja Division,Alimosho,Bartlett,94110.0,Septic tank backflow causing strong sewage odor indoors,6.629565,3.283691,Closed,2026-02-13 04:03:00
1265,PP20150615532,2015-06-15,Oluwaseun Eze,Male,2348095912367,oluwaseun.eze77@gmail.com,48275718023,Ikeja Division,Ifako-Ijaiye,California,94104.0,Persistent dripping tap in kitchen wasting water daily,6.674536,3.319336,Closed,2026-02-13 04:03:00
1266,PP20161214439,2016-12-14,Chisom Bamidele,Female,2348151786057,chisom.bamidele79@yahoo.com,53122544338,Lagos Island Division,Lagos Island,Market,94114.0,Water pipeline rupture near highway causing erosion,6.459655,3.385513,Closed,2026-02-13 04:03:00
1267,PP20141118887,2014-11-18,Obinna Ajayi,Male,2349041471033,obinna.ajayi20@gmail.com,67320881330,Lagos Island Division,Surulere,Franklin,94123.0,renewal of pp20130306812 for final,6.492726,3.357849,Closed,2026-02-13 04:03:00
1268,PP20110721716,2011-07-21,Chisom Ojo,Female,2348112321370,chisom.ojo67@gmail.com,17506657413,Badagry Division,Badagry,Uranus,94114.0,Water heater pipe leakage soaking utility area,6.424758,2.894185,Closed,2026-02-13 04:03:00
1269,PP20190909212,2019-09-09,Aisha Nnamdi,Female,2349077299530,aisha.nnamdi91@gmail.com,77458999148,Ikeja Division,Ifako-Ijaiye,Manor,94127.0,Flooding due to collapsed drainage system after rainfall,6.657343,3.329149,Closed,2026-02-13 04:03:00
1270,PP20110816315,2011-08-16,Amaka Ojo,Female,2348024701672,amaka.ojo98@yahoo.com,25332907410,Badagry Division,Amuwo-Odofin,Sanchez,94114.0,Sewer overflow spreading wastewater near market area,6.442904,3.237415,Closed,2026-02-13 04:03:00
1271,PP20130329512,2013-03-29,Ifeanyi Owolabi,Male,2348137081139,ifeanyi.owolabi89@yahoo.com,3356091283,Ikorodu Division,Ikorodu,17th,94117.0,Severe shower pipe rupture flooding entire bathroom,6.61723,3.507415,Closed,2026-02-13 04:03:00
1272,PP20120516665,2012-05-16,Oluwaseun Ibrahim,Male,2348053564129,oluwaseun.ibrahim83@hotmail.com,51114858584,Badagry Division,Badagry,20th,94122.0,Low water pressure affecting entire household supply,6.439267,2.88933,Closed,2026-02-13 04:03:00
1273,PP20181214515,2018-12-14,Bola Ogunleye,Female,2348132443755,bola.ogunleye94@hotmail.com,5385052261,Ikeja Division,Agege,Post,94109.0,Underground water pipe burst near hospital entrance,6.601724,3.330352,Closed,2026-02-13 04:03:00
1274,PP20100503737,2010-05-03,Obinna Adeyemi,Male,2348195259510,obinna.adeyemi23@hotmail.com,88685891455,Lagos Island Division,Apapa,35th,94116.0,Open manhole with visible sewage leakage on street,6.459014,3.379884,Closed,2026-02-13 04:03:00
1275,PP20080519801,2008-05-19,Olamide Adebisi,Male,2348132436376,olamide.adebisi10@hotmail.com,33457907163,Ikeja Division,Oshodi-Isolo,Castenada,94116.0,roof top/garage: install solar hot water system on roof top and garage.,6.53774,3.289301,Closed,2026-02-13 04:03:00
1276,PP20090312827,2009-03-12,Chisom Ibrahim,Female,2349098043505,chisom.ibrahim35@gmail.com,75499432226,Ikeja Division,Alimosho,Pine,94111.0,Major pipe burst near primary school disrupting access road,6.62771,3.298896,Closed,2026-02-13 04:03:00
1277,PP20160316773,2016-03-16,Temitope Bamidele,Female,2348190719555,temitope.bamidele51@yahoo.com,77121525399,Epe Division,Epe,Scott,94115.0,Septic tank backflow causing strong sewage odor indoors,6.575317,3.988946,Closed,2026-02-13 04:03:00
1278,PP20101215785,2010-12-15,Zainab Oladipo,Female,2349073253159,zainab.oladipo75@gmail.com,52472886780,Ikeja Division,Ifako-Ijaiye,Haight,94102.0,Blocked drainage channel causing street-level flooding,6.643443,3.328634,Closed,2026-02-13 04:03:00
1279,PP20080227418,2008-02-27,Obinna Nwosu,Male,2348078524978,obinna.nwosu18@gmail.com,69258971349,Lagos Island Division,Apapa,33rd,94122.0,Public tap pipe severely damaged in residential community,6.452078,3.368243,Closed,2026-02-13 04:03:00
1280,PP20081009862,2008-10-09,Femi Yakubu,Male,2349072827986,femi.yakubu49@hotmail.com,56334880446,Badagry Division,Amuwo-Odofin,Market,94105.0,High-pressure pipe burst affecting multiple residential buildings,6.439861,3.250857,Closed,2026-02-13 04:03:00
1281,PP20081223909,2008-12-23,Temitope Ojo,Female,2348069822192,temitope.ojo14@hotmail.com,72015544865,Badagry Division,Amuwo-Odofin,Anza,94118.0,Open manhole with visible sewage leakage on street,6.440746,3.252554,Closed,2026-02-13 04:03:00
1282,PP20170112131,2017-01-12,Chioma Umeh,Female,2348193741201,chioma.umeh81@outlook.com,62627998267,Lagos Island Division,Lagos Island,Lombard,94109.0,#305 - install new water line for new kitchen and bathroom,6.445147,3.390619,Closed,2026-02-13 04:03:00
1283,PP20080808178,2008-08-08,Seyi Akinyemi,Male,2348191208947,seyi.akinyemi14@gmail.com,25635660108,Ikeja Division,Oshodi-Isolo,02nd,94118.0,Water pipeline rupture near highway causing erosion,6.543642,3.314611,Closed,2026-02-13 04:03:00
1284,PP20111220262,2011-12-20,Tunde Ojo,Male,2348077636528,tunde.ojo61@gmail.com,66241479237,Ikeja Division,Agege,Lenox,94127.0,Public tap pipe severely damaged in residential community,6.624085,3.333654,Closed,2026-02-13 04:03:00
1285,PP20101129392,2010-11-29,Emeka Abiola,Male,2348149847686,emeka.abiola82@yahoo.com,10219135994,Lagos Island Division,Lagos Mainland,Chenery,94131.0,Sewer overflow spreading wastewater near market area,6.524782,3.364714,Closed,2026-02-13 04:03:00
1286,PP20130731880,2013-07-31,Ayomide Bamidele,Male,2349033758966,ayomide.bamidele42@yahoo.com,37413635183,Ikeja Division,Kosofe,Harrison,94110.0,Flooding due to collapsed drainage system after rainfall,6.580303,3.416198,Closed,2026-02-13 04:03:00
1287,PP20151029152,2015-10-29,Adaeze Balogun,Female,2348062763306,adaeze.balogun94@outlook.com,2698531876,Lagos Island Division,Lagos Mainland,Dwight,94134.0,Septic tank backflow causing strong sewage odor indoors,6.550608,3.36808,Closed,2026-02-13 04:03:00
1288,PP20120412829,2012-04-12,Kelechi Mohammed,Male,2348199932203,kelechi.mohammed24@gmail.com,11788704695,Ikeja Division,Ifako-Ijaiye,Sutter,94109.0,Flooding due to collapsed drainage system after rainfall,6.684442,3.338569,Closed,2026-02-13 04:03:00
1289,PP20190820646,2019-08-20,Adaeze Okoye,Female,2348160705691,adaeze.okoye80@outlook.com,9532375848,Ikeja Division,Agege,Ofarrell,94109.0,High-pressure pipe burst affecting multiple residential buildings,6.618306,3.353586,Closed,2026-02-13 04:03:00
1290,PP20110307477,2011-03-07,Ijeoma Nwosu,Female,2348062861582,ijeoma.nwosu15@hotmail.com,33596137845,Lagos Island Division,Apapa,Pacific,94109.0,Persistent dripping tap in kitchen wasting water daily,6.452521,3.362892,Closed,2026-02-13 04:03:00
1291,PP20191112098,2019-11-12,Ngozi Akinyemi,Female,2348165223870,ngozi.akinyemi67@yahoo.com,96621978771,Ikeja Division,Agege,Phelan,94112.0,install 2in water backflow.,6.614969,3.348236,Closed,2026-02-13 04:03:00
1292,PP20160715151,2016-07-15,Amaka Ibrahim,Female,2348196268221,amaka.ibrahim21@gmail.com,35717057766,Lagos Island Division,Surulere,Illinois,94107.0,Low water pressure affecting entire household supply,6.507865,3.354543,Closed,2026-02-13 04:03:00
1293,PP20180316717,2018-03-16,Temitope Bamidele,Female,2349090855748,temitope.bamidele86@yahoo.com,98101289644,Badagry Division,Badagry,32nd,94121.0,Major pipe burst near primary school disrupting access road,6.401808,2.88297,Closed,2026-02-13 04:03:00
1294,PP20130604317,2013-06-04,Ifeanyi Balogun,Male,2348071582939,ifeanyi.balogun41@yahoo.com,51002089484,Ikorodu Division,Ikorodu,Clay,94118.0,hose bib in backyard,6.6114,3.509865,Closed,2026-02-13 04:03:00
1295,PP20101221922,2010-12-21,Ifeanyi Okafor,Male,2348105663582,ifeanyi.okafor70@outlook.com,6632064900,Ikeja Division,Mushin,Folsom,94110.0,Persistent dripping tap in kitchen wasting water daily,6.539674,3.350027,Closed,2026-02-13 04:03:00
1296,PP20170717029,2017-07-17,Ijeoma Danladi,Female,2348106392698,ijeoma.danladi77@yahoo.com,22177545016,Ikeja Division,Kosofe,11th,94122.0,"renewal for pp20151207090, which is a renewal of pp20091007519.",6.582872,3.41728,Closed,2026-02-13 04:03:00
1297,PP20160602924,2016-06-02,Ayomide Yakubu,Male,2348149298727,ayomide.yakubu89@outlook.com,7236961478,Ikeja Division,Ikeja,05th,94122.0,(1) shower pan,6.610284,3.329031,Closed,2026-02-13 04:03:00
1298,PP20160318880,2016-03-18,Olamide Adebisi,Male,2348143591786,olamide.adebisi98@outlook.com,41345505904,Badagry Division,Badagry,Sacramento,94115.0,Persistent dripping tap in kitchen wasting water daily,6.408933,2.887113,Closed,2026-02-13 04:03:00
1299,PP20171006338,2017-10-06,Adaeze Ojo,Female,2348106930266,adaeze.ojo17@hotmail.com,67412693029,Badagry Division,Badagry,28th,94122.0,Open manhole with visible sewage leakage on street,6.427001,2.880081,Closed,2026-02-13 04:03:00
1300,PP20120307005,2012-03-07,Adebayo Akinyemi,Male,2348152098560,adebayo.akinyemi24@gmail.com,18089455588,Ikeja Division,Alimosho,Peralta,94110.0,remodel kitchen & 3 bathrooms. new waste and vent piping for 3 bathrooms and kitchen. installing new copper line for kitchen and 3 bathrooms. [2 shower pans & 1 tub].,6.590234,3.301197,Closed,2026-02-13 04:03:00
1301,PP20170413546,2017-04-13,Obinna Chukwu,Male,2348023679803,obinna.chukwu28@yahoo.com,96264879549,Epe Division,Epe,Jerrold,94124.0,Underground water pipe burst near hospital entrance,6.577646,3.971703,Closed,2026-02-13 04:03:00
1302,PP20081125870,2008-11-25,Chisom Oladipo,Female,2349032608711,chisom.oladipo18@gmail.com,12232657110,Ikeja Division,Oshodi-Isolo,Washington,94115.0,Cracked underground pipe slowly flooding compound,6.547357,3.306255,Closed,2026-02-13 04:03:00
1303,PP20190924680,2019-09-24,Chinedu Owolabi,Male,2349070682656,chinedu.owolabi63@gmail.com,46840272692,Lagos Island Division,Eti-Osa,Thomas,94124.0,Sewer overflow spreading wastewater near market area,6.427053,3.399844,Closed,2026-02-13 04:03:00
1304,PP20140902726,2014-09-02,Chinedu Akinyemi,Male,2349069029042,chinedu.akinyemi28@gmail.com,19519444529,Badagry Division,Ojo,Sussex,94131.0,Sudden burst water pipe inside bathroom wall causing flooding,6.469971,3.195749,Closed,2026-02-13 04:03:00
1305,PP20150226360,2015-02-26,Uche Yakubu,Male,2348191942585,uche.yakubu55@hotmail.com,47340071996,Ikorodu Division,Ikorodu,Marietta,94127.0,Water pipeline rupture near highway causing erosion,6.625915,3.499123,Closed,2026-02-13 04:03:00
1306,PP20101203551,2010-12-03,Kelechi Ajayi,Male,2349011775960,kelechi.ajayi89@yahoo.com,68010037978,Badagry Division,Amuwo-Odofin,Harrison,94107.0,provide and install 2 sinks,6.447985,3.249935,Closed,2026-02-13 04:03:00
1307,PP20120416886,2012-04-16,Femi Umeh,Male,2348148481763,femi.umeh69@yahoo.com,16323328791,Ikorodu Division,Ikorodu,Parker,94118.0,Sewer overflow spreading wastewater near market area,6.625388,3.517183,Closed,2026-02-13 04:03:00
1308,PP20171023754,2017-10-23,Tunde Umeh,Male,2349023399734,tunde.umeh14@gmail.com,29640075328,Ikeja Division,Ikeja,Turquoise,94131.0,Bathroom floor drain completely clogged with wastewater backup,6.594458,3.35232,Closed,2026-02-13 04:03:00
1309,PP20200110622,2020-01-10,Emeka Yakubu,Male,2348033620775,emeka.yakubu92@outlook.com,83737656556,Ikorodu Division,Ikorodu,21st,94110.0,Underground water pipe burst near hospital entrance,6.623973,3.525058,Closed,2026-02-13 04:03:00
1310,PP20150107926,2015-01-07,Aisha Adeyemi,Female,2349069146802,aisha.adeyemi28@gmail.com,34818490642,Ikeja Division,Kosofe,Cortland,94110.0,High-pressure pipe burst affecting multiple residential buildings,6.590345,3.424591,Closed,2026-02-13 04:03:00
1311,PP20170208810,2017-02-08,Opeyemi Nnamdi,Female,2348086503579,opeyemi.nnamdi97@outlook.com,20617334862,Ikorodu Division,Ikorodu,Harrison,94107.0,Flooding due to collapsed drainage system after rainfall,6.620238,3.524605,Closed,2026-02-13 04:03:00
1312,PP20180820117,2018-08-20,Aisha Ojo,Female,2348173627037,aisha.ojo51@gmail.com,38077656933,Lagos Island Division,Surulere,Montgomery,94104.0,suite 420: install one new kitchen sink and toilet in existing location. trim only. no new rough in.,6.500998,3.352189,Closed,2026-02-13 04:03:00
1313,PP20080219151,2008-02-19,Kunle Ojo,Male,2348123113316,kunle.ojo31@outlook.com,43385229723,Ikorodu Division,Ikorodu,Tiffany,94110.0,Sewer overflow spreading wastewater near market area,6.633434,3.517479,Closed,2026-02-13 04:03:00
1314,PP20170403207,2017-04-03,Aisha Oladipo,Female,2348175277024,aisha.oladipo89@gmail.com,58525344244,Lagos Island Division,Surulere,Fell,94117.0,Public tap pipe severely damaged in residential community,6.49247,3.356005,Closed,2026-02-13 04:03:00
1315,PP20140408744,2014-04-08,Kelechi Yakubu,Male,2349014928039,kelechi.yakubu36@hotmail.com,68484357349,Badagry Division,Ojo,Minnesota,94107.0,Cracked underground pipe slowly flooding compound,6.463966,3.187632,Closed,2026-02-13 04:03:00
1316,PP20090410563,2009-04-10,Abdulrahman Akinyemi,Male,2349058224647,abdulrahman.akinyemi55@outlook.com,9076480250,Lagos Island Division,Apapa,09th,94122.0,Open manhole with visible sewage leakage on street,6.450773,3.362113,Closed,2026-02-13 04:03:00
1317,PP20200109575,2020-01-09,Uche Oladipo,Male,2348076591234,uche.oladipo37@hotmail.com,51949103182,Badagry Division,Ajeromi-Ifelodun,Bush,94108.0,Minor kitchen sink pipe leakage under cabinet,6.4837,3.344015,Closed,2026-02-13 04:03:00
1318,PP20130221434,2013-02-21,Adebayo Afolabi,Male,2348115026764,adebayo.afolabi74@outlook.com,83966575842,Ikeja Division,Alimosho,Mason,94108.0,Sudden burst water pipe inside bathroom wall causing flooding,6.610906,3.304413,Closed,2026-02-13 04:03:00
1319,PP20140516787,2014-05-16,Chioma Ojo,Female,2348179786808,chioma.ojo27@outlook.com,43207323052,Ikeja Division,Ikeja,18th,94121.0,Sewer overflow spreading wastewater near market area,6.591475,3.355479,Closed,2026-02-13 04:03:00
1320,PP20130409781,2013-04-09,Adebayo Mohammed,Male,2348055723663,adebayo.mohammed31@hotmail.com,79488146692,Ikeja Division,Agege,19th,94122.0,Major pipe burst near primary school disrupting access road,6.633593,3.33382,Closed,2026-02-13 04:03:00
1321,PP20110916041,2011-09-16,Olamide Ekanem,Male,2349082773630,olamide.ekanem20@yahoo.com,66367218609,Ikeja Division,Ifako-Ijaiye,10th,94103.0,Bathroom floor drain completely clogged with wastewater backup,6.661324,3.322079,Closed,2026-02-13 04:03:00
1322,PP20161222692,2016-12-22,Bola Danladi,Female,2348020159417,bola.danladi73@outlook.com,98416823813,Ikorodu Division,Ikorodu,Hartford,94114.0,Public tap pipe severely damaged in residential community,6.608504,3.502652,Closed,2026-02-13 04:03:00
1323,PP20100413292,2010-04-13,Chisom Yakubu,Female,2349086836442,chisom.yakubu80@gmail.com,43658380568,Ikeja Division,Alimosho,Polk,94109.0,Open manhole with visible sewage leakage on street,6.605295,3.280944,Closed,2026-02-13 04:03:00
1324,PP20091210871,2009-12-10,Chinedu Adeyemi,Male,2348188945296,chinedu.adeyemi66@outlook.com,152519565,Epe Division,Epe,29th,94121.0,"remodel kitchen, sink and three baths (ref bldg. permit application # 200909287750)",6.584156,3.992623,Closed,2026-02-13 04:03:00
1325,PP20100804933,2010-08-04,Yetunde Ojo,Female,2348118994625,yetunde.ojo46@yahoo.com,14957846394,Ikeja Division,Ikeja,Ralston,94132.0,Low water pressure affecting entire household supply,6.592722,3.366693,Closed,2026-02-13 04:03:00
1326,PP20190916401,2019-09-16,Oluwaseun Danladi,Male,2348147715662,oluwaseun.danladi39@gmail.com,2158921159,Ikeja Division,Oshodi-Isolo,30th,94116.0,Severe shower pipe rupture flooding entire bathroom,6.558708,3.318406,Closed,2026-02-13 04:03:00
1327,PP20120406704,2012-04-06,Olamide Mohammed,Male,2348168121831,olamide.mohammed42@hotmail.com,54866099124,Badagry Division,Ajeromi-Ifelodun,Pacific,94109.0,"#304: kitchen remodel: relocation of water pipes, install sink, water angle stops.",6.460122,3.341845,Closed,2026-02-13 04:03:00
1328,PP20170518502,2017-05-18,Ayomide Okoye,Male,2349023954297,ayomide.okoye24@gmail.com,37358174952,Badagry Division,Ajeromi-Ifelodun,Hill,94114.0,Water pipeline rupture near highway causing erosion,6.455781,3.342202,Closed,2026-02-13 04:03:00
1329,PP20171016594,2017-10-16,Adebayo Owolabi,Male,2349076204056,adebayo.owolabi12@hotmail.com,71007141381,Lagos Island Division,Apapa,22nd,94110.0,Septic tank backflow causing strong sewage odor indoors,6.450518,3.364533,Closed,2026-02-13 04:03:00
1330,PP20110901719,2011-09-01,Adebayo Ekanem,Male,2348174314831,adebayo.ekanem32@outlook.com,39499449917,Lagos Island Division,Eti-Osa,South Van Ness,94103.0,Water heater pipe leakage soaking utility area,6.421344,3.412949,Closed,2026-02-13 04:03:00
1331,PP20101122320,2010-11-22,Adaeze Nnamdi,Female,2349057186144,adaeze.nnamdi64@gmail.com,45779679695,Badagry Division,Badagry,Encanto,94115.0,Cracked underground pipe slowly flooding compound,6.420972,2.875517,Closed,2026-02-13 04:03:00
1332,PP20160422855,2016-04-22,Ifeanyi Chukwu,Male,2349064582279,ifeanyi.chukwu41@gmail.com,44701096868,Ikeja Division,Kosofe,21st,94121.0,Blocked drainage channel causing street-level flooding,6.587932,3.403029,Closed,2026-02-13 04:03:00
1333,PP20140912024,2014-09-12,Adaeze Umeh,Female,2348089211144,adaeze.umeh69@hotmail.com,36996991171,Epe Division,Ibeju-Lekki,Arguello,94118.0,Sewer overflow spreading wastewater near market area,6.478482,3.572675,Closed,2026-02-13 04:03:00
1334,PP20100916899,2010-09-16,Abdulrahman Nnamdi,Male,2348191136248,abdulrahman.nnamdi39@yahoo.com,54624188,Epe Division,Ibeju-Lekki,Vallejo,94123.0,Sudden burst water pipe inside bathroom wall causing flooding,6.475523,3.591256,Closed,2026-02-13 04:03:00
1335,PP20150924225,2015-09-24,Kelechi Chukwu,Male,2348078084745,kelechi.chukwu27@outlook.com,31973431507,Badagry Division,Ojo,Laguna Honda,94127.0,Water pipeline rupture near highway causing erosion,6.454032,3.18882,Closed,2026-02-13 04:03:00
1336,PP20120202194,2012-02-02,Yetunde Adebisi,Female,2348101284489,yetunde.adebisi62@hotmail.com,4809664384,Ikeja Division,Alimosho,Funston,94116.0,Sudden burst water pipe inside bathroom wall causing flooding,6.611604,3.289612,Closed,2026-02-13 04:03:00
1337,PP20171128698,2017-11-28,Ijeoma Ogunleye,Female,2349023617402,ijeoma.ogunleye39@yahoo.com,8487965834,Badagry Division,Badagry,Dolores,94110.0,Flooding due to collapsed drainage system after rainfall,6.404914,2.865374,Closed,2026-02-13 04:03:00
1338,PP20181031226,2018-10-31,Ifeanyi Adeyemi,Male,2349084706672,ifeanyi.adeyemi14@gmail.com,6560667100,Ikeja Division,Kosofe,Jones,94109.0,High-pressure pipe burst affecting multiple residential buildings,6.586797,3.401052,Closed,2026-02-13 04:03:00
1339,PP20160527804,2016-05-27,Kelechi Umeh,Male,2348198058131,kelechi.umeh17@gmail.com,76813751916,Ikeja Division,Kosofe,06th,94118.0,Bathroom floor drain completely clogged with wastewater backup,6.584253,3.414066,Closed,2026-02-13 04:03:00
1340,PP20190125608,2019-01-25,Opeyemi Ogunleye,Female,2348061027434,opeyemi.ogunleye41@hotmail.com,87127351057,Ikeja Division,Alimosho,Oak,94117.0,Sudden burst water pipe inside bathroom wall causing flooding,6.615791,3.29198,Closed,2026-02-13 04:03:00
1341,PP20080701093,2008-07-01,Chisom Oladipo,Female,2349055458453,chisom.oladipo23@gmail.com,40912189128,Lagos Island Division,Eti-Osa,Somerset,94134.0,Water heater pipe leakage soaking utility area,6.429806,3.429219,Open,2026-02-13 04:03:00
1342,PP20140912040,2014-09-12,Abdulrahman Eze,Male,2348055434600,abdulrahman.eze27@hotmail.com,27729927234,Ikorodu Division,Ikorodu,Haight,94117.0,Low water pressure affecting entire household supply,6.622751,3.513662,Closed,2026-02-13 04:03:00
1343,PP20120622539,2012-06-22,Obinna Chukwu,Male,2348130184846,obinna.chukwu31@hotmail.com,60726928942,Badagry Division,Ojo,32nd,94121.0,Underground water pipe burst near hospital entrance,6.465693,3.167644,Closed,2026-02-13 04:03:00
1344,PP20150402376,2015-04-02,Femi Mohammed,Male,2348165124357,femi.mohammed24@outlook.com,23447954146,Badagry Division,Ojo,Sacramento,94115.0,Septic tank backflow causing strong sewage odor indoors,6.468568,3.189125,Closed,2026-02-13 04:03:00
1345,PP20170407366,2017-04-07,Chinedu Okoye,Male,2349072301899,chinedu.okoye86@yahoo.com,26050659084,Lagos Island Division,Surulere,Ellis,94115.0,Severe shower pipe rupture flooding entire bathroom,6.486733,3.358359,Closed,2026-02-13 04:03:00
1346,PP20200115746,2020-01-15,Opeyemi Nwosu,Female,2349015657874,opeyemi.nwosu39@gmail.com,60778159454,Ikeja Division,Ikeja,Yale,94134.0,"(b) unit: single unit- plumbing installation for new residential construction including water, gas waste and vent. approved site permit/architectural addenda # 2010-1222-7230.",6.601407,3.350155,Closed,2026-02-13 04:03:00
1347,PP20180828347,2018-08-28,Tunde Eze,Male,2349079987112,tunde.eze10@hotmail.com,1269819003,Lagos Island Division,Apapa,Market,94102.0,Cracked underground pipe slowly flooding compound,6.452139,3.373314,Closed,2026-02-13 04:03:00
1348,PP20180529757,2018-05-29,Tunde Nnamdi,Male,2348098785035,tunde.nnamdi40@outlook.com,83297841397,Epe Division,Ibeju-Lekki,Sutter,94109.0,to obtain a final inspection for approved under expired permit pp20161122876,6.480818,3.571878,Open,2026-02-13 04:03:00
1349,PP20110228337,2011-02-28,Ijeoma Danladi,Female,2348175701156,ijeoma.danladi29@outlook.com,18464212111,Ikeja Division,Ikeja,Bosworth,94112.0,Public tap pipe severely damaged in residential community,6.608021,3.364789,Closed,2026-02-13 04:03:00
1350,PP20130111365,2013-01-11,Yetunde Ibrahim,Female,2349014530298,yetunde.ibrahim73@yahoo.com,17484072991,Ikorodu Division,Ikorodu,Columbus,94133.0,Water main leakage along roadside causing traffic obstruction,6.623268,3.52141,Closed,2026-02-13 04:03:00
1351,PP20120806568,2012-08-06,Kunle Yakubu,Male,2348081837962,kunle.yakubu73@gmail.com,53389728066,Lagos Island Division,Lagos Mainland,Addison,94131.0,High-pressure pipe burst affecting multiple residential buildings,6.544523,3.389437,Closed,2026-02-13 04:03:00
1352,PP20120815827,2012-08-15,Ayomide Oladipo,Male,2348177314077,ayomide.oladipo19@gmail.com,16685998273,Lagos Island Division,Eti-Osa,North Point,94109.0,Toilet overflow due to heavily blocked drain system,6.435593,3.432351,Closed,2026-02-13 04:03:00
1353,PP20140206959,2014-02-06,Kelechi Ogunleye,Male,2348050388065,kelechi.ogunleye40@outlook.com,6232590969,Badagry Division,Badagry,04th,94107.0,Sudden burst water pipe inside bathroom wall causing flooding,6.416449,2.885239,Closed,2026-02-13 04:03:00
1354,PP20131024370,2013-10-24,Ijeoma Ibrahim,Female,2349066779133,ijeoma.ibrahim96@yahoo.com,72819984514,Lagos Island Division,Lagos Island,Cayuga,94112.0,gas houseline extension.,6.450586,3.410334,Closed,2026-02-13 04:03:00
1355,PP20090511258,2009-05-11,Femi Balogun,Male,2348159722107,femi.balogun34@hotmail.com,54371013080,Ikorodu Division,Ikorodu,Dewey,94116.0,Water pipeline rupture near highway causing erosion,6.611216,3.525824,Closed,2026-02-13 04:03:00
1356,PP20090106100,2009-01-06,Ijeoma Umeh,Female,2348118740856,ijeoma.umeh67@gmail.com,47887558125,Epe Division,Epe,Peninsula,94134.0,Water main leakage along roadside causing traffic obstruction,6.588999,3.969607,Closed,2026-02-13 04:03:00
1357,PP20191007076,2019-10-07,Kunle Afolabi,Male,2349074566107,kunle.afolabi96@outlook.com,76748591534,Lagos Island Division,Lagos Island,10th,94118.0,Severe shower pipe rupture flooding entire bathroom,6.457776,3.3737,Closed,2026-02-13 04:03:00
1358,PP20160331249,2016-03-31,Adebayo Adebisi,Male,2349049125957,adebayo.adebisi72@gmail.com,40949877288,Ikeja Division,Ikeja,Sheldon,94122.0,Open manhole with visible sewage leakage on street,6.608055,3.360352,Closed,2026-02-13 04:03:00
1359,PP20110516229,2011-05-16,Kelechi Ekanem,Male,2349044694856,kelechi.ekanem46@yahoo.com,96585251167,Lagos Island Division,Lagos Island,Castro,94114.0,Minor kitchen sink pipe leakage under cabinet,6.448176,3.395935,Closed,2026-02-13 04:03:00
1360,PP20180717233,2018-07-17,Ayomide Ibrahim,Male,2348147437980,ayomide.ibrahim37@outlook.com,64378603392,Epe Division,Epe,Broadway,94123.0,Water main leakage along roadside causing traffic obstruction,6.603542,3.978543,Closed,2026-02-13 04:03:00
1361,PP20140908894,2014-09-08,Adaeze Yakubu,Female,2348053659903,adaeze.yakubu79@yahoo.com,38016860650,Ikeja Division,Mushin,42nd,94121.0,Cracked underground pipe slowly flooding compound,6.516711,3.369417,Closed,2026-02-13 04:03:00
1362,PP20100601424,2010-06-01,Emeka Afolabi,Male,2348082119309,emeka.afolabi46@yahoo.com,1533580177,Badagry Division,Amuwo-Odofin,21st,94122.0,Cracked underground pipe slowly flooding compound,6.469626,3.250037,Closed,2026-02-13 04:03:00
1363,PP20100628077,2010-06-28,Aisha Abiola,Female,2349019133066,aisha.abiola98@gmail.com,55711055516,Badagry Division,Ojo,California,94115.0,"remodel kitchen, 2 bathrooms and laundry room in kind.",6.471115,3.196415,Closed,2026-02-13 04:03:00
1364,PP20120420029,2012-04-20,Abdulrahman Nwosu,Male,2349099907966,abdulrahman.nwosu71@gmail.com,20082796113,Badagry Division,Ojo,Howard,94103.0,Severe shower pipe rupture flooding entire bathroom,6.453575,3.178147,Closed,2026-02-13 04:03:00
1365,PP20150128605,2015-01-28,Oluwaseun Danladi,Male,2348135371622,oluwaseun.danladi42@gmail.com,14961801640,Ikeja Division,Kosofe,09th,94103.0,renew expired permit pw20120618730; for final inspection,6.595609,3.43355,Closed,2026-02-13 04:03:00
1366,PP20090724884,2009-07-24,Ayomide Nnamdi,Male,2348092473661,ayomide.nnamdi87@hotmail.com,37418009485,Badagry Division,Ajeromi-Ifelodun,Larkin,94109.0,Sewer overflow spreading wastewater near market area,6.472329,3.324502,Closed,2026-02-13 04:03:00
1367,PP20190610572,2019-06-10,Chioma Ibrahim,Female,2348167998540,chioma.ibrahim50@outlook.com,45588430566,Epe Division,Ibeju-Lekki,Capp,94110.0,units 4 & 5: provide 2 new gas line for central heater,6.489871,3.57969,Closed,2026-02-13 04:03:00
1368,PP20191119325,2019-11-19,Temitope Nwosu,Female,2348028309257,temitope.nwosu51@yahoo.com,5720634160,Ikeja Division,Alimosho,32nd,94122.0,Blocked drainage channel causing street-level flooding,6.605649,3.298423,Closed,2026-02-13 04:03:00
1369,PP20120301840,2012-03-01,Kunle Adebisi,Male,2348121701764,kunle.adebisi18@yahoo.com,37666492967,Ikeja Division,Mushin,16th,94122.0,remodel kitchen & bathroom & install 1 shower pan in single family house.,6.542842,3.36314,Closed,2026-02-13 04:03:00
1370,PP20160223148,2016-02-23,Adebayo Yakubu,Male,2348189184738,adebayo.yakubu24@hotmail.com,65854593534,Epe Division,Epe,Tompkins,94110.0,Water pipeline rupture near highway causing erosion,6.588149,3.988233,Open,2026-02-13 04:03:00
1371,PP20090814343,2009-08-14,Chioma Adebisi,Female,2348126121414,chioma.adebisi43@yahoo.com,50550694749,Ikeja Division,Oshodi-Isolo,Columbus,94133.0,Minor kitchen sink pipe leakage under cabinet,6.554035,3.313681,Closed,2026-02-13 04:03:00
1372,PP20101228022,2010-12-28,Olamide Danladi,Male,2348111866476,olamide.danladi47@gmail.com,41339972068,Ikorodu Division,Ikorodu,Alabama,94110.0,Water heater pipe leakage soaking utility area,6.594104,3.507534,Closed,2026-02-13 04:03:00
1373,PP20080331353,2008-03-31,Ijeoma Danladi,Female,2349051510849,ijeoma.danladi80@hotmail.com,51105700094,Lagos Island Division,Eti-Osa,Powell,94108.0,Water main leakage along roadside causing traffic obstruction,6.435513,3.41039,Closed,2026-02-13 04:03:00
1374,PP20150922179,2015-09-22,Ijeoma Afolabi,Female,2348123746277,ijeoma.afolabi32@yahoo.com,63009244888,Ikeja Division,Mushin,Bancroft,94124.0,Sewer overflow spreading wastewater near market area,6.531163,3.352555,Open,2026-02-13 04:03:00
1375,PP20130823584,2013-08-23,Abdulrahman Nwosu,Male,2349028707359,abdulrahman.nwosu29@outlook.com,78777749238,Ikorodu Division,Ikorodu,35th,94122.0,Toilet overflow due to heavily blocked drain system,6.636955,3.52623,Closed,2026-02-13 04:03:00
1376,PP20170719112,2017-07-19,Aisha Ogunleye,Female,2349084608535,aisha.ogunleye65@gmail.com,68672735016,Lagos Island Division,Eti-Osa,17th,94122.0,Severe shower pipe rupture flooding entire bathroom,6.428442,3.420392,Closed,2026-02-13 04:03:00
1377,PP20180315678,2018-03-15,Amaka Ajayi,Female,2348072621364,amaka.ajayi11@gmail.com,59461934755,Lagos Island Division,Lagos Mainland,Noriega,94122.0,Severe shower pipe rupture flooding entire bathroom,6.523661,3.374683,Closed,2026-02-13 04:03:00
1378,PP20160322976,2016-03-22,Temitope Abiola,Female,2348168968810,temitope.abiola85@yahoo.com,49403815184,Lagos Island Division,Surulere,Sutter,94109.0,Severe shower pipe rupture flooding entire bathroom,6.49885,3.353217,Closed,2026-02-13 04:03:00
1379,PP20130826627,2013-08-26,Ijeoma Umeh,Female,2349033122408,ijeoma.umeh66@yahoo.com,89481672019,Lagos Island Division,Apapa,Concord,94112.0,Minor kitchen sink pipe leakage under cabinet,6.437494,3.365227,Closed,2026-02-13 04:03:00
1380,PP20150309642,2015-03-09,Abdulrahman Afolabi,Male,2349077210590,abdulrahman.afolabi58@outlook.com,48400107174,Ikeja Division,Ikeja,Lunado,94127.0,Minor kitchen sink pipe leakage under cabinet,6.608095,3.343457,Closed,2026-02-13 04:03:00
1381,PP20150127567,2015-01-27,Uche Nwosu,Male,2348134883663,uche.nwosu19@hotmail.com,3154824968,Lagos Island Division,Surulere,Mission,94110.0,Open manhole with visible sewage leakage on street,6.505854,3.354484,Closed,2026-02-13 04:03:00
1382,PP20160705844,2016-07-05,Chioma Owolabi,Female,2349048669684,chioma.owolabi70@gmail.com,23012966082,Epe Division,Ibeju-Lekki,Bush,94108.0,High-pressure pipe burst affecting multiple residential buildings,6.472532,3.593203,Closed,2026-02-13 04:03:00
1383,PP20161101311,2016-11-01,Tunde Afolabi,Male,2348082017096,tunde.afolabi69@gmail.com,21259317097,Ikeja Division,Mushin,Polk,94109.0,Water pipeline rupture near highway causing erosion,6.526964,3.359147,Closed,2026-02-13 04:03:00
1384,PP20100518110,2010-05-18,Chisom Mohammed,Female,2348075735261,chisom.mohammed95@gmail.com,18336292392,Badagry Division,Amuwo-Odofin,Bannock,94112.0,add one full bathrm and laundry rm at grnd flr,6.444836,3.248035,Closed,2026-02-13 04:03:00
1385,PP20140131844,2014-01-31,Tunde Danladi,Male,2348106712384,tunde.danladi57@hotmail.com,97842625365,Ikeja Division,Ifako-Ijaiye,Turk,94102.0,Underground water pipe burst near hospital entrance,6.667741,3.321134,Closed,2026-02-13 04:03:00
1386,PP20090429985,2009-04-29,Kelechi Nwosu,Male,2349050339779,kelechi.nwosu72@hotmail.com,63596979824,Badagry Division,Badagry,Edward,94118.0,Septic tank backflow causing strong sewage odor indoors,6.413232,2.869514,Closed,2026-02-13 04:03:00
1387,PP20101026767,2010-10-26,Femi Chukwu,Male,2349057840011,femi.chukwu90@hotmail.com,92412674232,Ikeja Division,Oshodi-Isolo,Church,94114.0,Cracked underground pipe slowly flooding compound,6.548688,3.305251,Closed,2026-02-13 04:03:00
1388,PP20120906343,2012-09-06,Oluwaseun Adebisi,Male,2349046633921,oluwaseun.adebisi18@gmail.com,28352737181,Epe Division,Epe,Spear,94105.0,renew permit #pp20110506014 for final inspection.,6.581438,3.981185,Closed,2026-02-13 04:03:00
1389,PP20180112884,2018-01-12,Kelechi Akinyemi,Male,2348182703641,kelechi.akinyemi60@gmail.com,22427960517,Lagos Island Division,Lagos Island,14th,94127.0,Open manhole with visible sewage leakage on street,6.453482,3.399494,Closed,2026-02-13 04:03:00
1390,PP20181010587,2018-10-10,Zainab Ogunleye,Female,2348025428214,zainab.ogunleye49@hotmail.com,97670702321,Ikeja Division,Kosofe,35th,94116.0,"installation of gas line for stove. installation of rough and finish plumbing for plumbing fixtures for kitchen, powder room, and bathroom. installation of finish plumbing fixtures for kitchen, powder room, and bathroom.",6.592045,3.410202,Closed,2026-02-13 04:03:00
1391,PP20191204728,2019-12-04,Emeka Ajayi,Male,2348117525404,emeka.ajayi82@hotmail.com,28142869211,Ikeja Division,Kosofe,Pierce,94117.0,Blocked drainage channel causing street-level flooding,6.571268,3.40628,Closed,2026-02-13 04:03:00
1392,PP20150901608,2015-09-01,Kelechi Balogun,Male,2348166802754,kelechi.balogun79@hotmail.com,48117225554,Ikeja Division,Alimosho,Munich,94112.0,Cracked underground pipe slowly flooding compound,6.604128,3.291481,Closed,2026-02-13 04:03:00
1393,PP20180703856,2018-07-03,Uche Ekanem,Male,2348121210626,uche.ekanem34@hotmail.com,38307728664,Lagos Island Division,Lagos Island,Ocean,94112.0,Major pipe burst near primary school disrupting access road,6.4464,3.381739,Closed,2026-02-13 04:03:00
1394,PP20090324105,2009-03-24,Femi Ajayi,Male,2349067049860,femi.ajayi19@gmail.com,29422038555,Ikeja Division,Oshodi-Isolo,Cayuga,94112.0,Toilet overflow due to heavily blocked drain system,6.549039,3.309914,Closed,2026-02-13 04:03:00
1395,PP20170130545,2017-01-30,Bola Adeyemi,Female,2348102339707,bola.adeyemi37@gmail.com,41492913986,Ikorodu Division,Ikorodu,University,94134.0,Toilet overflow due to heavily blocked drain system,6.62535,3.504926,Closed,2026-02-13 04:03:00
1396,PP20160302386,2016-03-02,Adaeze Afolabi,Female,2349088433879,adaeze.afolabi45@outlook.com,98218593399,Lagos Island Division,Surulere,King,94107.0,Water heater pipe leakage soaking utility area,6.49277,3.351533,Closed,2026-02-13 04:03:00
1397,PP20081201950,2008-12-01,Kelechi Adeyemi,Male,2348179623870,kelechi.adeyemi30@yahoo.com,56947900377,Ikeja Division,Oshodi-Isolo,Victoria,94127.0,Water main leakage along roadside causing traffic obstruction,6.553286,3.299616,Closed,2026-02-13 04:03:00
1398,PP20141023223,2014-10-23,Chioma Bamidele,Female,2349029117553,chioma.bamidele35@yahoo.com,54991441794,Badagry Division,Ojo,Geary,94109.0,Water pipeline rupture near highway causing erosion,6.466731,3.165141,Closed,2026-02-13 04:03:00
1399,PP20130710285,2013-07-10,Ngozi Nnamdi,Female,2348026711035,ngozi.nnamdi77@hotmail.com,40007917545,Badagry Division,Ojo,Otsego,94112.0,Underground water pipe burst near hospital entrance,6.457404,3.186011,Closed,2026-02-13 04:03:00
1400,PP20160825400,2016-08-25,Ayomide Oladipo,Male,2349043396616,ayomide.oladipo50@outlook.com,32387704589,Ikeja Division,Kosofe,Green,94123.0,"firesprinkler installation, 5 heads, 1 st floor",6.585138,3.44363,Closed,2026-02-13 04:03:00
1401,PP20111019834,2011-10-19,Chukwudi Ekanem,Male,2348033040387,chukwudi.ekanem32@gmail.com,95006264078,Ikeja Division,Alimosho,North Point,94109.0,Toilet overflow due to heavily blocked drain system,6.612498,3.284959,Closed,2026-02-13 04:03:00
1402,PP20160127399,2016-01-27,Adaeze Bamidele,Female,2349057467634,adaeze.bamidele15@outlook.com,51815935327,Ikeja Division,Agege,Gough,94102.0,Bathroom floor drain completely clogged with wastewater backup,6.614545,3.318238,Closed,2026-02-13 04:03:00
1403,PP20190723810,2019-07-23,Chinedu Mohammed,Male,2348169558915,chinedu.mohammed80@gmail.com,40723824752,Badagry Division,Badagry,Bertita,94112.0,Major pipe burst near primary school disrupting access road,6.414194,2.876669,Closed,2026-02-13 04:03:00
1404,PP20101020647,2010-10-20,Chisom Ekanem,Female,2348152153442,chisom.ekanem69@hotmail.com,74527384087,Badagry Division,Ojo,Capp,94110.0,Water main leakage along roadside causing traffic obstruction,6.470154,3.177505,Closed,2026-02-13 04:03:00
1405,PP20190509653,2019-05-09,Ijeoma Ogunleye,Female,2348183260530,ijeoma.ogunleye88@hotmail.com,42867253231,Lagos Island Division,Apapa,Taylor,94108.0,Open manhole with visible sewage leakage on street,6.447632,3.352644,Closed,2026-02-13 04:03:00
1406,PP20100506849,2010-05-06,Zainab Umeh,Female,2348194496383,zainab.umeh18@outlook.com,47416732791,Ikorodu Division,Ikorodu,Howard,94105.0,Sewer overflow spreading wastewater near market area,6.636789,3.507288,Closed,2026-02-13 04:03:00
1407,PP20141017087,2014-10-17,Chioma Chukwu,Female,2349064457425,chioma.chukwu39@hotmail.com,69746874325,Ikorodu Division,Ikorodu,Gough,94109.0,Water pipeline rupture near highway causing erosion,6.637726,3.518642,Closed,2026-02-13 04:03:00
1408,PP20080807143,2008-08-07,Ngozi Okafor,Female,2348141772784,ngozi.okafor71@outlook.com,33694045025,Lagos Island Division,Surulere,Duboce,94103.0,replace tub and valve,6.501721,3.364487,Closed,2026-02-13 04:03:00
1409,PP20171103106,2017-11-03,Olamide Okafor,Male,2348075624094,olamide.okafor37@yahoo.com,66681265096,Ikorodu Division,Ikorodu,Tehama,94105.0,"new boiler / heater, 399,000 btu",6.623338,3.491223,Closed,2026-02-13 04:03:00
1410,PP20191024655,2019-10-24,Abdulrahman Ekanem,Male,2349030607919,abdulrahman.ekanem17@outlook.com,13635842538,Ikeja Division,Kosofe,Cotter,94112.0,Open manhole with visible sewage leakage on street,6.580511,3.425152,Closed,2026-02-13 04:03:00
1411,PP20150519806,2015-05-19,Zainab Ogunleye,Female,2348154586545,zainab.ogunleye60@outlook.com,19489647135,Ikeja Division,Ifako-Ijaiye,32nd,94116.0,Open manhole with visible sewage leakage on street,6.669311,3.314548,Closed,2026-02-13 04:03:00
1412,PP20111116513,2011-11-16,Oluwaseun Ojo,Male,2348133084767,oluwaseun.ojo39@outlook.com,67386186428,Ikeja Division,Mushin,San Benito,94127.0,Open manhole with visible sewage leakage on street,6.526776,3.371641,Closed,2026-02-13 04:03:00
1413,PP20150630922,2015-06-30,Seyi Nwosu,Male,2348028027005,seyi.nwosu20@yahoo.com,62422684332,Ikeja Division,Kosofe,Saint Charles,94132.0,Open manhole with visible sewage leakage on street,6.595769,3.41608,Closed,2026-02-13 04:03:00
1414,PP20140204915,2014-02-04,Obinna Ajayi,Male,2349045299517,obinna.ajayi29@yahoo.com,79021650239,Lagos Island Division,Apapa,Mission,94103.0,Blocked drainage channel causing street-level flooding,6.458314,3.355335,Closed,2026-02-13 04:03:00
1415,PP20171103124,2017-11-03,Kelechi Mohammed,Male,2349053362258,kelechi.mohammed40@yahoo.com,62363851072,Epe Division,Epe,45th,94121.0,"remodel (1) bathroom on second floor, replace vanity, light, toilet, tile, rebuild shower. replace exhaust fan. no alteration of wall, windows and door. new shower pan.",6.566961,3.974355,Closed,2026-02-13 04:03:00
1416,PP20170822113,2017-08-22,Opeyemi Owolabi,Female,2348024002232,opeyemi.owolabi21@hotmail.com,63285552531,Ikeja Division,Mushin,26th,94121.0,"bathroom remodel - relocate sink, toilet and shower",6.542929,3.35186,Closed,2026-02-13 04:03:00
1417,PP20131101629,2013-11-01,Olamide Mohammed,Male,2348083707006,olamide.mohammed37@outlook.com,23064857856,Ikeja Division,Ifako-Ijaiye,Hill,94110.0,Cracked underground pipe slowly flooding compound,6.667366,3.325602,Closed,2026-02-13 04:03:00
1418,PP20091215968,2009-12-15,Amaka Chukwu,Female,2348028701115,amaka.chukwu72@hotmail.com,55145943557,Lagos Island Division,Surulere,Lexington,94110.0,Blocked drainage channel causing street-level flooding,6.515941,3.37706,Closed,2026-02-13 04:03:00
1419,PP20120606122,2012-06-06,Adebayo Ojo,Male,2349037093948,adebayo.ojo51@hotmail.com,79010967226,Epe Division,Epe,Clementina,94103.0,Flooding due to collapsed drainage system after rainfall,6.606188,3.98201,Closed,2026-02-13 04:03:00
1420,PP20170605908,2017-06-05,Olamide Okoye,Male,2348072396057,olamide.okoye14@gmail.com,75716456860,Ikeja Division,Agege,Turk,94102.0,Minor kitchen sink pipe leakage under cabinet,6.618456,3.320834,Closed,2026-02-13 04:03:00
1421,PP20181127961,2018-11-27,Temitope Adeyemi,Female,2348197608216,temitope.adeyemi21@outlook.com,43763257249,Lagos Island Division,Eti-Osa,Coleridge,94110.0,Water pipeline rupture near highway causing erosion,6.447869,3.410222,Closed,2026-02-13 04:03:00
1422,PP20171113340,2017-11-13,Ngozi Nnamdi,Female,2348132092524,ngozi.nnamdi74@hotmail.com,9976716318,Ikeja Division,Mushin,Seal Rock,94121.0,Septic tank backflow causing strong sewage odor indoors,6.529468,3.343627,Closed,2026-02-13 04:03:00
1423,PP20160712028,2016-07-12,Oluwaseun Danladi,Male,2349086106365,oluwaseun.danladi52@yahoo.com,46393201804,Ikeja Division,Alimosho,Sanchez,94131.0,Water pipeline rupture near highway causing erosion,6.603111,3.286627,Closed,2026-02-13 04:03:00
1424,PP20080822607,2008-08-22,Ijeoma Abiola,Female,2349063242237,ijeoma.abiola92@gmail.com,13640298093,Epe Division,Epe,Orizaba,94112.0,Blocked drainage channel causing street-level flooding,6.577921,3.978209,Closed,2026-02-13 04:03:00
1425,PP20100922037,2010-09-22,Yetunde Ojo,Female,2349013261090,yetunde.ojo72@outlook.com,49220537526,Epe Division,Ibeju-Lekki,Post,94109.0,Public tap pipe severely damaged in residential community,6.464517,3.593333,Closed,2026-02-13 04:03:00
1426,PP20160506221,2016-05-06,Yetunde Ojo,Female,2348082674417,yetunde.ojo59@hotmail.com,28721232891,Ikeja Division,Ifako-Ijaiye,Santa Fe,94124.0,Low water pressure affecting entire household supply,6.658751,3.330805,Closed,2026-02-13 04:03:00
1427,PP20110602598,2011-06-02,Opeyemi Okafor,Female,2349090980006,opeyemi.okafor48@yahoo.com,76055897664,Epe Division,Ibeju-Lekki,Milton,94112.0,Bathroom floor drain completely clogged with wastewater backup,6.48218,3.579868,Closed,2026-02-13 04:03:00
1428,PP20160816100,2016-08-16,Opeyemi Akinyemi,Female,2348066469631,opeyemi.akinyemi98@hotmail.com,19409510003,Badagry Division,Amuwo-Odofin,Larkin,94109.0,Water main leakage along roadside causing traffic obstruction,6.442821,3.247695,Closed,2026-02-13 04:03:00
1429,PP20180710986,2018-07-10,Temitope Ojo,Female,2349071848877,temitope.ojo26@hotmail.com,44052343390,Ikorodu Division,Ikorodu,Normandie,94123.0,Public tap pipe severely damaged in residential community,6.631197,3.512441,Closed,2026-02-13 04:03:00
1430,PP20160720283,2016-07-20,Bola Danladi,Female,2349033133521,bola.danladi52@hotmail.com,11190970709,Lagos Island Division,Eti-Osa,Mission,94110.0,Water main leakage along roadside causing traffic obstruction,6.427788,3.426739,Closed,2026-02-13 04:03:00
1431,PP20130913092,2013-09-13,Ayomide Adebisi,Male,2348177176255,ayomide.adebisi58@gmail.com,28713786070,Lagos Island Division,Apapa,Lombard,94111.0,Septic tank backflow causing strong sewage odor indoors,6.437777,3.365814,Closed,2026-02-13 04:03:00
1432,PP20170117227,2017-01-17,Ifeanyi Afolabi,Male,2349094746568,ifeanyi.afolabi10@outlook.com,87393351337,Lagos Island Division,Surulere,Wawona,94127.0,Sewer overflow spreading wastewater near market area,6.500986,3.357722,Closed,2026-02-13 04:03:00
1433,PP20170424801,2017-04-24,Oluwaseun Mohammed,Male,2348059692163,oluwaseun.mohammed33@gmail.com,17918859467,Badagry Division,Amuwo-Odofin,Vallejo,94109.0,Severe shower pipe rupture flooding entire bathroom,6.441614,3.241133,Closed,2026-02-13 04:03:00
1434,PP20120228773,2012-02-28,Adaeze Akinyemi,Female,2348195551021,adaeze.akinyemi24@hotmail.com,72244140660,Ikeja Division,Oshodi-Isolo,Broad,94112.0,legalize one bathroom. remove kitche. convert to laundry room. all work at ground floor.,6.558948,3.32039,Closed,2026-02-13 04:03:00
1435,PP20161222684,2016-12-22,Ayomide Adeyemi,Male,2349055499484,ayomide.adeyemi53@gmail.com,27825554559,Ikeja Division,Agege,Noe,94114.0,Underground water pipe burst near hospital entrance,6.609127,3.340584,Closed,2026-02-13 04:03:00
1436,PP20180808815,2018-08-08,Ayomide Adeyemi,Male,2348159539031,ayomide.adeyemi88@yahoo.com,57526583058,Ikeja Division,Oshodi-Isolo,Lombard,94133.0,Water heater pipe leakage soaking utility area,6.53273,3.302254,Closed,2026-02-13 04:03:00
1437,PP20110125612,2011-01-25,Obinna Eze,Male,2348122660760,obinna.eze97@hotmail.com,71278790270,Badagry Division,Ojo,Green,94123.0,Severe shower pipe rupture flooding entire bathroom,6.460689,3.173903,Closed,2026-02-13 04:03:00
1438,PP20130603272,2013-06-03,Aisha Chukwu,Female,2348101729654,aisha.chukwu40@hotmail.com,63637599708,Ikeja Division,Mushin,Green,94123.0,"replace toilets, sinks, bathtub, shower, in kids & guest bathroom",6.517935,3.347922,Closed,2026-02-13 04:03:00
1439,PP20190708314,2019-07-08,Zainab Akinyemi,Female,2348179110877,zainab.akinyemi19@outlook.com,85855322138,Badagry Division,Amuwo-Odofin,Shotwell,94110.0,"1 shower pan permit, per c/n pw20180906387.",6.452922,3.248127,Closed,2026-02-13 04:03:00
1440,PP20160325119,2016-03-25,Zainab Adeyemi,Female,2348194519458,zainab.adeyemi91@yahoo.com,62780088623,Epe Division,Ibeju-Lekki,Cesar Chavez,94131.0,"relocate bathroom, 1 shower. pan.",6.447618,3.563793,Closed,2026-02-13 04:03:00
1441,PP20091113335,2009-11-13,Ayomide Afolabi,Male,2348179092800,ayomide.afolabi37@yahoo.com,68770554023,Ikeja Division,Oshodi-Isolo,28th,94121.0,Persistent dripping tap in kitchen wasting water daily,6.547531,3.312677,Closed,2026-02-13 04:03:00
1442,PP20180523628,2018-05-23,Chisom Adeyemi,Female,2348026457112,chisom.adeyemi89@hotmail.com,96412057313,Badagry Division,Amuwo-Odofin,Jefferson,94123.0,Minor kitchen sink pipe leakage under cabinet,6.422525,3.245003,Closed,2026-02-13 04:03:00
1443,PP20100607591,2010-06-07,Ngozi Ajayi,Female,2348152232185,ngozi.ajayi48@outlook.com,93428686934,Lagos Island Division,Surulere,Larkin,94109.0,"re-pipe new 6"" sewer line on 2701 larkin st property for 2705-2707-2709 larkin st",6.491638,3.374683,Closed,2026-02-13 04:03:00
1444,PP20190613688,2019-06-13,Yetunde Nwosu,Female,2349028337669,yetunde.nwosu60@hotmail.com,65827938043,Ikorodu Division,Ikorodu,Burnett,94131.0,Sewer overflow spreading wastewater near market area,6.61555,3.51433,Open,2026-02-13 04:03:00
1445,PP20150309620,2015-03-09,Opeyemi Danladi,Female,2349069463782,opeyemi.danladi59@yahoo.com,45072668673,Ikeja Division,Agege,Linda,94110.0,"install new house trap and sewer, install new building drain with floor drains & trap.",6.616913,3.314694,Closed,2026-02-13 04:03:00
1446,PP20170926030,2017-09-26,Olamide Adeyemi,Male,2348099801616,olamide.adeyemi16@outlook.com,93973392231,Badagry Division,Badagry,18th,94114.0,Water heater pipe leakage soaking utility area,6.422682,2.887154,Open,2026-02-13 04:03:00
1447,PP20140326379,2014-03-26,Abdulrahman Oladipo,Male,2348022458827,abdulrahman.oladipo90@gmail.com,21521874844,Ikorodu Division,Ikorodu,Rose,94102.0,Cracked underground pipe slowly flooding compound,6.624483,3.549762,Closed,2026-02-13 04:03:00
1448,PP20160610194,2016-06-10,Chioma Umeh,Female,2348153657531,chioma.umeh77@gmail.com,32983646779,Epe Division,Ibeju-Lekki,20th,94132.0,Underground water pipe burst near hospital entrance,6.449159,3.602247,Closed,2026-02-13 04:03:00
1449,PP20080514681,2008-05-14,Yetunde Ibrahim,Female,2348093886422,yetunde.ibrahim46@gmail.com,54174757088,Badagry Division,Ojo,Polk,94109.0,Sudden burst water pipe inside bathroom wall causing flooding,6.458126,3.185873,Closed,2026-02-13 04:03:00
1450,PP20140717456,2014-07-17,Obinna Afolabi,Male,2349088309479,obinna.afolabi92@yahoo.com,24676260481,Lagos Island Division,Lagos Mainland,Jackson,94109.0,Low water pressure affecting entire household supply,6.523945,3.374958,Closed,2026-02-13 04:03:00
1451,PP20140617579,2014-06-17,Femi Ogunleye,Male,2348069938869,femi.ogunleye64@outlook.com,28275649699,Badagry Division,Badagry,Turk,94102.0,Water pipeline rupture near highway causing erosion,6.409302,2.888295,Closed,2026-02-13 04:03:00
1452,PP20150126461,2015-01-26,Opeyemi Ekanem,Female,2349073752626,opeyemi.ekanem40@gmail.com,24583779574,Ikorodu Division,Ikorodu,Scott,94117.0,Flooding due to collapsed drainage system after rainfall,6.604228,3.518006,Closed,2026-02-13 04:03:00
1453,PP20150811033,2015-08-11,Kelechi Oladipo,Male,2349043273792,kelechi.oladipo98@outlook.com,3583594895,Lagos Island Division,Lagos Island,Summit,94132.0,Low water pressure affecting entire household supply,6.449938,3.383399,Closed,2026-02-13 04:03:00
1454,PP20110323936,2011-03-23,Kunle Ibrahim,Male,2348128544215,kunle.ibrahim56@gmail.com,21259774006,Ikeja Division,Mushin,Turk,94115.0,Open manhole with visible sewage leakage on street,6.5228,3.367171,Closed,2026-02-13 04:03:00
1455,PP20130718523,2013-07-18,Oluwaseun Bamidele,Male,2348026438903,oluwaseun.bamidele27@outlook.com,13947980843,Epe Division,Ibeju-Lekki,Brussels,94134.0,Sudden burst water pipe inside bathroom wall causing flooding,6.464647,3.588585,Closed,2026-02-13 04:03:00
1456,PP20170321908,2017-03-21,Kunle Adeyemi,Male,2348182546041,kunle.adeyemi27@yahoo.com,94879494082,Badagry Division,Ajeromi-Ifelodun,California,94104.0,Water heater pipe leakage soaking utility area,6.45939,3.340879,Closed,2026-02-13 04:03:00
1457,PP20190405698,2019-04-05,Zainab Chukwu,Female,2348031892343,zainab.chukwu80@hotmail.com,4925633116,Badagry Division,Amuwo-Odofin,Paris,94112.0,Underground water pipe burst near hospital entrance,6.456855,3.268486,Closed,2026-02-13 04:03:00
1458,PP20150929357,2015-09-29,Temitope Bamidele,Female,2349034988525,temitope.bamidele90@gmail.com,44161442124,Ikeja Division,Ifako-Ijaiye,Hyde,94109.0,Blocked drainage channel causing street-level flooding,6.668044,3.335287,Closed,2026-02-13 04:03:00
1459,PP20080616627,2008-06-16,Temitope Nwosu,Female,2348123255187,temitope.nwosu27@hotmail.com,53615894385,Badagry Division,Ajeromi-Ifelodun,Mendell,94124.0,Toilet overflow due to heavily blocked drain system,6.467681,3.346259,Closed,2026-02-13 04:03:00
1460,PP20111215140,2011-12-15,Femi Nwosu,Male,2348080136894,femi.nwosu52@outlook.com,30892505226,Lagos Island Division,Surulere,02nd,94105.0,Blocked drainage channel causing street-level flooding,6.489712,3.36825,Open,2026-02-13 04:03:00
1461,PP20090609911,2009-06-09,Ifeanyi Oladipo,Male,2349091090468,ifeanyi.oladipo98@outlook.com,85084124127,Badagry Division,Ajeromi-Ifelodun,19th,94121.0,Toilet overflow due to heavily blocked drain system,6.464753,3.332658,Closed,2026-02-13 04:03:00
1462,PP20140917172,2014-09-17,Abdulrahman Nnamdi,Male,2348117045530,abdulrahman.nnamdi83@hotmail.com,51106554272,Ikeja Division,Ifako-Ijaiye,Sacramento,94118.0,Bathroom floor drain completely clogged with wastewater backup,6.670718,3.331122,Closed,2026-02-13 04:03:00
1463,PP20180319760,2018-03-19,Femi Nwosu,Male,2349029333483,femi.nwosu53@outlook.com,47245016893,Badagry Division,Badagry,Farallones,94112.0,Severe shower pipe rupture flooding entire bathroom,6.413838,2.887147,Closed,2026-02-13 04:03:00
1464,PP20140513672,2014-05-13,Seyi Okafor,Male,2349088048343,seyi.okafor92@outlook.com,43291217040,Epe Division,Ibeju-Lekki,Buchanan,94102.0,Severe shower pipe rupture flooding entire bathroom,6.485781,3.594854,Closed,2026-02-13 04:03:00
1465,PP20110420616,2011-04-20,Ijeoma Afolabi,Female,2348181911029,ijeoma.afolabi94@gmail.com,42809072694,Ikeja Division,Kosofe,La Playa,94121.0,Underground water pipe burst near hospital entrance,6.591992,3.412145,Closed,2026-02-13 04:03:00
1466,PP20160107809,2016-01-07,Chioma Abiola,Female,2348193032807,chioma.abiola46@hotmail.com,16625400162,Epe Division,Ibeju-Lekki,Harrison,94110.0,Major pipe burst near primary school disrupting access road,6.461108,3.594553,Closed,2026-02-13 04:03:00
1467,PP20160921180,2016-09-21,Adebayo Yakubu,Male,2348138603903,adebayo.yakubu41@gmail.com,82937364573,Lagos Island Division,Lagos Mainland,Ellis,94102.0,Underground water pipe burst near hospital entrance,6.53316,3.393927,Closed,2026-02-13 04:03:00
1468,PP20151112467,2015-11-12,Ayomide Adebisi,Male,2349021056588,ayomide.adebisi50@yahoo.com,59188995596,Ikorodu Division,Ikorodu,Precita,94110.0,Persistent dripping tap in kitchen wasting water daily,6.61336,3.508205,Closed,2026-02-13 04:03:00
1469,PP20180206589,2018-02-06,Olamide Nnamdi,Male,2349011804068,olamide.nnamdi36@outlook.com,36906079500,Badagry Division,Badagry,Webster,94117.0,Public tap pipe severely damaged in residential community,6.398605,2.881075,Closed,2026-02-13 04:03:00
1470,PP20180917930,2018-09-17,Olamide Ibrahim,Male,2348081582876,olamide.ibrahim96@yahoo.com,36447133759,Lagos Island Division,Surulere,Los Palmos,94127.0,"kitchen remodel, replace sink, dishwasher and garbage disposal, install gas for range.",6.506866,3.356135,Closed,2026-02-13 04:03:00
1471,PP20120628686,2012-06-28,Ijeoma Ekanem,Female,2348109526394,ijeoma.ekanem49@gmail.com,89839625045,Badagry Division,Amuwo-Odofin,Jones,94109.0,Sudden burst water pipe inside bathroom wall causing flooding,6.456405,3.248095,Closed,2026-02-13 04:03:00
1472,PP20141201153,2014-12-01,Opeyemi Ajayi,Female,2349076679221,opeyemi.ajayi79@hotmail.com,46343810359,Ikorodu Division,Ikorodu,Delancey,94107.0,Water heater pipe leakage soaking utility area,6.622641,3.499023,Closed,2026-02-13 04:03:00
1473,PP20180208671,2018-02-08,Kunle Ogunleye,Male,2348170955975,kunle.ogunleye27@yahoo.com,73082597469,Lagos Island Division,Lagos Mainland,San Jose,94112.0,Severe shower pipe rupture flooding entire bathroom,6.525252,3.349289,Closed,2026-02-13 04:03:00
1474,PP20171108219,2017-11-08,Temitope Chukwu,Female,2348080669867,temitope.chukwu65@outlook.com,80710357009,Ikeja Division,Ikeja,Beach,94109.0,Public tap pipe severely damaged in residential community,6.599931,3.335195,Closed,2026-02-13 04:03:00
1475,PP20100928174,2010-09-28,Ayomide Okoye,Male,2348068072015,ayomide.okoye81@yahoo.com,18362008324,Badagry Division,Ojo,Chestnut,94123.0,Sewer overflow spreading wastewater near market area,6.47306,3.190774,Closed,2026-02-13 04:03:00
1476,PP20191226256,2019-12-26,Femi Yakubu,Male,2348072872174,femi.yakubu44@outlook.com,2358234782,Ikorodu Division,Ikorodu,Kirkham,94122.0,Underground water pipe burst near hospital entrance,6.624067,3.52571,Closed,2026-02-13 04:03:00
1477,PP20131223900,2013-12-23,Chisom Oladipo,Female,2348178092412,chisom.oladipo36@gmail.com,26800152742,Badagry Division,Amuwo-Odofin,34th,94121.0,Open manhole with visible sewage leakage on street,6.440511,3.267474,Closed,2026-02-13 04:03:00
1478,PP20171205854,2017-12-05,Ayomide Umeh,Male,2348063808850,ayomide.umeh12@gmail.com,77142618115,Badagry Division,Badagry,Vicksburg,94114.0,install (1) shower pan,6.424322,2.882634,Closed,2026-02-13 04:03:00
1479,PP20141002644,2014-10-02,Yetunde Okoye,Female,2348145744007,yetunde.okoye48@hotmail.com,22914467725,Lagos Island Division,Lagos Island,Broderick,94115.0,install new plumbing fixtures for kitchen & bathroom.,6.465456,3.383637,Closed,2026-02-13 04:03:00
1480,PP20170925995,2017-09-25,Uche Danladi,Male,2349047913982,uche.danladi59@gmail.com,43953780035,Ikorodu Division,Ikorodu,08th,94103.0,Water main leakage along roadside causing traffic obstruction,6.611155,3.504414,Closed,2026-02-13 04:03:00
1481,PP20181018869,2018-10-18,Abdulrahman Chukwu,Male,2349056201966,abdulrahman.chukwu94@gmail.com,70239182330,Ikeja Division,Oshodi-Isolo,Diamond Heights,94131.0,Sewer overflow spreading wastewater near market area,6.54831,3.297534,Closed,2026-02-13 04:03:00
1482,PP20160408486,2016-04-08,Oluwaseun Ibrahim,Male,2348029695566,oluwaseun.ibrahim59@gmail.com,44104469917,Lagos Island Division,Eti-Osa,21st,94121.0,"upgrade plumbing for existing bathroom & laundry, no gas, utility",6.445331,3.419311,Closed,2026-02-13 04:03:00
1483,PP20121127358,2012-11-27,Adaeze Afolabi,Female,2348029477226,adaeze.afolabi13@hotmail.com,44819140447,Ikeja Division,Mushin,17th,94117.0,Septic tank backflow causing strong sewage odor indoors,6.530825,3.348896,Closed,2026-02-13 04:03:00
1484,PP20080312830,2008-03-12,Chisom Eze,Female,2348173589115,chisom.eze43@outlook.com,55447085812,Ikeja Division,Ikeja,Liberty,94114.0,new kitchen and 2 bath plus laundry. move main stack if necessary and horizontal run through garage area.,6.583594,3.354201,Closed,2026-02-13 04:03:00
1485,PP20100521193,2010-05-21,Ayomide Oladipo,Male,2349020163173,ayomide.oladipo24@gmail.com,4108857841,Lagos Island Division,Apapa,21st,94110.0,plumbing repair by putting or replacing the broken sewer line inside the building for laundry machine drainage.,6.429677,3.358314,Closed,2026-02-13 04:03:00
1486,PP20170815878,2017-08-15,Abdulrahman Mohammed,Male,2348061002568,abdulrahman.mohammed41@gmail.com,32969997418,Lagos Island Division,Apapa,Rockdale,94127.0,Flooding due to collapsed drainage system after rainfall,6.435117,3.378873,Closed,2026-02-13 04:03:00
1487,PP20110721723,2011-07-21,Ngozi Ekanem,Female,2349048702783,ngozi.ekanem80@gmail.com,4277039788,Badagry Division,Ojo,Mariposa,94110.0,Flooding due to collapsed drainage system after rainfall,6.470114,3.184058,Closed,2026-02-13 04:03:00
1488,PP20140403606,2014-04-03,Amaka Okoye,Female,2348165381529,amaka.okoye72@gmail.com,18788242594,Lagos Island Division,Surulere,Folsom,94110.0,Water heater pipe leakage soaking utility area,6.509537,3.352337,Closed,2026-02-13 04:03:00
1489,PP20090624222,2009-06-24,Obinna Ajayi,Male,2349031797095,obinna.ajayi23@outlook.com,12699423576,Lagos Island Division,Lagos Island,North Point,94123.0,Low water pressure affecting entire household supply,6.459535,3.396698,Closed,2026-02-13 04:03:00
1490,PP20121012269,2012-10-12,Temitope Yakubu,Female,2348025618789,temitope.yakubu74@yahoo.com,21246751194,Ikeja Division,Ikeja,Taraval,94116.0,Severe shower pipe rupture flooding entire bathroom,6.60444,3.364224,Closed,2026-02-13 04:03:00
1491,PP20200108519,2020-01-08,Opeyemi Adebisi,Female,2348063707668,opeyemi.adebisi41@gmail.com,40086742220,Lagos Island Division,Eti-Osa,Dore,94103.0,Persistent dripping tap in kitchen wasting water daily,6.440425,3.424787,Closed,2026-02-13 04:03:00
1492,PP20100303410,2010-03-03,Adaeze Afolabi,Female,2348179610064,adaeze.afolabi35@hotmail.com,21799540116,Ikeja Division,Mushin,Pacific,94109.0,apt #2: plumbing work. replacement bathroom fixture.,6.510751,3.345,Closed,2026-02-13 04:03:00
1493,PP20180817076,2018-08-17,Amaka Ibrahim,Female,2349034995950,amaka.ibrahim82@hotmail.com,65738722884,Ikeja Division,Kosofe,Gough,94109.0,Low water pressure affecting entire household supply,6.582073,3.417634,Open,2026-02-13 04:03:00
1494,PP20130102094,2013-01-02,Uche Abiola,Male,2348032358178,uche.abiola40@yahoo.com,90243305930,Badagry Division,Amuwo-Odofin,California,94108.0,Septic tank backflow causing strong sewage odor indoors,6.438698,3.274117,Closed,2026-02-13 04:03:00
1495,PP20170215007,2017-02-15,Aisha Danladi,Female,2349018685179,aisha.danladi41@yahoo.com,95441064252,Badagry Division,Badagry,Union,94123.0,replace fixtures & appliances in bathroom & kitchen.,6.430164,2.891021,Closed,2026-02-13 04:03:00
1496,PP20130905850,2013-09-05,Oluwaseun Adebisi,Male,2348117172288,oluwaseun.adebisi34@yahoo.com,55870681852,Badagry Division,Badagry,Alabama,94110.0,remove and replace existing solar thermal system: 20 heliodyne 4ftx10ft collectors and 5 200gal tanks.,6.41572,2.882878,Closed,2026-02-13 04:03:00
1497,PP20180824268,2018-08-24,Tunde Eze,Male,2349083674085,tunde.eze54@hotmail.com,76776099974,Lagos Island Division,Lagos Island,17th,94122.0,Septic tank backflow causing strong sewage odor indoors,6.444581,3.395475,Closed,2026-02-13 04:03:00
1498,PP20190808302,2019-08-08,Chukwudi Okafor,Male,2349022907106,chukwudi.okafor12@yahoo.com,11184258889,Lagos Island Division,Lagos Mainland,California,94115.0,Underground water pipe burst near hospital entrance,6.526978,3.366782,Closed,2026-02-13 04:03:00
1499,PP20170502998,2017-05-02,Ijeoma Chukwu,Female,2348138577868,ijeoma.chukwu88@outlook.com,34095163380,Ikorodu Division,Ikorodu,Putnam,94110.0,Sewer overflow spreading wastewater near market area,6.622742,3.508947,Closed,2026-02-13 04:03:00
1500,PP20120522809,2012-05-22,Chukwudi Mohammed,Male,2348178057983,chukwudi.mohammed64@outlook.com,51562316844,Lagos Island Division,Surulere,Lombard,94123.0,replacement of main sewer line including trap approx 10ft.,6.477822,3.352196,Closed,2026-02-13 04:03:00
1501,PP20110505999,2011-05-05,Chisom Umeh,Female,2349018872412,chisom.umeh19@yahoo.com,87016250710,Lagos Island Division,Lagos Island,Knollview,94131.0,High-pressure pipe burst affecting multiple residential buildings,6.449964,3.413577,Closed,2026-02-13 04:03:00
1502,PP20081208254,2008-12-08,Temitope Bamidele,Female,2348193412556,temitope.bamidele64@yahoo.com,17948273699,Ikeja Division,Kosofe,Montgomery,94111.0,Septic tank backflow causing strong sewage odor indoors,6.588866,3.403345,Closed,2026-02-13 04:03:00
1503,PP20100205910,2010-02-05,Adaeze Danladi,Female,2348148341534,adaeze.danladi23@gmail.com,72207166636,Ikeja Division,Agege,University,94134.0,Underground water pipe burst near hospital entrance,6.62036,3.320527,Closed,2026-02-13 04:03:00
1504,PP20090605827,2009-06-05,Zainab Nnamdi,Female,2348095759736,zainab.nnamdi91@hotmail.com,97865499691,Lagos Island Division,Lagos Island,Coleridge,94110.0,renew expired permit pp20080630067 final inspection ( 1 inspection only); comply with 3-r report,6.464927,3.389989,Closed,2026-02-13 04:03:00
1505,PP20081120680,2008-11-20,Amaka Afolabi,Female,2348050885179,amaka.afolabi24@yahoo.com,47550126954,Lagos Island Division,Eti-Osa,Guerrero,94103.0,Bathroom floor drain completely clogged with wastewater backup,6.432164,3.435158,Closed,2026-02-13 04:03:00
1506,PP20170310648,2017-03-10,Amaka Okafor,Female,2348086020900,amaka.okafor24@hotmail.com,89682781316,Lagos Island Division,Surulere,Stanyan,94118.0,Toilet overflow due to heavily blocked drain system,6.484028,3.346829,Closed,2026-02-13 04:03:00
1507,PP20120130063,2012-01-30,Zainab Ekanem,Female,2348066645146,zainab.ekanem79@yahoo.com,35753505973,Lagos Island Division,Lagos Island,Green,94123.0,Sudden burst water pipe inside bathroom wall causing flooding,6.448264,3.405084,Closed,2026-02-13 04:03:00
1508,PP20131127302,2013-11-27,Abdulrahman Okafor,Male,2348168593286,abdulrahman.okafor85@yahoo.com,85537406756,Badagry Division,Ojo,Monterey,94112.0,Open manhole with visible sewage leakage on street,6.445807,3.154678,Closed,2026-02-13 04:03:00
1509,PP20091026881,2009-10-26,Chinedu Adeyemi,Male,2348165674221,chinedu.adeyemi28@hotmail.com,63301249845,Badagry Division,Amuwo-Odofin,Townsend,94103.0,Toilet overflow due to heavily blocked drain system,6.445488,3.255517,Closed,2026-02-13 04:03:00
1510,PP20150413631,2015-04-13,Ijeoma Abiola,Female,2349070728198,ijeoma.abiola78@outlook.com,63750513399,Ikorodu Division,Ikorodu,Graystone,94114.0,Low water pressure affecting entire household supply,6.631403,3.505868,Closed,2026-02-13 04:03:00
1511,PP20190904064,2019-09-04,Seyi Nnamdi,Male,2348080498563,seyi.nnamdi83@outlook.com,49152852245,Badagry Division,Ojo,Alabama,94110.0,High-pressure pipe burst affecting multiple residential buildings,6.456886,3.194539,Closed,2026-02-13 04:03:00
1512,PP20150220204,2015-02-20,Amaka Okafor,Female,2348024173096,amaka.okafor61@yahoo.com,34293770313,Epe Division,Ibeju-Lekki,Clayton,94117.0,Severe shower pipe rupture flooding entire bathroom,6.451303,3.581115,Closed,2026-02-13 04:03:00
1513,PP20080707212,2008-07-07,Adebayo Balogun,Male,2348141288128,adebayo.balogun23@hotmail.com,40464687099,Ikeja Division,Mushin,26th,94131.0,Bathroom floor drain completely clogged with wastewater backup,6.529204,3.359092,Closed,2026-02-13 04:03:00
1514,PP20081204186,2008-12-04,Bola Chukwu,Female,2348021192929,bola.chukwu70@yahoo.com,15401294652,Ikeja Division,Agege,Gaven,94134.0,Major pipe burst near primary school disrupting access road,6.610402,3.336344,Closed,2026-02-13 04:03:00
1515,PP20110504963,2011-05-04,Obinna Afolabi,Male,2348181777186,obinna.afolabi67@gmail.com,53237029798,Ikeja Division,Alimosho,Eddy,94102.0,removal of plumbing fixtures at basement.,6.584117,3.288418,Closed,2026-02-13 04:03:00
1516,PP20160218025,2016-02-18,Femi Afolabi,Male,2349046781585,femi.afolabi88@gmail.com,28993365927,Badagry Division,Ojo,Powell,94108.0,"unit 41, remodel the whole kitchen and full bathroom.",6.465535,3.173177,Closed,2026-02-13 04:03:00
1517,PP20101102902,2010-11-02,Aisha Ogunleye,Female,2349010246992,aisha.ogunleye35@outlook.com,41926980586,Ikorodu Division,Ikorodu,24th,94114.0,Toilet overflow due to heavily blocked drain system,6.61999,3.514969,Closed,2026-02-13 04:03:00
1518,PP20110519304,2011-05-19,Ijeoma Ajayi,Female,2349089391242,ijeoma.ajayi76@outlook.com,26191020773,Ikeja Division,Alimosho,Surrey,94131.0,Water pipeline rupture near highway causing erosion,6.605575,3.296705,Closed,2026-02-13 04:03:00
1519,PP20170814851,2017-08-14,Temitope Ajayi,Female,2348073925738,temitope.ajayi44@yahoo.com,1118689914,Epe Division,Epe,Hartford,94114.0,new fire sprinklers system per nfpa 13r 13. undergr fire service total 43 heads app 201708144715,6.574373,3.981534,Closed,2026-02-13 04:03:00
1520,PP20080714438,2008-07-14,Ifeanyi Adebisi,Male,2349054244352,ifeanyi.adebisi69@gmail.com,1390750803,Ikeja Division,Alimosho,Post,94109.0,"sinks, faucets, angle stops, shower valve.",6.615102,3.29657,Closed,2026-02-13 04:03:00
1521,PP20080829040,2008-08-29,Olamide Adebisi,Male,2348120663810,olamide.adebisi79@yahoo.com,48180363765,Epe Division,Epe,Harbor,94124.0,Toilet overflow due to heavily blocked drain system,6.578135,3.985842,Closed,2026-02-13 04:03:00
1522,PP20090130818,2009-01-30,Yetunde Danladi,Female,2348172681524,yetunde.danladi12@gmail.com,49273701154,Lagos Island Division,Surulere,Stanyan,94118.0,"re-pipe 5 baths, 2 laundrys, 2 kitchens, 2 floor drains, new gas, 2 water heaters, rain leadres - new water services.",6.504046,3.340301,Closed,2026-02-13 04:03:00
1523,PP20141204262,2014-12-04,Yetunde Afolabi,Female,2348148204076,yetunde.afolabi51@gmail.com,99618101256,Ikeja Division,Alimosho,Castro,94114.0,Water main leakage along roadside causing traffic obstruction,6.620591,3.291637,Closed,2026-02-13 04:03:00
1524,PP20160115044,2016-01-15,Abdulrahman Ekanem,Male,2348171846307,abdulrahman.ekanem38@gmail.com,50871062298,Lagos Island Division,Eti-Osa,Naples,94112.0,Water pipeline rupture near highway causing erosion,6.437355,3.433872,Closed,2026-02-13 04:03:00
1525,PP20200103394,2020-01-03,Temitope Mohammed,Female,2348150257718,temitope.mohammed41@yahoo.com,14305506536,Ikeja Division,Oshodi-Isolo,Westgate,94127.0,Water pipeline rupture near highway causing erosion,6.539883,3.301006,Closed,2026-02-13 04:03:00
1526,PP20151230646,2015-12-30,Adebayo Eze,Male,2348183310969,adebayo.eze95@yahoo.com,29559529405,Ikeja Division,Ikeja,Turquoise,94131.0,Minor kitchen sink pipe leakage under cabinet,6.598915,3.343662,Closed,2026-02-13 04:03:00
1527,PP20091117378,2009-11-17,Ijeoma Eze,Female,2349023850884,ijeoma.eze66@yahoo.com,64456364609,Ikeja Division,Mushin,Wool,94110.0,"2nd floor: remodel kitchen; plumbing work: install 3/4"" gas pipe & valve in cabinet for stove - (2.5 ft.) connect sink to drain & faucet to water pipes",6.544649,3.346032,Closed,2026-02-13 04:03:00
1528,PP20150115205,2015-01-15,Kelechi Nnamdi,Male,2349076781947,kelechi.nnamdi19@gmail.com,11686524918,Ikorodu Division,Ikorodu,20th,94114.0,"bathroom remodel, replace plumbing fixtures at existing location.",6.613845,3.512544,Closed,2026-02-13 04:03:00
1529,PP20140121576,2014-01-21,Adebayo Yakubu,Male,2348182556277,adebayo.yakubu71@outlook.com,58864308516,Lagos Island Division,Surulere,40th,94116.0,(n) bathroom on ground floor,6.484879,3.356843,Closed,2026-02-13 04:03:00
1530,PP20080915682,2008-09-15,Olamide Adebisi,Male,2348117258021,olamide.adebisi85@outlook.com,53554026199,Ikeja Division,Oshodi-Isolo,Church,94131.0,Bathroom floor drain completely clogged with wastewater backup,6.556775,3.304771,Closed,2026-02-13 04:03:00
1531,PP20080804023,2008-08-04,Obinna Akinyemi,Male,2348147597156,obinna.akinyemi12@outlook.com,7659450803,Badagry Division,Badagry,Garcia,94127.0,"kitchen remodel, new island sink, relocate existing sink, gas stove",6.414066,2.879707,Closed,2026-02-13 04:03:00
1532,PP20080815367,2008-08-15,Ijeoma Bamidele,Female,2349078421709,ijeoma.bamidele56@outlook.com,23093327681,Badagry Division,Ajeromi-Ifelodun,11th,94122.0,Public tap pipe severely damaged in residential community,6.451555,3.336516,Closed,2026-02-13 04:03:00
1533,PP20110321853,2011-03-21,Amaka Nnamdi,Female,2348185127052,amaka.nnamdi35@gmail.com,92511911406,Ikeja Division,Ikeja,Mission,94110.0,Underground water pipe burst near hospital entrance,6.619349,3.351684,Closed,2026-02-13 04:03:00
1534,PP20151230662,2015-12-30,Chisom Ajayi,Female,2349052743843,chisom.ajayi16@yahoo.com,462683478,Lagos Island Division,Lagos Island,17th,94117.0,remodel (e) hall bathroom - add a toilet.,6.456353,3.401627,Closed,2026-02-13 04:03:00
1535,PP20120706840,2012-07-06,Obinna Umeh,Male,2349077730139,obinna.umeh31@hotmail.com,44185443050,Ikeja Division,Kosofe,Larkin,94109.0,Persistent dripping tap in kitchen wasting water daily,6.570607,3.433725,Closed,2026-02-13 04:03:00
1536,PP20180322912,2018-03-22,Chisom Oladipo,Female,2348039288863,chisom.oladipo32@hotmail.com,91607766028,Ikeja Division,Mushin,California,94115.0,Water main leakage along roadside causing traffic obstruction,6.529323,3.370919,Closed,2026-02-13 04:03:00
1537,PP20190108015,2019-01-08,Olamide Ojo,Male,2348192739917,olamide.ojo23@yahoo.com,44697540999,Badagry Division,Amuwo-Odofin,Post,94109.0,Sudden burst water pipe inside bathroom wall causing flooding,6.44267,3.268181,Closed,2026-02-13 04:03:00
1538,PP20080826727,2008-08-26,Adaeze Mohammed,Female,2349069814511,adaeze.mohammed96@outlook.com,85296326539,Ikeja Division,Oshodi-Isolo,Westbrook,94124.0,Flooding due to collapsed drainage system after rainfall,6.561352,3.31363,Closed,2026-02-13 04:03:00
1539,PP20180326001,2018-03-26,Temitope Adeyemi,Female,2348159374832,temitope.adeyemi61@outlook.com,71527701302,Lagos Island Division,Lagos Mainland,Geneva,94112.0,Blocked drainage channel causing street-level flooding,6.52674,3.376715,Closed,2026-02-13 04:03:00
1540,PP20150324072,2015-03-24,Olamide Ajayi,Male,2349097083872,olamide.ajayi48@gmail.com,39249677105,Badagry Division,Ajeromi-Ifelodun,Coventry,94127.0,shower pan installation,6.478705,3.334704,Closed,2026-02-13 04:03:00
1541,PP20160620420,2016-06-20,Temitope Oladipo,Female,2349028238326,temitope.oladipo45@yahoo.com,5689906383,Ikeja Division,Agege,Congo,94131.0,Minor kitchen sink pipe leakage under cabinet,6.595829,3.324828,Closed,2026-02-13 04:03:00
1542,PP20080317935,2008-03-17,Ijeoma Abiola,Female,2349050970355,ijeoma.abiola32@yahoo.com,10662496789,Lagos Island Division,Apapa,Melrose,94127.0,second level: remodel two baths and one kitchen at second level,6.446942,3.3621,Closed,2026-02-13 04:03:00
1543,PP20080507484,2008-05-07,Chinedu Ojo,Male,2348094435699,chinedu.ojo94@hotmail.com,90855686629,Ikeja Division,Ikeja,Alemany,94112.0,Septic tank backflow causing strong sewage odor indoors,6.601234,3.36369,Closed,2026-02-13 04:03:00
1544,PP20160812027,2016-08-12,Obinna Okafor,Male,2348028768293,obinna.okafor69@yahoo.com,83568921118,Epe Division,Epe,Divisadero,94115.0,Water pipeline rupture near highway causing erosion,6.564489,3.985036,Closed,2026-02-13 04:03:00
1545,PP20110705342,2011-07-05,Adebayo Eze,Male,2348186511968,adebayo.eze79@gmail.com,78809980437,Lagos Island Division,Lagos Island,Howard,94103.0,Toilet overflow due to heavily blocked drain system,6.43592,3.402297,Closed,2026-02-13 04:03:00
1546,PP20160209757,2016-02-09,Opeyemi Afolabi,Female,2348178679206,opeyemi.afolabi88@gmail.com,48075013409,Ikorodu Division,Ikorodu,Quesada,94124.0,Toilet overflow due to heavily blocked drain system,6.618455,3.514696,Closed,2026-02-13 04:03:00
1547,PP20140611425,2014-06-11,Ifeanyi Umeh,Male,2348101839827,ifeanyi.umeh52@hotmail.com,63058836909,Lagos Island Division,Surulere,Folsom,94103.0,Sewer overflow spreading wastewater near market area,6.488261,3.373595,Closed,2026-02-13 04:03:00
1548,PP20100511977,2010-05-11,Seyi Ogunleye,Male,2348032043098,seyi.ogunleye98@gmail.com,80859638559,Ikeja Division,Ikeja,Ocean,94127.0,"waste, water, air and vaccum as required for a 2400 sqft dental tennant improvement. existing gas line to be redirected to new furnace location.",6.612217,3.357335,Closed,2026-02-13 04:03:00
1549,PP20180105659,2018-01-05,Adaeze Ogunleye,Female,2349055168574,adaeze.ogunleye15@gmail.com,53611582688,Badagry Division,Badagry,Arkansas,94107.0,Flooding due to collapsed drainage system after rainfall,6.413705,2.890799,Closed,2026-02-13 04:03:00
1550,PP20101025720,2010-10-25,Femi Nwosu,Male,2349013005150,femi.nwosu11@gmail.com,20176027642,Epe Division,Ibeju-Lekki,Mission,94112.0,Underground water pipe burst near hospital entrance,6.462931,3.593556,Closed,2026-02-13 04:03:00
1551,PP20190110103,2019-01-10,Aisha Chukwu,Female,2348122817556,aisha.chukwu97@hotmail.com,64042129303,Badagry Division,Ojo,Baker,94117.0,Water pipeline rupture near highway causing erosion,6.477495,3.193706,Closed,2026-02-13 04:03:00
1552,PP20180921111,2018-09-21,Kelechi Abiola,Male,2348073573465,kelechi.abiola53@yahoo.com,80678689201,Ikorodu Division,Ikorodu,Hyde,94109.0,Severe shower pipe rupture flooding entire bathroom,6.612104,3.514114,Closed,2026-02-13 04:03:00
1553,PP20180111856,2018-01-11,Kunle Chukwu,Male,2348153393047,kunle.chukwu87@outlook.com,90184312827,Ikorodu Division,Ikorodu,Gough,94123.0,Flooding due to collapsed drainage system after rainfall,6.606469,3.516224,Closed,2026-02-13 04:03:00
1554,PP20151001416,2015-10-01,Olamide Ajayi,Male,2348094206234,olamide.ajayi41@gmail.com,4131241874,Ikeja Division,Oshodi-Isolo,Arlington,94131.0,Sudden burst water pipe inside bathroom wall causing flooding,6.558106,3.289402,Closed,2026-02-13 04:03:00
1555,PP20171211045,2017-12-11,Tunde Ibrahim,Male,2348157682900,tunde.ibrahim55@outlook.com,4381612297,Ikeja Division,Ifako-Ijaiye,Vallejo,94133.0,Water pipeline rupture near highway causing erosion,6.658182,3.325769,Closed,2026-02-13 04:03:00
1556,PP20090522534,2009-05-22,Kunle Ekanem,Male,2349090116873,kunle.ekanem82@yahoo.com,10550489946,Badagry Division,Amuwo-Odofin,23rd,94110.0,Underground water pipe burst near hospital entrance,6.446991,3.237905,Closed,2026-02-13 04:03:00
1557,PP20121113035,2012-11-13,Seyi Nnamdi,Male,2348032948728,seyi.nnamdi62@gmail.com,59319498226,Lagos Island Division,Apapa,39th,94122.0,Major pipe burst near primary school disrupting access road,6.45269,3.361515,Closed,2026-02-13 04:03:00
1558,PP20190624026,2019-06-24,Aisha Adebisi,Female,2348122970335,aisha.adebisi34@gmail.com,91767954371,Ikorodu Division,Ikorodu,Clement,94121.0,Open manhole with visible sewage leakage on street,6.617457,3.502942,Closed,2026-02-13 04:03:00
1559,PP20140314018,2014-03-14,Aisha Danladi,Female,2348141649555,aisha.danladi38@outlook.com,59541426679,Epe Division,Ibeju-Lekki,Bay,94109.0,Public tap pipe severely damaged in residential community,6.480487,3.601554,Closed,2026-02-13 04:03:00
1560,PP20111109340,2011-11-09,Temitope Afolabi,Female,2349097939783,temitope.afolabi91@outlook.com,80356450411,Lagos Island Division,Lagos Island,North Point,94109.0,Sewer overflow spreading wastewater near market area,6.449264,3.388578,Closed,2026-02-13 04:03:00
1561,PP20190103905,2019-01-03,Ifeanyi Nwosu,Male,2348192060301,ifeanyi.nwosu92@gmail.com,9833843647,Ikeja Division,Mushin,Coleridge,94110.0,Minor kitchen sink pipe leakage under cabinet,6.532212,3.35102,Closed,2026-02-13 04:03:00
1562,PP20110407332,2011-04-07,Olamide Okoye,Male,2348160462744,olamide.okoye15@hotmail.com,27585312694,Badagry Division,Badagry,Donner,94124.0,Open manhole with visible sewage leakage on street,6.413606,2.892397,Closed,2026-02-13 04:03:00
1563,PP20131115005,2013-11-15,Chukwudi Oladipo,Male,2349047117899,chukwudi.oladipo47@outlook.com,66514957096,Ikeja Division,Kosofe,35th,94116.0,Water pipeline rupture near highway causing erosion,6.564206,3.429883,Closed,2026-02-13 04:03:00
1564,PP20190530225,2019-05-30,Zainab Mohammed,Female,2349013713901,zainab.mohammed44@outlook.com,46231540077,Ikorodu Division,Ikorodu,Spear,94105.0,High-pressure pipe burst affecting multiple residential buildings,6.620127,3.506385,Closed,2026-02-13 04:03:00
1565,PP20151112526,2015-11-12,Obinna Danladi,Male,2348090013634,obinna.danladi56@gmail.com,58097172562,Lagos Island Division,Eti-Osa,Rousseau,94112.0,Cracked underground pipe slowly flooding compound,6.432208,3.421524,Closed,2026-02-13 04:03:00
1566,PP20081203093,2008-12-03,Uche Yakubu,Male,2349033852566,uche.yakubu12@gmail.com,10400429262,Badagry Division,Amuwo-Odofin,Buchanan,94115.0,Bathroom floor drain completely clogged with wastewater backup,6.432688,3.264949,Closed,2026-02-13 04:03:00
1567,PP20081124806,2008-11-24,Femi Yakubu,Male,2349073057423,femi.yakubu68@yahoo.com,12381545453,Ikeja Division,Alimosho,Mission,94112.0,Blocked drainage channel causing street-level flooding,6.609413,3.29943,Closed,2026-02-13 04:03:00
1568,PP20120106566,2012-01-06,Chioma Mohammed,Female,2349075489268,chioma.mohammed27@yahoo.com,78960464444,Badagry Division,Ojo,Mission,94110.0,sewer repair.,6.470515,3.172788,Closed,2026-02-13 04:03:00
1569,PP20120203205,2012-02-03,Aisha Danladi,Female,2348153992080,aisha.danladi86@yahoo.com,40557416044,Lagos Island Division,Apapa,Mission,94110.0,Minor kitchen sink pipe leakage under cabinet,6.453535,3.356324,Closed,2026-02-13 04:03:00
1570,PP20150514639,2015-05-14,Amaka Okafor,Female,2349018438812,amaka.okafor34@hotmail.com,21369256128,Lagos Island Division,Lagos Island,Greenwich,94123.0,installation of 2 shower pans.,6.462568,3.373428,Closed,2026-02-13 04:03:00
1571,PP20160607053,2016-06-07,Ijeoma Oladipo,Female,2348182429515,ijeoma.oladipo80@outlook.com,7025762507,Ikeja Division,Kosofe,Taylor,94102.0,install back flow.,6.582309,3.410672,Closed,2026-02-13 04:03:00
1572,PP20121106847,2012-11-06,Amaka Okoye,Female,2348081555464,amaka.okoye78@gmail.com,88336656085,Badagry Division,Badagry,Buchanan,94102.0,Sewer overflow spreading wastewater near market area,6.419323,2.8897,Closed,2026-02-13 04:03:00
1573,PP20110222202,2011-02-22,Amaka Nnamdi,Female,2348028219571,amaka.nnamdi27@hotmail.com,74629064088,Ikorodu Division,Ikorodu,Beach,94123.0,Open manhole with visible sewage leakage on street,6.612324,3.503378,Closed,2026-02-13 04:03:00
1574,PP20190212091,2019-02-12,Ijeoma Adebisi,Female,2348061891914,ijeoma.adebisi36@yahoo.com,58671130746,Ikeja Division,Oshodi-Isolo,Downey,94117.0,Bathroom floor drain completely clogged with wastewater backup,6.552493,3.299134,Closed,2026-02-13 04:03:00
1575,PP20131120149,2013-11-20,Opeyemi Ajayi,Female,2348144601513,opeyemi.ajayi51@yahoo.com,14881142004,Ikeja Division,Alimosho,Haight,94117.0,Cracked underground pipe slowly flooding compound,6.61742,3.291308,Closed,2026-02-13 04:03:00
1576,PP20150319980,2015-03-19,Ifeanyi Ojo,Male,2349095694754,ifeanyi.ojo35@outlook.com,28222024763,Ikeja Division,Agege,28th,94116.0,Cracked underground pipe slowly flooding compound,6.58643,3.332252,Closed,2026-02-13 04:03:00
1577,PP20121115112,2012-11-15,Olamide Umeh,Male,2349035550504,olamide.umeh14@hotmail.com,33771641265,Badagry Division,Badagry,San Bruno,94134.0,Public tap pipe severely damaged in residential community,6.404615,2.868687,Closed,2026-02-13 04:03:00
1578,PP20090220381,2009-02-20,Tunde Danladi,Male,2349060056545,tunde.danladi20@outlook.com,56517654521,Badagry Division,Ojo,San Fernando,94127.0,Public tap pipe severely damaged in residential community,6.448626,3.184094,Closed,2026-02-13 04:03:00
1579,PP20180709969,2018-07-09,Emeka Abiola,Male,2348162841996,emeka.abiola89@hotmail.com,80199073547,Lagos Island Division,Eti-Osa,California,94109.0,plumbing work for kitchen remodel,6.446386,3.425032,Closed,2026-02-13 04:03:00
1580,PP20140324296,2014-03-24,Ayomide Yakubu,Male,2348050284623,ayomide.yakubu21@yahoo.com,96073621094,Ikeja Division,Mushin,Market,94114.0,Open manhole with visible sewage leakage on street,6.521235,3.359159,Closed,2026-02-13 04:03:00
1581,PP20161129990,2016-11-29,Aisha Ojo,Female,2348192631441,aisha.ojo52@yahoo.com,22701063229,Lagos Island Division,Lagos Mainland,Cabrillo,94118.0,High-pressure pipe burst affecting multiple residential buildings,6.519809,3.372254,Closed,2026-02-13 04:03:00
1582,PP20170104867,2017-01-04,Chisom Danladi,Female,2348175930289,chisom.danladi35@gmail.com,21404976289,Lagos Island Division,Lagos Mainland,Mission Bay Blvd North,94158.0,Low water pressure affecting entire household supply,6.512856,3.361682,Closed,2026-02-13 04:03:00
1583,PP20150624781,2015-06-24,Ngozi Owolabi,Female,2349065088056,ngozi.owolabi33@gmail.com,60535242643,Lagos Island Division,Surulere,Webster,94115.0,Public tap pipe severely damaged in residential community,6.493001,3.362381,Closed,2026-02-13 04:03:00
1584,PP20190814463,2019-08-14,Ngozi Akinyemi,Female,2348039775821,ngozi.akinyemi30@yahoo.com,96698297681,Epe Division,Epe,Parker,94118.0,Sewer overflow spreading wastewater near market area,6.583034,3.97944,Closed,2026-02-13 04:03:00
1585,PP20110623103,2011-06-23,Zainab Ojo,Female,2349015652475,zainab.ojo27@outlook.com,54264536646,Ikeja Division,Agege,Sacramento,94108.0,replace the side pipe.,6.606043,3.342082,Closed,2026-02-13 04:03:00
1586,PP20130918240,2013-09-18,Aisha Ogunleye,Female,2348036730136,aisha.ogunleye14@hotmail.com,69703027623,Badagry Division,Ojo,Rhode Island,94107.0,Minor kitchen sink pipe leakage under cabinet,6.447829,3.19076,Closed,2026-02-13 04:03:00
1587,PP20121126309,2012-11-26,Ayomide Owolabi,Male,2349015161283,ayomide.owolabi94@outlook.com,11416089008,Lagos Island Division,Eti-Osa,Mission,94103.0,Low water pressure affecting entire household supply,6.423078,3.414376,Closed,2026-02-13 04:03:00
1588,PP20110729923,2011-07-29,Ifeanyi Afolabi,Male,2348164867236,ifeanyi.afolabi66@gmail.com,69324155098,Lagos Island Division,Surulere,Waverly,94108.0,Septic tank backflow causing strong sewage odor indoors,6.482232,3.355786,Open,2026-02-13 04:03:00
1589,PP20100329928,2010-03-29,Chinedu Okafor,Male,2348061958107,chinedu.okafor22@outlook.com,5671791186,Badagry Division,Badagry,Turk,94118.0,two shower pans.,6.424753,2.890156,Closed,2026-02-13 04:03:00
1590,PP20150604273,2015-06-04,Obinna Ekanem,Male,2348020248910,obinna.ekanem75@gmail.com,70950418296,Badagry Division,Ajeromi-Ifelodun,Tioga,94134.0,Severe shower pipe rupture flooding entire bathroom,6.476484,3.338521,Closed,2026-02-13 04:03:00
1591,PP20170417637,2017-04-17,Yetunde Adeyemi,Female,2348027999188,yetunde.adeyemi38@yahoo.com,19392095450,Epe Division,Epe,West Clay,94121.0,High-pressure pipe burst affecting multiple residential buildings,6.572963,3.980292,Closed,2026-02-13 04:03:00
1592,PP20111004449,2011-10-04,Ijeoma Okoye,Female,2348032156522,ijeoma.okoye78@hotmail.com,73672388623,Ikeja Division,Mushin,Capistrano,94112.0,Bathroom floor drain completely clogged with wastewater backup,6.519498,3.367906,Open,2026-02-13 04:03:00
1593,PP20191204683,2019-12-04,Emeka Mohammed,Male,2348141147584,emeka.mohammed57@yahoo.com,65539789679,Ikeja Division,Mushin,Clinton,94103.0,Sudden burst water pipe inside bathroom wall causing flooding,6.515332,3.363537,Closed,2026-02-13 04:03:00
1594,PP20170711912,2017-07-11,Ifeanyi Nwosu,Male,2348123894044,ifeanyi.nwosu78@outlook.com,13251673772,Badagry Division,Amuwo-Odofin,Union,94123.0,Septic tank backflow causing strong sewage odor indoors,6.45893,3.268296,Closed,2026-02-13 04:03:00
1595,PP20130425268,2013-04-25,Chinedu Ogunleye,Male,2348071541975,chinedu.ogunleye60@hotmail.com,2901738620,Lagos Island Division,Lagos Mainland,Sutter,94109.0,remove existing tub in guest bathroom and install a custom shower with pan & new shower valve.,6.520303,3.386323,Closed,2026-02-13 04:03:00
1596,PP20190301584,2019-03-01,Chioma Akinyemi,Female,2348139283267,chioma.akinyemi44@outlook.com,924771886,Ikeja Division,Agege,16th,94103.0,Major pipe burst near primary school disrupting access road,6.638317,3.329824,Closed,2026-02-13 04:03:00
1597,PP20101007406,2010-10-07,Femi Balogun,Male,2349060047927,femi.balogun24@outlook.com,94477455548,Ikeja Division,Alimosho,Hillcrest,94127.0,remove of 2 bathrooms and 1 shower pan.,6.59365,3.2762,Closed,2026-02-13 04:03:00
1598,PP20100226296,2010-02-26,Opeyemi Bamidele,Female,2349023962373,opeyemi.bamidele81@outlook.com,9268137471,Ikeja Division,Oshodi-Isolo,05th,94118.0,Water pipeline rupture near highway causing erosion,6.560727,3.289268,Closed,2026-02-13 04:03:00
1599,PP20150814175,2015-08-14,Amaka Nwosu,Female,2349083340688,amaka.nwosu74@yahoo.com,75416052500,Ikorodu Division,Ikorodu,North Point,94123.0,Low water pressure affecting entire household supply,6.615677,3.514873,Closed,2026-02-13 04:03:00
1600,PP20090527583,2009-05-27,Chioma Afolabi,Female,2348195237373,chioma.afolabi95@gmail.com,19633341622,Ikeja Division,Agege,Monterey,94131.0,Low water pressure affecting entire household supply,6.617352,3.340254,Closed,2026-02-13 04:03:00
1601,PP20170224258,2017-02-24,Olamide Mohammed,Male,2348115091696,olamide.mohammed89@gmail.com,15337161547,Ikeja Division,Ifako-Ijaiye,Harrison,94110.0,Flooding due to collapsed drainage system after rainfall,6.672023,3.341389,Closed,2026-02-13 04:03:00
1602,PP20190306729,2019-03-06,Olamide Oladipo,Male,2349020799697,olamide.oladipo10@outlook.com,56571648877,Ikeja Division,Ikeja,Upland,94127.0,Severe shower pipe rupture flooding entire bathroom,6.592277,3.34473,Open,2026-02-13 04:03:00
1603,PP20100729779,2010-07-29,Aisha Owolabi,Female,2348022104297,aisha.owolabi79@hotmail.com,37143444601,Lagos Island Division,Surulere,Fair Oaks,94110.0,"remove existing copper supply liens from utility porches, re-install copper supply lines to house after utility porches have been removed",6.489173,3.369102,Closed,2026-02-13 04:03:00
1604,PP20080916822,2008-09-16,Obinna Nnamdi,Male,2348089885181,obinna.nnamdi62@yahoo.com,60825327127,Ikeja Division,Agege,California,94104.0,High-pressure pipe burst affecting multiple residential buildings,6.624504,3.340512,Closed,2026-02-13 04:03:00
1605,PP20080509576,2008-05-09,Amaka Umeh,Female,2349025141324,amaka.umeh12@outlook.com,27610016862,Lagos Island Division,Apapa,35th,94122.0,Underground water pipe burst near hospital entrance,6.460635,3.34722,Closed,2026-02-13 04:03:00
1606,PP20081105033,2008-11-05,Adaeze Nwosu,Female,2348086978336,adaeze.nwosu56@outlook.com,77888393171,Ikeja Division,Ikeja,Embarcadero Center,94111.0,Major pipe burst near primary school disrupting access road,6.618472,3.366732,Closed,2026-02-13 04:03:00
1607,PP20140311878,2014-03-11,Tunde Okoye,Male,2348149981599,tunde.okoye95@yahoo.com,28104633257,Ikorodu Division,Ikorodu,Chestnut,94133.0,Bathroom floor drain completely clogged with wastewater backup,6.626756,3.528318,Closed,2026-02-13 04:03:00
1608,PP20161025116,2016-10-25,Chukwudi Nnamdi,Male,2348104470598,chukwudi.nnamdi55@outlook.com,15703038554,Ikeja Division,Ikeja,Bosworth,94131.0,High-pressure pipe burst affecting multiple residential buildings,6.585234,3.346256,Closed,2026-02-13 04:03:00
1609,PP20110621062,2011-06-21,Kunle Nnamdi,Male,2348086390852,kunle.nnamdi70@outlook.com,21886137954,Lagos Island Division,Eti-Osa,Greenwich,94133.0,Water heater pipe leakage soaking utility area,6.425747,3.429115,Closed,2026-02-13 04:03:00
1610,PP20130816347,2013-08-16,Chisom Akinyemi,Female,2349039558344,chisom.akinyemi65@yahoo.com,91000538825,Ikorodu Division,Ikorodu,Greenwich,94123.0,Blocked drainage channel causing street-level flooding,6.608899,3.518075,Closed,2026-02-13 04:03:00
1611,PP20160914976,2016-09-14,Ijeoma Danladi,Female,2348051798984,ijeoma.danladi29@outlook.com,59908359707,Badagry Division,Ajeromi-Ifelodun,Shields,94132.0,Cracked underground pipe slowly flooding compound,6.480405,3.340252,Closed,2026-02-13 04:03:00
1612,PP20131227987,2013-12-27,Olamide Adeyemi,Male,2348113120400,olamide.adeyemi63@gmail.com,50889760079,Lagos Island Division,Eti-Osa,Mason,94102.0,Bathroom floor drain completely clogged with wastewater backup,6.435938,3.412021,Closed,2026-02-13 04:03:00
1613,PP20130812191,2013-08-12,Obinna Chukwu,Male,2348166175389,obinna.chukwu84@yahoo.com,70779920277,Ikeja Division,Mushin,Retiro,94123.0,Blocked drainage channel causing street-level flooding,6.518831,3.367096,Closed,2026-02-13 04:03:00
1614,PP20181022924,2018-10-22,Kunle Nwosu,Male,2348109223884,kunle.nwosu40@yahoo.com,61497251780,Ikeja Division,Kosofe,Lake,94118.0,Water main leakage along roadside causing traffic obstruction,6.591093,3.41631,Closed,2026-02-13 04:03:00
1615,PP20190507546,2019-05-07,Chioma Ekanem,Female,2349085779633,chioma.ekanem73@yahoo.com,35156599742,Badagry Division,Ajeromi-Ifelodun,Montgomery,94104.0,Sewer overflow spreading wastewater near market area,6.462521,3.313042,Closed,2026-02-13 04:03:00
1616,PP20190227491,2019-02-27,Chisom Okafor,Female,2348088644750,chisom.okafor67@yahoo.com,11194931464,Epe Division,Ibeju-Lekki,Gough,94102.0,Persistent dripping tap in kitchen wasting water daily,6.459291,3.604114,Closed,2026-02-13 04:03:00
1617,PP20130520871,2013-05-20,Abdulrahman Yakubu,Male,2348198750192,abdulrahman.yakubu64@yahoo.com,75894756733,Badagry Division,Badagry,Larkin,94109.0,Underground water pipe burst near hospital entrance,6.402195,2.886895,Closed,2026-02-13 04:03:00
1618,PP20140124683,2014-01-24,Kelechi Adebisi,Male,2349092115630,kelechi.adebisi33@gmail.com,51871093314,Lagos Island Division,Apapa,Goettingen,94134.0,Major pipe burst near primary school disrupting access road,6.458874,3.346451,Closed,2026-02-13 04:03:00
1619,PP20160510334,2016-05-10,Ifeanyi Abiola,Male,2348086358393,ifeanyi.abiola98@gmail.com,22923438369,Badagry Division,Amuwo-Odofin,14th,94122.0,Bathroom floor drain completely clogged with wastewater backup,6.451847,3.259379,Closed,2026-02-13 04:03:00
1620,PP20090728941,2009-07-28,Obinna Eze,Male,2349094291804,obinna.eze50@gmail.com,49887551688,Lagos Island Division,Eti-Osa,22nd,94110.0,Flooding due to collapsed drainage system after rainfall,6.433225,3.450584,Closed,2026-02-13 04:03:00
1621,PP20140620683,2014-06-20,Opeyemi Danladi,Female,2348077555302,opeyemi.danladi38@outlook.com,18644571296,Ikeja Division,Ikeja,Lombard,94123.0,Low water pressure affecting entire household supply,6.585114,3.362087,Closed,2026-02-13 04:03:00
1622,PP20130107222,2013-01-07,Adebayo Ibrahim,Male,2348159549041,adebayo.ibrahim11@hotmail.com,20568089672,Lagos Island Division,Surulere,04th,94118.0,Major pipe burst near primary school disrupting access road,6.495172,3.368519,Closed,2026-02-13 04:03:00
1623,PP20171121556,2017-11-21,Chioma Ibrahim,Female,2348193568477,chioma.ibrahim21@gmail.com,42615918545,Epe Division,Epe,Greenwich,94109.0,Flooding due to collapsed drainage system after rainfall,6.588413,3.976268,Closed,2026-02-13 04:03:00
1624,PP20130517823,2013-05-17,Aisha Ojo,Female,2348138228630,aisha.ojo70@outlook.com,55958609859,Ikeja Division,Agege,Shrader,94117.0,Water heater pipe leakage soaking utility area,6.61779,3.317421,Closed,2026-02-13 04:03:00
1625,PP20110131716,2011-01-31,Ngozi Ojo,Female,2348186952427,ngozi.ojo65@yahoo.com,72288442662,Badagry Division,Amuwo-Odofin,Haight,94102.0,replace bath and kitchen fixtures,6.456032,3.252982,Closed,2026-02-13 04:03:00
1626,PP20120917587,2012-09-17,Bola Chukwu,Female,2348079951782,bola.chukwu87@outlook.com,75250563324,Ikeja Division,Oshodi-Isolo,30th,94121.0,Open manhole with visible sewage leakage on street,6.559987,3.318681,Closed,2026-02-13 04:03:00
1627,PP20161207240,2016-12-07,Ifeanyi Ogunleye,Male,2348155519747,ifeanyi.ogunleye46@hotmail.com,5135596058,Lagos Island Division,Eti-Osa,Zircon,94131.0,High-pressure pipe burst affecting multiple residential buildings,6.436776,3.423381,Closed,2026-02-13 04:03:00
1628,PP20150504255,2015-05-04,Aisha Danladi,Female,2348167246451,aisha.danladi83@gmail.com,77530446056,Ikeja Division,Ifako-Ijaiye,Sacramento,94109.0,Minor kitchen sink pipe leakage under cabinet,6.660989,3.321478,Closed,2026-02-13 04:03:00
1629,PP20190912332,2019-09-12,Bola Chukwu,Female,2348104509138,bola.chukwu89@yahoo.com,2987957161,Lagos Island Division,Surulere,Woolsey,94134.0,Water heater pipe leakage soaking utility area,6.508767,3.375163,Closed,2026-02-13 04:03:00
1630,PP20190703276,2019-07-03,Chisom Okafor,Female,2348087194039,chisom.okafor94@yahoo.com,21494556738,Badagry Division,Badagry,Guerrero,94110.0,kitchen faucet: shut-offs. bath lav faucet: shut-offs.,6.412619,2.88546,Closed,2026-02-13 04:03:00
1631,PP20190717602,2019-07-17,Adaeze Ekanem,Female,2348028162136,adaeze.ekanem50@gmail.com,24214853694,Ikeja Division,Oshodi-Isolo,Delano,94112.0,remove and replace water heater,6.544554,3.319828,Closed,2026-02-13 04:03:00
1632,PP20180314639,2018-03-14,Abdulrahman Adeyemi,Male,2349068265966,abdulrahman.adeyemi90@gmail.com,61183080182,Badagry Division,Badagry,Levant,94114.0,Open manhole with visible sewage leakage on street,6.421654,2.904412,Open,2026-02-13 04:03:00
1633,PP20110714567,2011-07-14,Ijeoma Ogunleye,Female,2349094866204,ijeoma.ogunleye15@yahoo.com,2814090699,Badagry Division,Ojo,Pacific,94133.0,Public tap pipe severely damaged in residential community,6.452217,3.17922,Closed,2026-02-13 04:03:00
1634,PP20100217104,2010-02-17,Tunde Chukwu,Male,2349074928123,tunde.chukwu17@outlook.com,20042351647,Epe Division,Epe,Sadowa,94112.0,remodel existing kitchen on the 1st flr front (no relocation of utilities),6.586314,3.990065,Closed,2026-02-13 04:03:00
1635,PP20190912348,2019-09-12,Ifeanyi Owolabi,Male,2349090338716,ifeanyi.owolabi73@hotmail.com,37342384336,Ikeja Division,Mushin,Alemany,94112.0,"amendment to permit pp20190701196. upgrade 2 floor drains, upgrade 4 storm drains, add extra laundry downstairs, replace deteriorated plumbing pipes at rear.",6.525143,3.34587,Closed,2026-02-13 04:03:00
1636,PP20191220157,2019-12-20,Amaka Ogunleye,Female,2348086345818,amaka.ogunleye18@outlook.com,13263748828,Lagos Island Division,Lagos Mainland,Presidio,94118.0,"remodel kitchen: replace sink,d/w & range.",6.533214,3.386411,Closed,2026-02-13 04:03:00
1637,PP20180516442,2018-05-16,Olamide Owolabi,Male,2349090348531,olamide.owolabi80@outlook.com,38145210637,Ikeja Division,Mushin,Spear,94105.0,Water pipeline rupture near highway causing erosion,6.518137,3.368154,Closed,2026-02-13 04:03:00
1638,PP20121029668,2012-10-29,Obinna Abiola,Male,2348184775073,obinna.abiola30@gmail.com,77147911054,Epe Division,Ibeju-Lekki,Idora,94127.0,sewer repair/cleanout,6.481702,3.586343,Closed,2026-02-13 04:03:00
1639,PP20090918097,2009-09-18,Bola Okafor,Female,2349010613390,bola.okafor55@yahoo.com,7742723663,Epe Division,Epe,Lombard,94123.0,Toilet overflow due to heavily blocked drain system,6.584796,3.989141,Closed,2026-02-13 04:03:00
1640,PP20080403437,2008-04-03,Obinna Mohammed,Male,2348030520739,obinna.mohammed11@hotmail.com,85763117700,Lagos Island Division,Lagos Island,Lisbon,94112.0,High-pressure pipe burst affecting multiple residential buildings,6.445483,3.395,Closed,2026-02-13 04:03:00
1641,PP20150707056,2015-07-07,Emeka Owolabi,Male,2348099155600,emeka.owolabi84@gmail.com,30909409539,Ikorodu Division,Ikorodu,07th,94118.0,Underground water pipe burst near hospital entrance,6.597876,3.519265,Closed,2026-02-13 04:03:00
1642,PP20120629732,2012-06-29,Ijeoma Okoye,Female,2349011401523,ijeoma.okoye91@hotmail.com,48122829455,Lagos Island Division,Apapa,Natoma,94103.0,Septic tank backflow causing strong sewage odor indoors,6.433185,3.374034,Closed,2026-02-13 04:03:00
1643,PP20180905566,2018-09-05,Oluwaseun Bamidele,Male,2348024372909,oluwaseun.bamidele97@hotmail.com,50505952251,Badagry Division,Amuwo-Odofin,03rd,94107.0,"kitchen and bathroom remodeling, add washer and ventless dryer.",6.446699,3.247883,Closed,2026-02-13 04:03:00
1644,PP20090114377,2009-01-14,Temitope Adeyemi,Female,2348070484119,temitope.adeyemi92@gmail.com,49242134512,Ikeja Division,Kosofe,Noe,94114.0,Toilet overflow due to heavily blocked drain system,6.577023,3.41382,Open,2026-02-13 04:03:00
1645,PP20120302892,2012-03-02,Yetunde Abiola,Female,2349084793133,yetunde.abiola48@hotmail.com,25067636079,Badagry Division,Amuwo-Odofin,Jefferson,94123.0,Cracked underground pipe slowly flooding compound,6.464185,3.225122,Closed,2026-02-13 04:03:00
1646,PP20150212976,2015-02-12,Kelechi Yakubu,Male,2348138959545,kelechi.yakubu75@gmail.com,92805072353,Ikeja Division,Ifako-Ijaiye,Key,94124.0,Major pipe burst near primary school disrupting access road,6.68257,3.33198,Closed,2026-02-13 04:03:00
1647,PP20081009893,2008-10-09,Uche Ekanem,Male,2348024573436,uche.ekanem54@outlook.com,78407155680,Ikorodu Division,Ikorodu,29th,94131.0,Open manhole with visible sewage leakage on street,6.60733,3.499747,Closed,2026-02-13 04:03:00
1648,PP20081024529,2008-10-24,Chisom Nnamdi,Female,2349095353727,chisom.nnamdi22@gmail.com,97457766072,Badagry Division,Badagry,Ulloa,94127.0,remove/replace gas water heater.,6.431764,2.875545,Closed,2026-02-13 04:03:00
1649,PP20131015067,2013-10-15,Abdulrahman Oladipo,Male,2348151570589,abdulrahman.oladipo41@gmail.com,43929428852,Badagry Division,Ajeromi-Ifelodun,41st,94121.0,sewer repair/replace.,6.455166,3.344673,Closed,2026-02-13 04:03:00
1650,PP20100921996,2010-09-21,Chukwudi Ajayi,Male,2349091014506,chukwudi.ajayi52@hotmail.com,47824111529,Ikeja Division,Agege,Sacramento,94109.0,Sudden burst water pipe inside bathroom wall causing flooding,6.618886,3.326621,Closed,2026-02-13 04:03:00
1651,PP20110803993,2011-08-03,Chisom Okoye,Female,2348068580315,chisom.okoye83@gmail.com,47415171633,Ikeja Division,Agege,Arnold,94110.0,Severe shower pipe rupture flooding entire bathroom,6.617666,3.325742,Closed,2026-02-13 04:03:00
1652,PP20190521963,2019-05-21,Uche Adebisi,Male,2348068200884,uche.adebisi68@outlook.com,73787345841,Ikeja Division,Ikeja,Dearborn,94110.0,Major pipe burst near primary school disrupting access road,6.612808,3.362114,Closed,2026-02-13 04:03:00
1653,PP20170530767,2017-05-30,Ifeanyi Ibrahim,Male,2348171879956,ifeanyi.ibrahim37@gmail.com,65272938318,Lagos Island Division,Apapa,Polk,94109.0,Major pipe burst near primary school disrupting access road,6.45412,3.362617,Closed,2026-02-13 04:03:00
1654,PP20140512629,2014-05-12,Chukwudi Ibrahim,Male,2349054363999,chukwudi.ibrahim48@yahoo.com,97355185419,Ikeja Division,Ifako-Ijaiye,Collins,94118.0,Bathroom floor drain completely clogged with wastewater backup,6.687412,3.328597,Closed,2026-02-13 04:03:00
1655,PP20080918951,2008-09-18,Zainab Ekanem,Female,2349084753250,zainab.ekanem81@yahoo.com,6364043091,Epe Division,Epe,Beulah,94117.0,Persistent dripping tap in kitchen wasting water daily,6.572181,3.988095,Closed,2026-02-13 04:03:00
1656,PP20140305715,2014-03-05,Adaeze Ojo,Female,2348036349013,adaeze.ojo35@hotmail.com,80937496133,Lagos Island Division,Lagos Mainland,Oak,94102.0,Bathroom floor drain completely clogged with wastewater backup,6.54526,3.369052,Closed,2026-02-13 04:03:00
1657,PP20100603507,2010-06-03,Olamide Ogunleye,Male,2349079322427,olamide.ogunleye55@hotmail.com,7231944270,Ikeja Division,Mushin,Mendell,94124.0,Blocked drainage channel causing street-level flooding,6.523685,3.358764,Closed,2026-02-13 04:03:00
1658,PP20180329132,2018-03-29,Zainab Umeh,Female,2348076747267,zainab.umeh16@outlook.com,10539068463,Lagos Island Division,Lagos Mainland,Montgomery,94104.0,Minor kitchen sink pipe leakage under cabinet,6.523861,3.369377,Closed,2026-02-13 04:03:00
1659,PP20160128449,2016-01-28,Chukwudi Umeh,Male,2348091759236,chukwudi.umeh75@yahoo.com,33473685347,Lagos Island Division,Eti-Osa,Powell,94108.0,Low water pressure affecting entire household supply,6.444319,3.4451,Closed,2026-02-13 04:03:00
1660,PP20190404650,2019-04-04,Amaka Ajayi,Female,2348050529592,amaka.ajayi31@yahoo.com,33650849147,Badagry Division,Amuwo-Odofin,18th,94114.0,High-pressure pipe burst affecting multiple residential buildings,6.451961,3.240959,Closed,2026-02-13 04:03:00
1661,PP20100331996,2010-03-31,Zainab Umeh,Female,2348083399133,zainab.umeh12@yahoo.com,57439218091,Lagos Island Division,Surulere,20th,94122.0,replace 1-100 gal residential storage tank,6.48141,3.36338,Closed,2026-02-13 04:03:00
1662,PP20110613810,2011-06-13,Adebayo Abiola,Male,2349064769878,adebayo.abiola59@gmail.com,55073698160,Epe Division,Ibeju-Lekki,Ordway,94134.0,Underground water pipe burst near hospital entrance,6.481039,3.589752,Closed,2026-02-13 04:03:00
1663,PP20151215369,2015-12-15,Obinna Umeh,Male,2348199248796,obinna.umeh17@hotmail.com,23276261269,Lagos Island Division,Apapa,Julian,94103.0,"replacing 27 sinks in 27 units, common area: 5 toilets, 3 showers, 3 bathtubs.",6.448776,3.353107,Closed,2026-02-13 04:03:00
1664,PP20091224120,2009-12-24,Temitope Adebisi,Female,2348181534433,temitope.adebisi24@hotmail.com,48753258466,Epe Division,Epe,Octavia,94123.0,remove & replace steam boiler,6.573078,3.991948,Closed,2026-02-13 04:03:00
1665,PP20150121312,2015-01-21,Femi Ajayi,Male,2349031016053,femi.ajayi48@hotmail.com,68171095140,Ikorodu Division,Ikorodu,36th,94116.0,Severe shower pipe rupture flooding entire bathroom,6.628538,3.495043,Closed,2026-02-13 04:03:00
1666,PP20080624895,2008-06-24,Adebayo Eze,Male,2349012655775,adebayo.eze85@gmail.com,60744215393,Ikeja Division,Oshodi-Isolo,Geary,94121.0,Water main leakage along roadside causing traffic obstruction,6.569498,3.313841,Closed,2026-02-13 04:03:00
1667,PP20080605300,2008-06-05,Seyi Yakubu,Male,2348029674365,seyi.yakubu82@yahoo.com,51199351678,Epe Division,Ibeju-Lekki,Howard,94103.0,Open manhole with visible sewage leakage on street,6.483996,3.571579,Closed,2026-02-13 04:03:00
1668,PP20130103132,2013-01-03,Zainab Afolabi,Female,2348145293487,zainab.afolabi71@hotmail.com,51579050593,Ikeja Division,Oshodi-Isolo,Leavenworth,94102.0,Cracked underground pipe slowly flooding compound,6.539942,3.30661,Closed,2026-02-13 04:03:00
1669,PP20130301718,2013-03-01,Abdulrahman Nwosu,Male,2348055902966,abdulrahman.nwosu43@yahoo.com,22328303099,Ikorodu Division,Ikorodu,Encline,94127.0,Bathroom floor drain completely clogged with wastewater backup,6.624428,3.528464,Closed,2026-02-13 04:03:00
1670,PP20111223304,2011-12-23,Adebayo Ekanem,Male,2349012656987,adebayo.ekanem94@outlook.com,23385263616,Lagos Island Division,Lagos Island,Valencia,94110.0,Water heater pipe leakage soaking utility area,6.461161,3.392273,Closed,2026-02-13 04:03:00
1671,PP20080325162,2008-03-25,Adebayo Adebisi,Male,2349053986418,adebayo.adebisi27@outlook.com,76538040905,Ikorodu Division,Ikorodu,Ulloa,94127.0,Severe shower pipe rupture flooding entire bathroom,6.609136,3.5228,Closed,2026-02-13 04:03:00
1672,PP20151214328,2015-12-14,Seyi Yakubu,Male,2348186889464,seyi.yakubu61@yahoo.com,56985138163,Ikorodu Division,Ikorodu,London,94112.0,Major pipe burst near primary school disrupting access road,6.609753,3.526785,Open,2026-02-13 04:03:00
1673,PP20170725325,2017-07-25,Amaka Nnamdi,Female,2348172977851,amaka.nnamdi97@yahoo.com,95075656425,Ikorodu Division,Ikorodu,Hyde,94109.0,Blocked drainage channel causing street-level flooding,6.616556,3.526406,Closed,2026-02-13 04:03:00
1674,PP20140624773,2014-06-24,Aisha Oladipo,Female,2348059501775,aisha.oladipo63@hotmail.com,98581034967,Badagry Division,Ojo,Church,94114.0,Sewer overflow spreading wastewater near market area,6.467789,3.18163,Closed,2026-02-13 04:03:00
1675,PP20130923379,2013-09-23,Bola Ogunleye,Female,2348051509586,bola.ogunleye22@hotmail.com,5070321753,Ikeja Division,Kosofe,35th,94122.0,Severe shower pipe rupture flooding entire bathroom,6.578106,3.413291,Closed,2026-02-13 04:03:00
1676,PP20100519154,2010-05-19,Abdulrahman Ogunleye,Male,2349081486856,abdulrahman.ogunleye92@gmail.com,25542985460,Ikeja Division,Ifako-Ijaiye,Monterey,94112.0,replace new water service.,6.674083,3.329372,Closed,2026-02-13 04:03:00
1677,PP20171117461,2017-11-17,Ifeanyi Adeyemi,Male,2348124500138,ifeanyi.adeyemi75@yahoo.com,60856601927,Lagos Island Division,Eti-Osa,Topaz,94131.0,Water heater pipe leakage soaking utility area,6.427162,3.420244,Closed,2026-02-13 04:03:00
1678,PP20180620523,2018-06-20,Aisha Danladi,Female,2349065043482,aisha.danladi67@outlook.com,87511968508,Ikeja Division,Ifako-Ijaiye,Geary,94108.0,to obtain a final inspectoin for work approved under previous permit pp20180322941.,6.670586,3.307313,Closed,2026-02-13 04:03:00
1679,PP20130906893,2013-09-06,Opeyemi Okoye,Female,2348067228490,opeyemi.okoye36@yahoo.com,62121913528,Badagry Division,Ojo,France,94112.0,gas houseline extension.,6.465582,3.173203,Closed,2026-02-13 04:03:00
1680,PP20150710182,2015-07-10,Bola Chukwu,Female,2349066552298,bola.chukwu63@outlook.com,44680812493,Ikeja Division,Oshodi-Isolo,Webster,94115.0,replace kitchen sink.,6.542067,3.291227,Closed,2026-02-13 04:03:00
1681,PP20121211725,2012-12-11,Chinedu Ojo,Male,2348196967570,chinedu.ojo81@gmail.com,49449994109,Epe Division,Ibeju-Lekki,Ellis,94102.0,Water heater pipe leakage soaking utility area,6.452061,3.571446,Closed,2026-02-13 04:03:00
1682,PP20190415917,2019-04-15,Olamide Nnamdi,Male,2348198325989,olamide.nnamdi94@outlook.com,72675528245,Badagry Division,Ajeromi-Ifelodun,Pine,94109.0,backflow replacement,6.45961,3.352833,Closed,2026-02-13 04:03:00
1683,PP20161117718,2016-11-17,Opeyemi Bamidele,Female,2348133846222,opeyemi.bamidele61@yahoo.com,8605644622,Ikorodu Division,Ikorodu,Elsie,94110.0,renewal of permit pp20151110450,6.614141,3.512278,Closed,2026-02-13 04:03:00
1684,PP20151222512,2015-12-22,Chinedu Owolabi,Male,2348105887053,chinedu.owolabi17@outlook.com,7126997876,Ikeja Division,Ikeja,Shotwell,94110.0,High-pressure pipe burst affecting multiple residential buildings,6.605805,3.352811,Closed,2026-02-13 04:03:00
1685,PP20160120168,2016-01-20,Yetunde Okoye,Female,2348062810923,yetunde.okoye27@outlook.com,90076189680,Ikorodu Division,Ikorodu,Naples,94112.0,upgrade water service line,6.618626,3.498547,Closed,2026-02-13 04:03:00
1686,PP20160204654,2016-02-04,Yetunde Oladipo,Female,2348065001365,yetunde.oladipo87@hotmail.com,29159311585,Epe Division,Ibeju-Lekki,Cerritos,94127.0,"install shower, sink, and toilet, shower pan.",6.484509,3.603072,Closed,2026-02-13 04:03:00
1687,PP20160707928,2016-07-07,Ayomide Oladipo,Male,2348178645980,ayomide.oladipo81@gmail.com,38156236841,Lagos Island Division,Eti-Osa,San Jose,94110.0,"remodel 1 kitchen, two bathrooms @ 2nd floors",6.416273,3.41166,Closed,2026-02-13 04:03:00
1688,PP20150311723,2015-03-11,Uche Nwosu,Male,2349085340674,uche.nwosu17@gmail.com,78199030046,Badagry Division,Ojo,Jackson,94115.0,Septic tank backflow causing strong sewage odor indoors,6.458202,3.173355,Closed,2026-02-13 04:03:00
1689,PP20130530148,2013-05-30,Aisha Yakubu,Female,2348037969838,aisha.yakubu75@gmail.com,26497600658,Badagry Division,Amuwo-Odofin,33rd,94122.0,Sudden burst water pipe inside bathroom wall causing flooding,6.45506,3.242717,Closed,2026-02-13 04:03:00
1690,PP20180323955,2018-03-23,Olamide Abiola,Male,2348062291927,olamide.abiola86@yahoo.com,75583872362,Ikeja Division,Ikeja,Buena Vista,94117.0,Underground water pipe burst near hospital entrance,6.623451,3.363405,Closed,2026-02-13 04:03:00
1691,PP20090210106,2009-02-10,Abdulrahman Ibrahim,Male,2348137111965,abdulrahman.ibrahim87@gmail.com,27447540478,Lagos Island Division,Lagos Mainland,Paris,94112.0,Low water pressure affecting entire household supply,6.526526,3.38947,Closed,2026-02-13 04:03:00
1692,PP20100126697,2010-01-26,Olamide Owolabi,Male,2348140106511,olamide.owolabi82@outlook.com,59274107128,Lagos Island Division,Eti-Osa,Valparaiso,94133.0,Flooding due to collapsed drainage system after rainfall,6.444159,3.416261,Closed,2026-02-13 04:03:00
1693,PP20150427059,2015-04-27,Adaeze Oladipo,Female,2348181760336,adaeze.oladipo29@yahoo.com,7171623090,Ikeja Division,Ikeja,Broadway,94109.0,remove and replace hydronic heat boiler.,6.593638,3.352281,Closed,2026-02-13 04:03:00
1694,PP20090629347,2009-06-29,Obinna Owolabi,Male,2349013030119,obinna.owolabi21@yahoo.com,97713176692,Lagos Island Division,Lagos Island,Pine,94104.0,Public tap pipe severely damaged in residential community,6.462716,3.396091,Closed,2026-02-13 04:03:00
1695,PP20160902664,2016-09-02,Olamide Ajayi,Male,2348182755871,olamide.ajayi95@gmail.com,40933064047,Ikeja Division,Agege,Crystal,94112.0,replace gas line from meter to fixtures.,6.59973,3.327972,Closed,2026-02-13 04:03:00
1696,PP20080828833,2008-08-28,Opeyemi Umeh,Female,2349050833824,opeyemi.umeh59@outlook.com,97101543743,Ikeja Division,Kosofe,Hayes,94117.0,"remodel 4 bathroom, 2 kitchens.",6.58256,3.415943,Closed,2026-02-13 04:03:00
1697,PP20100514051,2010-05-14,Aisha Eze,Female,2348025209591,aisha.eze40@gmail.com,70817897831,Ikeja Division,Ikeja,Lincoln,94122.0,Water pipeline rupture near highway causing erosion,6.621525,3.33764,Open,2026-02-13 04:03:00
1698,PP20140806034,2014-08-06,Ijeoma Okafor,Female,2348187132812,ijeoma.okafor74@yahoo.com,27432299674,Epe Division,Epe,38th,94122.0,"new copper hot & cold all water lines , new drain in concrete laundry & new bathroom, new bathroom downstairs. replace 1 shower pan upstairs",6.589056,3.998491,Closed,2026-02-13 04:03:00
1699,PP20180829426,2018-08-29,Emeka Oladipo,Male,2348093520531,emeka.oladipo62@gmail.com,78314191599,Lagos Island Division,Lagos Island,Montgomery,94104.0,Sewer overflow spreading wastewater near market area,6.476814,3.390656,Closed,2026-02-13 04:03:00
1700,PP20150318941,2015-03-18,Aisha Adeyemi,Female,2349069455815,aisha.adeyemi49@gmail.com,1494924815,Epe Division,Ibeju-Lekki,Woodward,94103.0,Persistent dripping tap in kitchen wasting water daily,6.474914,3.590698,Closed,2026-02-13 04:03:00
1701,PP20130819382,2013-08-19,Ayomide Balogun,Male,2348113560439,ayomide.balogun48@yahoo.com,72100356779,Lagos Island Division,Eti-Osa,Plymouth,94112.0,Sudden burst water pipe inside bathroom wall causing flooding,6.435055,3.420912,Closed,2026-02-13 04:03:00
1702,PP20080910541,2008-09-10,Zainab Eze,Female,2348171116356,zainab.eze38@hotmail.com,7902499775,Ikeja Division,Oshodi-Isolo,Los Palmos,94127.0,Sewer overflow spreading wastewater near market area,6.55796,3.282778,Closed,2026-02-13 04:03:00
1703,PP20150529076,2015-05-29,Temitope Nnamdi,Female,2349081984552,temitope.nnamdi39@yahoo.com,33727398190,Lagos Island Division,Surulere,Larkin,94102.0,Major pipe burst near primary school disrupting access road,6.503721,3.362062,Closed,2026-02-13 04:03:00
1704,PP20131024350,2013-10-24,Seyi Nnamdi,Male,2348139667412,seyi.nnamdi91@hotmail.com,38688988671,Lagos Island Division,Lagos Mainland,Broadmoor,94132.0,to obtain a final inspections for work completed under expired permit pp20120119847 including shower pan.,6.522175,3.399669,Closed,2026-02-13 04:03:00
1705,PP20150217066,2015-02-17,Chisom Adebisi,Female,2348115774056,chisom.adebisi56@hotmail.com,81717215506,Ikeja Division,Agege,Lansdale,94127.0,installation of new shower tub;installation of new shower valve and shower head; intallation of 2 new sinks on vanity,6.608751,3.331969,Closed,2026-02-13 04:03:00
1706,PP20080627032,2008-06-27,Femi Ibrahim,Male,2348111190412,femi.ibrahim97@yahoo.com,3577964572,Badagry Division,Badagry,Post,94109.0,Persistent dripping tap in kitchen wasting water daily,6.434916,2.876679,Closed,2026-02-13 04:03:00
1707,PP20180108704,2018-01-08,Aisha Afolabi,Female,2348033289162,aisha.afolabi87@gmail.com,53223501398,Ikeja Division,Kosofe,Devonshire,94131.0,2 shower pans.,6.577799,3.41523,Closed,2026-02-13 04:03:00
1708,PP20190329480,2019-03-29,Ifeanyi Owolabi,Male,2348127338260,ifeanyi.owolabi98@hotmail.com,79765652565,Badagry Division,Ojo,Beale,94105.0,Water main leakage along roadside causing traffic obstruction,6.469407,3.185078,Closed,2026-02-13 04:03:00
1709,PP20130829716,2013-08-29,Chioma Adeyemi,Female,2348099158520,chioma.adeyemi36@yahoo.com,15109994388,Badagry Division,Amuwo-Odofin,Grove,94117.0,Cracked underground pipe slowly flooding compound,6.437074,3.244678,Closed,2026-02-13 04:03:00
1710,PP20180518544,2018-05-18,Zainab Yakubu,Female,2348143379969,zainab.yakubu65@outlook.com,82922945521,Ikeja Division,Kosofe,41st,94121.0,Water heater pipe leakage soaking utility area,6.577226,3.415928,Open,2026-02-13 04:03:00
1711,PP20101013495,2010-10-13,Chioma Umeh,Female,2348096185100,chioma.umeh33@outlook.com,53813142389,Ikeja Division,Alimosho,Sutter,94108.0,Water pipeline rupture near highway causing erosion,6.613258,3.299182,Closed,2026-02-13 04:03:00
1712,PP20090514328,2009-05-14,Abdulrahman Chukwu,Male,2348193380227,abdulrahman.chukwu39@gmail.com,48498702429,Badagry Division,Ojo,22nd,94121.0,Toilet overflow due to heavily blocked drain system,6.44324,3.193639,Closed,2026-02-13 04:03:00
1713,PP20150716374,2015-07-16,Chioma Umeh,Female,2349015395488,chioma.umeh64@hotmail.com,1135150727,Lagos Island Division,Lagos Mainland,Fulton,94118.0,Minor kitchen sink pipe leakage under cabinet,6.526926,3.393045,Closed,2026-02-13 04:03:00
1714,PP20130123625,2013-01-23,Aisha Yakubu,Female,2348192052054,aisha.yakubu42@yahoo.com,20327088544,Ikeja Division,Kosofe,Sutter,94109.0,Flooding due to collapsed drainage system after rainfall,6.587742,3.427713,Closed,2026-02-13 04:03:00
1715,PP20180604988,2018-06-04,Olamide Ajayi,Male,2348147174793,olamide.ajayi42@hotmail.com,56729040172,Epe Division,Ibeju-Lekki,Roosevelt,94114.0,remodel kitchen and 1 bathroom. adding 6 bathrooms.,6.474665,3.598462,Closed,2026-02-13 04:03:00
1716,PP20150511522,2015-05-11,Amaka Ogunleye,Female,2348173935388,amaka.ogunleye73@yahoo.com,93570157723,Ikeja Division,Ifako-Ijaiye,Powell,94102.0,Cracked underground pipe slowly flooding compound,6.675023,3.327621,Closed,2026-02-13 04:03:00
1717,PP20131028464,2013-10-28,Bola Oladipo,Female,2348056481294,bola.oladipo88@gmail.com,93315780083,Badagry Division,Badagry,Cyril Magnin,94102.0,Water main leakage along roadside causing traffic obstruction,6.437724,2.89389,Closed,2026-02-13 04:03:00
1718,PP20180123120,2018-01-23,Temitope Adebisi,Female,2348144967700,temitope.adebisi71@hotmail.com,61906529306,Epe Division,Ibeju-Lekki,26th,94121.0,Open manhole with visible sewage leakage on street,6.475737,3.572237,Closed,2026-02-13 04:03:00
1719,PP20100524233,2010-05-24,Yetunde Bamidele,Female,2348050097081,yetunde.bamidele39@yahoo.com,80115450556,Ikeja Division,Agege,36th,94122.0,Blocked drainage channel causing street-level flooding,6.602617,3.338927,Closed,2026-02-13 04:03:00
1720,PP20110330115,2011-03-30,Uche Okafor,Male,2349086820095,uche.okafor21@outlook.com,15881464206,Ikeja Division,Ikeja,West Portal,94127.0,Flooding due to collapsed drainage system after rainfall,6.603255,3.345359,Closed,2026-02-13 04:03:00
1721,PP20190327394,2019-03-27,Amaka Mohammed,Female,2348098541170,amaka.mohammed24@hotmail.com,75681421231,Ikeja Division,Kosofe,Pine,94109.0,Minor kitchen sink pipe leakage under cabinet,6.58471,3.432586,Closed,2026-02-13 04:03:00
1722,PP20110923236,2011-09-23,Chisom Danladi,Female,2349079664266,chisom.danladi19@yahoo.com,17223425927,Ikeja Division,Ikeja,07th,94118.0,sewerline & house trap replacement.,6.608754,3.34009,Closed,2026-02-13 04:03:00
1723,PP20080717571,2008-07-17,Chisom Bamidele,Female,2348091223890,chisom.bamidele70@outlook.com,34246220138,Ikeja Division,Oshodi-Isolo,Webster,94123.0,Water pipeline rupture near highway causing erosion,6.552485,3.30005,Closed,2026-02-13 04:03:00
1724,PP20080829973,2008-08-29,Ifeanyi Ajayi,Male,2348176630241,ifeanyi.ajayi20@hotmail.com,29483356536,Badagry Division,Ojo,Ardath,94124.0,Water pipeline rupture near highway causing erosion,6.457123,3.178864,Closed,2026-02-13 04:03:00
1725,PP20110728882,2011-07-28,Oluwaseun Chukwu,Male,2349069969495,oluwaseun.chukwu58@yahoo.com,92265105828,Ikeja Division,Ifako-Ijaiye,24th,94121.0,Septic tank backflow causing strong sewage odor indoors,6.665024,3.316049,Closed,2026-02-13 04:03:00
1726,PP20090617086,2009-06-17,Chisom Okafor,Female,2348193371065,chisom.okafor89@yahoo.com,53999184414,Lagos Island Division,Apapa,Leavenworth,94133.0,Water heater pipe leakage soaking utility area,6.447523,3.353394,Closed,2026-02-13 04:03:00
1727,PP20130128777,2013-01-28,Amaka Afolabi,Female,2349047118052,amaka.afolabi15@yahoo.com,51058884902,Epe Division,Ibeju-Lekki,Wheeler,94134.0,Toilet overflow due to heavily blocked drain system,6.440706,3.60553,Closed,2026-02-13 04:03:00
1728,PP20110314663,2011-03-14,Femi Okoye,Male,2349047637916,femi.okoye26@outlook.com,78321418982,Ikorodu Division,Ikorodu,Rosemary,94116.0,Severe shower pipe rupture flooding entire bathroom,6.630288,3.506737,Closed,2026-02-13 04:03:00
1729,PP20081216647,2008-12-16,Tunde Balogun,Male,2348075296610,tunde.balogun51@gmail.com,38061825418,Badagry Division,Ojo,Paris,94112.0,Underground water pipe burst near hospital entrance,6.461188,3.171283,Closed,2026-02-13 04:03:00
1730,PP20110208897,2011-02-08,Oluwaseun Balogun,Male,2348121792372,oluwaseun.balogun19@yahoo.com,25879452452,Ikeja Division,Kosofe,Vermont,94107.0,Flooding due to collapsed drainage system after rainfall,6.600257,3.435673,Closed,2026-02-13 04:03:00
1731,PP20190604385,2019-06-04,Seyi Nnamdi,Male,2348081208356,seyi.nnamdi93@gmail.com,91986323885,Badagry Division,Amuwo-Odofin,Oak Park,94131.0,Blocked drainage channel causing street-level flooding,6.451567,3.260235,Closed,2026-02-13 04:03:00
1732,PP20110211985,2011-02-11,Ifeanyi Adebisi,Male,2348037891414,ifeanyi.adebisi18@outlook.com,88542030054,Lagos Island Division,Lagos Island,Amber,94131.0,Cracked underground pipe slowly flooding compound,6.455853,3.381333,Closed,2026-02-13 04:03:00
1733,PP20190510697,2019-05-10,Kunle Yakubu,Male,2348095316980,kunle.yakubu48@yahoo.com,60075755961,Lagos Island Division,Eti-Osa,07th,94122.0,kitchen remodel and new powder room,6.428982,3.423219,Closed,2026-02-13 04:03:00
1734,PP20151023006,2015-10-23,Obinna Danladi,Male,2349026846963,obinna.danladi77@hotmail.com,23088300510,Ikeja Division,Agege,Folsom,94107.0,"install approx. 12-0 of 6"" class 50 ductile iron underground pipe connecting to the (n) 6"" lateral of sfpuc in compliance with fire service requirement.",6.610955,3.333813,Closed,2026-02-13 04:03:00
1735,PP20161021072,2016-10-21,Ifeanyi Nnamdi,Male,2349041701265,ifeanyi.nnamdi97@yahoo.com,91636631899,Ikorodu Division,Ikorodu,Wisconsin,94107.0,Sudden burst water pipe inside bathroom wall causing flooding,6.618486,3.509691,Closed,2026-02-13 04:03:00
1736,PP20130703171,2013-07-03,Obinna Nnamdi,Male,2348166436296,obinna.nnamdi20@gmail.com,20738768134,Lagos Island Division,Surulere,Market,94114.0,Persistent dripping tap in kitchen wasting water daily,6.497423,3.350194,Closed,2026-02-13 04:03:00
1737,PP20180828385,2018-08-28,Amaka Adebisi,Female,2348037522425,amaka.adebisi81@hotmail.com,40884927640,Ikeja Division,Kosofe,Farragut,94112.0,Sudden burst water pipe inside bathroom wall causing flooding,6.57613,3.403854,Closed,2026-02-13 04:03:00
1738,PP20150202691,2015-02-02,Opeyemi Chukwu,Female,2348037862939,opeyemi.chukwu31@hotmail.com,60085617647,Lagos Island Division,Lagos Island,18th,94116.0,Sudden burst water pipe inside bathroom wall causing flooding,6.463878,3.373644,Closed,2026-02-13 04:03:00
1739,PP20121220940,2012-12-20,Chukwudi Yakubu,Male,2348038419561,chukwudi.yakubu14@yahoo.com,15365544166,Lagos Island Division,Apapa,Larkin,94109.0,Sewer overflow spreading wastewater near market area,6.460336,3.372863,Closed,2026-02-13 04:03:00
1740,PP20170619340,2017-06-19,Ifeanyi Ekanem,Male,2348170602316,ifeanyi.ekanem14@outlook.com,73892219691,Ikorodu Division,Ikorodu,Folsom,94103.0,Septic tank backflow causing strong sewage odor indoors,6.616378,3.484469,Closed,2026-02-13 04:03:00
1741,PP20120206238,2012-02-06,Kelechi Eze,Male,2349040796316,kelechi.eze41@hotmail.com,62077905347,Badagry Division,Amuwo-Odofin,Cabrillo,94118.0,Water main leakage along roadside causing traffic obstruction,6.446387,3.249358,Closed,2026-02-13 04:03:00
1742,PP20180327039,2018-03-27,Bola Akinyemi,Female,2348131506633,bola.akinyemi28@outlook.com,76457428890,Badagry Division,Ojo,Church,94114.0,Blocked drainage channel causing street-level flooding,6.450894,3.177848,Closed,2026-02-13 04:03:00
1743,PP20140317041,2014-03-17,Chinedu Abiola,Male,2348124189382,chinedu.abiola13@outlook.com,63567445644,Ikeja Division,Kosofe,Jamestown,94124.0,Underground water pipe burst near hospital entrance,6.598602,3.423349,Closed,2026-02-13 04:03:00
1744,PP20190923625,2019-09-23,Chisom Ajayi,Female,2349080636953,chisom.ajayi55@outlook.com,30665911584,Lagos Island Division,Lagos Island,23rd,94122.0,Sewer overflow spreading wastewater near market area,6.444854,3.378724,Closed,2026-02-13 04:03:00
1745,PP20130703151,2013-07-03,Ayomide Yakubu,Male,2348067635501,ayomide.yakubu35@yahoo.com,61559553435,Lagos Island Division,Lagos Mainland,Louisburg,94112.0,Water heater pipe leakage soaking utility area,6.52113,3.377065,Closed,2026-02-13 04:03:00
1746,PP20140109269,2014-01-09,Adaeze Mohammed,Female,2349035507143,adaeze.mohammed59@yahoo.com,84426418466,Ikeja Division,Kosofe,Allison,94112.0,Major pipe burst near primary school disrupting access road,6.588262,3.411347,Closed,2026-02-13 04:03:00
1747,PP20121205585,2012-12-05,Chisom Adebisi,Female,2348074979680,chisom.adebisi80@hotmail.com,97362879813,Ikeja Division,Ifako-Ijaiye,37th,94121.0,Underground water pipe burst near hospital entrance,6.674915,3.347952,Closed,2026-02-13 04:03:00
1748,PP20130416957,2013-04-16,Olamide Owolabi,Male,2349055175989,olamide.owolabi53@yahoo.com,7336527101,Badagry Division,Ojo,Sutter,94115.0,Minor kitchen sink pipe leakage under cabinet,6.469155,3.182519,Closed,2026-02-13 04:03:00
1749,PP20120803536,2012-08-03,Chukwudi Umeh,Male,2348076545320,chukwudi.umeh70@hotmail.com,84452076781,Ikeja Division,Agege,Raccoon,94114.0,Minor kitchen sink pipe leakage under cabinet,6.613668,3.332433,Closed,2026-02-13 04:03:00
1750,PP20160830521,2016-08-30,Chinedu Ekanem,Male,2348025871878,chinedu.ekanem60@outlook.com,41733976069,Lagos Island Division,Lagos Mainland,Geneva,94112.0,Flooding due to collapsed drainage system after rainfall,6.536206,3.372927,Closed,2026-02-13 04:03:00
1751,PP20120710926,2012-07-10,Aisha Ogunleye,Female,2349038108976,aisha.ogunleye96@yahoo.com,24757498583,Ikeja Division,Ifako-Ijaiye,Post,94115.0,amend pw20120303710 address correction for work done - 2608 + 2610 +2612 post street.,6.670252,3.329112,Closed,2026-02-13 04:03:00
1752,PP20150820307,2015-08-20,Chukwudi Adebisi,Male,2349070898853,chukwudi.adebisi35@hotmail.com,17415205702,Ikeja Division,Oshodi-Isolo,Jackson,94109.0,High-pressure pipe burst affecting multiple residential buildings,6.548582,3.294375,Closed,2026-02-13 04:03:00
1753,PP20170804588,2017-08-04,Obinna Owolabi,Male,2348151360823,obinna.owolabi54@outlook.com,59265856193,Ikeja Division,Alimosho,34th,94122.0,Cracked underground pipe slowly flooding compound,6.61223,3.29439,Closed,2026-02-13 04:03:00
1754,PP20180220938,2018-02-20,Seyi Ajayi,Male,2348144234089,seyi.ajayi79@gmail.com,41999638798,Epe Division,Epe,Waller,94117.0,Persistent dripping tap in kitchen wasting water daily,6.589002,3.978264,Closed,2026-02-13 04:03:00
1755,PP20191101871,2019-11-01,Opeyemi Ajayi,Female,2348123830482,opeyemi.ajayi40@outlook.com,74847343134,Ikorodu Division,Ikorodu,Mission,94110.0,High-pressure pipe burst affecting multiple residential buildings,6.631608,3.501732,Closed,2026-02-13 04:03:00
1756,PP20091005455,2009-10-05,Kelechi Ogunleye,Male,2348072201186,kelechi.ogunleye70@hotmail.com,53935663424,Epe Division,Epe,09th,94122.0,Underground water pipe burst near hospital entrance,6.60112,3.966124,Closed,2026-02-13 04:03:00
1757,PP20160203618,2016-02-03,Chioma Nnamdi,Female,2348101829108,chioma.nnamdi54@gmail.com,94354715153,Lagos Island Division,Apapa,Noe,94114.0,survey only,6.453148,3.363754,Closed,2026-02-13 04:03:00
1758,PP20140106154,2014-01-06,Emeka Abiola,Male,2349073622319,emeka.abiola69@gmail.com,5262938631,Ikeja Division,Ifako-Ijaiye,Mason,94102.0,b3055: remove and replace three 119-gallon tanks and related piping.,6.661844,3.332844,Closed,2026-02-13 04:03:00
1759,PP20110512175,2011-05-12,Adaeze Akinyemi,Female,2349039271823,adaeze.akinyemi61@hotmail.com,47184568634,Lagos Island Division,Eti-Osa,Richland,94110.0,"bathroom addition, 1 tub, 1 toilet, 1 sink",6.445895,3.399732,Closed,2026-02-13 04:03:00
1760,PP20081015140,2008-10-15,Bola Adebisi,Female,2348129227753,bola.adebisi85@outlook.com,20204683990,Lagos Island Division,Lagos Mainland,Ellsworth,94110.0,Septic tank backflow causing strong sewage odor indoors,6.529427,3.354267,Closed,2026-02-13 04:03:00
1761,PP20181128986,2018-11-28,Uche Ekanem,Male,2348023751263,uche.ekanem90@yahoo.com,62038556043,Ikorodu Division,Ikorodu,18th,94121.0,Flooding due to collapsed drainage system after rainfall,6.609743,3.526792,Closed,2026-02-13 04:03:00
1762,PP20090202844,2009-02-02,Zainab Eze,Female,2349034768403,zainab.eze35@outlook.com,36146210443,Ikeja Division,Kosofe,30th,94131.0,Minor kitchen sink pipe leakage under cabinet,6.577482,3.404961,Closed,2026-02-13 04:03:00
1763,PP20080401388,2008-04-01,Ngozi Yakubu,Female,2349055894455,ngozi.yakubu88@gmail.com,71348203956,Lagos Island Division,Apapa,11th,94122.0,Water pipeline rupture near highway causing erosion,6.446821,3.379679,Closed,2026-02-13 04:03:00
1764,PP20190502427,2019-05-02,Ijeoma Ibrahim,Female,2348055754204,ijeoma.ibrahim97@outlook.com,33504274677,Ikeja Division,Alimosho,Sanchez,94114.0,Public tap pipe severely damaged in residential community,6.590683,3.284487,Closed,2026-02-13 04:03:00
1765,PP20120510502,2012-05-10,Temitope Ekanem,Female,2348085523217,temitope.ekanem53@hotmail.com,11942907527,Ikeja Division,Alimosho,Bay Shore,94124.0,Major pipe burst near primary school disrupting access road,6.623974,3.313577,Closed,2026-02-13 04:03:00
1766,PP20130321246,2013-03-21,Yetunde Okoye,Female,2348097560943,yetunde.okoye62@outlook.com,2850860043,Badagry Division,Ajeromi-Ifelodun,Ellis,94109.0,Blocked drainage channel causing street-level flooding,6.465666,3.320909,Closed,2026-02-13 04:03:00
1767,PP20180815008,2018-08-15,Obinna Akinyemi,Male,2348122187915,obinna.akinyemi53@outlook.com,71570206087,Lagos Island Division,Surulere,Lombard,94133.0,Persistent dripping tap in kitchen wasting water daily,6.517858,3.376744,Closed,2026-02-13 04:03:00
1768,PP20170921912,2017-09-21,Chioma Owolabi,Female,2348052466906,chioma.owolabi31@yahoo.com,23895440021,Lagos Island Division,Lagos Island,Eddy,94115.0,"emergency replacement of boiler (serial #1006085546) with raypak model #w7-850, 850k btu (serial #1708388989.)",6.460889,3.386576,Closed,2026-02-13 04:03:00
1769,PP20180625633,2018-06-25,Uche Abiola,Male,2348095512221,uche.abiola16@hotmail.com,90426795494,Lagos Island Division,Eti-Osa,Buchanan,94102.0,Major pipe burst near primary school disrupting access road,6.43261,3.420296,Closed,2026-02-13 04:03:00
1770,PP20180131385,2018-01-31,Olamide Abiola,Male,2349085129536,olamide.abiola97@yahoo.com,5523357884,Lagos Island Division,Eti-Osa,Charles,94131.0,Bathroom floor drain completely clogged with wastewater backup,6.436409,3.43641,Closed,2026-02-13 04:03:00
1771,PP20190614727,2019-06-14,Ifeanyi Adebisi,Male,2349055278510,ifeanyi.adebisi53@hotmail.com,77933247780,Badagry Division,Ojo,23rd,94114.0,Water heater pipe leakage soaking utility area,6.469794,3.172226,Closed,2026-02-13 04:03:00
1772,PP20080220193,2008-02-20,Olamide Oladipo,Male,2349022740364,olamide.oladipo74@yahoo.com,35432189230,Ikorodu Division,Ikorodu,Cesar Chavez,94131.0,High-pressure pipe burst affecting multiple residential buildings,6.633165,3.513631,Closed,2026-02-13 04:03:00
1773,PP20161229807,2016-12-29,Oluwaseun Eze,Male,2349095931811,oluwaseun.eze82@outlook.com,9839351560,Epe Division,Ibeju-Lekki,Daniel Burnham,94109.0,remodel kitchen and bathroom,6.476871,3.599665,Closed,2026-02-13 04:03:00
1774,PP20140521899,2014-05-21,Adebayo Yakubu,Male,2348151025604,adebayo.yakubu78@gmail.com,75831871774,Badagry Division,Amuwo-Odofin,45th,94116.0,Flooding due to collapsed drainage system after rainfall,6.438884,3.249642,Closed,2026-02-13 04:03:00
1775,PP20180808799,2018-08-08,Bola Balogun,Female,2349040390066,bola.balogun39@yahoo.com,66359558197,Ikeja Division,Mushin,Clay,94109.0,Sewer overflow spreading wastewater near market area,6.521985,3.338921,Closed,2026-02-13 04:03:00
1776,PP20121130456,2012-11-30,Chinedu Bamidele,Male,2349026219392,chinedu.bamidele83@gmail.com,70134456065,Badagry Division,Ajeromi-Ifelodun,26th,94132.0,Water pipeline rupture near highway causing erosion,6.470167,3.358416,Closed,2026-02-13 04:03:00
1777,PP20180206561,2018-02-06,Adebayo Owolabi,Male,2348146051742,adebayo.owolabi91@outlook.com,45754580228,Lagos Island Division,Apapa,Pierce,94117.0,Septic tank backflow causing strong sewage odor indoors,6.430399,3.358677,Open,2026-02-13 04:03:00
1778,PP20081028656,2008-10-28,Ayomide Okoye,Male,2348126147002,ayomide.okoye66@outlook.com,25894988578,Ikeja Division,Ikeja,Donner,94124.0,Underground water pipe burst near hospital entrance,6.608205,3.352731,Closed,2026-02-13 04:03:00
1779,PP20140224458,2014-02-24,Ijeoma Bamidele,Female,2348182656311,ijeoma.bamidele41@yahoo.com,87371289312,Ikorodu Division,Ikorodu,Niagara,94112.0,Water pipeline rupture near highway causing erosion,6.618269,3.497508,Closed,2026-02-13 04:03:00
1780,PP20131212669,2013-12-12,Femi Balogun,Male,2348120869212,femi.balogun84@yahoo.com,68672605213,Ikeja Division,Agege,Octavia,94109.0,Severe shower pipe rupture flooding entire bathroom,6.617828,3.328432,Closed,2026-02-13 04:03:00
1781,PP20171207961,2017-12-07,Ngozi Nwosu,Female,2348094281695,ngozi.nwosu31@outlook.com,85874717026,Epe Division,Ibeju-Lekki,Broadway,94109.0,remove and replace vanity.,6.448101,3.596946,Closed,2026-02-13 04:03:00
1782,PP20140728755,2014-07-28,Uche Adebisi,Male,2348086514287,uche.adebisi50@outlook.com,36062181223,Lagos Island Division,Surulere,28th,94121.0,replace u/g water service line.,6.506484,3.361317,Closed,2026-02-13 04:03:00
1783,PP20090317946,2009-03-17,Chinedu Mohammed,Male,2349091033916,chinedu.mohammed23@outlook.com,66897554155,Badagry Division,Amuwo-Odofin,15th,94118.0,High-pressure pipe burst affecting multiple residential buildings,6.452291,3.260743,Closed,2026-02-13 04:03:00
1784,PP20111202872,2011-12-02,Chioma Nnamdi,Female,2348172660537,chioma.nnamdi97@yahoo.com,45432038666,Badagry Division,Amuwo-Odofin,Mcallister,94115.0,Flooding due to collapsed drainage system after rainfall,6.452243,3.25904,Closed,2026-02-13 04:03:00
1785,PP20081117527,2008-11-17,Oluwaseun Ajayi,Male,2348187230916,oluwaseun.ajayi62@hotmail.com,36179784971,Ikorodu Division,Ikorodu,Clay,94118.0,"unit #3: replace 3/4 galv. to copper pipe, one line kitchen sink",6.616425,3.52362,Closed,2026-02-13 04:03:00
1786,PP20120207278,2012-02-07,Chisom Ajayi,Female,2348166898857,chisom.ajayi70@hotmail.com,99798553768,Badagry Division,Ajeromi-Ifelodun,Cambridge,94134.0,Cracked underground pipe slowly flooding compound,6.469908,3.335241,Closed,2026-02-13 04:03:00
1787,PP20170614168,2017-06-14,Uche Nnamdi,Male,2349086335367,uche.nnamdi44@hotmail.com,9778689788,Badagry Division,Amuwo-Odofin,Fillmore,94115.0,p-traps to be removed and replace in kitchen and bathroom.,6.437299,3.25287,Closed,2026-02-13 04:03:00
1788,PP20090818429,2009-08-18,Temitope Ajayi,Female,2348107191113,temitope.ajayi11@gmail.com,2563913539,Ikeja Division,Ikeja,Filbert,94133.0,Toilet overflow due to heavily blocked drain system,6.59348,3.345117,Closed,2026-02-13 04:03:00
1789,PP20180509283,2018-05-09,Uche Okafor,Male,2348073436900,uche.okafor65@yahoo.com,18096825883,Lagos Island Division,Eti-Osa,Sanchez,94114.0,Bathroom floor drain completely clogged with wastewater backup,6.424946,3.411238,Closed,2026-02-13 04:03:00
1790,PP20121105822,2012-11-05,Zainab Ajayi,Female,2349010992595,zainab.ajayi64@yahoo.com,77652389675,Ikeja Division,Kosofe,Cesar Chavez,94131.0,Sewer overflow spreading wastewater near market area,6.604548,3.430013,Closed,2026-02-13 04:03:00
1791,PP20180411460,2018-04-11,Chinedu Adeyemi,Male,2348025465610,chinedu.adeyemi80@gmail.com,8228373142,Badagry Division,Amuwo-Odofin,Country Club,94132.0,Persistent dripping tap in kitchen wasting water daily,6.469204,3.237771,Closed,2026-02-13 04:03:00
1792,PP20190829942,2019-08-29,Ayomide Chukwu,Male,2349068162529,ayomide.chukwu51@outlook.com,32038659835,Lagos Island Division,Lagos Mainland,Stockton,94133.0,Public tap pipe severely damaged in residential community,6.525113,3.366265,Closed,2026-02-13 04:03:00
1793,PP20190710426,2019-07-10,Seyi Yakubu,Male,2348134177650,seyi.yakubu13@outlook.com,22997478161,Badagry Division,Badagry,Kirkham,94122.0,Septic tank backflow causing strong sewage odor indoors,6.408043,2.875819,Closed,2026-02-13 04:03:00
1794,PP20100324839,2010-03-24,Oluwaseun Adeyemi,Male,2349070717936,oluwaseun.adeyemi89@outlook.com,62738313472,Ikeja Division,Agege,Van Ness,94109.0,outside the bldg. : install new vented trap,6.627896,3.332038,Closed,2026-02-13 04:03:00
1795,PP20180214854,2018-02-14,Aisha Adebisi,Female,2348184754029,aisha.adebisi58@hotmail.com,88927551761,Ikeja Division,Agege,Jefferson,94133.0,Open manhole with visible sewage leakage on street,6.626184,3.342041,Closed,2026-02-13 04:03:00
1796,PP20140121543,2014-01-21,Ifeanyi Ekanem,Male,2349088425401,ifeanyi.ekanem15@hotmail.com,34891641924,Badagry Division,Badagry,Turk,94102.0,"units 7/14/16/18/20: replace bathrom fixtures, kitchen fixtures & gas line.",6.438036,2.870206,Closed,2026-02-13 04:03:00
1797,PP20081204155,2008-12-04,Zainab Abiola,Female,2348144838205,zainab.abiola40@outlook.com,90605506729,Ikeja Division,Ikeja,Los Palmos,94127.0,Cracked underground pipe slowly flooding compound,6.614392,3.362964,Open,2026-02-13 04:03:00
1798,PP20181206237,2018-12-06,Aisha Nnamdi,Female,2348179639432,aisha.nnamdi31@gmail.com,1083648854,Ikeja Division,Ikeja,Steiner,94117.0,Persistent dripping tap in kitchen wasting water daily,6.592066,3.361571,Closed,2026-02-13 04:03:00
1799,PP20140821459,2014-08-21,Olamide Ogunleye,Male,2348195940459,olamide.ogunleye91@hotmail.com,90348112260,Ikeja Division,Ikeja,Broadway,94115.0,to obtain a final inspection for work completed under expired permit pw20130225906.,6.605161,3.349225,Closed,2026-02-13 04:03:00
1800,PP20170206727,2017-02-06,Abdulrahman Ojo,Male,2349040490210,abdulrahman.ojo56@yahoo.com,10898220421,Epe Division,Epe,Ellis,94102.0,Major pipe burst near primary school disrupting access road,6.575761,3.976409,Closed,2026-02-13 04:03:00
1801,PP20150728646,2015-07-28,Kelechi Afolabi,Male,2348061490909,kelechi.afolabi36@yahoo.com,27701070597,Badagry Division,Badagry,Palou,94124.0,Sewer overflow spreading wastewater near market area,6.435498,2.885007,Closed,2026-02-13 04:03:00
1802,PP20090408517,2009-04-08,Chioma Bamidele,Female,2348066110455,chioma.bamidele53@yahoo.com,76779213417,Lagos Island Division,Apapa,California,94108.0,remodel kitchen and bathroom in unit #38.,6.456621,3.351091,Closed,2026-02-13 04:03:00
1803,PP20130613617,2013-06-13,Emeka Akinyemi,Male,2349016575891,emeka.akinyemi42@outlook.com,73444883070,Ikeja Division,Alimosho,Columbus,94133.0,Septic tank backflow causing strong sewage odor indoors,6.601201,3.30582,Closed,2026-02-13 04:03:00
1804,PP20180411444,2018-04-11,Abdulrahman Umeh,Male,2348094023160,abdulrahman.umeh65@outlook.com,63036718471,Ikeja Division,Agege,London,94112.0,Blocked drainage channel causing street-level flooding,6.602004,3.331848,Closed,2026-02-13 04:03:00
1805,PP20080528027,2008-05-28,Ijeoma Eze,Female,2349028143245,ijeoma.eze52@outlook.com,13324103551,Badagry Division,Badagry,29th,94122.0,Bathroom floor drain completely clogged with wastewater backup,6.41534,2.886114,Closed,2026-02-13 04:03:00
1806,PP20080904275,2008-09-04,Aisha Adebisi,Female,2348191027735,aisha.adebisi63@outlook.com,53900137242,Badagry Division,Amuwo-Odofin,Fillmore,94115.0,"two water mains, instead of 3 per pw20080608131: 2 water main for units #1375 and 1395 only",6.448209,3.253958,Closed,2026-02-13 04:03:00
1807,PP20150302470,2015-03-02,Uche Nwosu,Male,2348148611279,uche.nwosu77@gmail.com,73778196903,Ikeja Division,Alimosho,Topeka,94124.0,Water heater pipe leakage soaking utility area,6.615929,3.302346,Closed,2026-02-13 04:03:00
1808,PP20160111917,2016-01-11,Chinedu Nnamdi,Male,2349082897492,chinedu.nnamdi92@gmail.com,33644294471,Ikeja Division,Alimosho,Broadway,94123.0,Minor kitchen sink pipe leakage under cabinet,6.599142,3.292158,Closed,2026-02-13 04:03:00
1809,PP20090617061,2009-06-17,Abdulrahman Balogun,Male,2349068524673,abdulrahman.balogun49@hotmail.com,73874484850,Ikeja Division,Agege,Post,94102.0,Severe shower pipe rupture flooding entire bathroom,6.627448,3.344946,Closed,2026-02-13 04:03:00
1810,PP20130927533,2013-09-27,Uche Afolabi,Male,2349019127065,uche.afolabi95@gmail.com,70154156273,Badagry Division,Badagry,25th,94116.0,"remodel kitchen & bathroom & replace like in kind, new water heater.",6.401271,2.888515,Closed,2026-02-13 04:03:00
1811,PP20140605287,2014-06-05,Tunde Yakubu,Male,2348161841266,tunde.yakubu19@yahoo.com,98624887784,Badagry Division,Ajeromi-Ifelodun,Geary,94118.0,Severe shower pipe rupture flooding entire bathroom,6.446918,3.333769,Closed,2026-02-13 04:03:00
1812,PP20140708188,2014-07-08,Tunde Afolabi,Male,2348120935722,tunde.afolabi39@yahoo.com,85595682594,Ikeja Division,Ifako-Ijaiye,08th,94118.0,Minor kitchen sink pipe leakage under cabinet,6.688778,3.319121,Closed,2026-02-13 04:03:00
1813,PP20160418720,2016-04-18,Abdulrahman Owolabi,Male,2349077707718,abdulrahman.owolabi67@hotmail.com,37213263984,Ikeja Division,Alimosho,20th,94110.0,Public tap pipe severely damaged in residential community,6.600657,3.30264,Closed,2026-02-13 04:03:00
1814,PP20140227577,2014-02-27,Chioma Adebisi,Female,2349067136560,chioma.adebisi91@hotmail.com,21550646346,Ikeja Division,Oshodi-Isolo,Irving,94122.0,Toilet overflow due to heavily blocked drain system,6.538172,3.301772,Closed,2026-02-13 04:03:00
1815,PP20180426905,2018-04-26,Ijeoma Ojo,Female,2349076307967,ijeoma.ojo66@outlook.com,50012091165,Epe Division,Ibeju-Lekki,12th,94118.0,Cracked underground pipe slowly flooding compound,6.475964,3.578657,Closed,2026-02-13 04:03:00
1816,PP20180419681,2018-04-19,Femi Ojo,Male,2348120484928,femi.ojo92@outlook.com,89420012994,Ikeja Division,Agege,41st,94121.0,survey inspection,6.61314,3.343442,Closed,2026-02-13 04:03:00
1817,PP20171003232,2017-10-03,Aisha Eze,Female,2348188337645,aisha.eze32@hotmail.com,63955154530,Badagry Division,Ajeromi-Ifelodun,Quesada,94124.0,High-pressure pipe burst affecting multiple residential buildings,6.470915,3.335968,Closed,2026-02-13 04:03:00
1818,PP20111128741,2011-11-28,Adebayo Nnamdi,Male,2348172579827,adebayo.nnamdi21@hotmail.com,82036338581,Badagry Division,Amuwo-Odofin,44th,94122.0,Cracked underground pipe slowly flooding compound,6.446609,3.253701,Closed,2026-02-13 04:03:00
1819,PP20151207063,2015-12-07,Abdulrahman Oladipo,Male,2348051434520,abdulrahman.oladipo58@hotmail.com,66798712106,Lagos Island Division,Apapa,Stonecrest,94132.0,"kitchen remodel, 2 bathroom remodel on 2nd floor, 1 half toilet in basement",6.447563,3.363578,Closed,2026-02-13 04:03:00
1820,PP20121129406,2012-11-29,Aisha Ekanem,Female,2348173511082,aisha.ekanem22@hotmail.com,74983034749,Ikeja Division,Ifako-Ijaiye,Clement,94118.0,Persistent dripping tap in kitchen wasting water daily,6.664831,3.326774,Closed,2026-02-13 04:03:00
1821,PP20130415949,2013-04-15,Olamide Balogun,Male,2348033508875,olamide.balogun77@outlook.com,85722853733,Ikeja Division,Alimosho,Grand View,94114.0,move toilet in guest bath & install new vanity & tub. install (n) kitchen sink.,6.5991,3.29465,Closed,2026-02-13 04:03:00
1822,PP20180723366,2018-07-23,Bola Ojo,Female,2349031763250,bola.ojo81@yahoo.com,66796776032,Badagry Division,Amuwo-Odofin,Spear,94105.0,Open manhole with visible sewage leakage on street,6.44189,3.23886,Closed,2026-02-13 04:03:00
1823,PP20190819579,2019-08-19,Femi Nwosu,Male,2349016201998,femi.nwosu43@gmail.com,89784494167,Badagry Division,Badagry,Cabrillo,94118.0,"for unit 1433: replace a house trap and 4"" sewer pipe about 9 feet.",6.417587,2.887127,Closed,2026-02-13 04:03:00
1824,PP20131206532,2013-12-06,Opeyemi Adebisi,Female,2348096977817,opeyemi.adebisi19@gmail.com,47536784870,Badagry Division,Badagry,Clay,94115.0,Septic tank backflow causing strong sewage odor indoors,6.422829,2.880689,Closed,2026-02-13 04:03:00
1825,PP20191004010,2019-10-04,Obinna Ibrahim,Male,2349074434114,obinna.ibrahim74@hotmail.com,77605151169,Lagos Island Division,Lagos Island,31st,94116.0,Bathroom floor drain completely clogged with wastewater backup,6.458181,3.400208,Closed,2026-02-13 04:03:00
1826,PP20151016808,2015-10-16,Kelechi Bamidele,Male,2348132081913,kelechi.bamidele81@yahoo.com,4084432768,Ikeja Division,Agege,Laguna,94102.0,Blocked drainage channel causing street-level flooding,6.619948,3.327743,Closed,2026-02-13 04:03:00
1827,PP20131114950,2013-11-14,Aisha Afolabi,Female,2348036901418,aisha.afolabi63@outlook.com,50446900558,Epe Division,Epe,22nd,94107.0,"rough-ion & finish plumbing as per plans for 4 new bathrooms, 2 kitchens, 2 laundry.",6.585494,3.987241,Closed,2026-02-13 04:03:00
1828,PP20120525892,2012-05-25,Chukwudi Adeyemi,Male,2348068000387,chukwudi.adeyemi68@gmail.com,24405357728,Badagry Division,Amuwo-Odofin,Greenwich,94123.0,Water main leakage along roadside causing traffic obstruction,6.450072,3.229135,Closed,2026-02-13 04:03:00
1829,PP20100610693,2010-06-10,Temitope Bamidele,Female,2349060288455,temitope.bamidele68@outlook.com,30847647034,Ikeja Division,Ikeja,Presidio,94115.0,Minor kitchen sink pipe leakage under cabinet,6.603405,3.373625,Closed,2026-02-13 04:03:00
1830,PP20161104431,2016-11-04,Obinna Yakubu,Male,2349093040044,obinna.yakubu70@outlook.com,35809106187,Epe Division,Epe,18th,94110.0,Blocked drainage channel causing street-level flooding,6.5804,3.976319,Closed,2026-02-13 04:03:00
1831,PP20181015726,2018-10-15,Chisom Eze,Female,2348091519439,chisom.eze47@outlook.com,90252899151,Badagry Division,Ajeromi-Ifelodun,Tehama,94103.0,Water pipeline rupture near highway causing erosion,6.470433,3.336424,Closed,2026-02-13 04:03:00
1832,PP20161208262,2016-12-08,Chisom Ekanem,Female,2349041775230,chisom.ekanem17@hotmail.com,29881721972,Lagos Island Division,Eti-Osa,California,94109.0,Water pipeline rupture near highway causing erosion,6.445027,3.409321,Closed,2026-02-13 04:03:00
1833,PP20191212921,2019-12-12,Chisom Oladipo,Female,2348188947233,chisom.oladipo74@gmail.com,75011651041,Badagry Division,Ajeromi-Ifelodun,09th,94118.0,Water main leakage along roadside causing traffic obstruction,6.474014,3.339204,Open,2026-02-13 04:03:00
1834,PP20140213188,2014-02-13,Kelechi Ajayi,Male,2348187826813,kelechi.ajayi52@hotmail.com,99518463124,Ikorodu Division,Ikorodu,Gold Mine,94131.0,Severe shower pipe rupture flooding entire bathroom,6.617979,3.513887,Closed,2026-02-13 04:03:00
1835,PP20170124405,2017-01-24,Tunde Yakubu,Male,2349027380032,tunde.yakubu35@outlook.com,3318585103,Badagry Division,Amuwo-Odofin,West Point,94124.0,Major pipe burst near primary school disrupting access road,6.460295,3.258723,Closed,2026-02-13 04:03:00
1836,PP20090120537,2009-01-20,Aisha Owolabi,Female,2348059199170,aisha.owolabi43@gmail.com,7048037707,Ikeja Division,Kosofe,39th,94122.0,Major pipe burst near primary school disrupting access road,6.57187,3.424902,Closed,2026-02-13 04:03:00
1837,PP20150915964,2015-09-15,Ijeoma Chukwu,Female,2348177921844,ijeoma.chukwu11@gmail.com,26904334261,Ikeja Division,Ikeja,Arch,94132.0,Water heater pipe leakage soaking utility area,6.601153,3.352229,Closed,2026-02-13 04:03:00
1838,PP20080227376,2008-02-27,Chisom Okoye,Female,2348155366850,chisom.okoye35@hotmail.com,5067136513,Epe Division,Epe,19th,94114.0,Water main leakage along roadside causing traffic obstruction,6.584732,3.982098,Closed,2026-02-13 04:03:00
1839,PP20180125242,2018-01-25,Femi Adeyemi,Male,2348119846039,femi.adeyemi85@gmail.com,28511245400,Ikeja Division,Kosofe,Van Dyke,94124.0,Minor kitchen sink pipe leakage under cabinet,6.595217,3.415863,Closed,2026-02-13 04:03:00
1840,PP20140220361,2014-02-20,Aisha Adebisi,Female,2348064535962,aisha.adebisi96@yahoo.com,69695810558,Lagos Island Division,Lagos Island,18th,94121.0,Septic tank backflow causing strong sewage odor indoors,6.442905,3.390765,Closed,2026-02-13 04:03:00
1841,PP20090305668,2009-03-05,Kelechi Ogunleye,Male,2349087011988,kelechi.ogunleye14@gmail.com,90095455397,Lagos Island Division,Lagos Mainland,Divisadero,94123.0,replace sewer lateral.,6.526187,3.391492,Closed,2026-02-13 04:03:00
1842,PP20120327436,2012-03-27,Yetunde Ojo,Female,2349080628720,yetunde.ojo59@yahoo.com,45107584769,Lagos Island Division,Lagos Island,Turk,94102.0,Major pipe burst near primary school disrupting access road,6.460131,3.386195,Closed,2026-02-13 04:03:00
1843,PP20190116309,2019-01-16,Chisom Abiola,Female,2349089025593,chisom.abiola67@yahoo.com,6358884359,Badagry Division,Ajeromi-Ifelodun,Church,94131.0,(n) bathroom at ground floor,6.491552,3.335948,Closed,2026-02-13 04:03:00
1844,PP20181120826,2018-11-20,Adebayo Balogun,Male,2348181959456,adebayo.balogun87@hotmail.com,49479404442,Epe Division,Epe,Vienna,94112.0,Major pipe burst near primary school disrupting access road,6.596754,3.982083,Closed,2026-02-13 04:03:00
1845,PP20130211151,2013-02-11,Oluwaseun Mohammed,Male,2348138639458,oluwaseun.mohammed83@hotmail.com,84148758610,Ikeja Division,Alimosho,Duncan,94110.0,Water heater pipe leakage soaking utility area,6.614334,3.303395,Closed,2026-02-13 04:03:00
1846,PP20130419098,2013-04-19,Ifeanyi Afolabi,Male,2348074612199,ifeanyi.afolabi71@yahoo.com,23841941854,Ikeja Division,Agege,Market,94105.0,Underground water pipe burst near hospital entrance,6.627682,3.346574,Closed,2026-02-13 04:03:00
1847,PP20080923130,2008-09-23,Ayomide Ibrahim,Male,2348141254411,ayomide.ibrahim46@gmail.com,16619599274,Ikeja Division,Ikeja,Sacramento,94111.0,Low water pressure affecting entire household supply,6.610522,3.348349,Closed,2026-02-13 04:03:00
1848,PP20080307711,2008-03-07,Amaka Danladi,Female,2348140264685,amaka.danladi57@yahoo.com,76705241350,Ikorodu Division,Ikorodu,Paris,94112.0,Minor kitchen sink pipe leakage under cabinet,6.613683,3.513826,Closed,2026-02-13 04:03:00
1849,PP20100105268,2010-01-05,Adaeze Ajayi,Female,2349010098553,adaeze.ajayi96@hotmail.com,11844592823,Badagry Division,Badagry,24th,94114.0,Underground water pipe burst near hospital entrance,6.424331,2.882773,Closed,2026-02-13 04:03:00
1850,PP20190315049,2019-03-15,Opeyemi Akinyemi,Female,2348141922756,opeyemi.akinyemi70@outlook.com,89757039311,Ikeja Division,Agege,Buchanan,94102.0,Low water pressure affecting entire household supply,6.626152,3.350526,Closed,2026-02-13 04:03:00
1851,PP20080710347,2008-07-10,Emeka Umeh,Male,2349080184308,emeka.umeh57@hotmail.com,98563224516,Ikorodu Division,Ikorodu,Maynard,94112.0,Blocked drainage channel causing street-level flooding,6.610237,3.502131,Closed,2026-02-13 04:03:00
1852,PP20120511546,2012-05-11,Aisha Chukwu,Female,2348138389040,aisha.chukwu93@gmail.com,60633282327,Ikorodu Division,Ikorodu,Vallejo,94123.0,"#401: replace shower valve & shower pan. new kitchen faucet, bathroom sink trim only.",6.617996,3.513576,Closed,2026-02-13 04:03:00
1853,PP20130116496,2013-01-16,Chukwudi Balogun,Male,2349034215290,chukwudi.balogun50@gmail.com,79746279175,Ikorodu Division,Ikorodu,Junior,94112.0,"add two new bathroom. g/f - relocate bathroom, 1/f: add new bathroom.",6.614154,3.524022,Closed,2026-02-13 04:03:00
1854,PP20120827098,2012-08-27,Chukwudi Oladipo,Male,2348134113336,chukwudi.oladipo86@hotmail.com,15912408920,Epe Division,Epe,Townsend,94107.0,Major pipe burst near primary school disrupting access road,6.588241,3.983994,Closed,2026-02-13 04:03:00
1855,PP20180305328,2018-03-05,Ngozi Ajayi,Female,2348197989535,ngozi.ajayi26@yahoo.com,50263864827,Ikeja Division,Agege,46th,94116.0,Toilet overflow due to heavily blocked drain system,6.601141,3.322842,Closed,2026-02-13 04:03:00
1856,PP20081209384,2008-12-09,Ifeanyi Nwosu,Male,2349096504779,ifeanyi.nwosu71@hotmail.com,73038902721,Badagry Division,Ajeromi-Ifelodun,Franklin,94109.0,church: remodel 2 existing bathrooms to handicap; adding one new bathroom (handicap),6.46951,3.311974,Closed,2026-02-13 04:03:00
1857,PP20090219342,2009-02-19,Chukwudi Ajayi,Male,2349083956472,chukwudi.ajayi29@outlook.com,8926927874,Lagos Island Division,Lagos Island,43rd,94122.0,Persistent dripping tap in kitchen wasting water daily,6.464226,3.393118,Closed,2026-02-13 04:03:00
1858,PP20151027068,2015-10-27,Chinedu Nnamdi,Male,2348104051682,chinedu.nnamdi25@outlook.com,91571568810,Ikorodu Division,Ikorodu,Summit,94132.0,Severe shower pipe rupture flooding entire bathroom,6.651831,3.533579,Open,2026-02-13 04:03:00
1859,PP20110825555,2011-08-25,Abdulrahman Danladi,Male,2349093332487,abdulrahman.danladi75@hotmail.com,65999380644,Badagry Division,Amuwo-Odofin,Bryant,94103.0,Blocked drainage channel causing street-level flooding,6.448186,3.248937,Closed,2026-02-13 04:03:00
1860,PP20131101611,2013-11-01,Opeyemi Ajayi,Female,2349091891646,opeyemi.ajayi52@hotmail.com,51283522882,Badagry Division,Ojo,Charlton,94123.0,Sewer overflow spreading wastewater near market area,6.470956,3.200032,Closed,2026-02-13 04:03:00
1861,PP20081001504,2008-10-01,Opeyemi Owolabi,Female,2349045700402,opeyemi.owolabi10@yahoo.com,25048875828,Badagry Division,Badagry,Post,94109.0,Water main leakage along roadside causing traffic obstruction,6.39862,2.867136,Closed,2026-02-13 04:03:00
1862,PP20191015311,2019-10-15,Yetunde Nnamdi,Female,2349098657753,yetunde.nnamdi12@hotmail.com,70877587157,Ikeja Division,Oshodi-Isolo,Gough,94123.0,Open manhole with visible sewage leakage on street,6.54738,3.313927,Closed,2026-02-13 04:03:00
1863,PP20101202504,2010-12-02,Ijeoma Ajayi,Female,2349033501508,ijeoma.ajayi84@gmail.com,58479140460,Lagos Island Division,Lagos Mainland,Maywood,94127.0,remodel kitchen and 2 bathrooms. install washer and dryer.,6.529369,3.389898,Closed,2026-02-13 04:03:00
1864,PP20150702992,2015-07-02,Kelechi Okoye,Male,2349056074456,kelechi.okoye94@gmail.com,92502786366,Epe Division,Epe,Alemany,94112.0,High-pressure pipe burst affecting multiple residential buildings,6.572003,3.960439,Closed,2026-02-13 04:03:00
1865,PP20080423064,2008-04-23,Chisom Ojo,Female,2349064085831,chisom.ojo35@gmail.com,67338735854,Epe Division,Ibeju-Lekki,06th,94118.0,Bathroom floor drain completely clogged with wastewater backup,6.47858,3.576718,Closed,2026-02-13 04:03:00
1866,PP20130724645,2013-07-24,Chioma Nwosu,Female,2348152397275,chioma.nwosu82@gmail.com,61765281315,Ikeja Division,Mushin,Anza,94121.0,Minor kitchen sink pipe leakage under cabinet,6.507115,3.356051,Closed,2026-02-13 04:03:00
1867,PP20120105523,2012-01-05,Aisha Abiola,Female,2348066448293,aisha.abiola75@outlook.com,68554993933,Ikeja Division,Kosofe,Grenard,94109.0,Underground water pipe burst near hospital entrance,6.591232,3.415479,Closed,2026-02-13 04:03:00
1868,PP20080820500,2008-08-20,Seyi Owolabi,Male,2349040675821,seyi.owolabi56@hotmail.com,40126026513,Ikeja Division,Mushin,Lake,94118.0,Blocked drainage channel causing street-level flooding,6.522722,3.353006,Closed,2026-02-13 04:03:00
1869,PP20131204422,2013-12-04,Chukwudi Abiola,Male,2348078009292,chukwudi.abiola36@hotmail.com,4179501328,Badagry Division,Badagry,Green,94123.0,Underground water pipe burst near hospital entrance,6.411294,2.87152,Closed,2026-02-13 04:03:00
1870,PP20090423827,2009-04-23,Aisha Yakubu,Female,2349043577306,aisha.yakubu10@yahoo.com,6885672438,Ikorodu Division,Ikorodu,Holloway,94112.0,Low water pressure affecting entire household supply,6.612253,3.515713,Other,2026-02-13 04:03:00
1871,PP20081219818,2008-12-19,Chinedu Oladipo,Male,2348084357528,chinedu.oladipo20@outlook.com,83102145833,Ikeja Division,Alimosho,Perine,94115.0,Blocked drainage channel causing street-level flooding,6.612217,3.296681,Other,2026-02-13 04:03:00
1872,PP20120724272,2012-07-24,Opeyemi Mohammed,Female,2348053419915,opeyemi.mohammed27@outlook.com,30230498061,Lagos Island Division,Lagos Mainland,Mississippi,94107.0,Cracked underground pipe slowly flooding compound,6.514449,3.377385,Other,2026-02-13 04:03:00
1873,PP20190311859,2019-03-11,Kelechi Ajayi,Male,2348161907990,kelechi.ajayi56@yahoo.com,98326597865,Ikorodu Division,Ikorodu,Ofarrell,94102.0,Water pipeline rupture near highway causing erosion,6.597629,3.512285,Other,2026-02-13 04:03:00
1874,PP20180705889,2018-07-05,Kunle Adeyemi,Male,2348125074240,kunle.adeyemi30@hotmail.com,78757855187,Badagry Division,Amuwo-Odofin,Huntington,94132.0,Water pipeline rupture near highway causing erosion,6.464289,3.235259,Other,2026-02-13 04:03:00
1875,PP20120124927,2012-01-24,Obinna Balogun,Male,2348023880231,obinna.balogun10@yahoo.com,49289686794,Lagos Island Division,Apapa,19th,94114.0,Flooding due to collapsed drainage system after rainfall,6.442941,3.362291,Other,2026-02-13 04:03:00
1876,PP20080905367,2008-09-05,Adaeze Abiola,Female,2349062002530,adaeze.abiola29@hotmail.com,99576093785,Lagos Island Division,Lagos Mainland,06th,94118.0,Flooding due to collapsed drainage system after rainfall,6.536928,3.374718,Other,2026-02-13 04:03:00
1877,PP20171030983,2017-10-30,Femi Oladipo,Male,2348091476795,femi.oladipo82@gmail.com,31804730344,Lagos Island Division,Surulere,Mason,94108.0,Bathroom floor drain completely clogged with wastewater backup,6.489977,3.341111,Other,2026-02-13 04:03:00
1878,PP20140411867,2014-04-11,Adebayo Nnamdi,Male,2348186858111,adebayo.nnamdi70@outlook.com,1594864802,Ikeja Division,Mushin,26th,94121.0,Sewer overflow spreading wastewater near market area,6.528334,3.375021,Other,2026-02-13 04:03:00
1879,PP20140714312,2014-07-14,Bola Danladi,Female,2349051277387,bola.danladi65@hotmail.com,16815120512,Lagos Island Division,Eti-Osa,Sutro Heights,94121.0,Low water pressure affecting entire household supply,6.435874,3.421677,Other,2026-02-13 04:03:00
1880,PP20140602164,2014-06-02,Seyi Ogunleye,Male,2348197039569,seyi.ogunleye77@gmail.com,55306156150,Badagry Division,Ojo,Sacramento,94108.0,Bathroom floor drain completely clogged with wastewater backup,6.464221,3.182889,Other,2026-02-13 04:03:00
1881,PP20101006360,2010-10-06,Adaeze Eze,Female,2348067785316,adaeze.eze91@outlook.com,57763347382,Ikorodu Division,Ikorodu,Topaz,94131.0,"kitchen remodeling, 1/2 bathroom remodeling at 2/f, 2 full baths remodeling @ 3/f",6.61127,3.518733,Other,2026-02-13 04:03:00
1882,PP20080527010,2008-05-27,Amaka Afolabi,Female,2349092223142,amaka.afolabi58@gmail.com,81544596338,Badagry Division,Amuwo-Odofin,12th,94118.0,Underground water pipe burst near hospital entrance,6.452258,3.250176,Other,2026-02-13 04:03:00
1883,PP20170307520,2017-03-07,Temitope Ogunleye,Female,2348124681895,temitope.ogunleye48@yahoo.com,37903194169,Badagry Division,Ojo,Valencia,94110.0,Flooding due to collapsed drainage system after rainfall,6.451246,3.196035,Other,2026-02-13 04:03:00
1884,PP20150812112,2015-08-12,Aisha Adebisi,Female,2348145298342,aisha.adebisi18@hotmail.com,68342648636,Ikeja Division,Mushin,25th,94114.0,replacing gas line,6.533947,3.349071,Other,2026-02-13 04:03:00
1885,PP20181108479,2018-11-08,Ngozi Eze,Female,2348077775095,ngozi.eze22@yahoo.com,1244689856,Lagos Island Division,Lagos Island,46th,94122.0,Bathroom floor drain completely clogged with wastewater backup,6.464118,3.389724,Other,2026-02-13 04:03:00
1886,PP20171211081,2017-12-11,Opeyemi Danladi,Female,2348139687761,opeyemi.danladi21@hotmail.com,73657042882,Ikeja Division,Oshodi-Isolo,Chenery,94131.0,Water heater pipe leakage soaking utility area,6.54578,3.300503,Other,2026-02-13 04:03:00
1887,PP20081022383,2008-10-22,Ijeoma Balogun,Female,2348021519392,ijeoma.balogun96@yahoo.com,91436732876,Ikeja Division,Mushin,Sutter,94108.0,Open manhole with visible sewage leakage on street,6.509589,3.359315,Other,2026-02-13 04:03:00
1888,PP20150317903,2015-03-17,Adaeze Balogun,Female,2349057514585,adaeze.balogun14@outlook.com,77970396522,Badagry Division,Ajeromi-Ifelodun,King,94107.0,Sudden burst water pipe inside bathroom wall causing flooding,6.448389,3.321016,Other,2026-02-13 04:03:00
1889,PP20180508209,2018-05-08,Temitope Adebisi,Female,2349094094456,temitope.adebisi24@outlook.com,39509386541,Epe Division,Epe,15th,94114.0,Water pipeline rupture near highway causing erosion,6.563244,3.982739,Other,2026-02-13 04:03:00
1890,PP20171025859,2017-10-25,Opeyemi Ogunleye,Female,2348153645378,opeyemi.ogunleye27@yahoo.com,15880669193,Ikeja Division,Ifako-Ijaiye,29th,94116.0,"remodel kitchen and 4 1//2 bathrooms, install water heater, (4) shower pans.",6.668297,3.325333,Other,2026-02-13 04:03:00
1891,PP20100426569,2010-04-26,Adaeze Okafor,Female,2349013778208,adaeze.okafor35@gmail.com,75695899855,Lagos Island Division,Surulere,Green,94123.0,Sewer overflow spreading wastewater near market area,6.486474,3.349078,Other,2026-02-13 04:03:00
1892,PP20121009170,2012-10-09,Olamide Nnamdi,Male,2348192280616,olamide.nnamdi47@outlook.com,89826238975,Ikorodu Division,Ikorodu,San Jose,94112.0,1 new handicpa restroom.,6.624044,3.504994,Other,2026-02-13 04:03:00
1893,PP20100810057,2010-08-10,Ifeanyi Ogunleye,Male,2348170997991,ifeanyi.ogunleye61@gmail.com,57146272399,Ikeja Division,Kosofe,Post,94115.0,Flooding due to collapsed drainage system after rainfall,6.586464,3.407848,Other,2026-02-13 04:03:00
1894,PP20160805842,2016-08-05,Obinna Yakubu,Male,2349027208737,obinna.yakubu30@gmail.com,55112233399,Lagos Island Division,Lagos Mainland,Cole,94117.0,Water heater pipe leakage soaking utility area,6.526211,3.392233,Other,2026-02-13 04:03:00
1895,PP20080502351,2008-05-02,Uche Mohammed,Male,2348072094536,uche.mohammed71@outlook.com,20812155039,Badagry Division,Amuwo-Odofin,Fitzgerald,94124.0,2 bathrooms and replace furnace,6.455862,3.245876,Other,2026-02-13 04:03:00
1896,PP20180615364,2018-06-15,Zainab Ekanem,Female,2349026060011,zainab.ekanem11@hotmail.com,45422253323,Badagry Division,Badagry,Bush,94109.0,Flooding due to collapsed drainage system after rainfall,6.417572,2.882593,Other,2026-02-13 04:03:00
1897,PP20120530977,2012-05-30,Ngozi Owolabi,Female,2348060313388,ngozi.owolabi34@gmail.com,72925095821,Ikeja Division,Alimosho,Capp,94110.0,Septic tank backflow causing strong sewage odor indoors,6.609079,3.291744,Other,2026-02-13 04:03:00
1898,PP20110316727,2011-03-16,Ijeoma Ibrahim,Female,2348194634126,ijeoma.ibrahim28@yahoo.com,22137698765,Lagos Island Division,Lagos Mainland,Scenic,94121.0,Water main leakage along roadside causing traffic obstruction,6.522757,3.381321,Other,2026-02-13 04:03:00
1899,PP20140528056,2014-05-28,Uche Okoye,Male,2349096300335,uche.okoye34@outlook.com,29371506304,Badagry Division,Amuwo-Odofin,Kearny,94108.0,g/f: one counter sihnk to lounge counter of meeting room.,6.440066,3.239841,Other,2026-02-13 04:03:00
1900,PP20141029372,2014-10-29,Amaka Nnamdi,Female,2349068894922,amaka.nnamdi13@outlook.com,45736317493,Lagos Island Division,Surulere,Fountain,94114.0,High-pressure pipe burst affecting multiple residential buildings,6.483015,3.344797,Other,2026-02-13 04:03:00
1901,PP20170725278,2017-07-25,Tunde Nnamdi,Male,2348175062466,tunde.nnamdi43@yahoo.com,16486899457,Ikeja Division,Mushin,York,94110.0,Low water pressure affecting entire household supply,6.515127,3.356195,Other,2026-02-13 04:03:00
1902,PP20191016347,2019-10-16,Amaka Afolabi,Female,2348188028717,amaka.afolabi19@gmail.com,95315872456,Badagry Division,Amuwo-Odofin,29th,94121.0,Severe shower pipe rupture flooding entire bathroom,6.441072,3.255136,Other,2026-02-13 04:03:00
1903,PP20110113342,2011-01-13,Amaka Afolabi,Female,2349071726835,amaka.afolabi36@hotmail.com,15176136829,Ikeja Division,Ikeja,Belcher,94114.0,one shower pan.,6.602147,3.331815,Other,2026-02-13 04:03:00
1904,PP20130627033,2013-06-27,Kunle Nnamdi,Male,2349084028291,kunle.nnamdi10@hotmail.com,97873363996,Badagry Division,Ajeromi-Ifelodun,Seville,94112.0,Severe shower pipe rupture flooding entire bathroom,6.47325,3.341408,Other,2026-02-13 04:03:00
1905,PP20160620437,2016-06-20,Ngozi Bamidele,Female,2349034668717,ngozi.bamidele93@hotmail.com,88899507561,Ikeja Division,Kosofe,Jackson,94115.0,Persistent dripping tap in kitchen wasting water daily,6.573361,3.420902,Other,2026-02-13 04:03:00
1906,PP20150209861,2015-02-09,Ijeoma Yakubu,Female,2348104286079,ijeoma.yakubu34@yahoo.com,25243473826,Epe Division,Ibeju-Lekki,Leavenworth,94102.0,4/f: new fixtures in all rooms.,6.461435,3.585977,Other,2026-02-13 04:03:00
1907,PP20190102890,2019-01-02,Oluwaseun Owolabi,Male,2348154589724,oluwaseun.owolabi74@hotmail.com,60290794326,Lagos Island Division,Lagos Island,Valencia,94110.0,Public tap pipe severely damaged in residential community,6.441455,3.376769,Other,2026-02-13 04:03:00
1908,PP20120418934,2012-04-18,Ifeanyi Oladipo,Male,2348183049603,ifeanyi.oladipo20@hotmail.com,77064171545,Ikeja Division,Kosofe,Mount Vernon,94112.0,Toilet overflow due to heavily blocked drain system,6.579472,3.415463,Other,2026-02-13 04:03:00
1909,PP20160502082,2016-05-02,Chioma Umeh,Female,2349058712946,chioma.umeh86@gmail.com,97822629493,Ikeja Division,Agege,Fillmore,94115.0,Toilet overflow due to heavily blocked drain system,6.611523,3.32416,Other,2026-02-13 04:03:00
1910,PP20110819410,2011-08-19,Temitope Umeh,Female,2349026495537,temitope.umeh24@gmail.com,87851704164,Ikeja Division,Ikeja,20th,94122.0,Toilet overflow due to heavily blocked drain system,6.597801,3.354193,Other,2026-02-13 04:03:00
1911,PP20110520334,2011-05-20,Chioma Nwosu,Female,2348111835637,chioma.nwosu83@hotmail.com,92625391854,Ikorodu Division,Ikorodu,08th,94103.0,Major pipe burst near primary school disrupting access road,6.618951,3.512325,Other,2026-02-13 04:03:00
1912,PP20090702420,2009-07-02,Chisom Eze,Female,2348169707924,chisom.eze20@gmail.com,47477038133,Epe Division,Ibeju-Lekki,Randall,94131.0,Septic tank backflow causing strong sewage odor indoors,6.463299,3.596717,Other,2026-02-13 04:03:00
1913,PP20171215232,2017-12-15,Amaka Umeh,Female,2349097533356,amaka.umeh29@hotmail.com,9960473492,Lagos Island Division,Apapa,Ford,94114.0,High-pressure pipe burst affecting multiple residential buildings,6.437038,3.363876,Other,2026-02-13 04:03:00
1914,PP20080324126,2008-03-24,Aisha Adeyemi,Female,2349049767375,aisha.adeyemi39@yahoo.com,42324182904,Lagos Island Division,Lagos Mainland,Mcallister,94102.0,Major pipe burst near primary school disrupting access road,6.536219,3.384009,Other,2026-02-13 04:03:00
1915,PP20190520923,2019-05-20,Seyi Eze,Male,2348057694309,seyi.eze19@yahoo.com,31785715092,Badagry Division,Ajeromi-Ifelodun,Bush,94109.0,Water heater pipe leakage soaking utility area,6.464675,3.328017,Other,2026-02-13 04:03:00
1916,PP20140825508,2014-08-25,Ayomide Afolabi,Male,2348051774430,ayomide.afolabi67@outlook.com,60562774114,Ikorodu Division,Ikorodu,Green,94123.0,Low water pressure affecting entire household supply,6.629761,3.49627,Other,2026-02-13 04:03:00
1917,PP20090219308,2009-02-19,Ngozi Adebisi,Female,2348025332827,ngozi.adebisi38@gmail.com,33406299787,Lagos Island Division,Lagos Mainland,Jerrold,94124.0,Underground water pipe burst near hospital entrance,6.514699,3.375224,Other,2026-02-13 04:03:00
1918,PP20151030192,2015-10-30,Ngozi Adeyemi,Female,2348033041001,ngozi.adeyemi67@gmail.com,16349481124,Lagos Island Division,Eti-Osa,Balboa,94121.0,Public tap pipe severely damaged in residential community,6.445477,3.425698,Other,2026-02-13 04:03:00
1919,PP20181026084,2018-10-26,Yetunde Oladipo,Female,2349048532720,yetunde.oladipo24@outlook.com,39982047005,Lagos Island Division,Lagos Mainland,Market,94102.0,g/f: f/s t.i. - relocate 4 fire sprinklers.,6.51472,3.376097,Other,2026-02-13 04:03:00
1920,PP20140703080,2014-07-03,Uche Adeyemi,Male,2349034447738,uche.adeyemi42@yahoo.com,67723848448,Badagry Division,Ojo,Stanyan,94117.0,High-pressure pipe burst affecting multiple residential buildings,6.454857,3.175902,Other,2026-02-13 04:03:00
1921,PP20180830469,2018-08-30,Oluwaseun Danladi,Male,2348180444782,oluwaseun.danladi28@hotmail.com,52408996031,Ikeja Division,Oshodi-Isolo,California,94104.0,Open manhole with visible sewage leakage on street,6.563389,3.294383,Other,2026-02-13 04:03:00
1922,PP20151007585,2015-10-07,Chisom Yakubu,Female,2348117213134,chisom.yakubu85@gmail.com,23190388820,Badagry Division,Amuwo-Odofin,08th,94118.0,Toilet overflow due to heavily blocked drain system,6.466088,3.258282,Other,2026-02-13 04:03:00
1923,PP20110617983,2011-06-17,Abdulrahman Abiola,Male,2349017026901,abdulrahman.abiola90@yahoo.com,2973767178,Lagos Island Division,Apapa,Market,94103.0,h&m: demo arm over in demising wall reconnect heads to line of other side total of 5,6.459709,3.354371,Other,2026-02-13 04:03:00
1924,PP20130621836,2013-06-21,Kunle Eze,Male,2349021156558,kunle.eze79@hotmail.com,95268776414,Badagry Division,Badagry,30th,94122.0,Toilet overflow due to heavily blocked drain system,6.413501,2.870668,Other,2026-02-13 04:03:00
1925,PP20141210416,2014-12-10,Adaeze Danladi,Female,2348107548165,adaeze.danladi88@gmail.com,41904561575,Ikeja Division,Agege,35th,94116.0,High-pressure pipe burst affecting multiple residential buildings,6.610253,3.340937,Other,2026-02-13 04:03:00
1926,PP20120209367,2012-02-09,Chioma Okoye,Female,2349063861341,chioma.okoye10@yahoo.com,22612680414,Lagos Island Division,Eti-Osa,Jennings,94124.0,Flooding due to collapsed drainage system after rainfall,6.446061,3.410828,Other,2026-02-13 04:03:00
1927,PP20130729788,2013-07-29,Bola Oladipo,Female,2348127020476,bola.oladipo11@hotmail.com,57644152521,Lagos Island Division,Eti-Osa,Quesada,94124.0,Toilet overflow due to heavily blocked drain system,6.429445,3.420387,Other,2026-02-13 04:03:00
1928,PP20150818259,2015-08-18,Uche Bamidele,Male,2348111775217,uche.bamidele75@yahoo.com,73483054924,Badagry Division,Amuwo-Odofin,Clinton,94103.0,Major pipe burst near primary school disrupting access road,6.436042,3.255913,Other,2026-02-13 04:03:00
1929,PP20161114649,2016-11-14,Ijeoma Ekanem,Female,2348083448877,ijeoma.ekanem55@yahoo.com,70323111284,Ikeja Division,Oshodi-Isolo,Vesta,94124.0,Sudden burst water pipe inside bathroom wall causing flooding,6.54636,3.306146,Other,2026-02-13 04:03:00
1930,PP20101208640,2010-12-08,Bola Danladi,Female,2348181274675,bola.danladi69@hotmail.com,33289053762,Lagos Island Division,Surulere,Laguna,94123.0,shower pan installation.,6.492381,3.352907,Other,2026-02-13 04:03:00
1931,PP20100913778,2010-09-13,Amaka Ibrahim,Female,2349047000295,amaka.ibrahim61@gmail.com,43397831093,Lagos Island Division,Apapa,39th,94122.0,"upon insp. request additional permit to pp20100611705: (n) rainwater leaders, replace (e) 5"" heater flue with 5"" flue, relocate laundry and replumb accordingly, legalize basement bathroom.",6.44873,3.356844,Other,2026-02-13 04:03:00
1932,PP20100310568,2010-03-10,Ayomide Owolabi,Male,2349054641306,ayomide.owolabi57@outlook.com,74133941643,Lagos Island Division,Lagos Island,Green,94133.0,Septic tank backflow causing strong sewage odor indoors,6.450381,3.387415,Other,2026-02-13 04:03:00
1933,PP20111114424,2011-11-14,Zainab Okoye,Female,2349033327378,zainab.okoye79@hotmail.com,71059976802,Badagry Division,Badagry,Broderick,94123.0,Low water pressure affecting entire household supply,6.418195,2.901536,Other,2026-02-13 04:03:00
1934,PP20120905311,2012-09-05,Adaeze Okoye,Female,2348193575593,adaeze.okoye39@yahoo.com,84562625764,Badagry Division,Ojo,Page,94117.0,Cracked underground pipe slowly flooding compound,6.462399,3.192961,Other,2026-02-13 04:03:00
1935,PP20100528373,2010-05-28,Zainab Yakubu,Female,2348116501504,zainab.yakubu36@outlook.com,53163591157,Ikorodu Division,Ikorodu,Grove,94117.0,Sewer overflow spreading wastewater near market area,6.605498,3.512078,Other,2026-02-13 04:03:00
1936,PP20080410663,2008-04-10,Oluwaseun Nwosu,Male,2348022649007,oluwaseun.nwosu83@outlook.com,9654970453,Ikeja Division,Kosofe,Eddy,94102.0,Flooding due to collapsed drainage system after rainfall,6.572326,3.401931,Other,2026-02-13 04:03:00
1937,PP20150629882,2015-06-29,Tunde Ogunleye,Male,2348138625293,tunde.ogunleye79@yahoo.com,99174958140,Ikorodu Division,Ikorodu,Coleridge,94110.0,Water main leakage along roadside causing traffic obstruction,6.612006,3.522419,Other,2026-02-13 04:03:00
1938,PP20160512421,2016-05-12,Oluwaseun Abiola,Male,2348062954882,oluwaseun.abiola51@gmail.com,25743431070,Lagos Island Division,Surulere,Byxbee,94132.0,Toilet overflow due to heavily blocked drain system,6.5064,3.36323,Other,2026-02-13 04:03:00
1939,PP20130530164,2013-05-30,Ngozi Ogunleye,Female,2348112304813,ngozi.ogunleye76@hotmail.com,14792852966,Ikeja Division,Ikeja,Noe,94114.0,Cracked underground pipe slowly flooding compound,6.586473,3.349537,Other,2026-02-13 04:03:00
1940,PP20151119692,2015-11-19,Uche Ibrahim,Male,2348121782855,uche.ibrahim76@hotmail.com,63523220420,Ikeja Division,Ifako-Ijaiye,Larkin,94109.0,High-pressure pipe burst affecting multiple residential buildings,6.672817,3.330355,Other,2026-02-13 04:03:00
1941,PP20110907825,2011-09-07,Bola Afolabi,Female,2348094502844,bola.afolabi15@gmail.com,83811334049,Ikeja Division,Mushin,34th,94122.0,Cracked underground pipe slowly flooding compound,6.508862,3.345697,Other,2026-02-13 04:03:00
1942,PP20090930362,2009-09-30,Amaka Akinyemi,Female,2349071686453,amaka.akinyemi19@yahoo.com,14995234588,Badagry Division,Badagry,Retiro,94123.0,Water heater pipe leakage soaking utility area,6.414359,2.890363,Other,2026-02-13 04:03:00
1943,PP20191113141,2019-11-13,Bola Eze,Female,2349060323018,bola.eze86@yahoo.com,50592449320,Badagry Division,Ojo,Shotwell,94103.0,Severe shower pipe rupture flooding entire bathroom,6.439039,3.181379,Other,2026-02-13 04:03:00
1944,PP20180712091,2018-07-12,Uche Ibrahim,Male,2348095101612,uche.ibrahim21@yahoo.com,67473727584,Badagry Division,Ojo,Bryant,94103.0,Persistent dripping tap in kitchen wasting water daily,6.46243,3.191496,Other,2026-02-13 04:03:00
1945,PP20170626511,2017-06-26,Zainab Adeyemi,Female,2348106836016,zainab.adeyemi58@yahoo.com,7241646644,Lagos Island Division,Lagos Island,Everglade,94132.0,Cracked underground pipe slowly flooding compound,6.461029,3.400526,Other,2026-02-13 04:03:00
1946,PP20090810221,2009-08-10,Aisha Mohammed,Female,2349015984960,aisha.mohammed81@outlook.com,82703125304,Lagos Island Division,Surulere,33rd,94122.0,Cracked underground pipe slowly flooding compound,6.488901,3.34172,Other,2026-02-13 04:03:00
1947,PP20190419090,2019-04-19,Emeka Danladi,Male,2349078457319,emeka.danladi78@gmail.com,21332447968,Ikeja Division,Kosofe,Shafter,94124.0,Severe shower pipe rupture flooding entire bathroom,6.579369,3.426716,Other,2026-02-13 04:03:00
1948,PP20130913119,2013-09-13,Ayomide Danladi,Male,2348101454552,ayomide.danladi52@yahoo.com,61250765494,Ikeja Division,Ikeja,San Jose,94112.0,Toilet overflow due to heavily blocked drain system,6.615735,3.358605,Other,2026-02-13 04:03:00
1949,PP20120515622,2012-05-15,Temitope Adeyemi,Female,2348132822169,temitope.adeyemi69@gmail.com,77282976880,Lagos Island Division,Lagos Island,Guerrero,94110.0,Sudden burst water pipe inside bathroom wall causing flooding,6.458393,3.398496,Other,2026-02-13 04:03:00
1950,PP20130523980,2013-05-23,Chukwudi Abiola,Male,2348123054150,chukwudi.abiola38@yahoo.com,2622370337,Ikeja Division,Alimosho,Bryant,94110.0,Severe shower pipe rupture flooding entire bathroom,6.603439,3.293699,Other,2026-02-13 04:03:00
1951,PP20151105335,2015-11-05,Olamide Oladipo,Male,2348053253044,olamide.oladipo87@yahoo.com,63729685330,Ikeja Division,Kosofe,Day,94131.0,Bathroom floor drain completely clogged with wastewater backup,6.599991,3.407274,Other,2026-02-13 04:03:00
1952,PP20151201940,2015-12-01,Ngozi Owolabi,Female,2349087747960,ngozi.owolabi83@outlook.com,52206826828,Lagos Island Division,Lagos Mainland,De Montfort,94112.0,High-pressure pipe burst affecting multiple residential buildings,6.540548,3.37598,Other,2026-02-13 04:03:00
1953,PP20190801073,2019-08-01,Chukwudi Okafor,Male,2348097287153,chukwudi.okafor44@outlook.com,12368089435,Badagry Division,Ajeromi-Ifelodun,King,94107.0,Persistent dripping tap in kitchen wasting water daily,6.479954,3.319232,Other,2026-02-13 04:03:00
1954,PP20161219553,2016-12-19,Abdulrahman Okafor,Male,2349025981999,abdulrahman.okafor32@hotmail.com,94447979387,Epe Division,Ibeju-Lekki,Fremont,94105.0,Sudden burst water pipe inside bathroom wall causing flooding,6.475859,3.577632,Other,2026-02-13 04:03:00
1955,PP20190621959,2019-06-21,Ngozi Bamidele,Female,2348075361610,ngozi.bamidele30@gmail.com,51857546392,Epe Division,Ibeju-Lekki,43rd,94116.0,legalize e) kitchen at ground floor. in compliant nov# 201626091. remodel (e) bath at ground floor.,6.455847,3.587185,Other,2026-02-13 04:03:00
1956,PP20110727840,2011-07-27,Ijeoma Nwosu,Female,2348134177038,ijeoma.nwosu37@hotmail.com,61920010102,Badagry Division,Badagry,Oak,94102.0,Water heater pipe leakage soaking utility area,6.425095,2.876551,Other,2026-02-13 04:03:00
1957,PP20180718274,2018-07-18,Chioma Mohammed,Female,2349049524075,chioma.mohammed67@gmail.com,88783743319,Lagos Island Division,Lagos Island,North Point,94109.0,Sewer overflow spreading wastewater near market area,6.43911,3.393782,Other,2026-02-13 04:03:00
1958,PP20110610768,2011-06-10,Adaeze Okafor,Female,2348141338842,adaeze.okafor37@yahoo.com,88038311983,Badagry Division,Ajeromi-Ifelodun,Buena Vista,94114.0,correction of violation on sewer.,6.465826,3.338783,Other,2026-02-13 04:03:00
1959,PP20170629629,2017-06-29,Obinna Ojo,Male,2348195700661,obinna.ojo94@gmail.com,70483848,Badagry Division,Badagry,48th,94122.0,"run 1/2"" supply line to rear wall of house for back area hose bib re-connect rain leader drain line (2""-3"")",6.424496,2.884406,Other,2026-02-13 04:03:00
1960,PP20170728404,2017-07-28,Uche Yakubu,Male,2349021577087,uche.yakubu70@outlook.com,17662919006,Ikeja Division,Kosofe,Foote,94112.0,Septic tank backflow causing strong sewage odor indoors,6.601855,3.418942,Other,2026-02-13 04:03:00
1961,PP20171018674,2017-10-18,Ijeoma Abiola,Female,2348118520792,ijeoma.abiola42@outlook.com,80931782268,Lagos Island Division,Lagos Island,Scott,94115.0,Open manhole with visible sewage leakage on street,6.450636,3.378584,Other,2026-02-13 04:03:00
1962,PP20120104483,2012-01-04,Kunle Nnamdi,Male,2348156952528,kunle.nnamdi46@outlook.com,66101597751,Ikorodu Division,Ikorodu,Belgrave,94117.0,High-pressure pipe burst affecting multiple residential buildings,6.616773,3.507136,Other,2026-02-13 04:03:00
1963,PP20080424099,2008-04-24,Chioma Yakubu,Female,2348150743088,chioma.yakubu45@outlook.com,89340890682,Lagos Island Division,Lagos Island,Harbor,94124.0,Open manhole with visible sewage leakage on street,6.463703,3.399325,Other,2026-02-13 04:03:00
1964,PP20090504095,2009-05-04,Oluwaseun Ojo,Male,2348154898670,oluwaseun.ojo37@yahoo.com,19730755351,Lagos Island Division,Lagos Island,21st,94121.0,Open manhole with visible sewage leakage on street,6.442306,3.396423,Other,2026-02-13 04:03:00
1965,PP20160930448,2016-09-30,Opeyemi Bamidele,Female,2348069938299,opeyemi.bamidele32@hotmail.com,51586308046,Lagos Island Division,Surulere,Clayton,94117.0,High-pressure pipe burst affecting multiple residential buildings,6.503615,3.37608,Other,2026-02-13 04:03:00
1966,PP20160315741,2016-03-15,Ngozi Adebisi,Female,2348024638552,ngozi.adebisi14@yahoo.com,99527680736,Ikeja Division,Ifako-Ijaiye,26th,94121.0,Cracked underground pipe slowly flooding compound,6.678675,3.336208,Other,2026-02-13 04:03:00
1967,PP20140428255,2014-04-28,Seyi Owolabi,Male,2348129495324,seyi.owolabi15@gmail.com,63704332047,Lagos Island Division,Eti-Osa,Union,94123.0,Water pipeline rupture near highway causing erosion,6.433701,3.425783,Other,2026-02-13 04:03:00
1968,PP20191118286,2019-11-18,Ifeanyi Adebisi,Male,2349065104452,ifeanyi.adebisi51@outlook.com,95045884257,Ikeja Division,Agege,Ofarrell,94109.0,Water main leakage along roadside causing traffic obstruction,6.627995,3.322672,Other,2026-02-13 04:03:00
1969,PP20170809717,2017-08-09,Chinedu Ibrahim,Male,2348180339175,chinedu.ibrahim96@hotmail.com,47071612496,Ikeja Division,Kosofe,Sacramento,94108.0,1 shower pan,6.579806,3.408974,Other,2026-02-13 04:03:00
1970,PP20120215498,2012-02-15,Olamide Ogunleye,Male,2348050273233,olamide.ogunleye22@yahoo.com,84024277073,Ikeja Division,Kosofe,Sacramento,94109.0,Water main leakage along roadside causing traffic obstruction,6.587092,3.429002,Other,2026-02-13 04:03:00
1971,PP20080603216,2008-06-03,Femi Ojo,Male,2348033830004,femi.ojo34@outlook.com,59717634521,Ikorodu Division,Ikorodu,Montgomery,94133.0,Minor kitchen sink pipe leakage under cabinet,6.61343,3.486597,Other,2026-02-13 04:03:00
1972,PP20091130625,2009-11-30,Chinedu Umeh,Male,2349055580957,chinedu.umeh75@hotmail.com,13600384025,Ikeja Division,Kosofe,Arlington,94131.0,Water heater pipe leakage soaking utility area,6.579178,3.425835,Other,2026-02-13 04:03:00
1973,PP20130418057,2013-04-18,Oluwaseun Yakubu,Male,2349072493084,oluwaseun.yakubu67@yahoo.com,25549482963,Lagos Island Division,Eti-Osa,Texas,94107.0,Low water pressure affecting entire household supply,6.438476,3.426182,Other,2026-02-13 04:03:00
1974,PP20191008116,2019-10-08,Ifeanyi Ajayi,Male,2349011630416,ifeanyi.ajayi45@yahoo.com,19222295587,Ikeja Division,Ifako-Ijaiye,Golden Gate,94115.0,#11: kitchen and bathroom rehabilitation. install washer/dryer.,6.667,3.31581,Other,2026-02-13 04:03:00
1975,PP20090519447,2009-05-19,Kunle Adeyemi,Male,2348188015768,kunle.adeyemi47@yahoo.com,96191066056,Epe Division,Ibeju-Lekki,Clay,94118.0,Bathroom floor drain completely clogged with wastewater backup,6.475153,3.576657,Other,2026-02-13 04:03:00
1976,PP20120315173,2012-03-15,Zainab Nwosu,Female,2348038326441,zainab.nwosu23@outlook.com,5980119236,Ikeja Division,Mushin,Valdez,94112.0,High-pressure pipe burst affecting multiple residential buildings,6.549141,3.360305,Other,2026-02-13 04:03:00
1977,PP20090123671,2009-01-23,Amaka Ogunleye,Female,2348085346754,amaka.ogunleye24@gmail.com,26446668002,Lagos Island Division,Eti-Osa,04th,94122.0,Cracked underground pipe slowly flooding compound,6.427294,3.415786,Other,2026-02-13 04:03:00
1978,PP20190725904,2019-07-25,Seyi Owolabi,Male,2348056724199,seyi.owolabi21@outlook.com,51804692126,Ikorodu Division,Ikorodu,Commercial,94111.0,Toilet overflow due to heavily blocked drain system,6.618471,3.508105,Other,2026-02-13 04:03:00
1979,PP20080228453,2008-02-28,Kelechi Ogunleye,Male,2349033724418,kelechi.ogunleye52@gmail.com,7249456051,Ikorodu Division,Ikorodu,Scott,94115.0,Cracked underground pipe slowly flooding compound,6.630568,3.512364,Other,2026-02-13 04:03:00
1980,PP20100903577,2010-09-03,Opeyemi Abiola,Female,2348068818815,opeyemi.abiola66@hotmail.com,92406075069,Ikeja Division,Oshodi-Isolo,Carroll,94124.0,Toilet overflow due to heavily blocked drain system,6.546284,3.327004,Other,2026-02-13 04:03:00
1981,PP20080430288,2008-04-30,Temitope Okafor,Female,2348113168530,temitope.okafor95@yahoo.com,26792491102,Ikorodu Division,Ikorodu,Leland,94134.0,"replace water heater, value $600.00",6.619893,3.518188,Other,2026-02-13 04:03:00
1982,PP20121017373,2012-10-17,Ijeoma Oladipo,Female,2348062694211,ijeoma.oladipo57@gmail.com,32704680883,Lagos Island Division,Apapa,Eddy,94109.0,"to comply with #200996543, sink in kitchen, toilet, vanity in bathroom.",6.442718,3.362631,Other,2026-02-13 04:03:00
1983,PP20150601120,2015-06-01,Ngozi Afolabi,Female,2348077741365,ngozi.afolabi91@hotmail.com,94535422842,Lagos Island Division,Lagos Mainland,Pennsylvania,94107.0,Low water pressure affecting entire household supply,6.527511,3.360304,Other,2026-02-13 04:03:00
1984,PP20081211508,2008-12-11,Chioma Mohammed,Female,2348126417176,chioma.mohammed61@yahoo.com,77268270232,Ikeja Division,Ikeja,08th,94116.0,Toilet overflow due to heavily blocked drain system,6.621953,3.364406,Other,2026-02-13 04:03:00
1985,PP20190910254,2019-09-10,Bola Oladipo,Female,2348053638600,bola.oladipo11@gmail.com,89422195861,Ikeja Division,Mushin,Market,94102.0,Flooding due to collapsed drainage system after rainfall,6.523328,3.343577,Other,2026-02-13 04:03:00
1986,PP20090715700,2009-07-15,Aisha Umeh,Female,2349038340133,aisha.umeh80@outlook.com,82696331114,Badagry Division,Ajeromi-Ifelodun,Laguna,94115.0,kitchen remodel.,6.470176,3.334167,Other,2026-02-13 04:03:00
1987,PP20101115183,2010-11-15,Obinna Ojo,Male,2348139557800,obinna.ojo91@gmail.com,29665738994,Lagos Island Division,Surulere,Balceta,94127.0,Bathroom floor drain completely clogged with wastewater backup,6.500457,3.362716,Other,2026-02-13 04:03:00
1988,PP20160728583,2016-07-28,Adebayo Bamidele,Male,2348175330824,adebayo.bamidele81@gmail.com,32838040869,Lagos Island Division,Eti-Osa,44th,94122.0,Water pipeline rupture near highway causing erosion,6.438162,3.436373,Other,2026-02-13 04:03:00
1989,PP20120217559,2012-02-17,Adebayo Abiola,Male,2348120720950,adebayo.abiola14@hotmail.com,84983213287,Badagry Division,Ajeromi-Ifelodun,Texas,94107.0,High-pressure pipe burst affecting multiple residential buildings,6.472381,3.322803,Other,2026-02-13 04:03:00
1990,PP20170207779,2017-02-07,Ayomide Afolabi,Male,2348172436527,ayomide.afolabi87@yahoo.com,1254457045,Badagry Division,Ajeromi-Ifelodun,Scott,94123.0,Sudden burst water pipe inside bathroom wall causing flooding,6.480326,3.349706,Other,2026-02-13 04:03:00
1991,PP20190710418,2019-07-10,Seyi Abiola,Male,2349071601701,seyi.abiola86@gmail.com,95896366577,Ikeja Division,Kosofe,Whitney,94131.0,Septic tank backflow causing strong sewage odor indoors,6.614821,3.405465,Other,2026-02-13 04:03:00
1992,PP20121022509,2012-10-22,Opeyemi Okafor,Female,2348194655574,opeyemi.okafor20@hotmail.com,95140999830,Badagry Division,Amuwo-Odofin,Geary,94118.0,Low water pressure affecting entire household supply,6.452429,3.229179,Other,2026-02-13 04:03:00
1993,PP20150918092,2015-09-18,Ifeanyi Okoye,Male,2348179628925,ifeanyi.okoye32@gmail.com,29186995336,Ikeja Division,Oshodi-Isolo,Mangels,94127.0,Minor kitchen sink pipe leakage under cabinet,6.559131,3.302618,Other,2026-02-13 04:03:00
1994,PP20120320265,2012-03-20,Chinedu Bamidele,Male,2348050023187,chinedu.bamidele36@outlook.com,73628229127,Badagry Division,Badagry,Park Hill,94117.0,Public tap pipe severely damaged in residential community,6.434234,2.877254,Other,2026-02-13 04:03:00
1995,PP20120711967,2012-07-11,Ayomide Umeh,Male,2348142634386,ayomide.umeh65@yahoo.com,10475183232,Badagry Division,Amuwo-Odofin,21st,94121.0,Open manhole with visible sewage leakage on street,6.433108,3.245287,Other,2026-02-13 04:03:00
1996,PP20120402559,2012-04-02,Chisom Ajayi,Female,2348153716075,chisom.ajayi68@hotmail.com,70086822118,Epe Division,Epe,Beale,94105.0,"in kitchen: change sink, lower drain @ sink, water @ fridge. in 1/2 bath: change sink . in master: change shower valve, 2 sinks, shower pan, toilet. in 2nd master: change sink, shower valve, bathtub, toilet.",6.564245,3.991111,Other,2026-02-13 04:03:00
1997,PP20140815257,2014-08-15,Temitope Yakubu,Female,2349048828814,temitope.yakubu49@yahoo.com,13382912844,Ikeja Division,Oshodi-Isolo,Fulton,94102.0,Sudden burst water pipe inside bathroom wall causing flooding,6.532949,3.308385,Other,2026-02-13 04:03:00
1998,PP20120928898,2012-09-28,Obinna Balogun,Male,2348131063435,obinna.balogun60@gmail.com,60948579707,Ikeja Division,Agege,Lomita,94122.0,"replace existing toilet, shower pan [pre-fab], shower faucet, vanity sink & faucet.",6.594722,3.332797,Other,2026-02-13 04:03:00
1999,PP20180608158,2018-06-08,Kunle Danladi,Male,2349017372426,kunle.danladi32@hotmail.com,53244680825,Ikeja Division,Alimosho,Santa Fe,94124.0,Public tap pipe severely damaged in residential community,6.625434,3.298606,Other,2026-02-13 04:03:00
2000,PP20110502877,2011-05-02,Olamide Afolabi,Male,2348172781264,olamide.afolabi47@hotmail.com,53142356126,Ikeja Division,Agege,Grant,94108.0,Persistent dripping tap in kitchen wasting water daily,6.606865,3.335688,Other,2026-02-13 04:03:00
2001,PP20110414467,2011-04-14,Amaka Akinyemi,Female,2349096130470,amaka.akinyemi65@outlook.com,43388960022,Ikeja Division,Ikeja,Victoria,94132.0,Toilet overflow due to heavily blocked drain system,6.60198,3.356226,Other,2026-02-13 04:03:00
2002,PP20190321173,2019-03-21,Kelechi Adeyemi,Male,2349066602141,kelechi.adeyemi85@yahoo.com,61707843557,Epe Division,Ibeju-Lekki,Columbus,94133.0,Water heater pipe leakage soaking utility area,6.456331,3.590926,Other,2026-02-13 04:03:00
2003,PP20080305606,2008-03-05,Chinedu Nnamdi,Male,2349044369513,chinedu.nnamdi92@hotmail.com,70890264573,Ikeja Division,Ikeja,Market,94102.0,Open manhole with visible sewage leakage on street,6.574756,3.345201,Other,2026-02-13 04:03:00
2004,PP20150506379,2015-05-06,Chioma Yakubu,Female,2348186882087,chioma.yakubu78@yahoo.com,37253531927,Ikeja Division,Ikeja,Broad,94112.0,Sewer overflow spreading wastewater near market area,6.596917,3.357833,Other,2026-02-13 04:03:00
2005,PP20120222640,2012-02-22,Kelechi Okoye,Male,2349065968592,kelechi.okoye37@yahoo.com,9580365587,Badagry Division,Ojo,36th,94121.0,Sewer overflow spreading wastewater near market area,6.461226,3.168944,Other,2026-02-13 04:03:00
2006,PP20150416792,2015-04-16,Ifeanyi Oladipo,Male,2348152399798,ifeanyi.oladipo30@yahoo.com,41292317779,Lagos Island Division,Eti-Osa,16th,94114.0,install heater for bathroom,6.42325,3.423887,Other,2026-02-13 04:03:00
2007,PP20130313011,2013-03-13,Chisom Umeh,Female,2348167913317,chisom.umeh32@gmail.com,49556092265,Badagry Division,Ajeromi-Ifelodun,Congo,94131.0,Low water pressure affecting entire household supply,6.465909,3.327509,Other,2026-02-13 04:03:00
2008,PP20090610943,2009-06-10,Kunle Bamidele,Male,2348051605224,kunle.bamidele84@yahoo.com,88832326207,Ikeja Division,Oshodi-Isolo,Quint,94124.0,Blocked drainage channel causing street-level flooding,6.548792,3.315062,Other,2026-02-13 04:03:00
2009,PP20150112040,2015-01-12,Ifeanyi Balogun,Male,2349023262931,ifeanyi.balogun25@yahoo.com,54772296287,Lagos Island Division,Apapa,Funston,94118.0,Water pipeline rupture near highway causing erosion,6.443623,3.358119,Other,2026-02-13 04:03:00
2010,PP20151211245,2015-12-11,Opeyemi Yakubu,Female,2349018009021,opeyemi.yakubu74@hotmail.com,78736504182,Ikeja Division,Kosofe,Summit,94132.0,Major pipe burst near primary school disrupting access road,6.604999,3.402463,Other,2026-02-13 04:03:00
2011,PP20130821509,2013-08-21,Amaka Chukwu,Female,2349024810526,amaka.chukwu89@gmail.com,61635878443,Ikeja Division,Oshodi-Isolo,Post,94109.0,Water main leakage along roadside causing traffic obstruction,6.535082,3.315936,Other,2026-02-13 04:03:00
2012,PP20090505138,2009-05-05,Oluwaseun Balogun,Male,2349056402262,oluwaseun.balogun55@hotmail.com,89759555657,Epe Division,Epe,03rd,94122.0,Sudden burst water pipe inside bathroom wall causing flooding,6.577214,3.980418,Other,2026-02-13 04:03:00
2013,PP20140328476,2014-03-28,Oluwaseun Okafor,Male,2349043360672,oluwaseun.okafor91@gmail.com,61936131161,Ikeja Division,Mushin,Gold Mine,94131.0,Cracked underground pipe slowly flooding compound,6.519488,3.352002,Other,2026-02-13 04:03:00
2014,PP20120703782,2012-07-03,Emeka Ekanem,Male,2348053560361,emeka.ekanem53@gmail.com,36538416917,Lagos Island Division,Lagos Island,Powell,94102.0,Low water pressure affecting entire household supply,6.470085,3.402721,Other,2026-02-13 04:03:00
2015,PP20170404257,2017-04-04,Temitope Ibrahim,Female,2348190954092,temitope.ibrahim24@hotmail.com,68569868746,Lagos Island Division,Lagos Island,Twin Peaks,94114.0,Septic tank backflow causing strong sewage odor indoors,6.462722,3.380538,Other,2026-02-13 04:03:00
2016,PP20180822204,2018-08-22,Chinedu Ajayi,Male,2348136885202,chinedu.ajayi60@yahoo.com,60345641446,Ikeja Division,Alimosho,Maywood,94127.0,Bathroom floor drain completely clogged with wastewater backup,6.597488,3.266609,Other,2026-02-13 04:03:00
2017,PP20170803545,2017-08-03,Chinedu Ekanem,Male,2349091474024,chinedu.ekanem77@gmail.com,20569766608,Ikorodu Division,Ikorodu,California,94109.0,Open manhole with visible sewage leakage on street,6.611306,3.520067,Other,2026-02-13 04:03:00
2018,PP20121017381,2012-10-17,Tunde Nnamdi,Male,2349064946776,tunde.nnamdi86@yahoo.com,86836151920,Ikeja Division,Ifako-Ijaiye,Clay,94118.0,Water pipeline rupture near highway causing erosion,6.674969,3.326385,Other,2026-02-13 04:03:00
2019,PP20150709132,2015-07-09,Yetunde Danladi,Female,2348152105824,yetunde.danladi55@gmail.com,61202365038,Badagry Division,Ojo,Scott,94117.0,Low water pressure affecting entire household supply,6.460777,3.176111,Other,2026-02-13 04:03:00
2020,PP20120118792,2012-01-18,Opeyemi Nnamdi,Female,2348118631130,opeyemi.nnamdi76@outlook.com,25148121155,Epe Division,Epe,Bright,94132.0,Water heater pipe leakage soaking utility area,6.586048,3.991259,Other,2026-02-13 04:03:00
2021,PP20120404619,2012-04-04,Yetunde Okafor,Female,2348065564811,yetunde.okafor82@yahoo.com,41022838020,Lagos Island Division,Apapa,48th,94122.0,Persistent dripping tap in kitchen wasting water daily,6.432641,3.361996,Other,2026-02-13 04:03:00
2022,PP20100112405,2010-01-12,Ijeoma Ojo,Female,2348063303482,ijeoma.ojo31@hotmail.com,50180351032,Epe Division,Epe,Oak,94102.0,Bathroom floor drain completely clogged with wastewater backup,6.593324,3.979449,Other,2026-02-13 04:03:00
2023,PP20190930845,2019-09-30,Ayomide Mohammed,Male,2348054952097,ayomide.mohammed18@hotmail.com,66968838658,Ikeja Division,Agege,Egbert,94124.0,Major pipe burst near primary school disrupting access road,6.622507,3.364147,Other,2026-02-13 04:03:00
2024,PP20180227203,2018-02-27,Ngozi Yakubu,Female,2348140125338,ngozi.yakubu32@gmail.com,30509841795,Lagos Island Division,Eti-Osa,Raleigh,94112.0,Flooding due to collapsed drainage system after rainfall,6.432057,3.425833,Other,2026-02-13 04:03:00
2025,PP20141107613,2014-11-07,Chukwudi Chukwu,Male,2348081628570,chukwudi.chukwu46@gmail.com,21930049845,Ikeja Division,Agege,Bay,94123.0,Sewer overflow spreading wastewater near market area,6.608119,3.337813,Other,2026-02-13 04:03:00
2026,PP20150810005,2015-08-10,Tunde Ogunleye,Male,2349015205485,tunde.ogunleye24@gmail.com,98231371376,Badagry Division,Ojo,Hudson,94124.0,Cracked underground pipe slowly flooding compound,6.465603,3.184948,Other,2026-02-13 04:03:00
2027,PP20160913919,2016-09-13,Yetunde Umeh,Female,2349040006543,yetunde.umeh23@hotmail.com,81385886671,Epe Division,Ibeju-Lekki,20th,94110.0,kitchen remodel,6.459803,3.587064,Other,2026-02-13 04:03:00
2028,PP20110808102,2011-08-08,Oluwaseun Oladipo,Male,2348137743164,oluwaseun.oladipo93@outlook.com,96565242521,Ikeja Division,Ikeja,02nd,94122.0,Water heater pipe leakage soaking utility area,6.616422,3.355986,Other,2026-02-13 04:03:00
2029,PP20180309541,2018-03-09,Ijeoma Oladipo,Female,2349028897021,ijeoma.oladipo45@outlook.com,38074181200,Badagry Division,Ajeromi-Ifelodun,16th,94103.0,Water heater pipe leakage soaking utility area,6.47632,3.33093,Other,2026-02-13 04:03:00
2030,PP20100316679,2010-03-16,Chisom Ajayi,Female,2348183170349,chisom.ajayi26@yahoo.com,11573210761,Ikeja Division,Alimosho,Ellis,94109.0,Persistent dripping tap in kitchen wasting water daily,6.616499,3.297793,Other,2026-02-13 04:03:00
2031,PP20081017261,2008-10-17,Chioma Ojo,Female,2349037181119,chioma.ojo50@hotmail.com,65753709030,Lagos Island Division,Eti-Osa,Cabrillo,94118.0,Low water pressure affecting entire household supply,6.423591,3.425085,Other,2026-02-13 04:03:00
2032,PP20140630959,2014-06-30,Chioma Okoye,Female,2348102997693,chioma.okoye12@outlook.com,48885094910,Lagos Island Division,Apapa,Broderick,94115.0,Toilet overflow due to heavily blocked drain system,6.438883,3.352671,Other,2026-02-13 04:03:00
2033,PP20151013701,2015-10-13,Bola Chukwu,Female,2348097552491,bola.chukwu50@hotmail.com,44062518110,Epe Division,Ibeju-Lekki,23rd,94114.0,Public tap pipe severely damaged in residential community,6.471893,3.587972,Other,2026-02-13 04:03:00
2034,PP20150609396,2015-06-09,Ifeanyi Danladi,Male,2348144463583,ifeanyi.danladi67@outlook.com,3634544384,Badagry Division,Badagry,North Point,94109.0,Open manhole with visible sewage leakage on street,6.403108,2.89554,Other,2026-02-13 04:03:00
2035,PP20160722378,2016-07-22,Aisha Afolabi,Female,2349058907032,aisha.afolabi16@hotmail.com,83847033127,Ikeja Division,Mushin,York,94110.0,Major pipe burst near primary school disrupting access road,6.53302,3.347553,Other,2026-02-13 04:03:00
2036,PP20180405317,2018-04-05,Chinedu Danladi,Male,2348066889090,chinedu.danladi92@hotmail.com,70135262757,Ikeja Division,Ikeja,Clement,94118.0,Water main leakage along roadside causing traffic obstruction,6.586424,3.350051,Other,2026-02-13 04:03:00
2037,PP20141121007,2014-11-21,Bola Abiola,Female,2348113284500,bola.abiola29@yahoo.com,64423748292,Ikeja Division,Ikeja,Ofarrell,94109.0,Bathroom floor drain completely clogged with wastewater backup,6.597341,3.352631,Other,2026-02-13 04:03:00
2038,PP20140723623,2014-07-23,Adebayo Owolabi,Male,2348156977680,adebayo.owolabi85@gmail.com,77656658445,Ikeja Division,Ifako-Ijaiye,47th,94121.0,replace gas line & wall heater in unit c.,6.666169,3.308525,Other,2026-02-13 04:03:00
2039,PP20080418898,2008-04-18,Ifeanyi Adebisi,Male,2349012433776,ifeanyi.adebisi93@hotmail.com,93998128042,Ikeja Division,Oshodi-Isolo,Powell,94108.0,Open manhole with visible sewage leakage on street,6.549717,3.305044,Other,2026-02-13 04:03:00
2040,PP20171219293,2017-12-19,Chinedu Yakubu,Male,2348029304223,chinedu.yakubu75@outlook.com,20723441656,Ikorodu Division,Ikorodu,Cesar Chavez,94131.0,Low water pressure affecting entire household supply,6.625737,3.503518,Other,2026-02-13 04:03:00
2041,PP20081113405,2008-11-13,Chisom Adebisi,Female,2348036341587,chisom.adebisi32@yahoo.com,99275687720,Lagos Island Division,Apapa,New Montgomery,94105.0,"bathroom remodel. shower, sink toilet.",6.465587,3.339884,Other,2026-02-13 04:03:00
2042,PP20111228386,2011-12-28,Chisom Umeh,Female,2349071370727,chisom.umeh27@gmail.com,9179550142,Lagos Island Division,Lagos Mainland,Howth,94112.0,Public tap pipe severely damaged in residential community,6.537512,3.376957,Other,2026-02-13 04:03:00
2043,PP20141119919,2014-11-19,Yetunde Okafor,Female,2348086105238,yetunde.okafor31@gmail.com,18960029517,Ikeja Division,Alimosho,Market,94103.0,Persistent dripping tap in kitchen wasting water daily,6.617596,3.295798,Other,2026-02-13 04:03:00
2044,PP20131209555,2013-12-09,Ijeoma Adebisi,Female,2348051115166,ijeoma.adebisi77@outlook.com,37618451297,Ikorodu Division,Ikorodu,Sutter,94109.0,Blocked drainage channel causing street-level flooding,6.630796,3.506626,Other,2026-02-13 04:03:00
2045,PP20140219321,2014-02-19,Chukwudi Ibrahim,Male,2349061697714,chukwudi.ibrahim84@gmail.com,49080895609,Badagry Division,Badagry,Presidio,94115.0,Underground water pipe burst near hospital entrance,6.404014,2.899205,Other,2026-02-13 04:03:00
2046,PP20120910434,2012-09-10,Femi Adeyemi,Male,2348165859599,femi.adeyemi44@outlook.com,4194458590,Ikeja Division,Alimosho,15th,94103.0,Water heater pipe leakage soaking utility area,6.607865,3.297216,Other,2026-02-13 04:03:00
2047,PP20101223961,2010-12-23,Chisom Okafor,Female,2348175896003,chisom.okafor18@outlook.com,41765128861,Badagry Division,Amuwo-Odofin,Sutter,94102.0,replace leaking water heater,6.462348,3.23968,Other,2026-02-13 04:03:00
2048,PP20110928319,2011-09-28,Ayomide Yakubu,Male,2348032662108,ayomide.yakubu52@outlook.com,60885907588,Lagos Island Division,Surulere,Boutwell,94124.0,Toilet overflow due to heavily blocked drain system,6.502855,3.354901,Other,2026-02-13 04:03:00
2049,PP20140923294,2014-09-23,Temitope Yakubu,Female,2349092839569,temitope.yakubu84@gmail.com,63025037755,Ikeja Division,Kosofe,Bay,94123.0,"replace housetrap and 20ftof clay sewer line with cast iron, replace 38ft of 1-1/2in galvanized water line with copper.",6.581978,3.417423,Other,2026-02-13 04:03:00
2050,PP20101220878,2010-12-20,Ayomide Oladipo,Male,2349050554292,ayomide.oladipo60@hotmail.com,26714504225,Lagos Island Division,Lagos Island,Clay,94115.0,Public tap pipe severely damaged in residential community,6.439098,3.386912,Other,2026-02-13 04:03:00
2051,PP20190208003,2019-02-08,Zainab Balogun,Female,2349096722696,zainab.balogun75@hotmail.com,4442509013,Lagos Island Division,Eti-Osa,Market,94102.0,Toilet overflow due to heavily blocked drain system,6.446611,3.430762,Other,2026-02-13 04:03:00
2052,PP20190425231,2019-04-25,Abdulrahman Balogun,Male,2348115690616,abdulrahman.balogun24@hotmail.com,98979103419,Ikeja Division,Ikeja,22nd,94116.0,Blocked drainage channel causing street-level flooding,6.601174,3.353931,Other,2026-02-13 04:03:00
2053,PP20120529931,2012-05-29,Chukwudi Adeyemi,Male,2348058467106,chukwudi.adeyemi12@gmail.com,57436476470,Epe Division,Ibeju-Lekki,Green,94133.0,Underground water pipe burst near hospital entrance,6.467058,3.598566,Other,2026-02-13 04:03:00
2054,PP20170825222,2017-08-25,Ngozi Akinyemi,Female,2348175512321,ngozi.akinyemi61@yahoo.com,72085793151,Ikorodu Division,Ikorodu,Page,94117.0,Underground water pipe burst near hospital entrance,6.617396,3.512818,Other,2026-02-13 04:03:00
2055,PP20160520624,2016-05-20,Uche Yakubu,Male,2348055835052,uche.yakubu67@gmail.com,6651401446,Badagry Division,Ajeromi-Ifelodun,11th,94118.0,Blocked drainage channel causing street-level flooding,6.47816,3.325526,Other,2026-02-13 04:03:00
2056,PP20090601712,2009-06-01,Chukwudi Balogun,Male,2348113635619,chukwudi.balogun86@yahoo.com,45147096743,Lagos Island Division,Lagos Mainland,08th,94122.0,to renew an expired permit taken by another contractor - new plumbing to remodel 3 storey duplex,6.539988,3.363895,Other,2026-02-13 04:03:00
2057,PP20161013798,2016-10-13,Kelechi Owolabi,Male,2348087513067,kelechi.owolabi31@hotmail.com,8146793906,Lagos Island Division,Lagos Island,Parnassus,94117.0,Public tap pipe severely damaged in residential community,6.470396,3.390973,Other,2026-02-13 04:03:00
2058,PP20160927334,2016-09-27,Olamide Ogunleye,Male,2349091947747,olamide.ogunleye62@outlook.com,98006843581,Badagry Division,Amuwo-Odofin,Post,94109.0,Sudden burst water pipe inside bathroom wall causing flooding,6.447573,3.2311,Other,2026-02-13 04:03:00
2059,PP20190522012,2019-05-22,Uche Okafor,Male,2348084343027,uche.okafor80@outlook.com,43246225420,Lagos Island Division,Lagos Island,Blythdale,94134.0,High-pressure pipe burst affecting multiple residential buildings,6.449552,3.384302,Other,2026-02-13 04:03:00
2060,PP20170221119,2017-02-21,Femi Oladipo,Male,2349066285772,femi.oladipo57@yahoo.com,91234983842,Ikeja Division,Kosofe,Ingalls,94124.0,Blocked drainage channel causing street-level flooding,6.577224,3.415327,Other,2026-02-13 04:03:00
2061,PP20141219650,2014-12-19,Emeka Abiola,Male,2349035161438,emeka.abiola40@yahoo.com,67885821466,Lagos Island Division,Eti-Osa,45th,94122.0,to comply with nov#201404541 & 201407651.,6.442678,3.423976,Other,2026-02-13 04:03:00
2062,PP20160126347,2016-01-26,Chukwudi Ojo,Male,2348151666071,chukwudi.ojo13@outlook.com,52502137259,Ikorodu Division,Ikorodu,Cotter,94112.0,"1/f: add one bathroom,r elocate washer. 2/f: remodel kitchen & 2 bathrooms, 3/f: add one bathroom.",6.622477,3.499545,Other,2026-02-13 04:03:00
2063,PP20150210898,2015-02-10,Chukwudi Adeyemi,Male,2348174146543,chukwudi.adeyemi76@hotmail.com,3440848648,Lagos Island Division,Eti-Osa,Upland,94127.0,Low water pressure affecting entire household supply,6.424292,3.439887,Other,2026-02-13 04:03:00
2064,PP20140829686,2014-08-29,Kunle Nwosu,Male,2348107091202,kunle.nwosu92@gmail.com,49840644556,Ikeja Division,Agege,Beach,94123.0,Public tap pipe severely damaged in residential community,6.608148,3.352562,Other,2026-02-13 04:03:00
2065,PP20160822259,2016-08-22,Tunde Okoye,Male,2348127366409,tunde.okoye55@outlook.com,70925044981,Badagry Division,Ajeromi-Ifelodun,Liberty,94114.0,"install plumbing for kitchen, laundry, and 3 and 1/2 baths; install radiant heating, (1) shower pan",6.464269,3.333323,Other,2026-02-13 04:03:00
2066,PP20190805162,2019-08-05,Ngozi Ojo,Female,2348066417171,ngozi.ojo65@hotmail.com,68700107651,Ikeja Division,Ifako-Ijaiye,Ulloa,94116.0,Septic tank backflow causing strong sewage odor indoors,6.680504,3.341319,Other,2026-02-13 04:03:00
2067,PP20120627643,2012-06-27,Amaka Umeh,Female,2348184307923,amaka.umeh92@yahoo.com,80016902976,Ikeja Division,Mushin,15th,94116.0,Underground water pipe burst near hospital entrance,6.526192,3.350718,Other,2026-02-13 04:03:00
2068,PP20131203414,2013-12-03,Zainab Ajayi,Female,2349034283935,zainab.ajayi35@hotmail.com,75748906571,Ikeja Division,Oshodi-Isolo,Terry A. Francois,94158.0,2/f: tenant improvement 1/2in pre action system with 308 sprinklers.,6.553041,3.31148,Other,2026-02-13 04:03:00
2069,PP20180615356,2018-06-15,Yetunde Bamidele,Female,2348106334940,yetunde.bamidele86@yahoo.com,146838258,Ikeja Division,Alimosho,42nd,94116.0,Septic tank backflow causing strong sewage odor indoors,6.617913,3.295042,Other,2026-02-13 04:03:00
2070,PP20180418635,2018-04-18,Ayomide Akinyemi,Male,2349079422364,ayomide.akinyemi81@hotmail.com,3457156535,Badagry Division,Badagry,Santa Clara,94127.0,"renew permit pw20170418547. scope of work: full house remodel of plumbing 31/2 bathrooms,laundry kitchen and mechanical room.",6.421189,2.901384,Other,2026-02-13 04:03:00
2071,PP20191107018,2019-11-07,Ayomide Umeh,Male,2348194456411,ayomide.umeh57@yahoo.com,38083242078,Lagos Island Division,Lagos Mainland,Lyon,94117.0,Bathroom floor drain completely clogged with wastewater backup,6.528213,3.382317,Other,2026-02-13 04:03:00
2072,PP20140827604,2014-08-27,Kunle Okoye,Male,2349030602965,kunle.okoye72@hotmail.com,51555983175,Ikeja Division,Agege,Oak,94102.0,Water pipeline rupture near highway causing erosion,6.600311,3.309693,Other,2026-02-13 04:03:00
2073,PP20170616275,2017-06-16,Adaeze Owolabi,Female,2348176475301,adaeze.owolabi67@outlook.com,90513136720,Ikorodu Division,Ikorodu,Greenwich,94123.0,Major pipe burst near primary school disrupting access road,6.623284,3.509552,Other,2026-02-13 04:03:00
2074,PP20150722501,2015-07-22,Zainab Adeyemi,Female,2348083266170,zainab.adeyemi16@hotmail.com,90960244372,Ikorodu Division,Ikorodu,Nevada,94110.0,remodel (3) bathrooms and kitchen. new water heater.,6.614252,3.512935,Other,2026-02-13 04:03:00
2075,PP20191211870,2019-12-11,Ijeoma Owolabi,Female,2348126902291,ijeoma.owolabi71@hotmail.com,75392991509,Ikorodu Division,Ikorodu,Grant,94108.0,Major pipe burst near primary school disrupting access road,6.618796,3.521778,Other,2026-02-13 04:03:00
2076,PP20170607997,2017-06-07,Chukwudi Adebisi,Male,2349094351360,chukwudi.adebisi11@gmail.com,74669541224,Ikeja Division,Oshodi-Isolo,Filbert,94123.0,"disconnect and remove old leaking water heater. install new laars mt2v (200,000)btu lonox compliant heater. serial #840-a90-7734 to be removed from system.",6.554461,3.300631,Other,2026-02-13 04:03:00
2077,PP20100706199,2010-07-06,Abdulrahman Yakubu,Male,2348152018943,abdulrahman.yakubu21@hotmail.com,10392295899,Lagos Island Division,Apapa,Dolores,94110.0,Low water pressure affecting entire household supply,6.458702,3.356829,Other,2026-02-13 04:03:00
2078,PP20170109988,2017-01-09,Obinna Danladi,Male,2348143723158,obinna.danladi85@gmail.com,14150089487,Epe Division,Ibeju-Lekki,Arkansas,94107.0,Persistent dripping tap in kitchen wasting water daily,6.475265,3.580226,Other,2026-02-13 04:03:00
2079,PP20110708446,2011-07-08,Ayomide Okafor,Male,2349035315636,ayomide.okafor83@gmail.com,88726376872,Badagry Division,Ajeromi-Ifelodun,Octavia,94102.0,Toilet overflow due to heavily blocked drain system,6.460202,3.334142,Other,2026-02-13 04:03:00
2080,PP20120503308,2012-05-03,Adaeze Ojo,Female,2348157214194,adaeze.ojo50@gmail.com,42806826614,Ikeja Division,Kosofe,Cumberland,94110.0,Bathroom floor drain completely clogged with wastewater backup,6.583428,3.421498,Other,2026-02-13 04:03:00
2081,PP20130807066,2013-08-07,Aisha Ibrahim,Female,2348125753210,aisha.ibrahim91@yahoo.com,96199151902,Ikeja Division,Ifako-Ijaiye,Divisadero,94115.0,Toilet overflow due to heavily blocked drain system,6.667114,3.310236,Other,2026-02-13 04:03:00
2082,PP20160711972,2016-07-11,Adaeze Ekanem,Female,2349011480396,adaeze.ekanem77@hotmail.com,5316676020,Lagos Island Division,Apapa,Turner,94107.0,add 2 plumbing fixtures on existing plumbing system,6.444472,3.366938,Other,2026-02-13 04:03:00
2083,PP20130612539,2013-06-12,Ifeanyi Akinyemi,Male,2348139272714,ifeanyi.akinyemi32@gmail.com,10868791046,Epe Division,Epe,Armstrong,94124.0,Water heater pipe leakage soaking utility area,6.581026,3.981136,Other,2026-02-13 04:03:00
2084,PP20120305927,2012-03-05,Opeyemi Eze,Female,2349038249851,opeyemi.eze45@yahoo.com,13685677891,Lagos Island Division,Lagos Island,Mississippi,94107.0,Underground water pipe burst near hospital entrance,6.463964,3.38758,Other,2026-02-13 04:03:00
2085,PP20140616548,2014-06-16,Kunle Bamidele,Male,2348190616039,kunle.bamidele94@outlook.com,61683441290,Lagos Island Division,Lagos Mainland,Capp,94110.0,"install 2 bathrooms, 2 kitchen sinks and 2 gas lines.",6.508972,3.377594,Other,2026-02-13 04:03:00
2086,PP20140908863,2014-09-08,Ngozi Okoye,Female,2348173490611,ngozi.okoye30@hotmail.com,24805159504,Ikeja Division,Kosofe,Spear,94105.0,Major pipe burst near primary school disrupting access road,6.578458,3.407038,Other,2026-02-13 04:03:00
2087,PP20100211013,2010-02-11,Seyi Ibrahim,Male,2348108500672,seyi.ibrahim64@gmail.com,91085098868,Badagry Division,Ajeromi-Ifelodun,Virginia,94110.0,Water pipeline rupture near highway causing erosion,6.464946,3.338215,Other,2026-02-13 04:03:00
2088,PP20181029128,2018-10-29,Uche Adeyemi,Male,2349083327801,uche.adeyemi65@gmail.com,2727233499,Ikorodu Division,Ikorodu,Folsom,94107.0,plumbing for new restroom in existing space. toilet and hand sink,6.619307,3.51357,Other,2026-02-13 04:03:00
2089,PP20090731072,2009-07-31,Aisha Bamidele,Female,2348023966543,aisha.bamidele31@outlook.com,36304753309,Lagos Island Division,Apapa,10th,94118.0,Flooding due to collapsed drainage system after rainfall,6.466934,3.355571,Other,2026-02-13 04:03:00
2090,PP20160630765,2016-06-30,Uche Nwosu,Male,2348157690513,uche.nwosu33@gmail.com,2331872109,Badagry Division,Amuwo-Odofin,Sacramento,94111.0,Sudden burst water pipe inside bathroom wall causing flooding,6.452783,3.244908,Other,2026-02-13 04:03:00
2091,PP20170410403,2017-04-10,Ngozi Okoye,Female,2349047514450,ngozi.okoye14@yahoo.com,84731475724,Epe Division,Ibeju-Lekki,Page,94117.0,Flooding due to collapsed drainage system after rainfall,6.461536,3.579151,Other,2026-02-13 04:03:00
2092,PP20091008538,2009-10-08,Tunde Owolabi,Male,2348102462954,tunde.owolabi59@yahoo.com,12607412319,Ikeja Division,Alimosho,Kalmanovitz,94124.0,Public tap pipe severely damaged in residential community,6.604212,3.298595,Other,2026-02-13 04:03:00
2093,PP20160906722,2016-09-06,Opeyemi Mohammed,Female,2348099213236,opeyemi.mohammed64@yahoo.com,46809550175,Lagos Island Division,Lagos Mainland,Eddy,94109.0,High-pressure pipe burst affecting multiple residential buildings,6.547891,3.37204,Other,2026-02-13 04:03:00
2094,PP20130510629,2013-05-10,Tunde Ekanem,Male,2349043564626,tunde.ekanem19@outlook.com,9959613657,Ikeja Division,Alimosho,Fulton,94117.0,Cracked underground pipe slowly flooding compound,6.604834,3.294369,Other,2026-02-13 04:03:00
2095,PP20150527977,2015-05-27,Oluwaseun Yakubu,Male,2348142575924,oluwaseun.yakubu49@yahoo.com,51049981683,Badagry Division,Badagry,11th,94118.0,Minor kitchen sink pipe leakage under cabinet,6.418958,2.887636,Other,2026-02-13 04:03:00
2096,PP20130611499,2013-06-11,Femi Bamidele,Male,2348117581899,femi.bamidele20@hotmail.com,39456852158,Lagos Island Division,Apapa,35th,94116.0,Water heater pipe leakage soaking utility area,6.461641,3.334736,Other,2026-02-13 04:03:00
2097,PP20171228525,2017-12-28,Zainab Adebisi,Female,2348088341203,zainab.adebisi13@yahoo.com,23263558460,Badagry Division,Badagry,04th,94103.0,Sewer overflow spreading wastewater near market area,6.391131,2.880041,Other,2026-02-13 04:03:00
2098,PP20091027927,2009-10-27,Ngozi Owolabi,Female,2348141109135,ngozi.owolabi86@outlook.com,71396537654,Badagry Division,Ojo,Innes,94124.0,Flooding due to collapsed drainage system after rainfall,6.471973,3.167344,Other,2026-02-13 04:03:00
2099,PP20080408579,2008-04-08,Kelechi Nnamdi,Male,2349066634207,kelechi.nnamdi90@outlook.com,46536466139,Lagos Island Division,Eti-Osa,Owens,94158.0,Major pipe burst near primary school disrupting access road,6.403024,3.427612,Other,2026-02-13 04:03:00
2100,PP20171011417,2017-10-11,Emeka Ibrahim,Male,2349096893446,emeka.ibrahim54@yahoo.com,36706590746,Epe Division,Ibeju-Lekki,Fountain,94114.0,Open manhole with visible sewage leakage on street,6.472437,3.574098,Other,2026-02-13 04:03:00
2101,PP20170614192,2017-06-14,Chioma Okoye,Female,2348158760959,chioma.okoye86@yahoo.com,76905033756,Lagos Island Division,Surulere,Corbett,94131.0,"ground fl: relocating lavatory, washer, dryer, gas line, floor drain, add toilet.",6.487045,3.351103,Other,2026-02-13 04:03:00
2102,PP20191007045,2019-10-07,Uche Oladipo,Male,2348178608283,uche.oladipo51@gmail.com,96691577368,Ikeja Division,Ikeja,Market,94105.0,Blocked drainage channel causing street-level flooding,6.602905,3.345237,Other,2026-02-13 04:03:00
2103,PP20170113169,2017-01-13,Chinedu Nwosu,Male,2349087638305,chinedu.nwosu25@outlook.com,71723273088,Badagry Division,Amuwo-Odofin,Burnett,94131.0,Severe shower pipe rupture flooding entire bathroom,6.454941,3.221454,Other,2026-02-13 04:03:00
2104,PP20090122626,2009-01-22,Oluwaseun Afolabi,Male,2348069242852,oluwaseun.afolabi69@hotmail.com,7160599758,Badagry Division,Amuwo-Odofin,Lawton,94122.0,Toilet overflow due to heavily blocked drain system,6.441431,3.238739,Other,2026-02-13 04:03:00
2105,PP20131029510,2013-10-29,Opeyemi Bamidele,Female,2349047754401,opeyemi.bamidele25@gmail.com,8217940016,Ikeja Division,Ikeja,San Fernando,94127.0,shower pan liner installation.,6.599237,3.34612,Other,2026-02-13 04:03:00
2106,PP20170524644,2017-05-24,Abdulrahman Mohammed,Male,2348133560708,abdulrahman.mohammed15@yahoo.com,18533281823,Ikorodu Division,Ikorodu,23rd,94110.0,Major pipe burst near primary school disrupting access road,6.627378,3.491907,Other,2026-02-13 04:03:00
2107,PP20100818241,2010-08-18,Obinna Akinyemi,Male,2348173658164,obinna.akinyemi66@hotmail.com,82545421983,Epe Division,Epe,Reno,94133.0,Septic tank backflow causing strong sewage odor indoors,6.584455,3.989183,Other,2026-02-13 04:03:00
2108,PP20120606152,2012-06-06,Femi Umeh,Male,2348156098047,femi.umeh32@gmail.com,95846481241,Ikeja Division,Alimosho,Lucy,94124.0,Severe shower pipe rupture flooding entire bathroom,6.627566,3.290182,Other,2026-02-13 04:03:00
2109,PP20130802921,2013-08-02,Adaeze Umeh,Female,2348026166853,adaeze.umeh85@yahoo.com,59244978390,Epe Division,Epe,Brannan,94103.0,1/f: shower pan.,6.587245,3.965561,Other,2026-02-13 04:03:00
2110,PP20161108513,2016-11-08,Obinna Ibrahim,Male,2349066318744,obinna.ibrahim21@hotmail.com,43487770635,Ikeja Division,Ikeja,Green,94123.0,Low water pressure affecting entire household supply,6.57788,3.359948,Other,2026-02-13 04:03:00
2111,PP20111208966,2011-12-08,Chukwudi Ajayi,Male,2348198974959,chukwudi.ajayi98@hotmail.com,34405974954,Ikeja Division,Kosofe,Irving,94122.0,Toilet overflow due to heavily blocked drain system,6.583244,3.428485,Other,2026-02-13 04:03:00
2112,PP20091102065,2009-11-02,Zainab Afolabi,Female,2348139759326,zainab.afolabi67@outlook.com,4131768348,Ikeja Division,Agege,Leavenworth,94109.0,Underground water pipe burst near hospital entrance,6.601766,3.341199,Other,2026-02-13 04:03:00
2113,PP20120918620,2012-09-18,Zainab Oladipo,Female,2348036094807,zainab.oladipo38@outlook.com,81029057339,Ikorodu Division,Ikorodu,Sacramento,94108.0,Public tap pipe severely damaged in residential community,6.638088,3.514697,Other,2026-02-13 04:03:00
2114,PP20160503122,2016-05-03,Yetunde Okoye,Female,2348118736065,yetunde.okoye95@hotmail.com,8972293313,Badagry Division,Ajeromi-Ifelodun,Broadway,94133.0,Open manhole with visible sewage leakage on street,6.469466,3.333386,Other,2026-02-13 04:03:00
2115,PP20081229960,2008-12-29,Chioma Ekanem,Female,2348070790027,chioma.ekanem54@hotmail.com,16465110044,Ikeja Division,Mushin,Ord,94114.0,Flooding due to collapsed drainage system after rainfall,6.511591,3.368156,Other,2026-02-13 04:03:00
2116,PP20130222473,2013-02-22,Amaka Adeyemi,Female,2348187647171,amaka.adeyemi63@yahoo.com,60419062844,Lagos Island Division,Eti-Osa,12th,94116.0,Water main leakage along roadside causing traffic obstruction,6.426991,3.426945,Other,2026-02-13 04:03:00
2117,PP20150821348,2015-08-21,Chinedu Ojo,Male,2348124304601,chinedu.ojo89@yahoo.com,48904958207,Badagry Division,Ojo,Embarcadero Center,94111.0,Severe shower pipe rupture flooding entire bathroom,6.44537,3.171205,Other,2026-02-13 04:03:00
2118,PP20121226998,2012-12-26,Amaka Okoye,Female,2348178461666,amaka.okoye81@gmail.com,85475588010,Ikeja Division,Ifako-Ijaiye,18th,94110.0,Underground water pipe burst near hospital entrance,6.684151,3.325127,Other,2026-02-13 04:03:00
2119,PP20080609405,2008-06-09,Obinna Okafor,Male,2349048131708,obinna.okafor74@hotmail.com,12153498129,Ikorodu Division,Ikorodu,15th,94116.0,Sewer overflow spreading wastewater near market area,6.633933,3.509718,Other,2026-02-13 04:03:00
2120,PP20160603959,2016-06-03,Yetunde Okoye,Female,2348144230271,yetunde.okoye80@hotmail.com,1082260868,Ikorodu Division,Ikorodu,Post,94102.0,Bathroom floor drain completely clogged with wastewater backup,6.600981,3.519421,Other,2026-02-13 04:03:00
2121,PP20080915738,2008-09-15,Opeyemi Balogun,Female,2349018440575,opeyemi.balogun23@yahoo.com,74284825121,Lagos Island Division,Apapa,Webster,94115.0,Persistent dripping tap in kitchen wasting water daily,6.442901,3.365987,Other,2026-02-13 04:03:00
2122,PP20170816933,2017-08-16,Adaeze Okoye,Female,2348166310589,adaeze.okoye85@hotmail.com,14933759104,Epe Division,Epe,17th,94122.0,Public tap pipe severely damaged in residential community,6.584252,3.968169,Other,2026-02-13 04:03:00
2123,PP20130815311,2013-08-15,Chisom Balogun,Female,2349041023687,chisom.balogun57@gmail.com,64349748961,Lagos Island Division,Apapa,Jessie,94105.0,Low water pressure affecting entire household supply,6.450443,3.380962,Other,2026-02-13 04:03:00
2124,PP20140722582,2014-07-22,Seyi Afolabi,Male,2349086977081,seyi.afolabi33@gmail.com,81571546942,Epe Division,Ibeju-Lekki,Lunado,94127.0,Sudden burst water pipe inside bathroom wall causing flooding,6.47493,3.584425,Other,2026-02-13 04:03:00
2125,PP20180711040,2018-07-11,Ijeoma Ekanem,Female,2348146994300,ijeoma.ekanem26@yahoo.com,56077372421,Badagry Division,Badagry,04th,94118.0,Water pipeline rupture near highway causing erosion,6.425753,2.887107,Other,2026-02-13 04:03:00
2126,PP20110118444,2011-01-18,Ifeanyi Ogunleye,Male,2348050729153,ifeanyi.ogunleye37@gmail.com,47842272890,Badagry Division,Amuwo-Odofin,Marietta,94127.0,Underground water pipe burst near hospital entrance,6.452095,3.239084,Other,2026-02-13 04:03:00
2127,PP20160601906,2016-06-01,Ijeoma Nnamdi,Female,2348163115483,ijeoma.nnamdi33@outlook.com,4320605913,Ikeja Division,Mushin,Market,94102.0,Minor kitchen sink pipe leakage under cabinet,6.529638,3.364954,Other,2026-02-13 04:03:00
2128,PP20180213793,2018-02-13,Opeyemi Danladi,Female,2349040124439,opeyemi.danladi79@gmail.com,72845104037,Ikorodu Division,Ikorodu,Precita,94110.0,Water pipeline rupture near highway causing erosion,6.611039,3.524745,Other,2026-02-13 04:03:00
2129,PP20100419404,2010-04-19,Kunle Okafor,Male,2349028056939,kunle.okafor13@gmail.com,15940748156,Lagos Island Division,Lagos Mainland,Golden Gate,94117.0,Minor kitchen sink pipe leakage under cabinet,6.523483,3.370322,Other,2026-02-13 04:03:00
2130,PP20090708540,2009-07-08,Ngozi Ojo,Female,2348057809860,ngozi.ojo19@gmail.com,9316287967,Ikeja Division,Agege,Anderson,94110.0,Sudden burst water pipe inside bathroom wall causing flooding,6.625476,3.333132,Other,2026-02-13 04:03:00
2131,PP20160219060,2016-02-19,Temitope Nnamdi,Female,2348094968751,temitope.nnamdi45@gmail.com,9566866525,Ikeja Division,Alimosho,Highland,94110.0,Cracked underground pipe slowly flooding compound,6.616595,3.292082,Other,2026-02-13 04:03:00
2132,PP20080612533,2008-06-12,Zainab Eze,Female,2348103763718,zainab.eze82@outlook.com,89226647715,Lagos Island Division,Apapa,Marietta,94127.0,Water heater pipe leakage soaking utility area,6.448202,3.363936,Other,2026-02-13 04:03:00
2133,PP20080326211,2008-03-26,Chisom Abiola,Female,2348086902946,chisom.abiola13@yahoo.com,43634748911,Lagos Island Division,Lagos Mainland,Chestnut,94123.0,Major pipe burst near primary school disrupting access road,6.527309,3.359245,Other,2026-02-13 04:03:00
2134,PP20120221611,2012-02-21,Ayomide Afolabi,Male,2348028426979,ayomide.afolabi93@hotmail.com,81253771121,Badagry Division,Ajeromi-Ifelodun,03rd,94124.0,Water heater pipe leakage soaking utility area,6.455488,3.342594,Other,2026-02-13 04:03:00
2135,PP20140910942,2014-09-10,Chisom Akinyemi,Female,2349092663980,chisom.akinyemi36@hotmail.com,40673686119,Ikorodu Division,Ikorodu,Howth,94112.0,replace (e) hot water heater. locate gas leak.,6.618079,3.505263,Other,2026-02-13 04:03:00
2136,PP20150720428,2015-07-20,Adaeze Oladipo,Female,2348194298460,adaeze.oladipo18@outlook.com,99579920019,Ikeja Division,Agege,Chestnut,94133.0,Water main leakage along roadside causing traffic obstruction,6.601914,3.325203,Other,2026-02-13 04:03:00
2137,PP20160824366,2016-08-24,Chukwudi Okafor,Male,2348033844871,chukwudi.okafor33@gmail.com,51508608895,Badagry Division,Ojo,09th,94103.0,Water main leakage along roadside causing traffic obstruction,6.440782,3.181987,Other,2026-02-13 04:03:00
2138,PP20171020712,2017-10-20,Zainab Adebisi,Female,2348090982133,zainab.adebisi50@hotmail.com,11783146383,Ikeja Division,Kosofe,Jackson,94118.0,Bathroom floor drain completely clogged with wastewater backup,6.577316,3.407034,Other,2026-02-13 04:03:00
2139,PP20090115409,2009-01-15,Emeka Balogun,Male,2348051434718,emeka.balogun35@hotmail.com,72552156690,Ikorodu Division,Ikorodu,Capp,94110.0,"gas line to range, fireplace, water heater, kitchen sink, dwv & water system, ice maker",6.618719,3.51414,Other,2026-02-13 04:03:00
2140,PP20190821680,2019-08-21,Emeka Nwosu,Male,2349090741749,emeka.nwosu10@hotmail.com,58813538195,Ikorodu Division,Ikorodu,Capp,94110.0,Blocked drainage channel causing street-level flooding,6.640332,3.495381,Other,2026-02-13 04:03:00
2141,PP20110401189,2011-04-01,Zainab Mohammed,Female,2348179263959,zainab.mohammed54@hotmail.com,8078009694,Lagos Island Division,Apapa,Chenery,94131.0,waste pipe connection for laundry sink.,6.460394,3.368731,Other,2026-02-13 04:03:00
2142,PP20150227381,2015-02-27,Chioma Oladipo,Female,2349070176981,chioma.oladipo78@hotmail.com,28153410825,Badagry Division,Ajeromi-Ifelodun,Winfield,94110.0,Water pipeline rupture near highway causing erosion,6.458909,3.335332,Other,2026-02-13 04:03:00
2143,PP20150618624,2015-06-18,Obinna Okoye,Male,2348105031685,obinna.okoye61@yahoo.com,80432120074,Ikeja Division,Mushin,29th,94122.0,"kitchen: relocate water lines and drain for sink, run water line for ice maker.",6.522724,3.356457,Other,2026-02-13 04:03:00
2144,PP20110302384,2011-03-02,Yetunde Chukwu,Female,2348064039285,yetunde.chukwu73@gmail.com,12191336186,Lagos Island Division,Lagos Mainland,16th,94122.0,Low water pressure affecting entire household supply,6.539491,3.385256,Other,2026-02-13 04:03:00
2145,PP20181214480,2018-12-14,Ngozi Adebisi,Female,2348173237404,ngozi.adebisi89@hotmail.com,36906587122,Ikorodu Division,Ikorodu,04th,94158.0,Persistent dripping tap in kitchen wasting water daily,6.624486,3.506197,Other,2026-02-13 04:03:00
2146,PP20170515348,2017-05-15,Kunle Bamidele,Male,2349073128624,kunle.bamidele85@hotmail.com,51130004837,Lagos Island Division,Apapa,Union,94133.0,"unit #1w: install gas line for stove, install p-trap for sink.",6.433959,3.356915,Other,2026-02-13 04:03:00
2147,PP20160401279,2016-04-01,Chioma Chukwu,Female,2349029372279,chioma.chukwu34@outlook.com,65890689134,Lagos Island Division,Eti-Osa,14th,94118.0,Water heater pipe leakage soaking utility area,6.445166,3.406628,Other,2026-02-13 04:03:00
2148,PP20170913655,2017-09-13,Kelechi Ekanem,Male,2348159669169,kelechi.ekanem35@hotmail.com,46978411444,Lagos Island Division,Lagos Island,Kearny,94108.0,Water main leakage along roadside causing traffic obstruction,6.443549,3.395963,Other,2026-02-13 04:03:00
2149,PP20170413526,2017-04-13,Yetunde Nnamdi,Female,2348139263775,yetunde.nnamdi90@outlook.com,57428378629,Ikorodu Division,Ikorodu,03rd,94118.0,Blocked drainage channel causing street-level flooding,6.609553,3.502575,Other,2026-02-13 04:03:00
2150,PP20150225327,2015-02-25,Ijeoma Eze,Female,2348152552310,ijeoma.eze61@outlook.com,56679441136,Ikeja Division,Ikeja,43rd,94121.0,Cracked underground pipe slowly flooding compound,6.597564,3.337844,Other,2026-02-13 04:03:00
2151,PP20180321852,2018-03-21,Oluwaseun Ojo,Male,2348036948213,oluwaseun.ojo95@yahoo.com,72035586894,Ikeja Division,Ikeja,Amethyst,94131.0,Persistent dripping tap in kitchen wasting water daily,6.592059,3.358534,Other,2026-02-13 04:03:00
2152,PP20140911012,2014-09-11,Aisha Yakubu,Female,2348036957413,aisha.yakubu54@yahoo.com,44435018559,Badagry Division,Ajeromi-Ifelodun,10th,94118.0,Toilet overflow due to heavily blocked drain system,6.453626,3.317321,Other,2026-02-13 04:03:00
2153,PP20180910694,2018-09-10,Abdulrahman Adebisi,Male,2348021353399,abdulrahman.adebisi47@outlook.com,34812978420,Ikorodu Division,Ikorodu,20th,94132.0,Sudden burst water pipe inside bathroom wall causing flooding,6.6131,3.51782,Other,2026-02-13 04:03:00
2154,PP20130503457,2013-05-03,Chukwudi Okoye,Male,2349018977425,chukwudi.okoye55@outlook.com,13348114194,Ikeja Division,Mushin,Jones,94109.0,Bathroom floor drain completely clogged with wastewater backup,6.525331,3.349954,Other,2026-02-13 04:03:00
2155,PP20170721206,2017-07-21,Kunle Nnamdi,Male,2348168767354,kunle.nnamdi80@outlook.com,46317090632,Ikeja Division,Agege,Folsom,94107.0,Persistent dripping tap in kitchen wasting water daily,6.615944,3.318543,Other,2026-02-13 04:03:00
2156,PP20140430354,2014-04-30,Obinna Adeyemi,Male,2348141724788,obinna.adeyemi15@gmail.com,7731363290,Ikeja Division,Ifako-Ijaiye,18th,94114.0,tenant improvement: ada bathroom upgrade: extension of (e) plumbing line to accomodate relcoationg of lavy for ada comliance.,6.674747,3.332434,Other,2026-02-13 04:03:00
2157,PP20081201986,2008-12-01,Emeka Afolabi,Male,2348164166774,emeka.afolabi22@yahoo.com,84151581067,Ikeja Division,Kosofe,Post,94108.0,Flooding due to collapsed drainage system after rainfall,6.579207,3.426759,Other,2026-02-13 04:03:00
2158,PP20130712359,2013-07-12,Olamide Oladipo,Male,2348023327241,olamide.oladipo88@yahoo.com,13738096292,Lagos Island Division,Eti-Osa,Banks,94110.0,Water pipeline rupture near highway causing erosion,6.421825,3.433179,Other,2026-02-13 04:03:00
2159,PP20190605416,2019-06-05,Adebayo Yakubu,Male,2348085770419,adebayo.yakubu42@outlook.com,65215968889,Badagry Division,Ajeromi-Ifelodun,Lower,94114.0,Water main leakage along roadside causing traffic obstruction,6.468245,3.329934,Other,2026-02-13 04:03:00
2160,PP20080818402,2008-08-18,Yetunde Eze,Female,2348144983707,yetunde.eze71@outlook.com,3397202568,Badagry Division,Ojo,Cecilia,94116.0,sewer line replacement.,6.460801,3.181927,Other,2026-02-13 04:03:00
2161,PP20170822072,2017-08-22,Chioma Nwosu,Female,2348087527494,chioma.nwosu65@outlook.com,44228228350,Badagry Division,Amuwo-Odofin,21st,94122.0,Toilet overflow due to heavily blocked drain system,6.462203,3.239233,Other,2026-02-13 04:03:00
2162,PP20160525768,2016-05-25,Kunle Nnamdi,Male,2348095862489,kunle.nnamdi69@gmail.com,12192400688,Lagos Island Division,Lagos Mainland,Pine,94115.0,Public tap pipe severely damaged in residential community,6.516775,3.389563,Other,2026-02-13 04:03:00
2163,PP20090325140,2009-03-25,Amaka Adeyemi,Female,2348030771741,amaka.adeyemi87@outlook.com,61686163724,Ikorodu Division,Ikorodu,Corbett,94131.0,Bathroom floor drain completely clogged with wastewater backup,6.613445,3.519505,Other,2026-02-13 04:03:00
2164,PP20190806203,2019-08-06,Obinna Oladipo,Male,2349066203137,obinna.oladipo92@hotmail.com,26294035159,Lagos Island Division,Lagos Island,Vallejo,94133.0,Cracked underground pipe slowly flooding compound,6.471094,3.390682,Other,2026-02-13 04:03:00
2165,PP20190813429,2019-08-13,Temitope Adebisi,Female,2348030296556,temitope.adebisi33@yahoo.com,67292428644,Epe Division,Ibeju-Lekki,27th,94122.0,Minor kitchen sink pipe leakage under cabinet,6.476814,3.573463,Other,2026-02-13 04:03:00
2166,PP20100621911,2010-06-21,Ijeoma Danladi,Female,2349072297694,ijeoma.danladi42@hotmail.com,8166177810,Badagry Division,Ojo,15th,94122.0,Bathroom floor drain completely clogged with wastewater backup,6.468547,3.184994,Other,2026-02-13 04:03:00
2167,PP20141117850,2014-11-17,Chioma Chukwu,Female,2349035857051,chioma.chukwu83@outlook.com,82919117207,Ikeja Division,Mushin,Grant,94133.0,Blocked drainage channel causing street-level flooding,6.53203,3.348144,Other,2026-02-13 04:03:00
2168,PP20180626682,2018-06-26,Emeka Danladi,Male,2349025135455,emeka.danladi55@yahoo.com,15798087545,Badagry Division,Ajeromi-Ifelodun,Broderick,94123.0,Water main leakage along roadside causing traffic obstruction,6.450089,3.338333,Other,2026-02-13 04:03:00
2169,PP20140804923,2014-08-04,Bola Ajayi,Female,2348108455513,bola.ajayi71@gmail.com,12829638399,Ikeja Division,Ifako-Ijaiye,Eddy,94115.0,units f3-513 & f3-509: each unit: p traps to be removed and replace in kitchen and bathroom.,6.649166,3.325426,Other,2026-02-13 04:03:00
2170,PP20120127026,2012-01-27,Seyi Ogunleye,Male,2348020060515,seyi.ogunleye88@yahoo.com,51620646041,Badagry Division,Amuwo-Odofin,Greenwich,94123.0,Open manhole with visible sewage leakage on street,6.459412,3.251919,Other,2026-02-13 04:03:00
2171,PP20190402587,2019-04-02,Ayomide Nnamdi,Male,2349052736305,ayomide.nnamdi74@gmail.com,5430460357,Ikeja Division,Oshodi-Isolo,Dellbrook,94131.0,Public tap pipe severely damaged in residential community,6.573083,3.318351,Other,2026-02-13 04:03:00
2172,PP20110815281,2011-08-15,Amaka Abiola,Female,2348078876172,amaka.abiola93@outlook.com,66763517231,Ikeja Division,Kosofe,16th,94118.0,Blocked drainage channel causing street-level flooding,6.576761,3.416973,Other,2026-02-13 04:03:00
2173,PP20110913960,2011-09-13,Ijeoma Ekanem,Female,2349059654318,ijeoma.ekanem75@outlook.com,81525372724,Ikorodu Division,Ikorodu,Taraval,94116.0,Blocked drainage channel causing street-level flooding,6.618926,3.494678,Other,2026-02-13 04:03:00
2174,PP20091208833,2009-12-08,Adaeze Ibrahim,Female,2348166634513,adaeze.ibrahim89@yahoo.com,15673817531,Ikeja Division,Kosofe,Sacramento,94109.0,Persistent dripping tap in kitchen wasting water daily,6.573896,3.411092,Other,2026-02-13 04:03:00
2175,PP20150505316,2015-05-05,Chisom Ibrahim,Female,2348153366661,chisom.ibrahim72@yahoo.com,32336084266,Ikorodu Division,Ikorodu,Bay,94123.0,Bathroom floor drain completely clogged with wastewater backup,6.599038,3.510975,Other,2026-02-13 04:03:00
2176,PP20120427206,2012-04-27,Adaeze Umeh,Female,2349049145254,adaeze.umeh61@yahoo.com,79381527753,Ikeja Division,Oshodi-Isolo,Sanchez,94114.0,Bathroom floor drain completely clogged with wastewater backup,6.551109,3.291371,Other,2026-02-13 04:03:00
2177,PP20090413600,2009-04-13,Amaka Ibrahim,Female,2349039876088,amaka.ibrahim76@gmail.com,75868735633,Badagry Division,Ajeromi-Ifelodun,24th,94110.0,Blocked drainage channel causing street-level flooding,6.470742,3.340459,Other,2026-02-13 04:03:00
2178,PP20150817216,2015-08-17,Chisom Ekanem,Female,2349056246004,chisom.ekanem21@outlook.com,92951372766,Badagry Division,Ajeromi-Ifelodun,Webster,94115.0,Major pipe burst near primary school disrupting access road,6.46897,3.330059,Other,2026-02-13 04:03:00
2179,PP20090810245,2009-08-10,Tunde Akinyemi,Male,2348116047716,tunde.akinyemi29@outlook.com,83712380614,Lagos Island Division,Surulere,Cortland,94110.0,Low water pressure affecting entire household supply,6.502814,3.367602,Other,2026-02-13 04:03:00
2180,PP20171128660,2017-11-28,Abdulrahman Balogun,Male,2348124820360,abdulrahman.balogun95@hotmail.com,5257736515,Ikeja Division,Agege,Vallejo,94133.0,Blocked drainage channel causing street-level flooding,6.618574,3.327754,Other,2026-02-13 04:03:00
2181,PP20180524668,2018-05-24,Temitope Okoye,Female,2348034803244,temitope.okoye80@yahoo.com,13482412465,Ikeja Division,Ifako-Ijaiye,Lake,94118.0,Minor kitchen sink pipe leakage under cabinet,6.672566,3.340555,Other,2026-02-13 04:03:00
2182,PP20150330214,2015-03-30,Kelechi Ekanem,Male,2349091484916,kelechi.ekanem53@yahoo.com,18788466988,Ikeja Division,Alimosho,Eddy,94115.0,install 1 shower pan,6.603034,3.315979,Other,2026-02-13 04:03:00
2183,PP20101123352,2010-11-23,Seyi Ekanem,Male,2349056794166,seyi.ekanem87@outlook.com,52709391460,Ikeja Division,Ikeja,Turk,94115.0,Water heater pipe leakage soaking utility area,6.596544,3.351824,Other,2026-02-13 04:03:00
2184,PP20160613223,2016-06-13,Uche Mohammed,Male,2349076968711,uche.mohammed25@hotmail.com,32359502000,Badagry Division,Ajeromi-Ifelodun,Anza,94118.0,Septic tank backflow causing strong sewage odor indoors,6.459975,3.335533,Other,2026-02-13 04:03:00
2185,PP20130711326,2013-07-11,Ifeanyi Eze,Male,2349069920820,ifeanyi.eze80@hotmail.com,21361168297,Epe Division,Ibeju-Lekki,Page,94117.0,Severe shower pipe rupture flooding entire bathroom,6.452578,3.57954,Other,2026-02-13 04:03:00
2186,PP20160804776,2016-08-04,Kelechi Bamidele,Male,2349053037609,kelechi.bamidele61@hotmail.com,55298839543,Ikorodu Division,Ikorodu,Palou,94124.0,Persistent dripping tap in kitchen wasting water daily,6.608479,3.511853,Other,2026-02-13 04:03:00
2187,PP20131021228,2013-10-21,Amaka Yakubu,Female,2348148512622,amaka.yakubu46@yahoo.com,13622280486,Badagry Division,Badagry,Ashton,94112.0,Sewer overflow spreading wastewater near market area,6.424944,2.89146,Other,2026-02-13 04:03:00
2188,PP20180911738,2018-09-11,Kunle Yakubu,Male,2348072244800,kunle.yakubu50@gmail.com,3541039432,Badagry Division,Ojo,Claremont,94127.0,Flooding due to collapsed drainage system after rainfall,6.437283,3.203421,Other,2026-02-13 04:03:00
2189,PP20130322288,2013-03-22,Zainab Chukwu,Female,2348138431858,zainab.chukwu75@gmail.com,97525976050,Badagry Division,Ojo,Harrison,94110.0,Major pipe burst near primary school disrupting access road,6.463953,3.175235,Other,2026-02-13 04:03:00
2190,PP20181218614,2018-12-18,Temitope Chukwu,Female,2348073647714,temitope.chukwu72@gmail.com,39261341815,Ikeja Division,Ikeja,Leavenworth,94109.0,Minor kitchen sink pipe leakage under cabinet,6.603371,3.353262,Other,2026-02-13 04:03:00
2191,PP20161117758,2016-11-17,Chukwudi Oladipo,Male,2349097262515,chukwudi.oladipo12@yahoo.com,76574981596,Epe Division,Ibeju-Lekki,Baker,94117.0,"apt 14: relocate kitchen, remodel bathroom, add washer and dryer",6.463332,3.586979,Other,2026-02-13 04:03:00
2192,PP20180222042,2018-02-22,Chioma Akinyemi,Female,2348087407804,chioma.akinyemi17@yahoo.com,84589503327,Badagry Division,Ojo,Taylor,94133.0,Water pipeline rupture near highway causing erosion,6.454925,3.178956,Other,2026-02-13 04:03:00
2193,PP20080825636,2008-08-25,Kelechi Okoye,Male,2348083143652,kelechi.okoye83@gmail.com,56872303842,Lagos Island Division,Eti-Osa,Myra,94127.0,Public tap pipe severely damaged in residential community,6.426237,3.407573,Other,2026-02-13 04:03:00
2194,PP20111123692,2011-11-23,Chinedu Balogun,Male,2348113427667,chinedu.balogun62@hotmail.com,15352208680,Ikeja Division,Agege,Belvedere,94117.0,Septic tank backflow causing strong sewage odor indoors,6.616958,3.341853,Other,2026-02-13 04:03:00
2195,PP20110831688,2011-08-31,Kunle Ajayi,Male,2349062210431,kunle.ajayi93@hotmail.com,71206423955,Lagos Island Division,Lagos Mainland,Greenwich,94123.0,Water pipeline rupture near highway causing erosion,6.529549,3.387399,Other,2026-02-13 04:03:00
2196,PP20120816895,2012-08-16,Ngozi Chukwu,Female,2348192519662,ngozi.chukwu38@yahoo.com,16181477367,Lagos Island Division,Apapa,Page,94117.0,Water heater pipe leakage soaking utility area,6.452043,3.353673,Other,2026-02-13 04:03:00
2197,PP20120308023,2012-03-08,Chisom Nwosu,Female,2348198417993,chisom.nwosu14@yahoo.com,74911433287,Ikorodu Division,Ikorodu,Greenwich,94133.0,to abate 201299034: replace existing galvanized water lines with copper: kitchen and bathroom.,6.627797,3.496925,Other,2026-02-13 04:03:00
2198,PP20121018440,2012-10-18,Zainab Adebisi,Female,2348139642971,zainab.adebisi36@gmail.com,36751723367,Lagos Island Division,Surulere,Monticello,94132.0,one full bathroom in the garage.,6.487893,3.351158,Other,2026-02-13 04:03:00
2199,PP20180924153,2018-09-24,Oluwaseun Ojo,Male,2348024396850,oluwaseun.ojo77@gmail.com,80063974019,Lagos Island Division,Surulere,Pierce,94123.0,renew permit # pp20170814838 for final inspection,6.507701,3.370228,Other,2026-02-13 04:03:00
2200,PP20141211454,2014-12-11,Bola Danladi,Female,2348177132514,bola.danladi12@gmail.com,21861690448,Epe Division,Epe,Fell,94117.0,"bathroom, laundry and kitchen",6.588873,3.994319,Other,2026-02-13 04:03:00
2201,PP20081027573,2008-10-27,Aisha Nwosu,Female,2348138211851,aisha.nwosu39@hotmail.com,33519563984,Ikeja Division,Alimosho,Teresita,94131.0,Severe shower pipe rupture flooding entire bathroom,6.600207,3.298486,Other,2026-02-13 04:03:00
2202,PP20120426165,2012-04-26,Oluwaseun Ibrahim,Male,2349020111623,oluwaseun.ibrahim18@gmail.com,28070974670,Lagos Island Division,Surulere,15th,94118.0,Minor kitchen sink pipe leakage under cabinet,6.495648,3.369269,Other,2026-02-13 04:03:00
2203,PP20090911917,2009-09-11,Amaka Adeyemi,Female,2349014886744,amaka.adeyemi32@outlook.com,6035194999,Ikeja Division,Kosofe,Lexington,94110.0,Underground water pipe burst near hospital entrance,6.582148,3.412851,Other,2026-02-13 04:03:00
2204,PP20101004289,2010-10-04,Yetunde Okoye,Female,2348055021683,yetunde.okoye41@hotmail.com,54973726445,Badagry Division,Ajeromi-Ifelodun,24th,94114.0,Underground water pipe burst near hospital entrance,6.472109,3.342062,Other,2026-02-13 04:03:00
2205,PP20160726505,2016-07-26,Zainab Adeyemi,Female,2349067916275,zainab.adeyemi15@gmail.com,40834022778,Epe Division,Epe,Tocoloma,94134.0,"2nd floor remodel kitchen& 2 bath's, 1st floor add 2 bath & laundry",6.577317,3.982989,Other,2026-02-13 04:03:00
2206,PP20130412884,2013-04-12,Temitope Eze,Female,2348057282013,temitope.eze58@outlook.com,96572999721,Ikeja Division,Kosofe,23rd,94110.0,Sudden burst water pipe inside bathroom wall causing flooding,6.572716,3.391719,Other,2026-02-13 04:03:00
2207,PP20111019849,2011-10-19,Femi Ajayi,Male,2348131333089,femi.ajayi67@gmail.com,80991604883,Ikorodu Division,Ikorodu,Grove,94117.0,3r report #cc6049 code corrections b201110176985 work at: 1371a/1373a/1375a grove street and common area.,6.621405,3.516589,Other,2026-02-13 04:03:00
2208,PP20090518418,2009-05-18,Adaeze Chukwu,Female,2348136127633,adaeze.chukwu39@hotmail.com,91832261416,Ikeja Division,Alimosho,Judah,94122.0,Sewer overflow spreading wastewater near market area,6.611621,3.275504,Other,2026-02-13 04:03:00
2209,PP20140916139,2014-09-16,Uche Adeyemi,Male,2349084460219,uche.adeyemi49@outlook.com,62276312246,Epe Division,Epe,Sacramento,94109.0,Public tap pipe severely damaged in residential community,6.580492,3.961417,Other,2026-02-13 04:03:00
2210,PP20080331318,2008-03-31,Seyi Mohammed,Male,2348085905913,seyi.mohammed72@hotmail.com,30220734230,Badagry Division,Ojo,Clay,94109.0,Minor kitchen sink pipe leakage under cabinet,6.474697,3.172139,Other,2026-02-13 04:03:00
2211,PP20191024622,2019-10-24,Yetunde Ekanem,Female,2348082223833,yetunde.ekanem77@outlook.com,31951813306,Ikorodu Division,Ikorodu,Guerrero,94103.0,Septic tank backflow causing strong sewage odor indoors,6.631954,3.519959,Other,2026-02-13 04:03:00
2212,PP20150701950,2015-07-01,Ijeoma Ojo,Female,2348066416208,ijeoma.ojo56@outlook.com,7277994280,Ikeja Division,Mushin,Eddy,94115.0,Persistent dripping tap in kitchen wasting water daily,6.518294,3.343272,Other,2026-02-13 04:03:00
2213,PP20090109272,2009-01-09,Bola Afolabi,Female,2348079000875,bola.afolabi25@yahoo.com,1951351360,Epe Division,Epe,Broderick,94115.0,Toilet overflow due to heavily blocked drain system,6.587504,3.975157,Other,2026-02-13 04:03:00
2214,PP20140313952,2014-03-13,Opeyemi Nwosu,Female,2349095534922,opeyemi.nwosu72@yahoo.com,89968606873,Badagry Division,Ajeromi-Ifelodun,21st,94110.0,"remodel kitchen , bathroom, and powder room",6.467725,3.328472,Other,2026-02-13 04:03:00
2215,PP20141024263,2014-10-24,Zainab Chukwu,Female,2349096474321,zainab.chukwu54@gmail.com,42991267183,Ikeja Division,Alimosho,Head,94132.0,Major pipe burst near primary school disrupting access road,6.591188,3.272695,Other,2026-02-13 04:03:00
2216,PP20110930405,2011-09-30,Femi Oladipo,Male,2348056740239,femi.oladipo34@yahoo.com,16167801165,Ikorodu Division,Ikorodu,Grant,94133.0,Sewer overflow spreading wastewater near market area,6.621667,3.504884,Other,2026-02-13 04:03:00
2217,PP20170301380,2017-03-01,Ayomide Danladi,Male,2348153098931,ayomide.danladi76@hotmail.com,82744947663,Ikeja Division,Alimosho,Ofarrell,94102.0,unit #401: kitchen and bathroom renovation. new fixtures / applicances,6.603469,3.301959,Other,2026-02-13 04:03:00
2218,PP20140813187,2014-08-13,Chioma Ekanem,Female,2348113357470,chioma.ekanem95@outlook.com,50540023096,Ikorodu Division,Ikorodu,Moraga,94122.0,High-pressure pipe burst affecting multiple residential buildings,6.631134,3.507775,Other,2026-02-13 04:03:00
2219,PP20090903784,2009-09-03,Ifeanyi Ekanem,Male,2348153026040,ifeanyi.ekanem46@yahoo.com,13871805207,Ikeja Division,Agege,Broad,94112.0,Cracked underground pipe slowly flooding compound,6.612094,3.341001,Other,2026-02-13 04:03:00
2220,PP20080708240,2008-07-08,Obinna Owolabi,Male,2349058253513,obinna.owolabi36@hotmail.com,53291477289,Badagry Division,Amuwo-Odofin,23rd,94116.0,"add 2 bedrooms, office & full bath at rear portion of existing ground floor. replace water heater & furnace.",6.436431,3.252232,Other,2026-02-13 04:03:00
2221,PP20121001958,2012-10-01,Chisom Afolabi,Female,2348156586052,chisom.afolabi11@hotmail.com,46869216973,Lagos Island Division,Lagos Mainland,Jennings,94124.0,High-pressure pipe burst affecting multiple residential buildings,6.529919,3.386002,Other,2026-02-13 04:03:00
2222,PP20110216064,2011-02-16,Opeyemi Yakubu,Female,2348187091226,opeyemi.yakubu31@gmail.com,5832553610,Ikeja Division,Agege,Yukon,94114.0,Public tap pipe severely damaged in residential community,6.596132,3.328386,Other,2026-02-13 04:03:00
2223,PP20130114422,2013-01-14,Chisom Akinyemi,Female,2349078675102,chisom.akinyemi62@gmail.com,52201207580,Ikeja Division,Oshodi-Isolo,Larkin,94109.0,Water heater pipe leakage soaking utility area,6.544817,3.309099,Other,2026-02-13 04:03:00
2224,PP20191216006,2019-12-16,Chinedu Abiola,Male,2349086101258,chinedu.abiola65@hotmail.com,33410847233,Ikeja Division,Agege,Mission,94105.0,installation of 2 new boilers (2.8 million btu each). ar&b job # s-19395,6.620307,3.350967,Other,2026-02-13 04:03:00
2225,PP20130702106,2013-07-02,Temitope Danladi,Female,2348109876575,temitope.danladi97@gmail.com,53447874531,Lagos Island Division,Apapa,42nd,94116.0,Flooding due to collapsed drainage system after rainfall,6.44385,3.354024,Other,2026-02-13 04:03:00
2226,PP20120926839,2012-09-26,Femi Chukwu,Male,2348038828125,femi.chukwu40@hotmail.com,40003435145,Ikeja Division,Ifako-Ijaiye,Vallejo,94123.0,Sewer overflow spreading wastewater near market area,6.681297,3.331566,Other,2026-02-13 04:03:00
2227,PP20160610177,2016-06-10,Temitope Chukwu,Female,2348163705150,temitope.chukwu52@hotmail.com,45716597874,Lagos Island Division,Lagos Island,Bush,94104.0,Severe shower pipe rupture flooding entire bathroom,6.466777,3.397587,Other,2026-02-13 04:03:00
2228,PP20170927077,2017-09-27,Zainab Yakubu,Female,2348171857688,zainab.yakubu62@gmail.com,32986022513,Ikeja Division,Alimosho,Randolph,94132.0,Major pipe burst near primary school disrupting access road,6.597429,3.281669,Other,2026-02-13 04:03:00
2229,PP20180918991,2018-09-18,Kunle Abiola,Male,2348133646390,kunle.abiola11@gmail.com,14333341509,Ikeja Division,Kosofe,Day,94131.0,Water main leakage along roadside causing traffic obstruction,6.567785,3.423321,Other,2026-02-13 04:03:00
2230,PP20120802492,2012-08-02,Ngozi Ajayi,Female,2349039284374,ngozi.ajayi68@hotmail.com,12127290776,Badagry Division,Badagry,29th,94116.0,Open manhole with visible sewage leakage on street,6.426886,2.903494,Other,2026-02-13 04:03:00
2231,PP20170717059,2017-07-17,Oluwaseun Abiola,Male,2348182171747,oluwaseun.abiola43@outlook.com,34955637185,Ikeja Division,Mushin,Oakdale,94124.0,High-pressure pipe burst affecting multiple residential buildings,6.535731,3.366228,Other,2026-02-13 04:03:00
2232,PP20111230424,2011-12-30,Opeyemi Ajayi,Female,2348184015274,opeyemi.ajayi93@gmail.com,799627764,Epe Division,Epe,Geary,94121.0,Major pipe burst near primary school disrupting access road,6.5782,3.972036,Other,2026-02-13 04:03:00
2233,PP20140919223,2014-09-19,Zainab Bamidele,Female,2348059673850,zainab.bamidele15@yahoo.com,74076612295,Ikorodu Division,Ikorodu,04th,94118.0,Sudden burst water pipe inside bathroom wall causing flooding,6.627901,3.514677,Other,2026-02-13 04:03:00
2234,PP20081215599,2008-12-15,Seyi Ekanem,Male,2348074665716,seyi.ekanem56@gmail.com,52486819901,Badagry Division,Amuwo-Odofin,22nd,94116.0,Septic tank backflow causing strong sewage odor indoors,6.451074,3.253874,Other,2026-02-13 04:03:00
2235,PP20100907638,2010-09-07,Seyi Abiola,Male,2348126391335,seyi.abiola70@gmail.com,59675528142,Lagos Island Division,Apapa,24th,94122.0,"install new bedroom at the garage floor, laundry set up, drain shower pan,relocated water heater and bar sink",6.452032,3.371838,Other,2026-02-13 04:03:00
2236,PP20080602181,2008-06-02,Bola Ogunleye,Female,2348166290280,bola.ogunleye65@yahoo.com,1590194093,Ikorodu Division,Ikorodu,18th,94114.0,Water pipeline rupture near highway causing erosion,6.63235,3.515942,Other,2026-02-13 04:03:00
2237,PP20140903758,2014-09-03,Opeyemi Okafor,Female,2348157152613,opeyemi.okafor44@outlook.com,44498845765,Ikeja Division,Kosofe,Cielito,94134.0,to comply with nov201209622-remove (e) kitchen. legalize (e) bathroom.,6.591758,3.421841,Other,2026-02-13 04:03:00
2238,PP20170707792,2017-07-07,Adaeze Owolabi,Female,2349098531983,adaeze.owolabi22@yahoo.com,32327550471,Ikeja Division,Alimosho,Delano,94112.0,Water pipeline rupture near highway causing erosion,6.604388,3.302566,Other,2026-02-13 04:03:00
2239,PP20150828530,2015-08-28,Opeyemi Afolabi,Female,2349081647733,opeyemi.afolabi95@hotmail.com,28394641658,Ikeja Division,Ifako-Ijaiye,Fillmore,94117.0,1 shower pan,6.655855,3.339139,Other,2026-02-13 04:03:00
2240,PP20110615902,2011-06-15,Ayomide Chukwu,Male,2348177267793,ayomide.chukwu73@outlook.com,11790740905,Badagry Division,Ajeromi-Ifelodun,Pine,94109.0,Water pipeline rupture near highway causing erosion,6.454755,3.336158,Other,2026-02-13 04:03:00
2241,PP20160328158,2016-03-28,Ayomide Ojo,Male,2348119375434,ayomide.ojo20@yahoo.com,91100343571,Ikeja Division,Agege,Turk,94102.0,Minor kitchen sink pipe leakage under cabinet,6.607048,3.341534,Other,2026-02-13 04:03:00
2242,PP20190118416,2019-01-18,Olamide Ojo,Male,2348170678289,olamide.ojo89@outlook.com,1953610485,Lagos Island Division,Surulere,Van Ness,94109.0,Severe shower pipe rupture flooding entire bathroom,6.496561,3.344852,Other,2026-02-13 04:03:00
2243,PP20090625260,2009-06-25,Aisha Afolabi,Female,2348079508857,aisha.afolabi79@yahoo.com,50031259091,Epe Division,Ibeju-Lekki,Union,94123.0,High-pressure pipe burst affecting multiple residential buildings,6.474207,3.579221,Other,2026-02-13 04:03:00
2244,PP20161101347,2016-11-01,Zainab Ojo,Female,2348064466643,zainab.ojo84@yahoo.com,35289364588,Ikorodu Division,Ikorodu,San Bruno,94134.0,Water main leakage along roadside causing traffic obstruction,6.628211,3.510513,Other,2026-02-13 04:03:00
2245,PP20120313113,2012-03-13,Zainab Mohammed,Female,2348100051231,zainab.mohammed19@hotmail.com,51811163770,Lagos Island Division,Eti-Osa,San Fernando,94127.0,Water pipeline rupture near highway causing erosion,6.437054,3.412324,Other,2026-02-13 04:03:00
2246,PP20180207622,2018-02-07,Chukwudi Adeyemi,Male,2348126902187,chukwudi.adeyemi21@outlook.com,3129198565,Ikeja Division,Alimosho,Naples,94112.0,Toilet overflow due to heavily blocked drain system,6.603107,3.290414,Other,2026-02-13 04:03:00
2247,PP20120504350,2012-05-04,Aisha Afolabi,Female,2348054254197,aisha.afolabi97@yahoo.com,4297680110,Ikorodu Division,Ikorodu,York,94110.0,Public tap pipe severely damaged in residential community,6.627967,3.527274,Other,2026-02-13 04:03:00
2248,PP20150417823,2015-04-17,Seyi Yakubu,Male,2348082041189,seyi.yakubu24@outlook.com,73690779284,Lagos Island Division,Eti-Osa,Innes,94124.0,Water heater pipe leakage soaking utility area,6.425048,3.432668,Other,2026-02-13 04:03:00
2249,PP20180406358,2018-04-06,Chisom Eze,Female,2349065091621,chisom.eze79@yahoo.com,44091018843,Ikeja Division,Ikeja,23rd,94110.0,Minor kitchen sink pipe leakage under cabinet,6.580103,3.339558,Other,2026-02-13 04:03:00
2250,PP20180813926,2018-08-13,Ngozi Ekanem,Female,2349057715463,ngozi.ekanem92@hotmail.com,15879358993,Ikeja Division,Oshodi-Isolo,Minerva,94112.0,Minor kitchen sink pipe leakage under cabinet,6.544012,3.294575,Other,2026-02-13 04:03:00
2251,PP20110106189,2011-01-06,Oluwaseun Owolabi,Male,2348151928978,oluwaseun.owolabi71@hotmail.com,87284074418,Epe Division,Ibeju-Lekki,Harold,94112.0,Bathroom floor drain completely clogged with wastewater backup,6.454164,3.58913,Other,2026-02-13 04:03:00
2252,PP20100617817,2010-06-17,Abdulrahman Okafor,Male,2349044660476,abdulrahman.okafor59@gmail.com,59261614998,Badagry Division,Ajeromi-Ifelodun,Mission,94105.0,Water pipeline rupture near highway causing erosion,6.464559,3.337094,Other,2026-02-13 04:03:00
2253,PP20191011258,2019-10-11,Bola Adeyemi,Female,2348037190225,bola.adeyemi63@yahoo.com,85233833457,Ikorodu Division,Ikorodu,Carolina,94107.0,to comply with physical inspection report cc-8375,6.626305,3.513156,Other,2026-02-13 04:03:00
2254,PP20190508620,2019-05-08,Emeka Balogun,Male,2348142672802,emeka.balogun37@hotmail.com,4893780774,Ikorodu Division,Ikorodu,Bush,94108.0,Flooding due to collapsed drainage system after rainfall,6.625978,3.509805,Other,2026-02-13 04:03:00
2255,PP20140903777,2014-09-03,Amaka Owolabi,Female,2349026431626,amaka.owolabi60@gmail.com,91644597026,Lagos Island Division,Surulere,Jones,94109.0,kitchen and bath remodel.,6.48503,3.371378,Other,2026-02-13 04:03:00
2256,PP20081007740,2008-10-07,Temitope Owolabi,Female,2348126165934,temitope.owolabi83@gmail.com,89133644617,Lagos Island Division,Apapa,Henry,94114.0,Major pipe burst near primary school disrupting access road,6.442909,3.349644,Other,2026-02-13 04:03:00
2257,PP20140519815,2014-05-19,Kunle Bamidele,Male,2348104215567,kunle.bamidele10@gmail.com,54015585062,Lagos Island Division,Apapa,23rd,94114.0,Water pipeline rupture near highway causing erosion,6.447021,3.349872,Other,2026-02-13 04:03:00
2258,PP20170718082,2017-07-18,Seyi Chukwu,Male,2348067055284,seyi.chukwu78@gmail.com,75227512563,Ikeja Division,Mushin,Harrison,94107.0,High-pressure pipe burst affecting multiple residential buildings,6.523126,3.358041,Other,2026-02-13 04:03:00
2259,PP20160323987,2016-03-23,Tunde Ojo,Male,2348196929935,tunde.ojo64@gmail.com,72567345082,Lagos Island Division,Apapa,Sansome,94104.0,Severe shower pipe rupture flooding entire bathroom,6.452283,3.350022,Other,2026-02-13 04:03:00
2260,PP20081021336,2008-10-21,Chisom Afolabi,Female,2349073879956,chisom.afolabi98@hotmail.com,16339868029,Badagry Division,Amuwo-Odofin,Buena Vista,94117.0,High-pressure pipe burst affecting multiple residential buildings,6.445123,3.260743,Other,2026-02-13 04:03:00
2261,PP20191126552,2019-11-26,Ngozi Mohammed,Female,2349071467425,ngozi.mohammed54@gmail.com,95043364608,Badagry Division,Ajeromi-Ifelodun,Turk,94102.0,Bathroom floor drain completely clogged with wastewater backup,6.471664,3.354051,Other,2026-02-13 04:03:00
2262,PP20200107490,2020-01-07,Oluwaseun Nwosu,Male,2349047885338,oluwaseun.nwosu89@hotmail.com,76915327324,Ikorodu Division,Ikorodu,Brazil,94112.0,Public tap pipe severely damaged in residential community,6.631201,3.521943,Other,2026-02-13 04:03:00
2263,PP20100728745,2010-07-28,Ngozi Umeh,Female,2349037845244,ngozi.umeh49@yahoo.com,89283931732,Lagos Island Division,Eti-Osa,Vallejo,94123.0,Sudden burst water pipe inside bathroom wall causing flooding,6.419221,3.429539,Other,2026-02-13 04:03:00
2264,PP20140310835,2014-03-10,Femi Eze,Male,2349019586718,femi.eze70@hotmail.com,20744344858,Badagry Division,Badagry,Valencia,94110.0,re-install plumbing fixtures for fire damaged kitchen.,6.414469,2.87949,Other,2026-02-13 04:03:00
2265,PP20090313858,2009-03-13,Uche Nwosu,Male,2349029463679,uche.nwosu33@hotmail.com,72151220478,Badagry Division,Badagry,Cesar Chavez,94131.0,renew expired permit pp20070827965 for final inspection,6.41668,2.894452,Other,2026-02-13 04:03:00
2266,PP20120419973,2012-04-19,Kelechi Ajayi,Male,2348123424724,kelechi.ajayi23@hotmail.com,64788812142,Lagos Island Division,Eti-Osa,Hale,94134.0,Water main leakage along roadside causing traffic obstruction,6.438108,3.413115,Other,2026-02-13 04:03:00
2267,PP20190924673,2019-09-24,Oluwaseun Ibrahim,Male,2349090120884,oluwaseun.ibrahim97@outlook.com,81444096118,Badagry Division,Amuwo-Odofin,Washington,94115.0,amend pa's pp20190613697 and pp20190415900. add'l scope: add laundry and replace water heater,6.457425,3.243624,Other,2026-02-13 04:03:00
2268,PP20120117749,2012-01-17,Amaka Yakubu,Female,2348163434671,amaka.yakubu84@gmail.com,8544456813,Ikeja Division,Ikeja,Webster,94123.0,Toilet overflow due to heavily blocked drain system,6.603967,3.348466,Other,2026-02-13 04:03:00
2269,PP20080501323,2008-05-01,Adaeze Danladi,Female,2349037684574,adaeze.danladi10@outlook.com,45622881334,Lagos Island Division,Lagos Mainland,Hale,94134.0,Septic tank backflow causing strong sewage odor indoors,6.522211,3.386862,Other,2026-02-13 04:03:00
2270,PP20151104294,2015-11-04,Ayomide Okafor,Male,2348113724796,ayomide.okafor85@gmail.com,13253027261,Ikeja Division,Ifako-Ijaiye,17th,94116.0,Minor kitchen sink pipe leakage under cabinet,6.659398,3.348052,Other,2026-02-13 04:03:00
2271,PP20100218128,2010-02-18,Yetunde Bamidele,Female,2348193116225,yetunde.bamidele82@outlook.com,46007132415,Lagos Island Division,Lagos Mainland,20th,94110.0,Public tap pipe severely damaged in residential community,6.506189,3.373223,Other,2026-02-13 04:03:00
2272,PP20190926780,2019-09-26,Chioma Ekanem,Female,2349050056839,chioma.ekanem12@hotmail.com,74645890982,Lagos Island Division,Apapa,Howard,94105.0,Cracked underground pipe slowly flooding compound,6.452502,3.364843,Other,2026-02-13 04:03:00
2273,PP20110525438,2011-05-25,Uche Eze,Male,2348082380462,uche.eze77@yahoo.com,92370362649,Badagry Division,Amuwo-Odofin,45th,94121.0,Water heater pipe leakage soaking utility area,6.448995,3.249426,Other,2026-02-13 04:03:00
2274,PP20120619453,2012-06-19,Chioma Nnamdi,Female,2348031042608,chioma.nnamdi63@gmail.com,87236195885,Epe Division,Ibeju-Lekki,Clement,94118.0,Septic tank backflow causing strong sewage odor indoors,6.474106,3.582689,Other,2026-02-13 04:03:00
2275,PP20150609375,2015-06-09,Tunde Danladi,Male,2349017935867,tunde.danladi70@hotmail.com,55952359006,Badagry Division,Badagry,Powell,94102.0,Water main leakage along roadside causing traffic obstruction,6.428932,2.893393,Other,2026-02-13 04:03:00
2276,PP20080515709,2008-05-15,Femi Ajayi,Male,2349061801229,femi.ajayi92@outlook.com,4975211388,Badagry Division,Badagry,Pacific,94109.0,Low water pressure affecting entire household supply,6.423728,2.875338,Other,2026-02-13 04:03:00
2277,PP20150306588,2015-03-06,Femi Balogun,Male,2349034507598,femi.balogun11@yahoo.com,4836539661,Lagos Island Division,Surulere,Mission,94110.0,to comply with complaint #201472991 - for w/h install.,6.496106,3.357795,Other,2026-02-13 04:03:00
2278,PP20091110245,2009-11-10,Kelechi Eze,Male,2348076355357,kelechi.eze69@gmail.com,68555155818,Badagry Division,Ojo,Hayes,94117.0,"unit 8 - 2 sink, 1 toilet, 1 bath tub, washer and dryer.",6.450944,3.186602,Other,2026-02-13 04:03:00
2279,PP20110926262,2011-09-26,Adaeze Chukwu,Female,2348071833699,adaeze.chukwu28@outlook.com,48991414666,Ikeja Division,Mushin,Virginia,94110.0,Major pipe burst near primary school disrupting access road,6.521924,3.361154,Other,2026-02-13 04:03:00
2280,PP20141008819,2014-10-08,Oluwaseun Mohammed,Male,2348083526520,oluwaseun.mohammed56@gmail.com,46564181281,Ikeja Division,Ifako-Ijaiye,Dellbrook,94131.0,Blocked drainage channel causing street-level flooding,6.659098,3.34579,Other,2026-02-13 04:03:00
2281,PP20131219867,2013-12-19,Obinna Owolabi,Male,2349094916635,obinna.owolabi33@hotmail.com,72589928647,Lagos Island Division,Eti-Osa,Jerrold,94124.0,Cracked underground pipe slowly flooding compound,6.424137,3.424093,Other,2026-02-13 04:03:00
2282,PP20160509293,2016-05-09,Femi Ibrahim,Male,2348191513398,femi.ibrahim90@hotmail.com,56295269597,Lagos Island Division,Surulere,Mission,94110.0,Septic tank backflow causing strong sewage odor indoors,6.504819,3.355094,Other,2026-02-13 04:03:00
2283,PP20160212882,2016-02-12,Temitope Chukwu,Female,2348126604225,temitope.chukwu89@yahoo.com,75199505558,Ikeja Division,Oshodi-Isolo,York,94110.0,Toilet overflow due to heavily blocked drain system,6.562125,3.295808,Other,2026-02-13 04:03:00
2284,PP20160122261,2016-01-22,Oluwaseun Ibrahim,Male,2348067373244,oluwaseun.ibrahim58@hotmail.com,36271140025,Ikeja Division,Ikeja,San Jose,94110.0,Persistent dripping tap in kitchen wasting water daily,6.616321,3.351641,Other,2026-02-13 04:03:00
2285,PP20130122585,2013-01-22,Chukwudi Bamidele,Male,2348129077793,chukwudi.bamidele75@gmail.com,95760030090,Ikeja Division,Ikeja,Mission,94112.0,Severe shower pipe rupture flooding entire bathroom,6.595836,3.348508,Other,2026-02-13 04:03:00
2286,PP20190304617,2019-03-04,Yetunde Nnamdi,Female,2348158926583,yetunde.nnamdi40@yahoo.com,29197697384,Epe Division,Epe,Octavia,94123.0,Bathroom floor drain completely clogged with wastewater backup,6.592089,3.977755,Other,2026-02-13 04:03:00
2287,PP20120720184,2012-07-20,Chukwudi Eze,Male,2348065727766,chukwudi.eze63@yahoo.com,63078897024,Ikeja Division,Kosofe,Van Ness,94109.0,Water main leakage along roadside causing traffic obstruction,6.575806,3.414485,Other,2026-02-13 04:03:00
2288,PP20170328084,2017-03-28,Kunle Akinyemi,Male,2349041197572,kunle.akinyemi70@outlook.com,67042650144,Lagos Island Division,Eti-Osa,Stonecrest,94132.0,Bathroom floor drain completely clogged with wastewater backup,6.42133,3.440105,Other,2026-02-13 04:03:00
2289,PP20101109027,2010-11-09,Ayomide Umeh,Male,2348025184497,ayomide.umeh69@hotmail.com,3884610135,Ikeja Division,Oshodi-Isolo,14th,94103.0,Low water pressure affecting entire household supply,6.547936,3.316416,Other,2026-02-13 04:03:00
2290,PP20180801629,2018-08-01,Tunde Adebisi,Male,2348082893931,tunde.adebisi52@gmail.com,21678971200,Badagry Division,Ojo,Market,94102.0,Water main leakage along roadside causing traffic obstruction,6.463095,3.173155,Other,2026-02-13 04:03:00
2291,PP20141030411,2014-10-30,Tunde Mohammed,Male,2349023627791,tunde.mohammed49@hotmail.com,52397458124,Ikeja Division,Ifako-Ijaiye,Girard,94134.0,Severe shower pipe rupture flooding entire bathroom,6.66974,3.33644,Other,2026-02-13 04:03:00
2292,PP20100430696,2010-04-30,Kelechi Afolabi,Male,2348067003107,kelechi.afolabi94@yahoo.com,17132335999,Ikeja Division,Mushin,Sutro Heights,94121.0,Sewer overflow spreading wastewater near market area,6.525417,3.366531,Other,2026-02-13 04:03:00
2293,PP20130628065,2013-06-28,Femi Akinyemi,Male,2348033217289,femi.akinyemi72@hotmail.com,82076149383,Lagos Island Division,Eti-Osa,Fillmore,94123.0,Sudden burst water pipe inside bathroom wall causing flooding,6.443315,3.431089,Other,2026-02-13 04:03:00
2294,PP20160106780,2016-01-06,Bola Oladipo,Female,2349048249587,bola.oladipo53@yahoo.com,47255682444,Ikeja Division,Kosofe,Frederick,94117.0,kitchen remodel.,6.578703,3.405902,Other,2026-02-13 04:03:00
2295,PP20140127717,2014-01-27,Oluwaseun Umeh,Male,2348031444374,oluwaseun.umeh37@yahoo.com,50825367395,Ikeja Division,Ifako-Ijaiye,Denslowe,94132.0,Blocked drainage channel causing street-level flooding,6.663664,3.330562,Other,2026-02-13 04:03:00
2296,PP20140722559,2014-07-22,Zainab Bamidele,Female,2348199403055,zainab.bamidele65@hotmail.com,96968723866,Ikeja Division,Kosofe,31st,94121.0,Cracked underground pipe slowly flooding compound,6.588758,3.394984,Other,2026-02-13 04:03:00
2297,PP20081230982,2008-12-30,Abdulrahman Ogunleye,Male,2348027310269,abdulrahman.ogunleye43@yahoo.com,1033440657,Ikeja Division,Ifako-Ijaiye,Noe,94114.0,Severe shower pipe rupture flooding entire bathroom,6.669719,3.330181,Other,2026-02-13 04:03:00
2298,PP20110309577,2011-03-09,Seyi Balogun,Male,2348139746135,seyi.balogun98@hotmail.com,30289612131,Ikeja Division,Agege,Encline,94127.0,Low water pressure affecting entire household supply,6.612725,3.348913,Other,2026-02-13 04:03:00
2299,PP20100209968,2010-02-09,Ijeoma Ekanem,Female,2348184516785,ijeoma.ekanem65@gmail.com,36795852082,Ikeja Division,Alimosho,Jules,94112.0,Public tap pipe severely damaged in residential community,6.613218,3.308102,Other,2026-02-13 04:03:00
2300,PP20160811007,2016-08-11,Temitope Okafor,Female,2348090853980,temitope.okafor70@hotmail.com,1277151692,Ikorodu Division,Ikorodu,Commercial,94111.0,"installation of 10' gas manifold w/ ansul valve for double wok + griddle, also installing a grease trap",6.61724,3.519875,Other,2026-02-13 04:03:00
2301,PP20091102054,2009-11-02,Ijeoma Mohammed,Female,2348032011695,ijeoma.mohammed29@hotmail.com,72950760641,Lagos Island Division,Surulere,Jackson,94115.0,install replacement heating boiler.,6.513251,3.373917,Other,2026-02-13 04:03:00
2302,PP20080715466,2008-07-15,Yetunde Ibrahim,Female,2348148489818,yetunde.ibrahim51@outlook.com,1515775435,Lagos Island Division,Lagos Island,Funston,94116.0,Cracked underground pipe slowly flooding compound,6.443179,3.392163,Other,2026-02-13 04:03:00
2303,PP20150423964,2015-04-23,Chisom Ekanem,Female,2349022867687,chisom.ekanem88@gmail.com,49358879084,Ikeja Division,Oshodi-Isolo,Turk,94118.0,Underground water pipe burst near hospital entrance,6.550148,3.312993,Other,2026-02-13 04:03:00
2304,PP20081208282,2008-12-08,Ngozi Ogunleye,Female,2348061413145,ngozi.ogunleye82@hotmail.com,27781939150,Epe Division,Ibeju-Lekki,Ellis,94115.0,Bathroom floor drain completely clogged with wastewater backup,6.476864,3.576611,Other,2026-02-13 04:03:00
2305,PP20080407543,2008-04-07,Opeyemi Adebisi,Female,2348130714742,opeyemi.adebisi40@outlook.com,92167180121,Lagos Island Division,Lagos Island,Taraval,94116.0,plumbing inspection (final) for kitchen in unit # 8 bathroon in unit #5 & bath in unit #7,6.454778,3.374501,Other,2026-02-13 04:03:00
2306,PP20110404213,2011-04-04,Chukwudi Nnamdi,Male,2349050076992,chukwudi.nnamdi79@hotmail.com,7045626792,Ikeja Division,Oshodi-Isolo,Mission,94110.0,Blocked drainage channel causing street-level flooding,6.568019,3.302976,Other,2026-02-13 04:03:00
2307,PP20171222441,2017-12-22,Kunle Nwosu,Male,2349077096111,kunle.nwosu85@outlook.com,40872300558,Badagry Division,Ajeromi-Ifelodun,Kennedy,94124.0,Persistent dripping tap in kitchen wasting water daily,6.467259,3.330204,Other,2026-02-13 04:03:00
2308,PP20180501013,2018-05-01,Seyi Nnamdi,Male,2349046338986,seyi.nnamdi60@yahoo.com,42576920353,Ikeja Division,Ifako-Ijaiye,29th,94121.0,Flooding due to collapsed drainage system after rainfall,6.68126,3.300225,Other,2026-02-13 04:03:00
2309,PP20171012459,2017-10-12,Bola Ojo,Female,2348179379226,bola.ojo31@hotmail.com,49644103972,Ikeja Division,Ifako-Ijaiye,Connecticut,94107.0,Sewer overflow spreading wastewater near market area,6.669634,3.327542,Other,2026-02-13 04:03:00
2310,PP20131218788,2013-12-18,Uche Chukwu,Male,2348148330026,uche.chukwu43@outlook.com,59188371915,Lagos Island Division,Lagos Island,Ritch,94107.0,Water heater pipe leakage soaking utility area,6.449564,3.411962,Other,2026-02-13 04:03:00
2311,PP20080718628,2008-07-18,Obinna Ibrahim,Male,2348113155837,obinna.ibrahim69@outlook.com,10911452719,Ikorodu Division,Ikorodu,25th,94132.0,"install plumbing for basement includes bathrooms, laundry room, install furnace, heater in garage.",6.610527,3.518218,Other,2026-02-13 04:03:00
2312,PP20110316752,2011-03-16,Ngozi Akinyemi,Female,2348152185798,ngozi.akinyemi33@hotmail.com,23445396738,Lagos Island Division,Lagos Island,Granville,94127.0,Low water pressure affecting entire household supply,6.457663,3.407315,Other,2026-02-13 04:03:00
2313,PP20190416956,2019-04-16,Yetunde Ibrahim,Female,2348190486612,yetunde.ibrahim29@hotmail.com,57804691662,Badagry Division,Ajeromi-Ifelodun,Geary,94115.0,Septic tank backflow causing strong sewage odor indoors,6.460028,3.32597,Other,2026-02-13 04:03:00
2314,PP20110608716,2011-06-08,Ifeanyi Afolabi,Male,2349031984684,ifeanyi.afolabi36@yahoo.com,86946653717,Epe Division,Epe,17th,94110.0,Sewer overflow spreading wastewater near market area,6.594961,3.987853,Other,2026-02-13 04:03:00
2315,PP20150223239,2015-02-23,Temitope Bamidele,Female,2348175370049,temitope.bamidele53@gmail.com,46268608614,Ikeja Division,Oshodi-Isolo,Folsom,94110.0,Water main leakage along roadside causing traffic obstruction,6.538151,3.302707,Other,2026-02-13 04:03:00
2316,PP20160104700,2016-01-04,Adebayo Ibrahim,Male,2348111274255,adebayo.ibrahim74@outlook.com,91683257774,Ikeja Division,Oshodi-Isolo,Broadway,94123.0,Bathroom floor drain completely clogged with wastewater backup,6.557464,3.316478,Other,2026-02-13 04:03:00
2317,PP20110919098,2011-09-19,Oluwaseun Oladipo,Male,2348164451512,oluwaseun.oladipo55@hotmail.com,51542731211,Lagos Island Division,Apapa,Market,94105.0,fire sprinkler tenant improvement on the 8th floor macys.com space ar&b 10-192.,6.442008,3.329857,Other,2026-02-13 04:03:00
2318,PP20131009888,2013-10-09,Chioma Adebisi,Female,2348030083496,chioma.adebisi63@hotmail.com,26909502371,Lagos Island Division,Apapa,Kansas,94107.0,Blocked drainage channel causing street-level flooding,6.454032,3.346797,Other,2026-02-13 04:03:00
2319,PP20080416840,2008-04-16,Chisom Ojo,Female,2349019839907,chisom.ojo48@gmail.com,62051252426,Lagos Island Division,Lagos Mainland,Washington,94111.0,Water pipeline rupture near highway causing erosion,6.504227,3.350877,Other,2026-02-13 04:03:00
2320,PP20160224195,2016-02-24,Zainab Oladipo,Female,2348066284428,zainab.oladipo16@yahoo.com,60526092917,Epe Division,Ibeju-Lekki,Teresita,94127.0,Cracked underground pipe slowly flooding compound,6.47814,3.586286,Other,2026-02-13 04:03:00
2321,PP20130924419,2013-09-24,Olamide Ojo,Male,2348051889339,olamide.ojo52@hotmail.com,78816635050,Badagry Division,Ajeromi-Ifelodun,California,94109.0,Sudden burst water pipe inside bathroom wall causing flooding,6.464443,3.34719,Other,2026-02-13 04:03:00
2322,PP20140402571,2014-04-02,Ifeanyi Nwosu,Male,2349058792565,ifeanyi.nwosu93@gmail.com,43544291697,Badagry Division,Amuwo-Odofin,20th,94122.0,Persistent dripping tap in kitchen wasting water daily,6.456373,3.266163,Other,2026-02-13 04:03:00
2323,PP20100723638,2010-07-23,Bola Okafor,Female,2349028318254,bola.okafor52@gmail.com,48027419802,Ikeja Division,Kosofe,46th,94122.0,Sudden burst water pipe inside bathroom wall causing flooding,6.569373,3.416354,Other,2026-02-13 04:03:00
2324,PP20160211837,2016-02-11,Chukwudi Bamidele,Male,2348161082688,chukwudi.bamidele82@outlook.com,36311906891,Ikorodu Division,Ikorodu,Mission,94103.0,bathroom,6.603233,3.508206,Other,2026-02-13 04:03:00
2325,PP20140130808,2014-01-30,Aisha Eze,Female,2348189578254,aisha.eze36@hotmail.com,67238357910,Epe Division,Epe,Buchanan,94115.0,High-pressure pipe burst affecting multiple residential buildings,6.581514,3.989866,Other,2026-02-13 04:03:00
2326,PP20090401311,2009-04-01,Bola Ajayi,Female,2348096805439,bola.ajayi34@hotmail.com,60341939630,Ikorodu Division,Ikorodu,Balboa,94121.0,install hand sink on counter,6.619856,3.516734,Other,2026-02-13 04:03:00
2327,PP20080611475,2008-06-11,Zainab Mohammed,Female,2348180396309,zainab.mohammed75@gmail.com,93543195553,Ikeja Division,Kosofe,20th,94114.0,renew permit #486257 for final inspection.,6.590334,3.438249,Other,2026-02-13 04:03:00
2328,PP20141009876,2014-10-09,Aisha Umeh,Female,2348020946871,aisha.umeh18@outlook.com,70977488931,Badagry Division,Ojo,Jones,94102.0,Major pipe burst near primary school disrupting access road,6.457847,3.17359,Other,2026-02-13 04:03:00
2329,PP20161026169,2016-10-26,Temitope Umeh,Female,2348113944350,temitope.umeh88@gmail.com,7762297710,Ikeja Division,Oshodi-Isolo,Market,94105.0,Open manhole with visible sewage leakage on street,6.556061,3.300077,Other,2026-02-13 04:03:00
2330,PP20120730415,2012-07-30,Tunde Ajayi,Male,2349013378353,tunde.ajayi30@yahoo.com,207783763,Ikeja Division,Agege,Sutter,94115.0,Bathroom floor drain completely clogged with wastewater backup,6.63032,3.333168,Other,2026-02-13 04:03:00
2331,PP20080829012,2008-08-29,Ifeanyi Ajayi,Male,2348068358266,ifeanyi.ajayi25@yahoo.com,2771603633,Ikeja Division,Oshodi-Isolo,Bertha,94124.0,"interior plumbing fixture includes w.c., lav, kit, tub, range. (bldg# 19)",6.547944,3.303387,Other,2026-02-13 04:03:00
2332,PP20190307761,2019-03-07,Zainab Chukwu,Female,2348021475625,zainab.chukwu35@hotmail.com,60456661586,Badagry Division,Amuwo-Odofin,Pfeiffer,94133.0,Flooding due to collapsed drainage system after rainfall,6.457184,3.248423,Other,2026-02-13 04:03:00
2333,PP20130509608,2013-05-09,Temitope Nwosu,Female,2348112564977,temitope.nwosu38@gmail.com,61682151093,Badagry Division,Amuwo-Odofin,Kansas,94107.0,Open manhole with visible sewage leakage on street,6.443583,3.266654,Other,2026-02-13 04:03:00
2334,PP20161103385,2016-11-03,Chioma Nnamdi,Female,2349056266393,chioma.nnamdi55@hotmail.com,89225579577,Ikeja Division,Oshodi-Isolo,Urbano,94127.0,Persistent dripping tap in kitchen wasting water daily,6.545038,3.308456,Other,2026-02-13 04:03:00
2335,PP20090604803,2009-06-04,Opeyemi Nwosu,Female,2349029642555,opeyemi.nwosu80@gmail.com,64305736246,Lagos Island Division,Eti-Osa,Guerrero,94110.0,Cracked underground pipe slowly flooding compound,6.439623,3.405587,Other,2026-02-13 04:03:00
2336,PP20141203226,2014-12-03,Uche Yakubu,Male,2348039669353,uche.yakubu24@gmail.com,88635328472,Lagos Island Division,Apapa,Oak,94117.0,"install one new bathroom with toilet, vanity and shower. remodel one other bathroom and a kitchen, 1 shower pan.",6.453603,3.348449,Other,2026-02-13 04:03:00
2337,PP20150313807,2015-03-13,Obinna Adeyemi,Male,2348183586154,obinna.adeyemi18@gmail.com,80131861351,Lagos Island Division,Lagos Island,22nd,94116.0,Sudden burst water pipe inside bathroom wall causing flooding,6.462328,3.385073,Other,2026-02-13 04:03:00
2338,PP20130401559,2013-04-01,Emeka Ibrahim,Male,2349057728568,emeka.ibrahim41@yahoo.com,82134322225,Ikeja Division,Ikeja,Kansas,94107.0,Public tap pipe severely damaged in residential community,6.608728,3.362558,Other,2026-02-13 04:03:00
2339,PP20130730821,2013-07-30,Adebayo Akinyemi,Male,2348166980028,adebayo.akinyemi68@hotmail.com,36630865488,Lagos Island Division,Surulere,Stonecrest,94132.0,Cracked underground pipe slowly flooding compound,6.505514,3.363313,Other,2026-02-13 04:03:00
2340,PP20110304444,2011-03-04,Femi Ekanem,Male,2348020471350,femi.ekanem93@outlook.com,95760189321,Badagry Division,Ojo,Laguna,94115.0,Major pipe burst near primary school disrupting access road,6.458687,3.177236,Other,2026-02-13 04:03:00
2341,PP20131009869,2013-10-09,Oluwaseun Mohammed,Male,2348173388579,oluwaseun.mohammed92@yahoo.com,76820844277,Ikeja Division,Ikeja,California,94115.0,Flooding due to collapsed drainage system after rainfall,6.61651,3.344505,Other,2026-02-13 04:03:00
2342,PP20131112869,2013-11-12,Amaka Yakubu,Female,2349039721547,amaka.yakubu68@yahoo.com,3581690939,Ikeja Division,Alimosho,Washington,94115.0,Blocked drainage channel causing street-level flooding,6.598629,3.301654,Other,2026-02-13 04:03:00
2343,PP20180530823,2018-05-30,Oluwaseun Akinyemi,Male,2348029269394,oluwaseun.akinyemi20@hotmail.com,62237279877,Lagos Island Division,Eti-Osa,Precita,94110.0,1st and 2nd floor: kitchen and bath remodel. relocate one bathroom and build new master bathroom,6.425139,3.412399,Other,2026-02-13 04:03:00
2344,PP20111115477,2011-11-15,Ijeoma Akinyemi,Female,2348100068379,ijeoma.akinyemi35@yahoo.com,83270903929,Epe Division,Ibeju-Lekki,North Point,94133.0,Public tap pipe severely damaged in residential community,6.455564,3.580171,Other,2026-02-13 04:03:00
2345,PP20110401196,2011-04-01,Abdulrahman Adebisi,Male,2348176148822,abdulrahman.adebisi11@yahoo.com,18428739447,Badagry Division,Badagry,Francisco,94109.0,High-pressure pipe burst affecting multiple residential buildings,6.414173,2.887431,Other,2026-02-13 04:03:00
2346,PP20090608859,2009-06-08,Oluwaseun Umeh,Male,2348036546348,oluwaseun.umeh50@yahoo.com,62551062474,Badagry Division,Badagry,20th,94110.0,Septic tank backflow causing strong sewage odor indoors,6.424513,2.890269,Other,2026-02-13 04:03:00
2347,PP20150406475,2015-04-06,Obinna Ojo,Male,2348188351285,obinna.ojo40@outlook.com,44610346089,Lagos Island Division,Surulere,Cesar Chavez,94131.0,Flooding due to collapsed drainage system after rainfall,6.494991,3.358818,Other,2026-02-13 04:03:00
2348,PP20111012659,2011-10-12,Ayomide Chukwu,Male,2349074165157,ayomide.chukwu64@gmail.com,35083475929,Lagos Island Division,Lagos Island,Folsom,94110.0,Bathroom floor drain completely clogged with wastewater backup,6.459202,3.407426,Other,2026-02-13 04:03:00
2349,PP20090917065,2009-09-17,Emeka Ibrahim,Male,2348150301055,emeka.ibrahim70@gmail.com,75142382478,Ikeja Division,Oshodi-Isolo,Potrero,94110.0,Open manhole with visible sewage leakage on street,6.554863,3.303409,Other,2026-02-13 04:03:00
2350,PP20080311802,2008-03-11,Oluwaseun Ojo,Male,2348193375143,oluwaseun.ojo45@hotmail.com,63811312420,Badagry Division,Ajeromi-Ifelodun,Oak,94117.0,Open manhole with visible sewage leakage on street,6.456771,3.318848,Other,2026-02-13 04:03:00
2351,PP20150730735,2015-07-30,Chinedu Ogunleye,Male,2348123742930,chinedu.ogunleye32@yahoo.com,25282224648,Epe Division,Epe,Mount Vernon,94112.0,Blocked drainage channel causing street-level flooding,6.590663,3.98938,Other,2026-02-13 04:03:00
2352,PP20120718144,2012-07-18,Zainab Okoye,Female,2349059351487,zainab.okoye27@outlook.com,50827273056,Badagry Division,Ajeromi-Ifelodun,Potrero,94103.0,to comply with complaint #200455367. remove kitchen.,6.472474,3.332013,Other,2026-02-13 04:03:00
2353,PP20190529192,2019-05-29,Ayomide Bamidele,Male,2349020927241,ayomide.bamidele43@yahoo.com,75048245431,Ikorodu Division,Ikorodu,27th,94116.0,Underground water pipe burst near hospital entrance,6.633469,3.505659,Other,2026-02-13 04:03:00
2354,PP20180117982,2018-01-17,Amaka Oladipo,Female,2348170944518,amaka.oladipo37@outlook.com,49007301464,Badagry Division,Ojo,Funston,94118.0,Septic tank backflow causing strong sewage odor indoors,6.470553,3.182613,Other,2026-02-13 04:03:00
2355,PP20131007779,2013-10-07,Kelechi Danladi,Male,2348031483513,kelechi.danladi58@hotmail.com,95629475181,Ikeja Division,Oshodi-Isolo,Massasoit,94110.0,Toilet overflow due to heavily blocked drain system,6.547516,3.314025,Other,2026-02-13 04:03:00
2356,PP20181129043,2018-11-29,Chisom Okoye,Female,2348148103303,chisom.okoye80@outlook.com,51960378928,Epe Division,Ibeju-Lekki,Mission,94110.0,Sewer overflow spreading wastewater near market area,6.474096,3.58857,Other,2026-02-13 04:03:00
2357,PP20161110574,2016-11-10,Kunle Abiola,Male,2348172193768,kunle.abiola71@yahoo.com,73094644425,Ikeja Division,Ifako-Ijaiye,Appleton,94110.0,Septic tank backflow causing strong sewage odor indoors,6.670613,3.328221,Other,2026-02-13 04:03:00
2358,PP20181004452,2018-10-04,Chukwudi Danladi,Male,2348100117381,chukwudi.danladi33@outlook.com,39135587492,Lagos Island Division,Lagos Island,Eureka,94114.0,Water heater pipe leakage soaking utility area,6.477984,3.406543,Other,2026-02-13 04:03:00
2359,PP20170824161,2017-08-24,Emeka Okoye,Male,2348163025804,emeka.okoye86@outlook.com,34083744179,Ikeja Division,Agege,Market,94102.0,Cracked underground pipe slowly flooding compound,6.622728,3.337118,Other,2026-02-13 04:03:00
2360,PP20180307418,2018-03-07,Olamide Akinyemi,Male,2349016347124,olamide.akinyemi58@gmail.com,61587926336,Ikeja Division,Agege,Broadway,94123.0,Public tap pipe severely damaged in residential community,6.625572,3.34118,Other,2026-02-13 04:03:00
2361,PP20170127508,2017-01-27,Emeka Ogunleye,Male,2349093428750,emeka.ogunleye68@outlook.com,60051211775,Lagos Island Division,Surulere,Osceola,94124.0,replace drain lines and sewer lines inside (35') outside 10' (open trench),6.497162,3.357764,Other,2026-02-13 04:03:00
2362,PP20150513607,2015-05-13,Chukwudi Adeyemi,Male,2349036943872,chukwudi.adeyemi31@gmail.com,24646963995,Ikeja Division,Ikeja,Sloat,94116.0,Underground water pipe burst near hospital entrance,6.600991,3.319796,Other,2026-02-13 04:03:00
2363,PP20080414734,2008-04-14,Ngozi Bamidele,Female,2348165360059,ngozi.bamidele94@gmail.com,83907378708,Lagos Island Division,Lagos Mainland,Jones,94102.0,"remove unit #509 from pp #20080408596 per inspector, no work done on unit #509.",6.526506,3.374315,Other,2026-02-13 04:03:00
2364,PP20120615379,2012-06-15,Opeyemi Yakubu,Female,2348156868987,opeyemi.yakubu89@yahoo.com,47562889133,Lagos Island Division,Lagos Island,Stanyan,94118.0,High-pressure pipe burst affecting multiple residential buildings,6.470027,3.394893,Other,2026-02-13 04:03:00
2365,PP20090526550,2009-05-26,Kunle Umeh,Male,2348092246960,kunle.umeh78@gmail.com,3215298877,Ikeja Division,Ikeja,06th,94103.0,Severe shower pipe rupture flooding entire bathroom,6.58991,3.351001,Other,2026-02-13 04:03:00
2366,PP20110509033,2011-05-09,Opeyemi Nnamdi,Female,2348187031453,opeyemi.nnamdi69@gmail.com,15391196074,Ikeja Division,Ikeja,Clement,94118.0,Flooding due to collapsed drainage system after rainfall,6.591339,3.356234,Other,2026-02-13 04:03:00
2367,PP20140610390,2014-06-10,Amaka Mohammed,Female,2348163631360,amaka.mohammed15@gmail.com,97101537884,Lagos Island Division,Apapa,04th,94107.0,Severe shower pipe rupture flooding entire bathroom,6.451709,3.368578,Other,2026-02-13 04:03:00
2368,PP20100809015,2010-08-09,Chioma Yakubu,Female,2348173577841,chioma.yakubu20@hotmail.com,56392193840,Ikeja Division,Oshodi-Isolo,Darien,94127.0,water heater install.,6.545691,3.30844,Other,2026-02-13 04:03:00
2369,PP20190701174,2019-07-01,Opeyemi Okoye,Female,2348051850266,opeyemi.okoye88@outlook.com,45954749223,Badagry Division,Badagry,Grove,94102.0,Water heater pipe leakage soaking utility area,6.40135,2.892015,Other,2026-02-13 04:03:00
2370,PP20180601946,2018-06-01,Obinna Nnamdi,Male,2348072645256,obinna.nnamdi60@outlook.com,97861855508,Badagry Division,Badagry,Marview,94131.0,Toilet overflow due to heavily blocked drain system,6.420189,2.889958,Other,2026-02-13 04:03:00
2371,PP20151113568,2015-11-13,Aisha Umeh,Female,2348167115740,aisha.umeh28@yahoo.com,56042813282,Ikorodu Division,Ikorodu,Page,94117.0,Major pipe burst near primary school disrupting access road,6.619416,3.514648,Other,2026-02-13 04:03:00
2372,PP20181113549,2018-11-13,Femi Umeh,Male,2348130983907,femi.umeh90@outlook.com,7006839344,Badagry Division,Ajeromi-Ifelodun,Divisadero,94117.0,Sudden burst water pipe inside bathroom wall causing flooding,6.482743,3.330449,Other,2026-02-13 04:03:00
2373,PP20130614632,2013-06-14,Adaeze Nwosu,Female,2349011008056,adaeze.nwosu12@outlook.com,18988807739,Lagos Island Division,Lagos Mainland,Castro,94114.0,Sewer overflow spreading wastewater near market area,6.525786,3.368339,Other,2026-02-13 04:03:00
2374,PP20090722829,2009-07-22,Ayomide Chukwu,Male,2348064339059,ayomide.chukwu40@yahoo.com,29231898,Badagry Division,Ojo,Castro,94114.0,Toilet overflow due to heavily blocked drain system,6.452317,3.183978,Other,2026-02-13 04:03:00
2375,PP20180716185,2018-07-16,Ijeoma Balogun,Female,2348169667657,ijeoma.balogun56@hotmail.com,96127838316,Ikeja Division,Mushin,Sutter,94109.0,Blocked drainage channel causing street-level flooding,6.538339,3.352037,Other,2026-02-13 04:03:00
2376,PP20170912639,2017-09-12,Ifeanyi Okoye,Male,2349028239572,ifeanyi.okoye26@outlook.com,81758404966,Ikeja Division,Agege,19th,94132.0,Minor kitchen sink pipe leakage under cabinet,6.613141,3.331931,Other,2026-02-13 04:03:00
2377,PP20170606954,2017-06-06,Ifeanyi Owolabi,Male,2348125444868,ifeanyi.owolabi54@gmail.com,39559904647,Badagry Division,Ojo,Hearst,94112.0,Water main leakage along roadside causing traffic obstruction,6.455652,3.18595,Other,2026-02-13 04:03:00
2378,PP20150122408,2015-01-22,Aisha Owolabi,Female,2348178553714,aisha.owolabi69@yahoo.com,8174966072,Lagos Island Division,Lagos Mainland,Van Ness,94102.0,Flooding due to collapsed drainage system after rainfall,6.509427,3.392009,Other,2026-02-13 04:03:00
2379,PP20190115253,2019-01-15,Chukwudi Okoye,Male,2348199105134,chukwudi.okoye84@gmail.com,32169460915,Badagry Division,Ojo,Bay Shore,94134.0,Water pipeline rupture near highway causing erosion,6.454346,3.190219,Other,2026-02-13 04:03:00
2380,PP20191022526,2019-10-22,Yetunde Yakubu,Female,2349069043696,yetunde.yakubu79@hotmail.com,52902306276,Ikorodu Division,Ikorodu,Terra Vista,94115.0,Sewer overflow spreading wastewater near market area,6.6067,3.517188,Other,2026-02-13 04:03:00
2381,PP20181101283,2018-11-01,Tunde Bamidele,Male,2349073394424,tunde.bamidele30@gmail.com,57819894006,Ikorodu Division,Ikorodu,Elsie,94110.0,Toilet overflow due to heavily blocked drain system,6.626119,3.514342,Other,2026-02-13 04:03:00
2382,PP20130327416,2013-03-27,Emeka Chukwu,Male,2349047674178,emeka.chukwu67@outlook.com,59809999679,Epe Division,Ibeju-Lekki,Eddy,94109.0,High-pressure pipe burst affecting multiple residential buildings,6.460056,3.587495,Other,2026-02-13 04:03:00
2383,PP20180618427,2018-06-18,Abdulrahman Yakubu,Male,2348030520578,abdulrahman.yakubu37@gmail.com,30212592930,Lagos Island Division,Lagos Mainland,Clarendon,94114.0,Persistent dripping tap in kitchen wasting water daily,6.512569,3.376672,Other,2026-02-13 04:03:00
2384,PP20130719555,2013-07-19,Temitope Ekanem,Female,2348085042685,temitope.ekanem91@outlook.com,51344323223,Ikeja Division,Mushin,Market,94103.0,Toilet overflow due to heavily blocked drain system,6.537594,3.362567,Other,2026-02-13 04:03:00
2385,PP20121002984,2012-10-02,Emeka Umeh,Male,2349046844934,emeka.umeh55@hotmail.com,88731857375,Lagos Island Division,Lagos Mainland,Market,94102.0,fire sprinkler relocates (12-761) 8th flr,6.524552,3.369452,Other,2026-02-13 04:03:00
2386,PP20141201187,2014-12-01,Chisom Nnamdi,Female,2348092381784,chisom.nnamdi98@yahoo.com,55800409831,Lagos Island Division,Lagos Mainland,Connecticut,94107.0,"remkodel of existing kitchen & master bathroo, shower pan",6.530856,3.379394,Other,2026-02-13 04:03:00
2387,PP20080314907,2008-03-14,Tunde Ekanem,Male,2348095078907,tunde.ekanem34@outlook.com,28727353498,Badagry Division,Amuwo-Odofin,Mississippi,94107.0,Severe shower pipe rupture flooding entire bathroom,6.426797,3.257826,Other,2026-02-13 04:03:00
2388,PP20080617698,2008-06-17,Abdulrahman Okoye,Male,2349025974766,abdulrahman.okoye58@gmail.com,18246130251,Badagry Division,Ajeromi-Ifelodun,Presidio,94115.0,one shower pan inspection,6.466458,3.345325,Other,2026-02-13 04:03:00
2389,PP20190430336,2019-04-30,Chioma Ibrahim,Female,2349068558566,chioma.ibrahim55@outlook.com,76209334211,Badagry Division,Badagry,Munich,94112.0,Sewer overflow spreading wastewater near market area,6.404047,2.853233,Other,2026-02-13 04:03:00
2390,PP20121114073,2012-11-14,Amaka Adebisi,Female,2348037536709,amaka.adebisi72@gmail.com,76082203912,Lagos Island Division,Eti-Osa,Athens,94112.0,Sewer overflow spreading wastewater near market area,6.435891,3.424816,Other,2026-02-13 04:03:00
2391,PP20160719230,2016-07-19,Chioma Oladipo,Female,2348153398530,chioma.oladipo97@gmail.com,2352517405,Ikeja Division,Kosofe,Clay,94115.0,final for all work done on permit pw20150430990.,6.566393,3.406915,Other,2026-02-13 04:03:00
2392,PP20171204821,2017-12-04,Kunle Nwosu,Male,2348108449774,kunle.nwosu21@yahoo.com,23977740887,Lagos Island Division,Eti-Osa,Marview,94131.0,Water heater pipe leakage soaking utility area,6.460652,3.418844,Other,2026-02-13 04:03:00
2393,PP20130830756,2013-08-30,Ijeoma Afolabi,Female,2348183594780,ijeoma.afolabi66@gmail.com,25639685152,Ikeja Division,Alimosho,Harrison,94110.0,ref pp20130328478 - final only for work completed under previous permit pp20130328478.,6.61631,3.288493,Other,2026-02-13 04:03:00
2394,PP20081028694,2008-10-28,Ijeoma Ajayi,Female,2348118594678,ijeoma.ajayi73@outlook.com,62742049923,Ikorodu Division,Ikorodu,Rockdale,94127.0,Bathroom floor drain completely clogged with wastewater backup,6.598497,3.508797,Other,2026-02-13 04:03:00
2395,PP20151002448,2015-10-02,Femi Chukwu,Male,2349089270641,femi.chukwu13@yahoo.com,93255030665,Ikeja Division,Oshodi-Isolo,Belcher,94114.0,shower liner and shower valve,6.550944,3.304101,Other,2026-02-13 04:03:00
2396,PP20080917848,2008-09-17,Chisom Chukwu,Female,2349017420626,chisom.chukwu92@gmail.com,13271910827,Ikeja Division,Ikeja,Clay,94111.0,Underground water pipe burst near hospital entrance,6.600654,3.354143,Other,2026-02-13 04:03:00
2397,PP20190312890,2019-03-12,Tunde Nwosu,Male,2348033134719,tunde.nwosu15@gmail.com,60575892593,Ikeja Division,Oshodi-Isolo,11th,94122.0,Toilet overflow due to heavily blocked drain system,6.552099,3.29546,Other,2026-02-13 04:03:00
2398,PP20091123534,2009-11-23,Olamide Adeyemi,Male,2349029489483,olamide.adeyemi98@outlook.com,92766405524,Badagry Division,Badagry,16th,94103.0,High-pressure pipe burst affecting multiple residential buildings,6.419862,2.865506,Other,2026-02-13 04:03:00
2399,PP20081216681,2008-12-16,Chioma Ibrahim,Female,2349094834433,chioma.ibrahim31@gmail.com,86785494431,Badagry Division,Amuwo-Odofin,Ashton,94112.0,Underground water pipe burst near hospital entrance,6.429496,3.257392,Other,2026-02-13 04:03:00
2400,PP20111109369,2011-11-09,Chukwudi Ojo,Male,2349045650162,chukwudi.ojo68@gmail.com,66777853145,Ikeja Division,Mushin,Great,94121.0,Underground water pipe burst near hospital entrance,6.53237,3.354026,Other,2026-02-13 04:03:00
2401,PP20180607097,2018-06-07,Zainab Akinyemi,Female,2348121534520,zainab.akinyemi76@gmail.com,65336029116,Ikeja Division,Ikeja,Kate,94103.0,Sewer overflow spreading wastewater near market area,6.587846,3.344421,Other,2026-02-13 04:03:00
2402,PP20170831396,2017-08-31,Chisom Ibrahim,Female,2348052536137,chisom.ibrahim11@hotmail.com,42882128723,Lagos Island Division,Lagos Mainland,Haight,94117.0,Persistent dripping tap in kitchen wasting water daily,6.521773,3.363241,Other,2026-02-13 04:03:00
2403,PP20150211947,2015-02-11,Zainab Ojo,Female,2348135929120,zainab.ojo31@outlook.com,43181487029,Ikeja Division,Ifako-Ijaiye,Larkin,94109.0,Septic tank backflow causing strong sewage odor indoors,6.66241,3.335123,Other,2026-02-13 04:03:00
2404,PP20171026896,2017-10-26,Kelechi Abiola,Male,2348021287866,kelechi.abiola67@gmail.com,82326838118,Badagry Division,Ajeromi-Ifelodun,Bush,94109.0,High-pressure pipe burst affecting multiple residential buildings,6.480973,3.329106,Other,2026-02-13 04:03:00
2405,PP20180308488,2018-03-08,Olamide Ajayi,Male,2349046340321,olamide.ajayi95@outlook.com,64483052138,Badagry Division,Ajeromi-Ifelodun,Geary,94102.0,High-pressure pipe burst affecting multiple residential buildings,6.474265,3.314159,Other,2026-02-13 04:03:00
2406,PP20140430366,2014-04-30,Bola Eze,Female,2348037078509,bola.eze13@yahoo.com,76106947494,Lagos Island Division,Lagos Mainland,Commercial,94111.0,Open manhole with visible sewage leakage on street,6.530995,3.371161,Other,2026-02-13 04:03:00
2407,PP20140625813,2014-06-25,Ngozi Okoye,Female,2349064864131,ngozi.okoye22@gmail.com,78176723646,Ikeja Division,Ifako-Ijaiye,31st,94122.0,Bathroom floor drain completely clogged with wastewater backup,6.672873,3.326122,Other,2026-02-13 04:03:00
2408,PP20130429347,2013-04-29,Chukwudi Oladipo,Male,2348111110871,chukwudi.oladipo96@hotmail.com,53155505194,Epe Division,Ibeju-Lekki,Washington,94118.0,High-pressure pipe burst affecting multiple residential buildings,6.483204,3.576256,Other,2026-02-13 04:03:00
2409,PP20081002562,2008-10-02,Tunde Ekanem,Male,2348034317733,tunde.ekanem86@hotmail.com,69048219120,Lagos Island Division,Surulere,Mclaren,94121.0,Sewer overflow spreading wastewater near market area,6.503176,3.358005,Other,2026-02-13 04:03:00
2410,PP20080508512,2008-05-08,Chinedu Akinyemi,Male,2348113982172,chinedu.akinyemi42@yahoo.com,15731424234,Badagry Division,Ojo,Fell,94102.0,Public tap pipe severely damaged in residential community,6.459417,3.181161,Other,2026-02-13 04:03:00
2411,PP20140924365,2014-09-24,Ngozi Ibrahim,Female,2348151774854,ngozi.ibrahim47@yahoo.com,61555624886,Ikeja Division,Mushin,40th,94121.0,Water heater pipe leakage soaking utility area,6.518843,3.354459,Other,2026-02-13 04:03:00
2412,PP20110201751,2011-02-01,Kelechi Afolabi,Male,2348056836210,kelechi.afolabi38@yahoo.com,82606226730,Lagos Island Division,Eti-Osa,09th,94122.0,Underground water pipe burst near hospital entrance,6.432474,3.424312,Other,2026-02-13 04:03:00
2413,PP20090225481,2009-02-25,Femi Eze,Male,2348084128260,femi.eze70@hotmail.com,49382392264,Ikeja Division,Mushin,Vienna,94112.0,Water pipeline rupture near highway causing erosion,6.528145,3.36258,Other,2026-02-13 04:03:00
2414,PP20080701121,2008-07-01,Ifeanyi Mohammed,Male,2349068769731,ifeanyi.mohammed20@yahoo.com,43970884011,Lagos Island Division,Eti-Osa,Oneida,94112.0,Severe shower pipe rupture flooding entire bathroom,6.442335,3.411394,Other,2026-02-13 04:03:00
2415,PP20091106205,2009-11-06,Amaka Nwosu,Female,2348168236179,amaka.nwosu54@gmail.com,59827143430,Epe Division,Ibeju-Lekki,06th,94103.0,Blocked drainage channel causing street-level flooding,6.478688,3.573137,Other,2026-02-13 04:03:00
2416,PP20151109421,2015-11-09,Oluwaseun Okafor,Male,2349074870848,oluwaseun.okafor21@hotmail.com,5763475757,Lagos Island Division,Surulere,Cortland,94110.0,Flooding due to collapsed drainage system after rainfall,6.502779,3.366997,Other,2026-02-13 04:03:00
2417,PP20110419573,2011-04-19,Femi Oladipo,Male,2349089927669,femi.oladipo29@outlook.com,39124340011,Ikeja Division,Oshodi-Isolo,Chilton,94131.0,High-pressure pipe burst affecting multiple residential buildings,6.534487,3.30903,Other,2026-02-13 04:03:00
2418,PP20090331263,2009-03-31,Opeyemi Okafor,Female,2348031113614,opeyemi.okafor80@yahoo.com,79351063318,Ikeja Division,Agege,Dartmouth,94134.0,Persistent dripping tap in kitchen wasting water daily,6.610815,3.328412,Other,2026-02-13 04:03:00
2419,PP20100318733,2010-03-18,Kunle Mohammed,Male,2348166878620,kunle.mohammed52@gmail.com,14522544487,Lagos Island Division,Lagos Mainland,London,94112.0,Water pipeline rupture near highway causing erosion,6.537909,3.372663,Other,2026-02-13 04:03:00
2420,PP20160706886,2016-07-06,Ngozi Nwosu,Female,2349096510933,ngozi.nwosu30@gmail.com,35457551626,Ikeja Division,Mushin,Webster,94115.0,Open manhole with visible sewage leakage on street,6.519236,3.355357,Other,2026-02-13 04:03:00
2421,PP20150501225,2015-05-01,Zainab Chukwu,Female,2349054878968,zainab.chukwu41@gmail.com,43907197626,Ikeja Division,Alimosho,Naples,94112.0,Water main leakage along roadside causing traffic obstruction,6.615856,3.293584,Other,2026-02-13 04:03:00
2422,PP20130614640,2013-06-14,Kelechi Abiola,Male,2348058185319,kelechi.abiola85@gmail.com,4112613306,Badagry Division,Amuwo-Odofin,Powell,94102.0,Water pipeline rupture near highway causing erosion,6.461664,3.25531,Other,2026-02-13 04:03:00
2423,PP20130114406,2013-01-14,Aisha Okafor,Female,2348054862317,aisha.okafor68@hotmail.com,30273067486,Lagos Island Division,Lagos Island,Caselli,94114.0,High-pressure pipe burst affecting multiple residential buildings,6.432318,3.389405,Other,2026-02-13 04:03:00
2424,PP20090812300,2009-08-12,Chukwudi Ekanem,Male,2349052440459,chukwudi.ekanem12@outlook.com,38571424750,Ikeja Division,Ifako-Ijaiye,Grove,94117.0,Public tap pipe severely damaged in residential community,6.664182,3.333394,Other,2026-02-13 04:03:00
2425,PP20140207989,2014-02-07,Yetunde Nnamdi,Female,2349091294244,yetunde.nnamdi60@hotmail.com,69003879250,Epe Division,Ibeju-Lekki,Burnett,94131.0,Sudden burst water pipe inside bathroom wall causing flooding,6.443752,3.61049,Other,2026-02-13 04:03:00
2426,PP20160919077,2016-09-19,Opeyemi Oladipo,Female,2349079872020,opeyemi.oladipo17@yahoo.com,90545841017,Ikeja Division,Oshodi-Isolo,Post,94109.0,Cracked underground pipe slowly flooding compound,6.55891,3.309589,Other,2026-02-13 04:03:00
2427,PP20130809154,2013-08-09,Chisom Afolabi,Female,2348158275287,chisom.afolabi55@yahoo.com,5498344118,Epe Division,Epe,01st,94105.0,"new fixture on kitchen sink, dishwasher and stove",6.595816,4.007037,Other,2026-02-13 04:03:00
2428,PP20120807610,2012-08-07,Emeka Abiola,Male,2348056417033,emeka.abiola15@hotmail.com,25334466053,Ikeja Division,Agege,Whitney,94131.0,Cracked underground pipe slowly flooding compound,6.624207,3.345488,Other,2026-02-13 04:03:00
2429,PP20090714670,2009-07-14,Ifeanyi Ibrahim,Male,2349094306919,ifeanyi.ibrahim67@gmail.com,15611968227,Ikorodu Division,Ikorodu,Dolores,94103.0,Water main leakage along roadside causing traffic obstruction,6.620707,3.509085,Other,2026-02-13 04:03:00
2430,PP20100324866,2010-03-24,Seyi Ekanem,Male,2348054797185,seyi.ekanem88@outlook.com,18678257052,Badagry Division,Ojo,28th,94121.0,Toilet overflow due to heavily blocked drain system,6.456242,3.174739,Other,2026-02-13 04:03:00
2431,PP20110105149,2011-01-05,Chioma Umeh,Female,2348113244367,chioma.umeh63@hotmail.com,78416550055,Ikorodu Division,Ikorodu,Montgomery,94104.0,Flooding due to collapsed drainage system after rainfall,6.61253,3.496994,Other,2026-02-13 04:03:00
2432,PP20190402561,2019-04-02,Temitope Ajayi,Female,2348174866739,temitope.ajayi50@hotmail.com,37859771300,Epe Division,Ibeju-Lekki,Montecito,94112.0,bathroom remodel 64 sq ft remove tub and replace with shower stall; add stacked washer & dryer unit,6.469241,3.568153,Other,2026-02-13 04:03:00
2433,PP20180702817,2018-07-02,Ayomide Okafor,Male,2348084081572,ayomide.okafor79@hotmail.com,56478305013,Ikeja Division,Mushin,Mission,94110.0,final inspection,6.529209,3.354237,Other,2026-02-13 04:03:00
2434,PP20150707084,2015-07-07,Chinedu Adebisi,Male,2348076340369,chinedu.adebisi36@outlook.com,35725213312,Epe Division,Ibeju-Lekki,18th,94121.0,remodel and fix sewer pipe of the half bathroom on second floor.,6.471469,3.579779,Other,2026-02-13 04:03:00
2435,PP20181126883,2018-11-26,Amaka Ojo,Female,2348099935407,amaka.ojo86@gmail.com,89896147005,Lagos Island Division,Apapa,33rd,94116.0,"install water heater. add 3 and half bathrooms and remodel one bathroom, remodel kitchen. new underground new line inside house, install toilets, sinks, faucet.",6.479569,3.372601,Other,2026-02-13 04:03:00
2436,PP20080827756,2008-08-27,Tunde Balogun,Male,2349064996927,tunde.balogun32@yahoo.com,66293893456,Lagos Island Division,Lagos Island,Kearny,94108.0,Persistent dripping tap in kitchen wasting water daily,6.441655,3.397029,Other,2026-02-13 04:03:00
2437,PP20080306648,2008-03-06,Uche Eze,Male,2349041136938,uche.eze23@gmail.com,46164945834,Ikeja Division,Kosofe,Eddy,94109.0,Flooding due to collapsed drainage system after rainfall,6.57722,3.406555,Other,2026-02-13 04:03:00
2438,PP20150928318,2015-09-28,Adebayo Adebisi,Male,2349015359898,adebayo.adebisi76@yahoo.com,42203819388,Lagos Island Division,Eti-Osa,Lobos,94112.0,Cracked underground pipe slowly flooding compound,6.419699,3.426222,Other,2026-02-13 04:03:00
2439,PP20121107891,2012-11-07,Temitope Adebisi,Female,2348118282924,temitope.adebisi85@gmail.com,71251203500,Ikeja Division,Agege,Villa,94114.0,Sewer overflow spreading wastewater near market area,6.608686,3.345678,Other,2026-02-13 04:03:00
2440,PP20120713008,2012-07-13,Chukwudi Afolabi,Male,2349058073965,chukwudi.afolabi74@hotmail.com,76664362810,Lagos Island Division,Eti-Osa,Golden Gate,94115.0,Water pipeline rupture near highway causing erosion,6.443038,3.435639,Other,2026-02-13 04:03:00
2441,PP20180321890,2018-03-21,Ijeoma Chukwu,Female,2348175635241,ijeoma.chukwu33@gmail.com,75398400605,Lagos Island Division,Surulere,Polk,94109.0,Major pipe burst near primary school disrupting access road,6.488376,3.365554,Other,2026-02-13 04:03:00
2442,PP20110110231,2011-01-10,Chioma Ekanem,Female,2348058521494,chioma.ekanem82@yahoo.com,69422107813,Badagry Division,Badagry,Cabrillo,94121.0,Severe shower pipe rupture flooding entire bathroom,6.421325,2.880258,Other,2026-02-13 04:03:00
2443,PP20141218597,2014-12-18,Opeyemi Yakubu,Female,2348192684329,opeyemi.yakubu10@yahoo.com,23372252433,Ikorodu Division,Ikorodu,Inverness,94132.0,Blocked drainage channel causing street-level flooding,6.611682,3.526595,Other,2026-02-13 04:03:00
2444,PP20140424211,2014-04-24,Chisom Abiola,Female,2348158667903,chisom.abiola48@yahoo.com,18446250448,Lagos Island Division,Apapa,29th,94122.0,"new plumbing in downstairs, bathroom and kitchen remodel bath shower pan, 3 sinks, 2 toilets, dishwasher, faucets",6.451075,3.36536,Other,2026-02-13 04:03:00
2445,PP20180607088,2018-06-07,Amaka Ekanem,Female,2349044021642,amaka.ekanem53@outlook.com,47251854802,Ikeja Division,Mushin,North Point,94109.0,inspect 2 water heaters. installed by old permit. install 1 new water heater (electric) in lower floor.,6.519079,3.342407,Other,2026-02-13 04:03:00
2446,PP20101012440,2010-10-12,Femi Okoye,Male,2349070050350,femi.okoye14@outlook.com,18554331652,Ikeja Division,Kosofe,Victoria,94132.0,Water heater pipe leakage soaking utility area,6.577606,3.41546,Other,2026-02-13 04:03:00
2447,PP20111103211,2011-11-03,Chukwudi Akinyemi,Male,2348113885604,chukwudi.akinyemi77@hotmail.com,68909710816,Ikeja Division,Mushin,30th,94116.0,Open manhole with visible sewage leakage on street,6.516658,3.354502,Other,2026-02-13 04:03:00
2448,PP20170502013,2017-05-02,Chinedu Adeyemi,Male,2348059953863,chinedu.adeyemi81@hotmail.com,60906532442,Ikeja Division,Alimosho,Pierce,94123.0,Bathroom floor drain completely clogged with wastewater backup,6.592115,3.2838,Other,2026-02-13 04:03:00
2449,PP20160628655,2016-06-28,Amaka Ajayi,Female,2348135126396,amaka.ajayi74@gmail.com,52325820643,Ikeja Division,Ifako-Ijaiye,45th,94121.0,"kitchen, replace cabinet, sink, fauct, stove, water heater in garage, new washer and dryer in garage",6.676509,3.334638,Other,2026-02-13 04:03:00
2450,PP20130603287,2013-06-03,Opeyemi Ogunleye,Female,2349084045171,opeyemi.ogunleye88@hotmail.com,26131972434,Ikeja Division,Agege,Bay,94123.0,bathroom: replace new fixtures on showers & vanity cabinet,6.611581,3.325822,Other,2026-02-13 04:03:00
2451,PP20191202595,2019-12-02,Temitope Ojo,Female,2348178127503,temitope.ojo24@yahoo.com,37504025823,Epe Division,Ibeju-Lekki,Clement,94121.0,Sudden burst water pipe inside bathroom wall causing flooding,6.459726,3.581267,Other,2026-02-13 04:03:00
2452,PP20090223421,2009-02-23,Zainab Afolabi,Female,2349042028106,zainab.afolabi15@yahoo.com,90916708503,Lagos Island Division,Lagos Mainland,Marcela,94116.0,Water pipeline rupture near highway causing erosion,6.530845,3.388482,Other,2026-02-13 04:03:00
2453,PP20080509548,2008-05-09,Uche Okoye,Male,2349064104938,uche.okoye78@outlook.com,36098092003,Ikeja Division,Alimosho,Jessie,94105.0,Sewer overflow spreading wastewater near market area,6.604035,3.283465,Other,2026-02-13 04:03:00
2454,PP20151217415,2015-12-17,Olamide Umeh,Male,2349049138727,olamide.umeh48@gmail.com,18021084576,Lagos Island Division,Apapa,23rd,94116.0,"remodel kitchen, add half bath 1st floor, bathroom remodel on 1st floor.",6.451478,3.350765,Other,2026-02-13 04:03:00
2455,PP20130930612,2013-09-30,Chioma Nwosu,Female,2348151249970,chioma.nwosu38@gmail.com,68297573029,Ikeja Division,Ikeja,Diamond,94131.0,"3 bathrooms with 2 shower pans, 1 kitchen, 1 h.e water heater/domesetic boiler 110btu, wet bar, radiant heating.",6.596617,3.364753,Other,2026-02-13 04:03:00
2456,PP20120604071,2012-06-04,Adebayo Okoye,Male,2349030045054,adebayo.okoye97@yahoo.com,20458735208,Lagos Island Division,Eti-Osa,23rd,94116.0,Open manhole with visible sewage leakage on street,6.441371,3.42348,Other,2026-02-13 04:03:00
2457,PP20091214935,2009-12-14,Bola Ogunleye,Female,2348069478152,bola.ogunleye40@hotmail.com,75248615890,Badagry Division,Amuwo-Odofin,Leavenworth,94133.0,Cracked underground pipe slowly flooding compound,6.437281,3.252114,Other,2026-02-13 04:03:00
2458,PP20180827307,2018-08-27,Oluwaseun Ekanem,Male,2348171037249,oluwaseun.ekanem24@hotmail.com,48229828927,Lagos Island Division,Surulere,16th,94114.0,Open manhole with visible sewage leakage on street,6.507527,3.357044,Other,2026-02-13 04:03:00
2459,PP20080923099,2008-09-23,Temitope Ogunleye,Female,2349044877001,temitope.ogunleye29@hotmail.com,98208653468,Lagos Island Division,Lagos Mainland,Moultrie,94110.0,Open manhole with visible sewage leakage on street,6.537911,3.392127,Other,2026-02-13 04:03:00
2460,PP20190918488,2019-09-18,Chinedu Ogunleye,Male,2349079038125,chinedu.ogunleye67@gmail.com,53392135017,Epe Division,Epe,Market,94103.0,Cracked underground pipe slowly flooding compound,6.600637,3.986652,Other,2026-02-13 04:03:00
2461,PP20180806721,2018-08-06,Emeka Eze,Male,2348159238894,emeka.eze70@gmail.com,20121339102,Ikorodu Division,Ikorodu,Market,94102.0,Water heater pipe leakage soaking utility area,6.625274,3.524642,Other,2026-02-13 04:03:00
2462,PP20140731881,2014-07-31,Femi Nwosu,Male,2349068767444,femi.nwosu19@gmail.com,35413536559,Badagry Division,Amuwo-Odofin,Jerrold,94124.0,Low water pressure affecting entire household supply,6.454474,3.244988,Other,2026-02-13 04:03:00
2463,PP20191219121,2019-12-19,Ifeanyi Ibrahim,Male,2348195477159,ifeanyi.ibrahim62@outlook.com,16857553593,Lagos Island Division,Apapa,16th,94122.0,Sewer overflow spreading wastewater near market area,6.444315,3.361386,Other,2026-02-13 04:03:00
2464,PP20131230994,2013-12-30,Yetunde Nwosu,Female,2349095206949,yetunde.nwosu80@gmail.com,95061589234,Badagry Division,Badagry,Alabama,94110.0,Open manhole with visible sewage leakage on street,6.402094,2.883567,Other,2026-02-13 04:03:00
2465,PP20130228686,2013-02-28,Opeyemi Akinyemi,Female,2349047440146,opeyemi.akinyemi85@hotmail.com,79572285734,Ikeja Division,Oshodi-Isolo,Blanken,94134.0,Sewer overflow spreading wastewater near market area,6.564565,3.286187,Other,2026-02-13 04:03:00
2466,PP20190227526,2019-02-27,Emeka Ajayi,Male,2349020128737,emeka.ajayi24@outlook.com,86468223964,Lagos Island Division,Lagos Island,Stockton,94108.0,Underground water pipe burst near hospital entrance,6.469445,3.405924,Other,2026-02-13 04:03:00
2467,PP20150917060,2015-09-17,Opeyemi Oladipo,Female,2348158257968,opeyemi.oladipo81@outlook.com,43721373748,Ikeja Division,Mushin,Broderick,94123.0,Low water pressure affecting entire household supply,6.522702,3.360034,Other,2026-02-13 04:03:00
2468,PP20180726455,2018-07-26,Tunde Owolabi,Male,2349060845113,tunde.owolabi52@hotmail.com,17614587609,Lagos Island Division,Surulere,Cornwall,94118.0,Underground water pipe burst near hospital entrance,6.496931,3.3731,Other,2026-02-13 04:03:00
2469,PP20100615776,2010-06-15,Kelechi Ajayi,Male,2348064609387,kelechi.ajayi60@outlook.com,20952191708,Lagos Island Division,Lagos Island,Mendell,94124.0,Major pipe burst near primary school disrupting access road,6.463927,3.380699,Other,2026-02-13 04:03:00
2470,PP20130129830,2013-01-29,Obinna Owolabi,Male,2348055876604,obinna.owolabi68@gmail.com,60441068763,Ikeja Division,Oshodi-Isolo,Whitney,94131.0,Low water pressure affecting entire household supply,6.559473,3.306044,Other,2026-02-13 04:03:00
2471,PP20190411837,2019-04-11,Chinedu Bamidele,Male,2348091512026,chinedu.bamidele50@gmail.com,96788445722,Epe Division,Epe,Union,94123.0,Sewer overflow spreading wastewater near market area,6.584828,3.976318,Other,2026-02-13 04:03:00
2472,PP20120709884,2012-07-09,Adaeze Balogun,Female,2349043770881,adaeze.balogun39@outlook.com,40484698741,Epe Division,Epe,Van Ness,94102.0,Sudden burst water pipe inside bathroom wall causing flooding,6.601481,3.994001,Other,2026-02-13 04:03:00
2473,PP20101104936,2010-11-04,Chisom Okoye,Female,2348037521475,chisom.okoye27@yahoo.com,49709304116,Badagry Division,Ojo,Keith,94124.0,Underground water pipe burst near hospital entrance,6.453602,3.169654,Other,2026-02-13 04:03:00
2474,PP20161018912,2016-10-18,Chinedu Umeh,Male,2348142879501,chinedu.umeh16@hotmail.com,31221608432,Lagos Island Division,Apapa,Stratford,94132.0,Sudden burst water pipe inside bathroom wall causing flooding,6.444943,3.363345,Other,2026-02-13 04:03:00
2475,PP20180917889,2018-09-17,Ayomide Akinyemi,Male,2348183127853,ayomide.akinyemi57@outlook.com,22016253947,Ikorodu Division,Ikorodu,Broadway,94123.0,Minor kitchen sink pipe leakage under cabinet,6.621802,3.523031,Other,2026-02-13 04:03:00
2476,PP20170306478,2017-03-06,Yetunde Bamidele,Female,2348036969849,yetunde.bamidele46@outlook.com,19418103619,Ikeja Division,Ifako-Ijaiye,Webster,94115.0,Sudden burst water pipe inside bathroom wall causing flooding,6.677699,3.338296,Other,2026-02-13 04:03:00
2477,PP20150115198,2015-01-15,Obinna Balogun,Male,2348069511866,obinna.balogun62@outlook.com,80074875351,Badagry Division,Badagry,Miguel,94110.0,Open manhole with visible sewage leakage on street,6.418269,2.871107,Other,2026-02-13 04:03:00
2478,PP20160608085,2016-06-08,Temitope Ajayi,Female,2348154689480,temitope.ajayi54@gmail.com,49220792030,Ikeja Division,Ifako-Ijaiye,Jones,94102.0,Water heater pipe leakage soaking utility area,6.667843,3.339201,Other,2026-02-13 04:03:00
2479,PP20181113542,2018-11-13,Yetunde Afolabi,Female,2348152631267,yetunde.afolabi58@gmail.com,105609098,Badagry Division,Ajeromi-Ifelodun,Mission,94110.0,"installation of 1 ada compliant restroom, 1 water closet, 1 wall lavatory, 1 waterless urinal.",6.466185,3.338331,Other,2026-02-13 04:03:00
2480,PP20081104960,2008-11-04,Ngozi Ekanem,Female,2348138598340,ngozi.ekanem91@hotmail.com,80726060260,Ikeja Division,Ifako-Ijaiye,Post,94109.0,Blocked drainage channel causing street-level flooding,6.666613,3.318302,Other,2026-02-13 04:03:00
2481,PP20181226772,2018-12-26,Ngozi Adebisi,Female,2348168882999,ngozi.adebisi56@outlook.com,84137394146,Ikorodu Division,Ikorodu,06th,94118.0,Water heater pipe leakage soaking utility area,6.618167,3.51359,Other,2026-02-13 04:03:00
2482,PP20140325327,2014-03-25,Ngozi Ojo,Female,2349072547208,ngozi.ojo34@outlook.com,87958620487,Epe Division,Ibeju-Lekki,Howard,94105.0,Open manhole with visible sewage leakage on street,6.463443,3.582643,Other,2026-02-13 04:03:00
2483,PP20170817975,2017-08-17,Abdulrahman Ogunleye,Male,2349098213759,abdulrahman.ogunleye36@hotmail.com,57725616951,Ikeja Division,Ifako-Ijaiye,08th,94118.0,Flooding due to collapsed drainage system after rainfall,6.660405,3.339792,Other,2026-02-13 04:03:00
2484,PP20170104907,2017-01-04,Yetunde Danladi,Female,2348170745494,yetunde.danladi32@gmail.com,15258902121,Lagos Island Division,Surulere,39th,94116.0,Low water pressure affecting entire household supply,6.493955,3.375328,Other,2026-02-13 04:03:00
2485,PP20121221966,2012-12-21,Chioma Nnamdi,Female,2349023415130,chioma.nnamdi53@outlook.com,23611157392,Epe Division,Ibeju-Lekki,Clarendon,94114.0,"remove & install kitchen: dishwasher, disposal, sink, faucets; bathroom sink: toilets, tub, faucets",6.485287,3.58419,Other,2026-02-13 04:03:00
2486,PP20150622681,2015-06-22,Kunle Owolabi,Male,2348066712063,kunle.owolabi33@outlook.com,80916280850,Lagos Island Division,Lagos Mainland,34th,94122.0,Sudden burst water pipe inside bathroom wall causing flooding,6.514316,3.358341,Other,2026-02-13 04:03:00
2487,PP20081124837,2008-11-24,Olamide Ogunleye,Male,2349097485910,olamide.ogunleye69@gmail.com,88946272963,Ikorodu Division,Ikorodu,Ofarrell,94102.0,Water main leakage along roadside causing traffic obstruction,6.60468,3.496762,Other,2026-02-13 04:03:00
2488,PP20090827630,2009-08-27,Chinedu Owolabi,Male,2348198021300,chinedu.owolabi96@yahoo.com,46136239728,Lagos Island Division,Lagos Island,Kansas,94107.0,Open manhole with visible sewage leakage on street,6.467885,3.395858,Other,2026-02-13 04:03:00
2489,PP20151117611,2015-11-17,Obinna Eze,Male,2348063677780,obinna.eze25@outlook.com,41797081358,Lagos Island Division,Eti-Osa,19th,94122.0,"sewer repair,",6.436996,3.399696,Other,2026-02-13 04:03:00
2490,PP20191125509,2019-11-25,Ifeanyi Adeyemi,Male,2348119706838,ifeanyi.adeyemi34@yahoo.com,8761618314,Ikeja Division,Ikeja,Revere,94124.0,Cracked underground pipe slowly flooding compound,6.58982,3.360371,Other,2026-02-13 04:03:00
2491,PP20081008823,2008-10-08,Chukwudi Nwosu,Male,2348180853469,chukwudi.nwosu59@gmail.com,83472502799,Ikeja Division,Ifako-Ijaiye,Eastwood,94112.0,gas houseline extension.,6.672668,3.327128,Other,2026-02-13 04:03:00
2492,PP20161017897,2016-10-17,Chioma Abiola,Female,2348067210517,chioma.abiola87@outlook.com,59372197382,Badagry Division,Ojo,Post,94102.0,"repair & replace. - 1st floor, b-1.- 1 drain for sink, replace existing leaking pipe, replace drain for floor drain at heat room.",6.466648,3.199358,Other,2026-02-13 04:03:00
2493,PP20110701293,2011-07-01,Adaeze Akinyemi,Female,2348139383377,adaeze.akinyemi49@yahoo.com,89541534563,Lagos Island Division,Apapa,Castro,94114.0,Persistent dripping tap in kitchen wasting water daily,6.44659,3.359694,Other,2026-02-13 04:03:00
2494,PP20080828862,2008-08-28,Olamide Akinyemi,Male,2349042188476,olamide.akinyemi73@hotmail.com,74654636279,Lagos Island Division,Lagos Mainland,Westbrook,94124.0,Underground water pipe burst near hospital entrance,6.526326,3.403121,Other,2026-02-13 04:03:00
2495,PP20120717104,2012-07-17,Opeyemi Ajayi,Female,2348054832674,opeyemi.ajayi18@yahoo.com,33074824369,Lagos Island Division,Surulere,California,94111.0,High-pressure pipe burst affecting multiple residential buildings,6.475906,3.367632,Other,2026-02-13 04:03:00
2496,PP20170711878,2017-07-11,Adebayo Owolabi,Male,2348157486484,adebayo.owolabi26@hotmail.com,41535003660,Lagos Island Division,Lagos Mainland,Mission,94103.0,Major pipe burst near primary school disrupting access road,6.523252,3.384868,Other,2026-02-13 04:03:00
2497,PP20111118599,2011-11-18,Tunde Oladipo,Male,2348103855223,tunde.oladipo85@gmail.com,45465448281,Ikorodu Division,Ikorodu,North Point,94133.0,Severe shower pipe rupture flooding entire bathroom,6.612826,3.51001,Other,2026-02-13 04:03:00
2498,PP20080709319,2008-07-09,Obinna Nwosu,Male,2348025036573,obinna.nwosu91@outlook.com,96578519322,Epe Division,Epe,Marietta,94127.0,Underground water pipe burst near hospital entrance,6.591114,4.014729,Other,2026-02-13 04:03:00
2499,PP20150330253,2015-03-30,Chukwudi Afolabi,Male,2348119745450,chukwudi.afolabi52@yahoo.com,49083666433,Lagos Island Division,Lagos Mainland,Arguello,94118.0,High-pressure pipe burst affecting multiple residential buildings,6.53248,3.370719,Other,2026-02-13 04:03:00
2500,PP20140210045,2014-02-10,Aisha Chukwu,Female,2349038315126,aisha.chukwu55@outlook.com,45964880413,Ikorodu Division,Ikorodu,Cabrillo,94118.0,High-pressure pipe burst affecting multiple residential buildings,6.615162,3.505966,Other,2026-02-13 04:03:00
2501,PP20151005502,2015-10-05,Oluwaseun Mohammed,Male,2349030858248,oluwaseun.mohammed10@outlook.com,69562455585,Badagry Division,Ajeromi-Ifelodun,Jackson,94118.0,Toilet overflow due to heavily blocked drain system,6.448744,3.329999,Other,2026-02-13 04:03:00
2502,PP20131015037,2013-10-15,Kunle Danladi,Male,2348081080404,kunle.danladi72@outlook.com,18365892745,Lagos Island Division,Lagos Mainland,Calgary,94134.0,remove & replace water heater.,6.531728,3.366458,Other,2026-02-13 04:03:00
2503,PP20110802975,2011-08-02,Abdulrahman Yakubu,Male,2349046690804,abdulrahman.yakubu27@yahoo.com,22651974629,Epe Division,Epe,Schwerin,94134.0,Major pipe burst near primary school disrupting access road,6.594485,3.988478,Other,2026-02-13 04:03:00
2504,PP20190528122,2019-05-28,Ayomide Afolabi,Male,2348186710339,ayomide.afolabi91@gmail.com,42202680396,Ikeja Division,Alimosho,Blythdale,94134.0,amend permit # pp20190507554 scope of work to reflect the following. building 90-e: capping sewer laterals for 8-unit building,6.601658,3.293585,Other,2026-02-13 04:03:00
2505,PP20190125580,2019-01-25,Femi Abiola,Male,2348145002454,femi.abiola74@yahoo.com,53253418137,Ikeja Division,Agege,Rhode Island,94107.0,Water pipeline rupture near highway causing erosion,6.631483,3.343335,Other,2026-02-13 04:03:00
2506,PP20171116429,2017-11-16,Chukwudi Nwosu,Male,2348154810586,chukwudi.nwosu29@hotmail.com,63757343634,Ikorodu Division,Ikorodu,48th,94122.0,Major pipe burst near primary school disrupting access road,6.619488,3.508123,Other,2026-02-13 04:03:00
2507,PP20090805157,2009-08-05,Abdulrahman Bamidele,Male,2349074935203,abdulrahman.bamidele63@hotmail.com,87161920124,Lagos Island Division,Apapa,29th,94122.0,Water pipeline rupture near highway causing erosion,6.449566,3.353882,Other,2026-02-13 04:03:00
2508,PP20080911575,2008-09-11,Uche Okafor,Male,2349083036295,uche.okafor63@yahoo.com,56447082531,Ikorodu Division,Ikorodu,Moultrie,94110.0,Blocked drainage channel causing street-level flooding,6.598353,3.530922,Other,2026-02-13 04:03:00
2509,PP20150826488,2015-08-26,Chukwudi Chukwu,Male,2348023202345,chukwudi.chukwu98@hotmail.com,59737604758,Ikorodu Division,Ikorodu,Carl,94117.0,Major pipe burst near primary school disrupting access road,6.620953,3.514481,Other,2026-02-13 04:03:00
2510,PP20080610440,2008-06-10,Kelechi Ibrahim,Male,2349011540241,kelechi.ibrahim29@yahoo.com,61084139587,Ikeja Division,Ifako-Ijaiye,Mission,94103.0,Underground water pipe burst near hospital entrance,6.669221,3.321249,Other,2026-02-13 04:03:00
2511,PP20160606015,2016-06-06,Obinna Owolabi,Male,2348028419326,obinna.owolabi56@yahoo.com,53943373219,Ikorodu Division,Ikorodu,Guerrero,94110.0,"repair house trap, remodel interior, (1) bathroom, (1) kitchen, and (1) laundry room.",6.617541,3.494506,Other,2026-02-13 04:03:00
2512,PP20190620891,2019-06-20,Zainab Abiola,Female,2348199369433,zainab.abiola16@outlook.com,4398844535,Lagos Island Division,Eti-Osa,California,94108.0,Underground water pipe burst near hospital entrance,6.455871,3.409555,Other,2026-02-13 04:03:00
2513,PP20130624879,2013-06-24,Obinna Chukwu,Male,2348131731896,obinna.chukwu84@gmail.com,74772504642,Lagos Island Division,Apapa,Sanchez,94114.0,Septic tank backflow causing strong sewage odor indoors,6.43848,3.354597,Other,2026-02-13 04:03:00
2514,PP20180416553,2018-04-16,Chukwudi Owolabi,Male,2349026003338,chukwudi.owolabi49@yahoo.com,11816826051,Badagry Division,Ojo,47th,94116.0,Public tap pipe severely damaged in residential community,6.473881,3.183145,Other,2026-02-13 04:03:00
2515,PP20180517478,2018-05-17,Chioma Ojo,Female,2348082511626,chioma.ojo14@gmail.com,90451320021,Epe Division,Ibeju-Lekki,Maynard,94112.0,Underground water pipe burst near hospital entrance,6.457639,3.597543,Other,2026-02-13 04:03:00
2516,PP20180102572,2018-01-02,Abdulrahman Chukwu,Male,2348051332854,abdulrahman.chukwu50@hotmail.com,19446429527,Ikeja Division,Kosofe,Oak,94117.0,Water main leakage along roadside causing traffic obstruction,6.59061,3.422084,Other,2026-02-13 04:03:00
2517,PP20121005112,2012-10-05,Zainab Okoye,Female,2348145743643,zainab.okoye90@outlook.com,56268719916,Lagos Island Division,Lagos Island,West Point,94124.0,High-pressure pipe burst affecting multiple residential buildings,6.461257,3.418644,Other,2026-02-13 04:03:00
2518,PP20110214030,2011-02-14,Emeka Ogunleye,Male,2348073770231,emeka.ogunleye91@yahoo.com,93858255762,Badagry Division,Amuwo-Odofin,Daniel Burnham,94109.0,"unit #506: changing of two faucet. install of new sink in kitchen, hook up of dishwasher.",6.471851,3.243133,Other,2026-02-13 04:03:00
2519,PP20141022183,2014-10-22,Kunle Akinyemi,Male,2348154718657,kunle.akinyemi40@hotmail.com,1910353381,Badagry Division,Ojo,Santa Rosa,94112.0,Water main leakage along roadside causing traffic obstruction,6.477239,3.186832,Other,2026-02-13 04:03:00
2520,PP20130405680,2013-04-05,Abdulrahman Ajayi,Male,2348161437029,abdulrahman.ajayi75@hotmail.com,6441544514,Badagry Division,Ajeromi-Ifelodun,15th,94116.0,gas test for entire house.,6.471691,3.316377,Other,2026-02-13 04:03:00
2521,PP20100305470,2010-03-05,Yetunde Yakubu,Female,2349074354243,yetunde.yakubu14@gmail.com,7065745399,Ikeja Division,Ifako-Ijaiye,Alemany,94132.0,add half bath and laundry area to groundfloor. everything else existing.,6.668096,3.320472,Other,2026-02-13 04:03:00
2522,PP20181001329,2018-10-01,Chukwudi Yakubu,Male,2348190630507,chukwudi.yakubu63@hotmail.com,6100010399,Ikeja Division,Oshodi-Isolo,Webster,94117.0,Water main leakage along roadside causing traffic obstruction,6.561881,3.318811,Other,2026-02-13 04:03:00
2523,PP20161116700,2016-11-16,Oluwaseun Abiola,Male,2348148264249,oluwaseun.abiola89@gmail.com,69281168505,Lagos Island Division,Lagos Mainland,Pennsylvania,94107.0,"home renovation: (1) kitchen, (3) baths, laundry room, replace all dwv & supply lines.",6.503655,3.37898,Other,2026-02-13 04:03:00
2524,PP20080925235,2008-09-25,Oluwaseun Abiola,Male,2349066873449,oluwaseun.abiola85@outlook.com,34321193259,Ikorodu Division,Ikorodu,Castenada,94116.0,remodel existing kitchen.,6.630619,3.508633,Other,2026-02-13 04:03:00
2525,PP20080819472,2008-08-19,Zainab Ajayi,Female,2348141668834,zainab.ajayi82@hotmail.com,22348408139,Ikeja Division,Ifako-Ijaiye,Turk,94102.0,Major pipe burst near primary school disrupting access road,6.677091,3.332112,Other,2026-02-13 04:03:00
2526,PP20150511488,2015-05-11,Chioma Chukwu,Female,2348099697718,chioma.chukwu70@yahoo.com,58188055851,Ikeja Division,Oshodi-Isolo,Waller,94117.0,Water pipeline rupture near highway causing erosion,6.557017,3.305387,Other,2026-02-13 04:03:00
2527,PP20100825365,2010-08-25,Temitope Owolabi,Female,2348183004642,temitope.owolabi16@yahoo.com,70492549320,Epe Division,Ibeju-Lekki,Webster,94123.0,Severe shower pipe rupture flooding entire bathroom,6.457834,3.573785,Other,2026-02-13 04:03:00
2528,PP20121011226,2012-10-11,Bola Owolabi,Female,2349060010836,bola.owolabi24@hotmail.com,74787597485,Ikeja Division,Agege,Green,94123.0,Major pipe burst near primary school disrupting access road,6.622594,3.336195,Other,2026-02-13 04:03:00
2529,PP20150130656,2015-01-30,Ayomide Balogun,Male,2348076600291,ayomide.balogun13@outlook.com,16090749850,Epe Division,Epe,Pacific,94111.0,High-pressure pipe burst affecting multiple residential buildings,6.582615,3.979361,Other,2026-02-13 04:03:00
2530,PP20171106161,2017-11-06,Adebayo Danladi,Male,2348166268025,adebayo.danladi79@yahoo.com,50429980528,Badagry Division,Badagry,Church,94114.0,Water heater pipe leakage soaking utility area,6.411948,2.895469,Other,2026-02-13 04:03:00
2531,PP20080321090,2008-03-21,Ifeanyi Ojo,Male,2348178427451,ifeanyi.ojo56@hotmail.com,16822208858,Ikorodu Division,Ikorodu,Buchanan,94102.0,Severe shower pipe rupture flooding entire bathroom,6.616048,3.497089,Other,2026-02-13 04:03:00
2532,PP20090601675,2009-06-01,Adebayo Balogun,Male,2349030303155,adebayo.balogun11@gmail.com,80220537534,Ikeja Division,Kosofe,South Park,94107.0,"revise permit pp200706263039 and pp20090518422, change address from 54 south park to 54-56-68 south park and add 2 more inspections",6.590737,3.414651,Other,2026-02-13 04:03:00
2533,PP20141112688,2014-11-12,Femi Chukwu,Male,2348108702507,femi.chukwu17@outlook.com,19069225266,Ikeja Division,Oshodi-Isolo,17th,94114.0,Open manhole with visible sewage leakage on street,6.553914,3.324176,Other,2026-02-13 04:03:00
2534,PP20181210337,2018-12-10,Femi Nnamdi,Male,2348080915974,femi.nnamdi28@yahoo.com,40813991000,Badagry Division,Badagry,29th,94131.0,Septic tank backflow causing strong sewage odor indoors,6.414794,2.887892,Other,2026-02-13 04:03:00
2535,PP20180816037,2018-08-16,Chinedu Ogunleye,Male,2348199133616,chinedu.ogunleye40@hotmail.com,68095421116,Ikorodu Division,Ikorodu,Paris,94112.0,Bathroom floor drain completely clogged with wastewater backup,6.607611,3.508303,Other,2026-02-13 04:03:00
2536,PP20140218294,2014-02-18,Femi Bamidele,Male,2348096255308,femi.bamidele31@gmail.com,36909386956,Badagry Division,Badagry,Rosewood,94127.0,Cracked underground pipe slowly flooding compound,6.421095,2.869446,Other,2026-02-13 04:03:00
2537,PP20190625044,2019-06-25,Chioma Nwosu,Female,2349018706929,chioma.nwosu95@hotmail.com,10981122230,Ikeja Division,Oshodi-Isolo,Clay,94118.0,4 bathroom and kitchen remodel for final inspection.,6.555608,3.309108,Other,2026-02-13 04:03:00
2538,PP20190205866,2019-02-05,Zainab Ogunleye,Female,2348159842726,zainab.ogunleye46@hotmail.com,3031651103,Badagry Division,Ojo,Locust,94118.0,Blocked drainage channel causing street-level flooding,6.461413,3.193372,Other,2026-02-13 04:03:00
2539,PP20190129702,2019-01-29,Opeyemi Okoye,Female,2348166604067,opeyemi.okoye78@hotmail.com,14304441345,Badagry Division,Ajeromi-Ifelodun,43rd,94121.0,"plumbing work to replace (1) water heater, add washer/dryer",6.470044,3.348081,Other,2026-02-13 04:03:00
2540,PP20110920130,2011-09-20,Ijeoma Abiola,Female,2349060292632,ijeoma.abiola34@yahoo.com,69229180227,Badagry Division,Badagry,Ellis,94115.0,Sewer overflow spreading wastewater near market area,6.405064,2.886359,Other,2026-02-13 04:03:00
2541,PP20130724680,2013-07-24,Amaka Ibrahim,Female,2349059594529,amaka.ibrahim38@gmail.com,52023023630,Badagry Division,Amuwo-Odofin,Pacific,94133.0,Bathroom floor drain completely clogged with wastewater backup,6.450845,3.239307,Other,2026-02-13 04:03:00
2542,PP20170510221,2017-05-10,Ayomide Ojo,Male,2348078314223,ayomide.ojo35@yahoo.com,85863068508,Ikorodu Division,Ikorodu,Divisadero,94115.0,Underground water pipe burst near hospital entrance,6.628963,3.533747,Other,2026-02-13 04:03:00
2543,PP20170123373,2017-01-23,Uche Adebisi,Male,2349034636824,uche.adebisi85@hotmail.com,60341213646,Badagry Division,Ojo,Cervantes,94123.0,Sewer overflow spreading wastewater near market area,6.46083,3.18805,Other,2026-02-13 04:03:00
2544,PP20090821505,2009-08-21,Adebayo Ekanem,Male,2349038491906,adebayo.ekanem82@outlook.com,2104274467,Ikeja Division,Mushin,Grand View,94114.0,move sewer trap closer to street,6.528145,3.347464,Other,2026-02-13 04:03:00
2545,PP20190327357,2019-03-27,Opeyemi Abiola,Female,2348130786895,opeyemi.abiola19@hotmail.com,4886314306,Lagos Island Division,Lagos Island,Mason,94102.0,Flooding due to collapsed drainage system after rainfall,6.435892,3.387642,Other,2026-02-13 04:03:00
2546,PP20120614332,2012-06-14,Ijeoma Bamidele,Female,2348176282538,ijeoma.bamidele51@yahoo.com,25432849630,Ikeja Division,Ifako-Ijaiye,Pennsylvania,94107.0,repair broken pipe drain pipe by the garage door.,6.65588,3.345641,Other,2026-02-13 04:03:00
2547,PP20140421098,2014-04-21,Olamide Balogun,Male,2348028394005,olamide.balogun68@gmail.com,19477781395,Lagos Island Division,Lagos Mainland,High,94114.0,Severe shower pipe rupture flooding entire bathroom,6.523249,3.375741,Other,2026-02-13 04:03:00
2548,PP20150903702,2015-09-03,Amaka Nwosu,Female,2349090126148,amaka.nwosu49@outlook.com,54170008410,Lagos Island Division,Lagos Island,Urbano,94127.0,Public tap pipe severely damaged in residential community,6.462992,3.383482,Other,2026-02-13 04:03:00
2549,PP20120626603,2012-06-26,Aisha Ibrahim,Female,2348149771089,aisha.ibrahim71@yahoo.com,31217215689,Ikeja Division,Alimosho,Collingwood,94114.0,Open manhole with visible sewage leakage on street,6.601331,3.295681,Other,2026-02-13 04:03:00
2550,PP20081031850,2008-10-31,Opeyemi Nnamdi,Female,2348068659893,opeyemi.nnamdi13@gmail.com,34522245884,Ikeja Division,Ikeja,California,94118.0,Low water pressure affecting entire household supply,6.612088,3.356517,Other,2026-02-13 04:03:00
2551,PP20180125200,2018-01-25,Ifeanyi Balogun,Male,2348160455067,ifeanyi.balogun64@yahoo.com,76302949238,Ikeja Division,Ikeja,Funston,94118.0,Blocked drainage channel causing street-level flooding,6.604283,3.352281,Other,2026-02-13 04:03:00
2552,PP20130528091,2013-05-28,Abdulrahman Bamidele,Male,2349041146632,abdulrahman.bamidele97@gmail.com,88808178784,Ikorodu Division,Ikorodu,Van Ness,94102.0,Toilet overflow due to heavily blocked drain system,6.623402,3.512517,Other,2026-02-13 04:03:00
2553,PP20150716344,2015-07-16,Obinna Eze,Male,2348116101242,obinna.eze12@outlook.com,96233937114,Epe Division,Ibeju-Lekki,Montezuma,94110.0,Blocked drainage channel causing street-level flooding,6.4597,3.585461,Other,2026-02-13 04:03:00
2554,PP20170907503,2017-09-07,Ijeoma Oladipo,Female,2348128936329,ijeoma.oladipo97@yahoo.com,53693719364,Ikeja Division,Agege,16th,94122.0,Toilet overflow due to heavily blocked drain system,6.604763,3.336811,Other,2026-02-13 04:03:00
2555,PP20180330189,2018-03-30,Kunle Adebisi,Male,2348198000466,kunle.adebisi21@outlook.com,91234628924,Epe Division,Epe,29th,94116.0,Flooding due to collapsed drainage system after rainfall,6.579194,4.008994,Other,2026-02-13 04:03:00
2556,PP20080520858,2008-05-20,Olamide Abiola,Male,2348120585398,olamide.abiola26@outlook.com,46520553185,Lagos Island Division,Apapa,25th,94110.0,install gas lines for fireplace,6.448401,3.344958,Other,2026-02-13 04:03:00
2557,PP20080730916,2008-07-30,Ngozi Nwosu,Female,2348182933356,ngozi.nwosu84@yahoo.com,7965094361,Ikeja Division,Kosofe,Agua,94127.0,"1 stacked washer/dryer, 1 sink",6.581958,3.421894,Other,2026-02-13 04:03:00
2558,PP20120524861,2012-05-24,Seyi Okoye,Male,2349082770494,seyi.okoye45@gmail.com,6747372650,Ikeja Division,Mushin,Pine,94115.0,"to obtain final inspection only. all work is complete. ref. p480251, done by another contractor.",6.544034,3.348705,Other,2026-02-13 04:03:00
2559,PP20091231216,2009-12-31,Amaka Okoye,Female,2348147712101,amaka.okoye95@gmail.com,43583170535,Lagos Island Division,Lagos Island,03rd,94124.0,upgrade gas to 1 1/2 inch to comply with #200990663,6.438276,3.402868,Other,2026-02-13 04:03:00
2560,PP20180118006,2018-01-18,Aisha Adeyemi,Female,2349095050175,aisha.adeyemi76@hotmail.com,28224656824,Badagry Division,Ajeromi-Ifelodun,02nd,94105.0,Major pipe burst near primary school disrupting access road,6.452894,3.328938,Other,2026-02-13 04:03:00
2561,PP20180330170,2018-03-30,Aisha Adebisi,Female,2348110468833,aisha.adebisi87@gmail.com,42988543341,Badagry Division,Ajeromi-Ifelodun,Chenery,94131.0,Persistent dripping tap in kitchen wasting water daily,6.464124,3.332604,Other,2026-02-13 04:03:00
2562,PP20180213779,2018-02-13,Emeka Adeyemi,Male,2348173274695,emeka.adeyemi60@outlook.com,76607085705,Ikeja Division,Ifako-Ijaiye,Fell,94117.0,Low water pressure affecting entire household supply,6.676692,3.321764,Other,2026-02-13 04:03:00
2563,PP20100202840,2010-02-02,Emeka Mohammed,Male,2348168252121,emeka.mohammed52@hotmail.com,2113626836,Ikeja Division,Kosofe,Paris,94112.0,Underground water pipe burst near hospital entrance,6.580563,3.416557,Other,2026-02-13 04:03:00
2564,PP20140701971,2014-07-01,Olamide Danladi,Male,2348039692716,olamide.danladi40@hotmail.com,1724740192,Lagos Island Division,Eti-Osa,15th,94122.0,Sudden burst water pipe inside bathroom wall causing flooding,6.434596,3.422878,Other,2026-02-13 04:03:00
2565,PP20110406292,2011-04-06,Abdulrahman Mohammed,Male,2349028681541,abdulrahman.mohammed92@gmail.com,91840728853,Ikeja Division,Agege,Divisadero,94123.0,"install 2 a.o. smith domestic hot water heaters 240,000 btu each",6.61986,3.344438,Other,2026-02-13 04:03:00
2566,PP20090701393,2009-07-01,Chukwudi Balogun,Male,2348063764803,chukwudi.balogun74@gmail.com,88195329578,Ikeja Division,Alimosho,Washington,94118.0,Sudden burst water pipe inside bathroom wall causing flooding,6.612926,3.299536,Other,2026-02-13 04:03:00
2567,PP20170731446,2017-07-31,Adebayo Chukwu,Male,2348077242692,adebayo.chukwu72@hotmail.com,81774383932,Ikeja Division,Oshodi-Isolo,Aquavista,94131.0,Sudden burst water pipe inside bathroom wall causing flooding,6.537778,3.308602,Other,2026-02-13 04:03:00
2568,PP20190315015,2019-03-15,Opeyemi Ibrahim,Female,2349061684592,opeyemi.ibrahim83@yahoo.com,92264813173,Ikorodu Division,Ikorodu,Miramar,94112.0,for a final inspection for work already approved under pp20151109402,6.624195,3.517789,Other,2026-02-13 04:03:00
2569,PP20161123895,2016-11-23,Ijeoma Ogunleye,Female,2348159442752,ijeoma.ogunleye74@gmail.com,9262417303,Epe Division,Ibeju-Lekki,Peralta,94110.0,kitchen remodel: replace kitchen sink and faucet.,6.463076,3.57841,Other,2026-02-13 04:03:00
2570,PP20140306762,2014-03-06,Chukwudi Adebisi,Male,2348199091946,chukwudi.adebisi86@hotmail.com,78053704031,Lagos Island Division,Lagos Mainland,Vallejo,94123.0,Minor kitchen sink pipe leakage under cabinet,6.518659,3.384564,Other,2026-02-13 04:03:00
2571,PP20130606376,2013-06-06,Uche Ekanem,Male,2348020395809,uche.ekanem21@hotmail.com,98132001710,Epe Division,Epe,Bush,94108.0,Persistent dripping tap in kitchen wasting water daily,6.594339,3.979525,Other,2026-02-13 04:03:00
2572,PP20161007640,2016-10-07,Yetunde Adebisi,Female,2349048769187,yetunde.adebisi57@outlook.com,50985950620,Ikeja Division,Agege,04th,94107.0,"ti, replace 4 hand sinks, 4 toilets",6.62458,3.337235,Other,2026-02-13 04:03:00
2573,PP20140103120,2014-01-03,Opeyemi Ojo,Female,2348159988826,opeyemi.ojo35@hotmail.com,87321120961,Lagos Island Division,Surulere,Natoma,94103.0,Low water pressure affecting entire household supply,6.495657,3.358686,Other,2026-02-13 04:03:00
2574,PP20140228616,2014-02-28,Ngozi Eze,Female,2348180882475,ngozi.eze47@hotmail.com,55330579303,Ikeja Division,Oshodi-Isolo,Bay,94123.0,High-pressure pipe burst affecting multiple residential buildings,6.561066,3.311356,Other,2026-02-13 04:03:00
2575,PP20171120518,2017-11-20,Ifeanyi Nnamdi,Male,2349099826543,ifeanyi.nnamdi34@yahoo.com,13724918206,Badagry Division,Badagry,42nd,94116.0,Minor kitchen sink pipe leakage under cabinet,6.437758,2.876478,Other,2026-02-13 04:03:00
2576,PP20180215888,2018-02-15,Ayomide Adebisi,Male,2348073265380,ayomide.adebisi65@yahoo.com,48206711830,Epe Division,Epe,Waller,94117.0,Underground water pipe burst near hospital entrance,6.589181,3.978308,Other,2026-02-13 04:03:00
2577,PP20150428091,2015-04-28,Adebayo Balogun,Male,2348198619430,adebayo.balogun37@gmail.com,88558183386,Badagry Division,Badagry,North Point,94109.0,Cracked underground pipe slowly flooding compound,6.406307,2.884891,Other,2026-02-13 04:03:00
2578,PP20100930229,2010-09-30,Opeyemi Ibrahim,Female,2349085531772,opeyemi.ibrahim98@gmail.com,94706311853,Lagos Island Division,Surulere,Red Rock,94131.0,High-pressure pipe burst affecting multiple residential buildings,6.498274,3.389982,Other,2026-02-13 04:03:00
2579,PP20151026031,2015-10-26,Zainab Mohammed,Female,2349066447300,zainab.mohammed60@hotmail.com,16813002035,Badagry Division,Ajeromi-Ifelodun,23rd,94114.0,Water pipeline rupture near highway causing erosion,6.464859,3.321998,Other,2026-02-13 04:03:00
2580,PP20170518541,2017-05-18,Kunle Ogunleye,Male,2349083019610,kunle.ogunleye17@hotmail.com,48112385848,Ikeja Division,Alimosho,Kirkham,94122.0,Toilet overflow due to heavily blocked drain system,6.61173,3.274254,Other,2026-02-13 04:03:00
2581,PP20111216191,2011-12-16,Tunde Bamidele,Male,2349098433020,tunde.bamidele67@hotmail.com,80867203003,Ikorodu Division,Ikorodu,Henry,94114.0,High-pressure pipe burst affecting multiple residential buildings,6.61848,3.51066,Other,2026-02-13 04:03:00
2582,PP20130227613,2013-02-27,Kelechi Ojo,Male,2349044874461,kelechi.ojo32@gmail.com,70998548882,Lagos Island Division,Surulere,15th,94114.0,Water main leakage along roadside causing traffic obstruction,6.504846,3.370536,Other,2026-02-13 04:03:00
2583,PP20160302378,2016-03-02,Ijeoma Adeyemi,Female,2349060459088,ijeoma.adeyemi20@gmail.com,79336739501,Lagos Island Division,Lagos Island,Green,94133.0,Water pipeline rupture near highway causing erosion,6.449064,3.393194,Other,2026-02-13 04:03:00
2584,PP20130128760,2013-01-28,Adebayo Eze,Male,2348180371798,adebayo.eze65@gmail.com,43259597166,Lagos Island Division,Lagos Island,Carl,94117.0,Sewer overflow spreading wastewater near market area,6.446439,3.383419,Other,2026-02-13 04:03:00
2585,PP20180425867,2018-04-25,Abdulrahman Mohammed,Male,2348110837825,abdulrahman.mohammed76@yahoo.com,15418765484,Badagry Division,Ajeromi-Ifelodun,Madrid,94112.0,Sewer overflow spreading wastewater near market area,6.469799,3.320564,Other,2026-02-13 04:03:00
2586,PP20080422996,2008-04-22,Femi Ogunleye,Male,2348050954231,femi.ogunleye38@gmail.com,52878001394,Ikeja Division,Oshodi-Isolo,Westbrook,94124.0,Water heater pipe leakage soaking utility area,6.549454,3.298148,Other,2026-02-13 04:03:00
2587,PP20170215991,2017-02-15,Femi Adeyemi,Male,2348149933250,femi.adeyemi43@yahoo.com,63072810972,Badagry Division,Ajeromi-Ifelodun,24th,94110.0,Persistent dripping tap in kitchen wasting water daily,6.472197,3.351314,Other,2026-02-13 04:03:00
2588,PP20151208149,2015-12-08,Temitope Akinyemi,Female,2349089222671,temitope.akinyemi91@gmail.com,2739676039,Ikeja Division,Ifako-Ijaiye,Fillmore,94115.0,Low water pressure affecting entire household supply,6.656784,3.31007,Other,2026-02-13 04:03:00
2589,PP20160831550,2016-08-31,Abdulrahman Afolabi,Male,2348194725253,abdulrahman.afolabi11@hotmail.com,86073656990,Badagry Division,Badagry,Clairview,94131.0,Persistent dripping tap in kitchen wasting water daily,6.413751,2.885157,Other,2026-02-13 04:03:00
2590,PP20120828160,2012-08-28,Aisha Adeyemi,Female,2348136900484,aisha.adeyemi84@outlook.com,52930971261,Ikorodu Division,Ikorodu,Tehama,94103.0,Sudden burst water pipe inside bathroom wall causing flooding,6.621587,3.506037,Other,2026-02-13 04:03:00
2591,PP20111006528,2011-10-06,Chioma Nnamdi,Female,2349037406394,chioma.nnamdi86@hotmail.com,36217196235,Ikorodu Division,Ikorodu,Fortuna,94115.0,Low water pressure affecting entire household supply,6.617394,3.514175,Other,2026-02-13 04:03:00
2592,PP20100419421,2010-04-19,Uche Chukwu,Male,2348155610290,uche.chukwu65@yahoo.com,20730150867,Lagos Island Division,Eti-Osa,Maynard,94112.0,Public tap pipe severely damaged in residential community,6.443504,3.40235,Other,2026-02-13 04:03:00
2593,PP20150407511,2015-04-07,Chukwudi Ogunleye,Male,2348065436528,chukwudi.ogunleye63@gmail.com,75760287401,Lagos Island Division,Apapa,Turk,94102.0,Low water pressure affecting entire household supply,6.445111,3.361138,Other,2026-02-13 04:03:00
2594,PP20100707233,2010-07-07,Ngozi Adebisi,Female,2348174905497,ngozi.adebisi83@hotmail.com,99897812201,Ikeja Division,Mushin,Waller,94117.0,High-pressure pipe burst affecting multiple residential buildings,6.51812,3.371912,Other,2026-02-13 04:03:00
2595,PP20150106871,2015-01-06,Olamide Abiola,Male,2349030179745,olamide.abiola95@yahoo.com,94651731370,Badagry Division,Badagry,Newton,94112.0,Underground water pipe burst near hospital entrance,6.408646,2.884587,Other,2026-02-13 04:03:00
2596,PP20130212193,2013-02-12,Femi Yakubu,Male,2348038589259,femi.yakubu63@outlook.com,87798680031,Ikeja Division,Ifako-Ijaiye,Point Lobos,94121.0,Low water pressure affecting entire household supply,6.67536,3.322687,Other,2026-02-13 04:03:00
2597,PP20101118268,2010-11-18,Olamide Oladipo,Male,2348184890840,olamide.oladipo92@gmail.com,70381533593,Lagos Island Division,Apapa,Diamond,94131.0,Toilet overflow due to heavily blocked drain system,6.430334,3.354713,Other,2026-02-13 04:03:00
2598,PP20130205004,2013-02-05,Temitope Abiola,Female,2348127651421,temitope.abiola33@gmail.com,87745008324,Ikeja Division,Ikeja,Arkansas,94107.0,"remodel 3 bathrooms, 1 kitchen & laundry. replace water heater",6.612094,3.348131,Other,2026-02-13 04:03:00
2599,PP20151022951,2015-10-22,Oluwaseun Danladi,Male,2348169081068,oluwaseun.danladi44@gmail.com,88262231549,Ikeja Division,Ikeja,Clayton,94117.0,Major pipe burst near primary school disrupting access road,6.593336,3.360757,Other,2026-02-13 04:03:00
2600,PP20161021039,2016-10-21,Emeka Umeh,Male,2349057686508,emeka.umeh81@gmail.com,91911328401,Badagry Division,Ajeromi-Ifelodun,Market,94105.0,Minor kitchen sink pipe leakage under cabinet,6.463392,3.328198,Other,2026-02-13 04:03:00
2601,PP20110620024,2011-06-20,Yetunde Okoye,Female,2348124173204,yetunde.okoye95@hotmail.com,67561553312,Ikeja Division,Ifako-Ijaiye,46th,94121.0,Low water pressure affecting entire household supply,6.671295,3.336308,Other,2026-02-13 04:03:00
2602,PP20091118440,2009-11-18,Femi Eze,Male,2349023864759,femi.eze37@hotmail.com,95320203306,Badagry Division,Ajeromi-Ifelodun,Beach,94123.0,Major pipe burst near primary school disrupting access road,6.490517,3.341572,Other,2026-02-13 04:03:00
2603,PP20190923610,2019-09-23,Tunde Okoye,Male,2349016020045,tunde.okoye42@gmail.com,40465947805,Ikeja Division,Ifako-Ijaiye,Fillmore,94123.0,Cracked underground pipe slowly flooding compound,6.681398,3.32354,Other,2026-02-13 04:03:00
2604,PP20140317072,2014-03-17,Ijeoma Okafor,Female,2348182220409,ijeoma.okafor25@yahoo.com,17404941350,Ikeja Division,Mushin,Lyon,94115.0,remove existing kitchen,6.517041,3.355223,Other,2026-02-13 04:03:00
2605,PP20170406349,2017-04-06,Temitope Owolabi,Female,2348122552872,temitope.owolabi21@outlook.com,86507733087,Lagos Island Division,Surulere,17th,94114.0,Water heater pipe leakage soaking utility area,6.497972,3.350015,Other,2026-02-13 04:03:00
2606,PP20180131392,2018-01-31,Abdulrahman Ibrahim,Male,2348074424433,abdulrahman.ibrahim86@outlook.com,96163293956,Ikeja Division,Alimosho,Pierce,94123.0,Water pipeline rupture near highway causing erosion,6.607247,3.298993,Other,2026-02-13 04:03:00
2607,PP20120727372,2012-07-27,Chukwudi Owolabi,Male,2348038604195,chukwudi.owolabi40@hotmail.com,16911060270,Ikeja Division,Kosofe,Clay,94108.0,Persistent dripping tap in kitchen wasting water daily,6.586904,3.421743,Other,2026-02-13 04:03:00
2608,PP20100716484,2010-07-16,Temitope Danladi,Female,2348091528322,temitope.danladi36@hotmail.com,51815380092,Badagry Division,Ajeromi-Ifelodun,Sacramento,94111.0,relocate fire sprinklers. 6th floor(10-701),6.46961,3.32823,Other,2026-02-13 04:03:00
2609,PP20150713212,2015-07-13,Tunde Ibrahim,Male,2348038748156,tunde.ibrahim68@outlook.com,52689132542,Ikeja Division,Agege,Monterey,94127.0,"kitchen remodel. bathroom rmeodel and add 3 new bathrooms, 1 washer & dryer, wet bar.",6.610361,3.32401,Other,2026-02-13 04:03:00
2610,PP20121206632,2012-12-06,Amaka Ojo,Female,2349052999877,amaka.ojo96@yahoo.com,87294447227,Ikorodu Division,Ikorodu,17th,94116.0,Blocked drainage channel causing street-level flooding,6.637248,3.510635,Other,2026-02-13 04:03:00
2611,PP20151223546,2015-12-23,Zainab Nnamdi,Female,2349078071305,zainab.nnamdi12@yahoo.com,84974313166,Ikeja Division,Oshodi-Isolo,35th,94122.0,Bathroom floor drain completely clogged with wastewater backup,6.551351,3.298812,Other,2026-02-13 04:03:00
2612,PP20190114201,2019-01-14,Yetunde Owolabi,Female,2348120480832,yetunde.owolabi41@outlook.com,83433428600,Ikeja Division,Agege,Jackson,94133.0,"modify of sprinkler system, relocate 19 sprinkler head",6.644857,3.325267,Other,2026-02-13 04:03:00
2613,PP20121204552,2012-12-04,Chukwudi Okafor,Male,2349075684122,chukwudi.okafor84@yahoo.com,2878469847,Badagry Division,Badagry,Liberty,94114.0,gas houseline extension.,6.410712,2.889158,Other,2026-02-13 04:03:00
2614,PP20150910840,2015-09-10,Ayomide Danladi,Male,2349039695263,ayomide.danladi72@hotmail.com,72479225665,Ikeja Division,Mushin,Edinburgh,94112.0,add one bathroom in basement.,6.533302,3.364179,Other,2026-02-13 04:03:00
2615,PP20161216526,2016-12-16,Temitope Balogun,Female,2348127668706,temitope.balogun10@outlook.com,66377194122,Ikeja Division,Kosofe,California,94118.0,Cracked underground pipe slowly flooding compound,6.601376,3.421762,Other,2026-02-13 04:03:00
2616,PP20190320140,2019-03-20,Chioma Adeyemi,Female,2348172354714,chioma.adeyemi14@yahoo.com,47264999315,Lagos Island Division,Surulere,28th,94121.0,Open manhole with visible sewage leakage on street,6.48634,3.358231,Other,2026-02-13 04:03:00
2617,PP20081112251,2008-11-12,Kunle Adebisi,Male,2349042943498,kunle.adebisi15@outlook.com,33480441230,Ikeja Division,Agege,22nd,94116.0,replace 15' sewer.,6.618578,3.356682,Other,2026-02-13 04:03:00
2618,PP20080229481,2008-02-29,Aisha Nnamdi,Female,2349060283395,aisha.nnamdi14@hotmail.com,92008333873,Ikorodu Division,Ikorodu,Olmstead,94134.0,High-pressure pipe burst affecting multiple residential buildings,6.605422,3.522526,Other,2026-02-13 04:03:00
2619,PP20080717543,2008-07-17,Olamide Ibrahim,Male,2348052846457,olamide.ibrahim82@hotmail.com,51504701267,Ikeja Division,Kosofe,Florida,94110.0,Sewer overflow spreading wastewater near market area,6.585099,3.425078,Other,2026-02-13 04:03:00
2620,PP20140403652,2014-04-03,Chisom Ekanem,Female,2348101895623,chisom.ekanem92@gmail.com,37023481629,Badagry Division,Badagry,05th,94118.0,Minor kitchen sink pipe leakage under cabinet,6.41398,2.876576,Other,2026-02-13 04:03:00
2621,PP20160622497,2016-06-22,Chukwudi Adebisi,Male,2349056541648,chukwudi.adebisi96@hotmail.com,18270445624,Ikorodu Division,Ikorodu,Badger,94112.0,Water main leakage along roadside causing traffic obstruction,6.626909,3.517044,Other,2026-02-13 04:03:00
2622,PP20090618124,2009-06-18,Ijeoma Bamidele,Female,2348133916604,ijeoma.bamidele53@hotmail.com,75162983339,Lagos Island Division,Eti-Osa,Cook,94118.0,Major pipe burst near primary school disrupting access road,6.442821,3.421767,Other,2026-02-13 04:03:00
2623,PP20130426292,2013-04-26,Adaeze Adebisi,Female,2349028868197,adaeze.adebisi80@yahoo.com,97027656073,Epe Division,Ibeju-Lekki,43rd,94122.0,High-pressure pipe burst affecting multiple residential buildings,6.464002,3.569412,Other,2026-02-13 04:03:00
2624,PP20160225237,2016-02-25,Olamide Ogunleye,Male,2349099902779,olamide.ogunleye31@gmail.com,3140041896,Lagos Island Division,Apapa,04th,94118.0,Toilet overflow due to heavily blocked drain system,6.456994,3.363239,Other,2026-02-13 04:03:00
2625,PP20181204166,2018-12-04,Kelechi Umeh,Male,2349076128160,kelechi.umeh32@outlook.com,36777466121,Epe Division,Epe,Shafter,94124.0,repair water main supply from meter to house.,6.574342,3.978214,Other,2026-02-13 04:03:00
2626,PP20130206035,2013-02-06,Bola Abiola,Female,2349020530439,bola.abiola77@outlook.com,28637695349,Ikeja Division,Alimosho,Prentiss,94110.0,Underground water pipe burst near hospital entrance,6.604332,3.28017,Other,2026-02-13 04:03:00
2627,PP20080905331,2008-09-05,Bola Yakubu,Female,2349091673825,bola.yakubu35@gmail.com,72248404868,Badagry Division,Badagry,Front,94111.0,Flooding due to collapsed drainage system after rainfall,6.406823,2.873662,Other,2026-02-13 04:03:00
2628,PP20080731952,2008-07-31,Yetunde Adeyemi,Female,2348136658088,yetunde.adeyemi79@outlook.com,99421840113,Lagos Island Division,Lagos Island,Mclaren,94121.0,Persistent dripping tap in kitchen wasting water daily,6.449975,3.387313,Other,2026-02-13 04:03:00
2629,PP20140410827,2014-04-10,Tunde Umeh,Male,2349034261785,tunde.umeh26@gmail.com,57299537885,Lagos Island Division,Lagos Island,17th,94114.0,Water heater pipe leakage soaking utility area,6.43783,3.414926,Other,2026-02-13 04:03:00
2630,PP20151019851,2015-10-19,Ayomide Nnamdi,Male,2349085292143,ayomide.nnamdi64@yahoo.com,11984658473,Badagry Division,Amuwo-Odofin,Lombard,94123.0,Water main leakage along roadside causing traffic obstruction,6.462525,3.24221,Other,2026-02-13 04:03:00
2631,PP20121023549,2012-10-23,Abdulrahman Ajayi,Male,2348145453204,abdulrahman.ajayi79@hotmail.com,68187909644,Badagry Division,Ojo,Sunview,94131.0,Septic tank backflow causing strong sewage odor indoors,6.463724,3.187175,Other,2026-02-13 04:03:00
2632,PP20171212112,2017-12-12,Aisha Danladi,Female,2349054453377,aisha.danladi13@hotmail.com,69305007349,Ikeja Division,Ifako-Ijaiye,Haight,94117.0,Underground water pipe burst near hospital entrance,6.681711,3.320414,Other,2026-02-13 04:03:00
2633,PP20091015646,2009-10-15,Zainab Ajayi,Female,2349026442126,zainab.ajayi76@hotmail.com,90961581541,Ikeja Division,Agege,14th,94116.0,Septic tank backflow causing strong sewage odor indoors,6.626421,3.330521,Other,2026-02-13 04:03:00
2634,PP20141010913,2014-10-10,Chisom Nwosu,Female,2348051346079,chisom.nwosu65@yahoo.com,81088873810,Badagry Division,Ajeromi-Ifelodun,Sansome,94111.0,Persistent dripping tap in kitchen wasting water daily,6.453341,3.340541,Other,2026-02-13 04:03:00
2635,PP20110225299,2011-02-25,Kunle Balogun,Male,2348055349512,kunle.balogun41@hotmail.com,96521735384,Badagry Division,Badagry,Palou,94124.0,Major pipe burst near primary school disrupting access road,6.427908,2.910879,Other,2026-02-13 04:03:00
2636,PP20140401529,2014-04-01,Seyi Afolabi,Male,2348177709719,seyi.afolabi94@hotmail.com,58510811399,Epe Division,Ibeju-Lekki,32nd,94122.0,replace sewer later & house trap.,6.458003,3.591989,Other,2026-02-13 04:03:00
2637,PP20190213131,2019-02-13,Olamide Okafor,Male,2349097940740,olamide.okafor38@hotmail.com,26622862228,Badagry Division,Ajeromi-Ifelodun,Waller,94117.0,Water main leakage along roadside causing traffic obstruction,6.462602,3.341134,Other,2026-02-13 04:03:00
2638,PP20160518535,2016-05-18,Ifeanyi Mohammed,Male,2348173089173,ifeanyi.mohammed34@hotmail.com,76708444841,Epe Division,Epe,Joost,94131.0,Severe shower pipe rupture flooding entire bathroom,6.569295,3.970972,Other,2026-02-13 04:03:00
2639,PP20150303499,2015-03-03,Olamide Okafor,Male,2349081219402,olamide.okafor72@gmail.com,56661580256,Badagry Division,Amuwo-Odofin,18th,94116.0,Public tap pipe severely damaged in residential community,6.442241,3.25079,Other,2026-02-13 04:03:00
2640,PP20190507586,2019-05-07,Tunde Ogunleye,Male,2348199732787,tunde.ogunleye80@yahoo.com,19758888199,Ikeja Division,Oshodi-Isolo,Funston,94122.0,to comply with physical inspection report cc8343,6.547189,3.314691,Other,2026-02-13 04:03:00
2641,PP20080811248,2008-08-11,Abdulrahman Abiola,Male,2348082744806,abdulrahman.abiola29@hotmail.com,64809694863,Ikeja Division,Agege,Mason,94133.0,Minor kitchen sink pipe leakage under cabinet,6.625769,3.341996,Other,2026-02-13 04:03:00
2642,PP20130917218,2013-09-17,Kunle Adeyemi,Male,2349079270763,kunle.adeyemi19@outlook.com,78893530575,Badagry Division,Badagry,10th,94116.0,Open manhole with visible sewage leakage on street,6.431188,2.889158,Other,2026-02-13 04:03:00
2643,PP20170623481,2017-06-23,Olamide Nwosu,Male,2348136969026,olamide.nwosu48@outlook.com,27980597130,Badagry Division,Ojo,20th,94121.0,Severe shower pipe rupture flooding entire bathroom,6.448831,3.196634,Other,2026-02-13 04:03:00
2644,PP20080409614,2008-04-09,Olamide Umeh,Male,2348134862049,olamide.umeh28@gmail.com,31232566042,Ikeja Division,Kosofe,Filbert,94123.0,Septic tank backflow causing strong sewage odor indoors,6.577248,3.425804,Other,2026-02-13 04:03:00
2645,PP20130204952,2013-02-04,Chioma Okafor,Female,2348076091573,chioma.okafor52@gmail.com,197392718,Lagos Island Division,Lagos Island,Ellsworth,94110.0,Sudden burst water pipe inside bathroom wall causing flooding,6.469837,3.399267,Other,2026-02-13 04:03:00
2646,PP20161205153,2016-12-05,Abdulrahman Balogun,Male,2348052210494,abdulrahman.balogun79@hotmail.com,38049634855,Epe Division,Epe,Mission,94103.0,Low water pressure affecting entire household supply,6.569038,3.974418,Other,2026-02-13 04:03:00
2647,PP20170918778,2017-09-18,Amaka Ogunleye,Female,2348184322143,amaka.ogunleye74@outlook.com,10392665423,Lagos Island Division,Eti-Osa,Turk,94118.0,Water main leakage along roadside causing traffic obstruction,6.446327,3.420209,Other,2026-02-13 04:03:00
2648,PP20110613802,2011-06-13,Chinedu Mohammed,Male,2349051175242,chinedu.mohammed69@yahoo.com,43214111176,Lagos Island Division,Lagos Mainland,Mission,94103.0,2nd floor--furnish and install (1) ada compliant break room sink.,6.525196,3.386788,Other,2026-02-13 04:03:00
2649,PP20160421816,2016-04-21,Temitope Afolabi,Female,2348032065457,temitope.afolabi72@yahoo.com,82058003908,Lagos Island Division,Surulere,Bruce,94112.0,Blocked drainage channel causing street-level flooding,6.503863,3.363588,Other,2026-02-13 04:03:00
2650,PP20090109246,2009-01-09,Adebayo Ajayi,Male,2349022440387,adebayo.ajayi45@yahoo.com,54412635705,Ikeja Division,Oshodi-Isolo,20th,94107.0,Severe shower pipe rupture flooding entire bathroom,6.551513,3.304973,Other,2026-02-13 04:03:00
2651,PP20130131910,2013-01-31,Oluwaseun Owolabi,Male,2348054467861,oluwaseun.owolabi66@yahoo.com,7349126672,Lagos Island Division,Surulere,Francisco,94123.0,Severe shower pipe rupture flooding entire bathroom,6.505479,3.366336,Other,2026-02-13 04:03:00
2652,PP20170316799,2017-03-16,Yetunde Ojo,Female,2349077159069,yetunde.ojo88@hotmail.com,11513892019,Lagos Island Division,Apapa,Bay,94133.0,Severe shower pipe rupture flooding entire bathroom,6.446227,3.369821,Other,2026-02-13 04:03:00
2653,PP20190325286,2019-03-25,Tunde Akinyemi,Male,2348034698084,tunde.akinyemi51@gmail.com,96883705717,Ikeja Division,Ifako-Ijaiye,Washington,94108.0,High-pressure pipe burst affecting multiple residential buildings,6.66851,3.320083,Other,2026-02-13 04:03:00
2654,PP20180222059,2018-02-22,Oluwaseun Adeyemi,Male,2348087163856,oluwaseun.adeyemi97@yahoo.com,31373764712,Badagry Division,Ajeromi-Ifelodun,Francisco,94123.0,Public tap pipe severely damaged in residential community,6.45911,3.323513,Other,2026-02-13 04:03:00
2655,PP20100224254,2010-02-24,Obinna Abiola,Male,2348135756709,obinna.abiola47@yahoo.com,39440004127,Lagos Island Division,Lagos Mainland,Sacramento,94111.0,"remodel of existing restrooms and addition of one new restroom, basement: one new lavatory & one toilet, 2 new urinals & 3 new lavatory, 2nd flr: 1 new lavatory & add 2 kitchen sinks",6.521676,3.391537,Other,2026-02-13 04:03:00
2656,PP20080424127,2008-04-24,Femi Ojo,Male,2348065035653,femi.ojo87@gmail.com,97917899502,Ikorodu Division,Ikorodu,Gellert,94132.0,Cracked underground pipe slowly flooding compound,6.611349,3.512385,Other,2026-02-13 04:03:00
2657,PP20190501383,2019-05-01,Chioma Chukwu,Female,2348146915418,chioma.chukwu33@yahoo.com,42284763221,Ikorodu Division,Ikorodu,Sweeny,94134.0,Open manhole with visible sewage leakage on street,6.612833,3.507897,Other,2026-02-13 04:03:00
2658,PP20170620372,2017-06-20,Ijeoma Danladi,Female,2348156265639,ijeoma.danladi11@yahoo.com,41135575534,Ikeja Division,Agege,Valparaiso,94133.0,Flooding due to collapsed drainage system after rainfall,6.6004,3.333795,Other,2026-02-13 04:03:00
2659,PP20121025595,2012-10-25,Bola Okoye,Female,2348107669705,bola.okoye43@yahoo.com,69839051658,Badagry Division,Ajeromi-Ifelodun,Greenwich,94123.0,Open manhole with visible sewage leakage on street,6.464763,3.338703,Other,2026-02-13 04:03:00
2660,PP20180727505,2018-07-27,Abdulrahman Abiola,Male,2348030965448,abdulrahman.abiola96@gmail.com,55382097708,Lagos Island Division,Lagos Mainland,Sacramento,94111.0,existing fire sprinikler system t.i. 127 sprinklers.,6.526633,3.367216,Other,2026-02-13 04:03:00
2661,PP20140115446,2014-01-15,Ngozi Balogun,Female,2348115263466,ngozi.balogun24@outlook.com,15856840896,Ikorodu Division,Ikorodu,Glenview,94131.0,Water heater pipe leakage soaking utility area,6.630242,3.512603,Other,2026-02-13 04:03:00
2662,PP20080922015,2008-09-22,Zainab Ibrahim,Female,2348127048610,zainab.ibrahim12@hotmail.com,71476631928,Ikeja Division,Kosofe,Sansome,94111.0,Water pipeline rupture near highway causing erosion,6.585284,3.416608,Other,2026-02-13 04:03:00
2663,PP20190424181,2019-04-24,Kunle Ekanem,Male,2349078945143,kunle.ekanem47@outlook.com,30937799193,Badagry Division,Badagry,14th,94114.0,100 gal commercial water heater install (300k btu),6.409822,2.887178,Other,2026-02-13 04:03:00
2664,PP20160111901,2016-01-11,Femi Abiola,Male,2349077475953,femi.abiola26@yahoo.com,67070549659,Badagry Division,Amuwo-Odofin,Locksley,94131.0,High-pressure pipe burst affecting multiple residential buildings,6.454756,3.232531,Other,2026-02-13 04:03:00
2665,PP20140623718,2014-06-23,Yetunde Eze,Female,2348122849935,yetunde.eze92@gmail.com,5256588749,Ikeja Division,Kosofe,Avila,94123.0,Major pipe burst near primary school disrupting access road,6.577912,3.414151,Other,2026-02-13 04:03:00
2666,PP20110328015,2011-03-28,Tunde Umeh,Male,2348065977500,tunde.umeh30@hotmail.com,23978792672,Ikeja Division,Oshodi-Isolo,Haight,94117.0,Water heater pipe leakage soaking utility area,6.556162,3.320033,Other,2026-02-13 04:03:00
2667,PP20110601566,2011-06-01,Olamide Nnamdi,Male,2349021005672,olamide.nnamdi97@hotmail.com,6206631948,Badagry Division,Badagry,Post,94102.0,High-pressure pipe burst affecting multiple residential buildings,6.407283,2.88002,Other,2026-02-13 04:03:00
2668,PP20150727610,2015-07-27,Ngozi Nnamdi,Female,2348194731882,ngozi.nnamdi92@outlook.com,59801521563,Badagry Division,Amuwo-Odofin,College,94112.0,Open manhole with visible sewage leakage on street,6.444875,3.241985,Other,2026-02-13 04:03:00
2669,PP20191108059,2019-11-08,Bola Balogun,Female,2348090772436,bola.balogun49@hotmail.com,98214805765,Ikeja Division,Oshodi-Isolo,39th,94122.0,Underground water pipe burst near hospital entrance,6.550128,3.315808,Other,2026-02-13 04:03:00
2670,PP20160718191,2016-07-18,Emeka Umeh,Male,2348097447402,emeka.umeh88@hotmail.com,28408980681,Badagry Division,Amuwo-Odofin,Fulton,94118.0,Cracked underground pipe slowly flooding compound,6.439462,3.254278,Other,2026-02-13 04:03:00
2671,PP20161114615,2016-11-14,Abdulrahman Adebisi,Male,2349019478800,abdulrahman.adebisi44@hotmail.com,95902464745,Lagos Island Division,Lagos Mainland,38th,94121.0,Low water pressure affecting entire household supply,6.507381,3.373587,Other,2026-02-13 04:03:00
2672,PP20190719698,2019-07-19,Seyi Nnamdi,Male,2348190806588,seyi.nnamdi42@hotmail.com,14609887846,Badagry Division,Badagry,Sacramento,94115.0,Underground water pipe burst near hospital entrance,6.411705,2.901749,Other,2026-02-13 04:03:00
2673,PP20080903234,2008-09-03,Chukwudi Mohammed,Male,2348068548684,chukwudi.mohammed65@gmail.com,6828487695,Ikeja Division,Mushin,Bay,94109.0,Minor kitchen sink pipe leakage under cabinet,6.524552,3.332588,Other,2026-02-13 04:03:00
2674,PP20160112955,2016-01-12,Bola Adeyemi,Female,2348069248201,bola.adeyemi63@hotmail.com,16155893814,Ikorodu Division,Ikorodu,Van Ness,94109.0,Underground water pipe burst near hospital entrance,6.599411,3.51084,Other,2026-02-13 04:03:00
2675,PP20161006590,2016-10-06,Temitope Abiola,Female,2348124257598,temitope.abiola91@gmail.com,25198364736,Ikeja Division,Mushin,Jackson,94118.0,"install (5) shower pans ,ref pw20150727062, pmw20160610159",6.533438,3.358355,Other,2026-02-13 04:03:00
2676,PP20130429330,2013-04-29,Zainab Abiola,Female,2348175431514,zainab.abiola81@yahoo.com,42753881983,Lagos Island Division,Lagos Mainland,35th,94116.0,Low water pressure affecting entire household supply,6.526076,3.390823,Other,2026-02-13 04:03:00
2677,PP20090615030,2009-06-15,Aisha Mohammed,Female,2348022946766,aisha.mohammed93@outlook.com,89792961139,Ikeja Division,Alimosho,San Andreas,94127.0,Low water pressure affecting entire household supply,6.603604,3.303949,Other,2026-02-13 04:03:00
2678,PP20150825444,2015-08-25,Opeyemi Eze,Female,2348131548936,opeyemi.eze23@yahoo.com,63114220235,Ikeja Division,Agege,37th,94122.0,Blocked drainage channel causing street-level flooding,6.59918,3.326951,Other,2026-02-13 04:03:00
2679,PP20140604258,2014-06-04,Ngozi Ekanem,Female,2349075240719,ngozi.ekanem88@hotmail.com,54354901893,Lagos Island Division,Lagos Mainland,Taylor,94102.0,Public tap pipe severely damaged in residential community,6.50633,3.376452,Other,2026-02-13 04:03:00
2680,PP20150603236,2015-06-03,Chukwudi Abiola,Male,2349068036811,chukwudi.abiola93@gmail.com,54100059668,Ikeja Division,Agege,Campton,94108.0,"1 floor drain, moved one floor sink, one hand sink, install dishwasher,drains, assorted copper work.",6.615037,3.337141,Other,2026-02-13 04:03:00
2681,PP20171208005,2017-12-08,Bola Eze,Female,2348082320511,bola.eze87@gmail.com,28016193110,Ikorodu Division,Ikorodu,Haight,94117.0,Water pipeline rupture near highway causing erosion,6.620019,3.501224,Other,2026-02-13 04:03:00
2682,PP20140930535,2014-09-30,Adebayo Danladi,Male,2349064719769,adebayo.danladi35@outlook.com,89209576613,Ikeja Division,Ikeja,Cole,94117.0,Sudden burst water pipe inside bathroom wall causing flooding,6.599898,3.336526,Other,2026-02-13 04:03:00
2683,PP20200113656,2020-01-13,Abdulrahman Ekanem,Male,2349072751542,abdulrahman.ekanem34@gmail.com,51442167338,Lagos Island Division,Lagos Mainland,Pacific,94109.0,install 1 shower pan,6.538032,3.376164,Other,2026-02-13 04:03:00
2684,PP20120330534,2012-03-30,Ayomide Bamidele,Male,2348026100608,ayomide.bamidele69@hotmail.com,39202414895,Ikeja Division,Mushin,Pomona,94124.0,Toilet overflow due to heavily blocked drain system,6.522411,3.370489,Other,2026-02-13 04:03:00
2685,PP20150409552,2015-04-09,Ijeoma Eze,Female,2348083341413,ijeoma.eze36@outlook.com,24078487714,Ikeja Division,Ikeja,Mission,94105.0,Sewer overflow spreading wastewater near market area,6.589378,3.340244,Other,2026-02-13 04:03:00
2686,PP20171218266,2017-12-18,Zainab Oladipo,Female,2348124558345,zainab.oladipo85@hotmail.com,72033933808,Ikeja Division,Ifako-Ijaiye,Baker,94117.0,High-pressure pipe burst affecting multiple residential buildings,6.658838,3.327921,Other,2026-02-13 04:03:00
2687,PP20130605369,2013-06-05,Chioma Nnamdi,Female,2348065162938,chioma.nnamdi72@hotmail.com,64199933317,Lagos Island Division,Eti-Osa,Webster,94117.0,Water pipeline rupture near highway causing erosion,6.437416,3.429297,Other,2026-02-13 04:03:00
2688,PP20110718611,2011-07-18,Aisha Umeh,Female,2348174899995,aisha.umeh34@outlook.com,38164463282,Lagos Island Division,Lagos Island,03rd,94124.0,Blocked drainage channel causing street-level flooding,6.47982,3.372206,Other,2026-02-13 04:03:00
2689,PP20180706923,2018-07-06,Kunle Ojo,Male,2348104426121,kunle.ojo61@yahoo.com,41664783113,Lagos Island Division,Surulere,Broderick,94123.0,Septic tank backflow causing strong sewage odor indoors,6.502987,3.355229,Other,2026-02-13 04:03:00
2690,PP20160412587,2016-04-12,Temitope Nnamdi,Female,2348177397777,temitope.nnamdi19@outlook.com,55101742867,Lagos Island Division,Lagos Island,Bryant,94103.0,"new lower bathroom (toilet, lav, shower), new upper bathroom (toilet, lav), kitchenette, new water heater, new gas line, 1 shower pan.",6.448236,3.388502,Other,2026-02-13 04:03:00
2691,PP20190220290,2019-02-20,Emeka Afolabi,Male,2348108187904,emeka.afolabi59@yahoo.com,56200061509,Lagos Island Division,Lagos Island,Union,94133.0,Open manhole with visible sewage leakage on street,6.445012,3.411545,Other,2026-02-13 04:03:00
2692,PP20100311598,2010-03-11,Temitope Ibrahim,Female,2348131947880,temitope.ibrahim10@outlook.com,74821740527,Ikeja Division,Alimosho,27th,94131.0,Low water pressure affecting entire household supply,6.617423,3.295232,Other,2026-02-13 04:03:00
2693,PP20090512289,2009-05-12,Temitope Ogunleye,Female,2348097925282,temitope.ogunleye63@hotmail.com,51526009363,Lagos Island Division,Apapa,19th,94114.0,main water line on side walk.,6.46231,3.343875,Other,2026-02-13 04:03:00
2694,PP20081014039,2008-10-14,Chukwudi Akinyemi,Male,2349018771541,chukwudi.akinyemi96@outlook.com,87402767019,Epe Division,Ibeju-Lekki,Jackson,94133.0,all 16 units: install a new hot water line for all 16 units from water heater to each fixture,6.456693,3.56322,Other,2026-02-13 04:03:00
2695,PP20100920953,2010-09-20,Seyi Nnamdi,Male,2349043805654,seyi.nnamdi39@yahoo.com,64498046496,Lagos Island Division,Apapa,27th,94122.0,1)convert one bathroom into 2 bathrooms on upstairs 2nd floor.2)add one full bathroom and relocate water heater and furnace,6.441806,3.360617,Other,2026-02-13 04:03:00
2696,PP20100315656,2010-03-15,Temitope Nnamdi,Female,2348064849763,temitope.nnamdi74@hotmail.com,4553475046,Badagry Division,Badagry,Santiago,94116.0,survey inspection only.,6.416029,2.886493,Other,2026-02-13 04:03:00
2697,PP20080604251,2008-06-04,Ifeanyi Oladipo,Male,2349094652921,ifeanyi.oladipo38@gmail.com,73135550664,Ikeja Division,Agege,46th,94122.0,Water main leakage along roadside causing traffic obstruction,6.601389,3.344032,Other,2026-02-13 04:03:00
2698,PP20120208326,2012-02-08,Tunde Okafor,Male,2348162908124,tunde.okafor49@yahoo.com,32772479951,Badagry Division,Ojo,20th,94110.0,Persistent dripping tap in kitchen wasting water daily,6.463396,3.190331,Other,2026-02-13 04:03:00
2699,PP20081022413,2008-10-22,Uche Akinyemi,Male,2348189345490,uche.akinyemi26@outlook.com,6199356663,Badagry Division,Ajeromi-Ifelodun,Townsend,94103.0,Toilet overflow due to heavily blocked drain system,6.447772,3.336415,Other,2026-02-13 04:03:00
2700,PP20080318984,2008-03-18,Aisha Bamidele,Female,2349058215235,aisha.bamidele70@hotmail.com,99527074731,Lagos Island Division,Lagos Mainland,Baker,94115.0,Water main leakage along roadside causing traffic obstruction,6.512522,3.375227,Other,2026-02-13 04:03:00
2701,PP20180306379,2018-03-06,Femi Ajayi,Male,2348185128128,femi.ajayi78@gmail.com,37904533329,Epe Division,Ibeju-Lekki,Market,94102.0,unit #2725: kitchen and bathroom remodel,6.475344,3.585911,Other,2026-02-13 04:03:00
2702,PP20181205203,2018-12-05,Chinedu Mohammed,Male,2349030128855,chinedu.mohammed88@hotmail.com,45228157700,Ikeja Division,Oshodi-Isolo,Chestnut,94109.0,Severe shower pipe rupture flooding entire bathroom,6.545085,3.308163,Other,2026-02-13 04:03:00
2703,PP20150401336,2015-04-01,Obinna Eze,Male,2349024399880,obinna.eze80@yahoo.com,70282100925,Ikeja Division,Mushin,Flood,94112.0,"install water line, sewer line for bathrooms and luandry, install new water heater, install gas line for dryer, furnace, water heater, install shower pan",6.511985,3.366103,Other,2026-02-13 04:03:00
2704,PP20131017175,2013-10-17,Chukwudi Ibrahim,Male,2348108439318,chukwudi.ibrahim29@yahoo.com,65583403956,Badagry Division,Badagry,Brotherhood,94132.0,Persistent dripping tap in kitchen wasting water daily,6.412947,2.896185,Other,2026-02-13 04:03:00
2705,PP20090311779,2009-03-11,Kelechi Ogunleye,Male,2349042588473,kelechi.ogunleye49@hotmail.com,19526837952,Ikorodu Division,Ikorodu,Miramar,94112.0,Toilet overflow due to heavily blocked drain system,6.614135,3.505264,Other,2026-02-13 04:03:00
2706,PP20180313615,2018-03-13,Kelechi Nwosu,Male,2349046667408,kelechi.nwosu11@yahoo.com,22314768237,Ikeja Division,Ikeja,Country Club,94132.0,High-pressure pipe burst affecting multiple residential buildings,6.594158,3.360262,Other,2026-02-13 04:03:00
2707,PP20180906613,2018-09-06,Uche Oladipo,Male,2349086544290,uche.oladipo70@outlook.com,92019976372,Ikeja Division,Ikeja,10th,94118.0,Underground water pipe burst near hospital entrance,6.594706,3.357946,Other,2026-02-13 04:03:00
2708,PP20111025978,2011-10-25,Oluwaseun Akinyemi,Male,2349057177979,oluwaseun.akinyemi80@outlook.com,3553781270,Ikeja Division,Ikeja,10th,94118.0,Minor kitchen sink pipe leakage under cabinet,6.597975,3.33174,Other,2026-02-13 04:03:00
2709,PP20100127729,2010-01-27,Tunde Okafor,Male,2348172973287,tunde.okafor86@gmail.com,6966468552,Ikeja Division,Kosofe,Vasquez,94127.0,Minor kitchen sink pipe leakage under cabinet,6.577597,3.404909,Other,2026-02-13 04:03:00
2710,PP20080820529,2008-08-20,Chukwudi Ojo,Male,2348121729547,chukwudi.ojo39@yahoo.com,65422554213,Badagry Division,Badagry,Thornton,94124.0,High-pressure pipe burst affecting multiple residential buildings,6.415339,2.873096,Other,2026-02-13 04:03:00
2711,PP20131126269,2013-11-26,Kelechi Afolabi,Male,2348116550475,kelechi.afolabi96@gmail.com,39182049250,Lagos Island Division,Apapa,Sutter,94108.0,"install waste & vent, cold water three sinks (wash station). instant hot water heater.",6.45806,3.358089,Other,2026-02-13 04:03:00
2712,PP20180611214,2018-06-11,Aisha Danladi,Female,2348140442785,aisha.danladi33@hotmail.com,93009793925,Ikeja Division,Kosofe,24th,94114.0,install ada bathroom,6.581524,3.423259,Other,2026-02-13 04:03:00
2713,PP20100104248,2010-01-04,Femi Balogun,Male,2349051915718,femi.balogun65@outlook.com,98507028378,Lagos Island Division,Lagos Island,Folsom,94107.0,Underground water pipe burst near hospital entrance,6.463739,3.394499,Other,2026-02-13 04:03:00
2714,PP20100831495,2010-08-31,Ifeanyi Abiola,Male,2348188333471,ifeanyi.abiola70@gmail.com,75854732383,Ikeja Division,Alimosho,Market,94111.0,Underground water pipe burst near hospital entrance,6.601288,3.27726,Other,2026-02-13 04:03:00
2715,PP20081218780,2008-12-18,Bola Adeyemi,Female,2348071706237,bola.adeyemi22@gmail.com,60576431004,Ikeja Division,Ifako-Ijaiye,20th,94121.0,3rd level: kitchen remodel - replace sink & laundry room sink.. replace bathroom sink and trim for tub.,6.66294,3.322428,Other,2026-02-13 04:03:00
2716,PP20120920694,2012-09-20,Kelechi Owolabi,Male,2349026085264,kelechi.owolabi89@hotmail.com,86159678216,Badagry Division,Ojo,Powell,94133.0,Septic tank backflow causing strong sewage odor indoors,6.462071,3.179549,Other,2026-02-13 04:03:00
2717,PP20170510230,2017-05-10,Chisom Adeyemi,Female,2349077853124,chisom.adeyemi24@outlook.com,78948089415,Epe Division,Epe,Jamestown,94124.0,Major pipe burst near primary school disrupting access road,6.590879,3.97747,Other,2026-02-13 04:03:00
2718,PP20130108284,2013-01-08,Obinna Danladi,Male,2349079148172,obinna.danladi21@yahoo.com,6697010772,Ikorodu Division,Ikorodu,Madrid,94112.0,Flooding due to collapsed drainage system after rainfall,6.61883,3.52234,Other,2026-02-13 04:03:00
2719,PP20140530131,2014-05-30,Tunde Afolabi,Male,2349073364362,tunde.afolabi98@outlook.com,91848150636,Ikeja Division,Oshodi-Isolo,Pacific,94133.0,High-pressure pipe burst affecting multiple residential buildings,6.557018,3.3075,Other,2026-02-13 04:03:00
2720,PP20100614736,2010-06-14,Chisom Bamidele,Female,2348178421664,chisom.bamidele33@gmail.com,80069173691,Ikorodu Division,Ikorodu,26th,94131.0,Water main leakage along roadside causing traffic obstruction,6.613381,3.504168,Other,2026-02-13 04:03:00
2721,PP20140117510,2014-01-17,Ijeoma Okafor,Female,2349031169633,ijeoma.okafor18@hotmail.com,75081387730,Badagry Division,Ojo,New Montgomery,94105.0,Water main leakage along roadside causing traffic obstruction,6.452494,3.17759,Other,2026-02-13 04:03:00
2722,PP20101105978,2010-11-05,Chinedu Okoye,Male,2349031807596,chinedu.okoye55@yahoo.com,93220823020,Badagry Division,Ajeromi-Ifelodun,18th,94114.0,remove illegal bath/kitchen sink waste and water heaters/gas line for stoves and laundry on grnd flr (in compliance with cc5755),6.474257,3.331081,Other,2026-02-13 04:03:00
2723,PP20150114147,2015-01-14,Adaeze Okafor,Female,2349045589343,adaeze.okafor80@hotmail.com,39697705799,Lagos Island Division,Eti-Osa,Vallejo,94133.0,2 shower pans.,6.419602,3.439582,Other,2026-02-13 04:03:00
2724,PP20080520851,2008-05-20,Tunde Afolabi,Male,2348199543542,tunde.afolabi20@yahoo.com,78740899994,Lagos Island Division,Lagos Mainland,47th,94116.0,Water heater pipe leakage soaking utility area,6.5276,3.365131,Other,2026-02-13 04:03:00
2725,PP20190726934,2019-07-26,Femi Akinyemi,Male,2348035392786,femi.akinyemi12@outlook.com,66379831931,Ikeja Division,Agege,Pacific,94109.0,Bathroom floor drain completely clogged with wastewater backup,6.611082,3.337109,Other,2026-02-13 04:03:00
2726,PP20190718656,2019-07-18,Abdulrahman Balogun,Male,2349017496413,abdulrahman.balogun11@gmail.com,388645020,Ikeja Division,Kosofe,Lake,94121.0,Minor kitchen sink pipe leakage under cabinet,6.600346,3.405619,Other,2026-02-13 04:03:00
2727,PP20130123669,2013-01-23,Chisom Mohammed,Female,2348134549002,chisom.mohammed11@gmail.com,94325583837,Ikeja Division,Ikeja,Sutter,94115.0,Open manhole with visible sewage leakage on street,6.61156,3.365495,Other,2026-02-13 04:03:00
2728,PP20121217856,2012-12-17,Opeyemi Danladi,Female,2349081948671,opeyemi.danladi25@gmail.com,71971752652,Ikeja Division,Mushin,Mcallister,94102.0,Minor kitchen sink pipe leakage under cabinet,6.521013,3.351825,Other,2026-02-13 04:03:00
2729,PP20090204938,2009-02-04,Yetunde Adebisi,Female,2348078009718,yetunde.adebisi19@hotmail.com,43500778714,Lagos Island Division,Eti-Osa,Missouri,94107.0,install shower pan.,6.422737,3.419865,Other,2026-02-13 04:03:00
2730,PP20180914847,2018-09-14,Kelechi Adebisi,Male,2348128312902,kelechi.adebisi52@yahoo.com,78538354039,Badagry Division,Badagry,Clay,94115.0,Underground water pipe burst near hospital entrance,6.414634,2.891596,Other,2026-02-13 04:03:00
2731,PP20080825657,2008-08-25,Chinedu Bamidele,Male,2349042295228,chinedu.bamidele67@gmail.com,27690761931,Lagos Island Division,Eti-Osa,15th,94127.0,shower pan inspection.,6.444002,3.414419,Other,2026-02-13 04:03:00
2732,PP20130116482,2013-01-16,Abdulrahman Ojo,Male,2349010972617,abdulrahman.ojo69@yahoo.com,87007403189,Ikeja Division,Ikeja,Waller,94102.0,Bathroom floor drain completely clogged with wastewater backup,6.582127,3.351288,Other,2026-02-13 04:03:00
2733,PP20120119838,2012-01-19,Amaka Bamidele,Female,2348188777617,amaka.bamidele33@hotmail.com,58003105709,Epe Division,Ibeju-Lekki,Mississippi,94107.0,water heater installation.,6.472935,3.587494,Other,2026-02-13 04:03:00
2734,PP20150807941,2015-08-07,Obinna Nwosu,Male,2349045304283,obinna.nwosu94@yahoo.com,95075080827,Epe Division,Ibeju-Lekki,California,94104.0,"fire sprinkler ti relocate 46 heads, add 3 heads total 49 heads",6.466733,3.586248,Other,2026-02-13 04:03:00
2735,PP20170328100,2017-03-28,Ayomide Eze,Male,2349091322404,ayomide.eze25@hotmail.com,76124410442,Badagry Division,Ojo,Roosevelt,94114.0,"bathroom remodel, kitchen rmeodel, new fixtures in powder room. shower pan.",6.476154,3.186817,Other,2026-02-13 04:03:00
2736,PP20110527490,2011-05-27,Ayomide Okoye,Male,2349079801150,ayomide.okoye18@yahoo.com,75113587713,Epe Division,Epe,16th,94116.0,Low water pressure affecting entire household supply,6.580266,3.978598,Other,2026-02-13 04:03:00
2737,PP20150414700,2015-04-14,Adebayo Danladi,Male,2348191313228,adebayo.danladi74@yahoo.com,55957764552,Lagos Island Division,Lagos Island,Pine,94109.0,Severe shower pipe rupture flooding entire bathroom,6.452401,3.411067,Other,2026-02-13 04:03:00
2738,PP20170831380,2017-08-31,Abdulrahman Nnamdi,Male,2348109804382,abdulrahman.nnamdi33@yahoo.com,26545534609,Epe Division,Epe,Mason,94102.0,Public tap pipe severely damaged in residential community,6.582167,3.983402,Other,2026-02-13 04:03:00
2739,PP20181003419,2018-10-03,Abdulrahman Adeyemi,Male,2348077948154,abdulrahman.adeyemi91@gmail.com,54503739771,Ikeja Division,Mushin,Plymouth,94127.0,Blocked drainage channel causing street-level flooding,6.522477,3.36559,Other,2026-02-13 04:03:00
2740,PP20090923190,2009-09-23,Olamide Okafor,Male,2349086769944,olamide.okafor82@outlook.com,56603652990,Lagos Island Division,Lagos Island,Madrid,94112.0,Septic tank backflow causing strong sewage odor indoors,6.473698,3.399206,Other,2026-02-13 04:03:00
2741,PP20151123792,2015-11-23,Abdulrahman Ajayi,Male,2348153189999,abdulrahman.ajayi92@hotmail.com,47248784283,Ikeja Division,Ifako-Ijaiye,Innes,94124.0,Major pipe burst near primary school disrupting access road,6.670628,3.328968,Other,2026-02-13 04:03:00
2742,PP20140819346,2014-08-19,Ijeoma Mohammed,Female,2349022275023,ijeoma.mohammed12@yahoo.com,1715487024,Ikeja Division,Agege,27th,94131.0,Flooding due to collapsed drainage system after rainfall,6.591657,3.343452,Other,2026-02-13 04:03:00
2743,PP20080306683,2008-03-06,Bola Balogun,Female,2348151590073,bola.balogun82@yahoo.com,76164574804,Ikeja Division,Mushin,22nd,94116.0,Open manhole with visible sewage leakage on street,6.528642,3.358883,Other,2026-02-13 04:03:00
2744,PP20081210416,2008-12-10,Zainab Mohammed,Female,2348170689600,zainab.mohammed82@gmail.com,48154662,Badagry Division,Amuwo-Odofin,Isis,94103.0,Low water pressure affecting entire household supply,6.442885,3.246155,Other,2026-02-13 04:03:00
2745,PP20120824065,2012-08-24,Oluwaseun Adeyemi,Male,2348140762221,oluwaseun.adeyemi57@gmail.com,52143337028,Badagry Division,Badagry,Taraval,94116.0,Open manhole with visible sewage leakage on street,6.41089,2.895216,Other,2026-02-13 04:03:00
2746,PP20181114653,2018-11-14,Chukwudi Akinyemi,Male,2348163682963,chukwudi.akinyemi52@hotmail.com,20439789403,Lagos Island Division,Eti-Osa,Raleigh,94112.0,Septic tank backflow causing strong sewage odor indoors,6.429312,3.442727,Other,2026-02-13 04:03:00
2747,PP20080318991,2008-03-18,Kelechi Owolabi,Male,2348194729329,kelechi.owolabi16@hotmail.com,25147447439,Ikeja Division,Ifako-Ijaiye,14th,94116.0,gas furnace flue and ductwork,6.674109,3.315843,Other,2026-02-13 04:03:00
2748,PP20121119194,2012-11-19,Chisom Ogunleye,Female,2348167973122,chisom.ogunleye83@gmail.com,81039282296,Ikorodu Division,Ikorodu,Vicente,94116.0,Sudden burst water pipe inside bathroom wall causing flooding,6.618115,3.503983,Other,2026-02-13 04:03:00
2749,PP20190204821,2019-02-04,Adaeze Ogunleye,Female,2348061120752,adaeze.ogunleye87@gmail.com,17587373496,Badagry Division,Badagry,Van Ness,94109.0,Sudden burst water pipe inside bathroom wall causing flooding,6.393056,2.900995,Other,2026-02-13 04:03:00
2750,PP20160314707,2016-03-14,Amaka Chukwu,Female,2348192023566,amaka.chukwu90@gmail.com,54149655480,Lagos Island Division,Lagos Island,Turk,94102.0,Water heater pipe leakage soaking utility area,6.461131,3.400032,Other,2026-02-13 04:03:00
2751,PP20171025841,2017-10-25,Chisom Okoye,Female,2349087350751,chisom.okoye37@yahoo.com,36035976862,Badagry Division,Badagry,Fillmore,94123.0,Blocked drainage channel causing street-level flooding,6.416654,2.87118,Other,2026-02-13 04:03:00
2752,PP20190124557,2019-01-24,Zainab Okafor,Female,2348103830694,zainab.okafor61@outlook.com,93287989914,Ikeja Division,Ikeja,39th,94122.0,Water pipeline rupture near highway causing erosion,6.596964,3.359918,Other,2026-02-13 04:03:00
2753,PP20191121408,2019-11-21,Tunde Nnamdi,Male,2348124350267,tunde.nnamdi22@yahoo.com,46337058149,Ikeja Division,Ikeja,Pennsylvania,94107.0,Severe shower pipe rupture flooding entire bathroom,6.591288,3.326182,Other,2026-02-13 04:03:00
2754,PP20170118263,2017-01-18,Abdulrahman Adeyemi,Male,2348148031104,abdulrahman.adeyemi76@hotmail.com,98387819498,Epe Division,Epe,Staples,94112.0,Water pipeline rupture near highway causing erosion,6.581729,3.982182,Other,2026-02-13 04:03:00
2755,PP20160923237,2016-09-23,Uche Ogunleye,Male,2348033827959,uche.ogunleye53@yahoo.com,43751746381,Ikeja Division,Ifako-Ijaiye,Ofarrell,94109.0,Underground water pipe burst near hospital entrance,6.671156,3.335885,Other,2026-02-13 04:03:00
2756,PP20080723727,2008-07-23,Ayomide Nwosu,Male,2349041278605,ayomide.nwosu24@hotmail.com,98354263072,Lagos Island Division,Lagos Mainland,Frederick,94117.0,Open manhole with visible sewage leakage on street,6.530776,3.381788,Other,2026-02-13 04:03:00
2757,PP20161130037,2016-11-30,Ijeoma Owolabi,Female,2349065918255,ijeoma.owolabi17@yahoo.com,51836822249,Ikorodu Division,Ikorodu,Webster,94115.0,Sewer overflow spreading wastewater near market area,6.631355,3.49531,Other,2026-02-13 04:03:00
2758,PP20130715405,2013-07-15,Bola Nwosu,Female,2349073508860,bola.nwosu14@yahoo.com,52980684293,Badagry Division,Amuwo-Odofin,Grove,94117.0,Public tap pipe severely damaged in residential community,6.455046,3.256265,Other,2026-02-13 04:03:00
2759,PP20180731575,2018-07-31,Ayomide Adebisi,Male,2349024346804,ayomide.adebisi95@gmail.com,72425065520,Ikeja Division,Alimosho,South Van Ness,94110.0,High-pressure pipe burst affecting multiple residential buildings,6.596604,3.279971,Other,2026-02-13 04:03:00
2760,PP20140409788,2014-04-09,Chinedu Bamidele,Male,2349022155206,chinedu.bamidele55@gmail.com,6353781006,Ikeja Division,Oshodi-Isolo,Newcomb,94124.0,Sewer overflow spreading wastewater near market area,6.546141,3.301485,Other,2026-02-13 04:03:00
2761,PP20140320209,2014-03-20,Adebayo Nnamdi,Male,2348037209840,adebayo.nnamdi75@yahoo.com,12389191077,Ikeja Division,Oshodi-Isolo,Broderick,94115.0,Septic tank backflow causing strong sewage odor indoors,6.561134,3.301955,Other,2026-02-13 04:03:00
2762,PP20170421752,2017-04-21,Temitope Nwosu,Female,2348125923745,temitope.nwosu35@outlook.com,42018793247,Badagry Division,Ojo,18th,94121.0,Sewer overflow spreading wastewater near market area,6.452437,3.176884,Other,2026-02-13 04:03:00
2763,PP20120723229,2012-07-23,Aisha Yakubu,Female,2349093529050,aisha.yakubu60@gmail.com,95937341939,Lagos Island Division,Lagos Mainland,38th,94122.0,Minor kitchen sink pipe leakage under cabinet,6.535586,3.37933,Other,2026-02-13 04:03:00
2764,PP20140508543,2014-05-08,Uche Nnamdi,Male,2348122767991,uche.nnamdi60@outlook.com,92776583350,Ikeja Division,Oshodi-Isolo,47th,94121.0,Major pipe burst near primary school disrupting access road,6.551807,3.307,Other,2026-02-13 04:03:00
2765,PP20190108052,2019-01-08,Zainab Ajayi,Female,2348126302497,zainab.ajayi82@outlook.com,11934174788,Epe Division,Epe,Bush,94108.0,Major pipe burst near primary school disrupting access road,6.596921,3.976108,Other,2026-02-13 04:03:00
2766,PP20160614263,2016-06-14,Chinedu Ibrahim,Male,2348031789013,chinedu.ibrahim47@yahoo.com,39114935863,Lagos Island Division,Eti-Osa,O'farrell,94102.0,Water pipeline rupture near highway causing erosion,6.446255,3.424005,Other,2026-02-13 04:03:00
2767,PP20191023576,2019-10-23,Amaka Danladi,Female,2349020319407,amaka.danladi54@gmail.com,61488374253,Ikeja Division,Kosofe,Fillmore,94115.0,p-traps to be removed and replaced in kitchen and bathroom,6.581696,3.441709,Other,2026-02-13 04:03:00
2768,PP20151124837,2015-11-24,Opeyemi Mohammed,Female,2349091223682,opeyemi.mohammed80@gmail.com,23097854830,Lagos Island Division,Lagos Mainland,Pacheco,94116.0,Minor kitchen sink pipe leakage under cabinet,6.513844,3.375663,Other,2026-02-13 04:03:00
2769,PP20170504073,2017-05-04,Femi Afolabi,Male,2348199054966,femi.afolabi34@gmail.com,60832305664,Badagry Division,Ajeromi-Ifelodun,Sacramento,94115.0,Underground water pipe burst near hospital entrance,6.454376,3.342825,Other,2026-02-13 04:03:00
2770,PP20180404274,2018-04-04,Tunde Ekanem,Male,2348056872947,tunde.ekanem59@gmail.com,99459785253,Ikeja Division,Agege,Mcallister,94117.0,"remodel 1 kithcen & 2 bathrooms , add hydronic heating",6.632392,3.352699,Other,2026-02-13 04:03:00
2771,PP20111007587,2011-10-07,Emeka Nwosu,Male,2349016996707,emeka.nwosu63@yahoo.com,36577231067,Ikeja Division,Oshodi-Isolo,Topeka,94124.0,Cracked underground pipe slowly flooding compound,6.565839,3.306124,Other,2026-02-13 04:03:00
2772,PP20191016376,2019-10-16,Ijeoma Nwosu,Female,2348160283980,ijeoma.nwosu93@gmail.com,75673756967,Ikorodu Division,Ikorodu,Arguello,94118.0,Sudden burst water pipe inside bathroom wall causing flooding,6.615748,3.493788,Other,2026-02-13 04:03:00
2773,PP20160427981,2016-04-27,Emeka Ekanem,Male,2349072616681,emeka.ekanem49@gmail.com,41701431364,Lagos Island Division,Surulere,Beach,94133.0,"t.i. restaurant: add new appliaces, bar, new hand sink, 3-comp sink, d/w, ice maker. espresso machin, fridge, cocktail workstation, bar equipment, new gas line.",6.517259,3.36549,Other,2026-02-13 04:03:00
2774,PP20110202785,2011-02-02,Chioma Owolabi,Female,2348187498722,chioma.owolabi96@gmail.com,31109553832,Lagos Island Division,Apapa,Jackson,94109.0,Sewer overflow spreading wastewater near market area,6.44388,3.372281,Other,2026-02-13 04:03:00
2775,PP20090730031,2009-07-30,Ayomide Akinyemi,Male,2349097812717,ayomide.akinyemi70@gmail.com,98010600554,Lagos Island Division,Apapa,Hawthorne,94105.0,High-pressure pipe burst affecting multiple residential buildings,6.439072,3.363066,Other,2026-02-13 04:03:00
2776,PP20171004267,2017-10-04,Chioma Danladi,Female,2348075932787,chioma.danladi82@gmail.com,37200422185,Ikeja Division,Agege,01st,94105.0,Water pipeline rupture near highway causing erosion,6.613774,3.342387,Other,2026-02-13 04:03:00
2777,PP20140320195,2014-03-20,Chioma Ekanem,Female,2348110467136,chioma.ekanem64@hotmail.com,61079388392,Ikeja Division,Ikeja,Golden Gate,94115.0,reroute and relocate kitchen plumbing.,6.601164,3.336991,Other,2026-02-13 04:03:00
2778,PP20080929380,2008-09-29,Emeka Chukwu,Male,2348070145025,emeka.chukwu20@hotmail.com,45930641879,Lagos Island Division,Surulere,Palm,94118.0,Open manhole with visible sewage leakage on street,6.497656,3.371289,Other,2026-02-13 04:03:00
2779,PP20110627161,2011-06-27,Chisom Umeh,Female,2349056920624,chisom.umeh45@gmail.com,68912851549,Ikeja Division,Kosofe,Pioche,94134.0,Underground water pipe burst near hospital entrance,6.583008,3.424451,Other,2026-02-13 04:03:00
2780,PP20150911890,2015-09-11,Chisom Danladi,Female,2348060630533,chisom.danladi40@yahoo.com,44156844856,Ikeja Division,Agege,Somerset,94134.0,Sewer overflow spreading wastewater near market area,6.605045,3.335737,Other,2026-02-13 04:03:00
2781,PP20170504089,2017-05-04,Kelechi Ekanem,Male,2348171029486,kelechi.ekanem72@hotmail.com,33041443984,Ikorodu Division,Ikorodu,Moscow,94112.0,Septic tank backflow causing strong sewage odor indoors,6.613155,3.51797,Other,2026-02-13 04:03:00
2782,PP20120411802,2012-04-11,Chinedu Nnamdi,Male,2348067350594,chinedu.nnamdi63@gmail.com,50485831831,Epe Division,Ibeju-Lekki,Frederick,94117.0,Sewer overflow spreading wastewater near market area,6.470315,3.591901,Other,2026-02-13 04:03:00
2783,PP20110908862,2011-09-08,Obinna Ajayi,Male,2348161051880,obinna.ajayi59@gmail.com,1425316579,Badagry Division,Badagry,Belle,94132.0,Septic tank backflow causing strong sewage odor indoors,6.425877,2.891916,Other,2026-02-13 04:03:00
2784,PP20101213737,2010-12-13,Aisha Oladipo,Female,2348077324475,aisha.oladipo63@yahoo.com,42344583665,Ikorodu Division,Ikorodu,Spruce,94118.0,Sewer overflow spreading wastewater near market area,6.622131,3.500518,Other,2026-02-13 04:03:00
2785,PP20130821472,2013-08-21,Chinedu Ibrahim,Male,2349010213284,chinedu.ibrahim95@gmail.com,8521202439,Ikeja Division,Mushin,Teresita,94127.0,Open manhole with visible sewage leakage on street,6.527272,3.349269,Other,2026-02-13 04:03:00
2786,PP20100625034,2010-06-25,Oluwaseun Afolabi,Male,2348069835901,oluwaseun.afolabi96@outlook.com,4296974975,Epe Division,Ibeju-Lekki,Van Ness,94109.0,Cracked underground pipe slowly flooding compound,6.466559,3.581255,Other,2026-02-13 04:03:00
2787,PP20191218083,2019-12-18,Ayomide Oladipo,Male,2348173855832,ayomide.oladipo93@gmail.com,54950747295,Ikeja Division,Ifako-Ijaiye,48th,94122.0,Water main leakage along roadside causing traffic obstruction,6.660001,3.309027,Other,2026-02-13 04:03:00
2788,PP20091103108,2009-11-03,Adaeze Okafor,Female,2349066851575,adaeze.okafor44@yahoo.com,395249392,Epe Division,Epe,Dolores,94110.0,Sudden burst water pipe inside bathroom wall causing flooding,6.577319,3.985534,Other,2026-02-13 04:03:00
2789,PP20080523956,2008-05-23,Amaka Ogunleye,Female,2348113242113,amaka.ogunleye39@yahoo.com,83964642585,Epe Division,Epe,Lupine,94118.0,Open manhole with visible sewage leakage on street,6.570518,3.983757,Other,2026-02-13 04:03:00
2790,PP20081209370,2008-12-09,Kelechi Umeh,Male,2348058659782,kelechi.umeh64@yahoo.com,30221917723,Badagry Division,Ajeromi-Ifelodun,Hayes,94117.0,installation of gas heat lamp rear deck,6.485703,3.343531,Other,2026-02-13 04:03:00
2791,PP20140822492,2014-08-22,Adebayo Afolabi,Male,2348149680986,adebayo.afolabi95@gmail.com,48456135342,Epe Division,Epe,Mcallister,94115.0,Bathroom floor drain completely clogged with wastewater backup,6.600435,3.987511,Other,2026-02-13 04:03:00
2792,PP20150612493,2015-06-12,Chioma Ajayi,Female,2348123555146,chioma.ajayi10@outlook.com,10298074346,Lagos Island Division,Lagos Mainland,Filbert,94123.0,High-pressure pipe burst affecting multiple residential buildings,6.536075,3.37196,Other,2026-02-13 04:03:00
2793,PP20080926305,2008-09-26,Aisha Ajayi,Female,2349052474928,aisha.ajayi34@hotmail.com,71537324348,Ikeja Division,Ifako-Ijaiye,Union,94123.0,Public tap pipe severely damaged in residential community,6.663357,3.301209,Other,2026-02-13 04:03:00
2794,PP20170203694,2017-02-03,Adaeze Ibrahim,Female,2348051575070,adaeze.ibrahim80@hotmail.com,21186935952,Lagos Island Division,Eti-Osa,Eddy,94115.0,Septic tank backflow causing strong sewage odor indoors,6.444961,3.437303,Other,2026-02-13 04:03:00
2795,PP20100623954,2010-06-23,Chioma Nnamdi,Female,2349087518731,chioma.nnamdi61@outlook.com,83014768019,Lagos Island Division,Eti-Osa,Anzavista,94115.0,Water pipeline rupture near highway causing erosion,6.427568,3.41936,Other,2026-02-13 04:03:00
2796,PP20170907518,2017-09-07,Emeka Chukwu,Male,2348155060549,emeka.chukwu94@gmail.com,36041118947,Ikeja Division,Kosofe,02nd,94107.0,"bathroom remodel - replace vanity, sink, tub / shower",6.575761,3.420527,Other,2026-02-13 04:03:00
2797,PP20191206789,2019-12-06,Chisom Oladipo,Female,2348055353047,chisom.oladipo93@outlook.com,95098617113,Badagry Division,Badagry,Sacramento,94109.0,"unit 39: install faucet, dw, garbage disposaly and range",6.426249,2.867572,Other,2026-02-13 04:03:00
2798,PP20091119480,2009-11-19,Chisom Chukwu,Female,2348089839872,chisom.chukwu92@yahoo.com,76195390775,Epe Division,Epe,Sansome,94111.0,High-pressure pipe burst affecting multiple residential buildings,6.588094,3.980833,Other,2026-02-13 04:03:00
2799,PP20111007572,2011-10-07,Adebayo Ibrahim,Male,2349053083423,adebayo.ibrahim10@yahoo.com,96283131317,Ikeja Division,Alimosho,Arkansas,94107.0,"sewer to new bathroom at basement & 2nd floor bathroom, kitchen and (2) shower pans.",6.610134,3.29959,Other,2026-02-13 04:03:00
2800,PP20100426601,2010-04-26,Ngozi Ojo,Female,2349086722674,ngozi.ojo25@outlook.com,57081731039,Badagry Division,Amuwo-Odofin,Gerke,94133.0,Sewer overflow spreading wastewater near market area,6.448118,3.248964,Other,2026-02-13 04:03:00
2801,PP20171027940,2017-10-27,Ayomide Ojo,Male,2348022420609,ayomide.ojo27@gmail.com,7179066425,Epe Division,Ibeju-Lekki,Rolph,94112.0,Bathroom floor drain completely clogged with wastewater backup,6.467861,3.594703,Other,2026-02-13 04:03:00
2802,PP20160622484,2016-06-22,Olamide Okoye,Male,2348155560281,olamide.okoye53@yahoo.com,48389582053,Epe Division,Epe,Montgomery,94104.0,Sewer overflow spreading wastewater near market area,6.588188,3.985806,Other,2026-02-13 04:03:00
2803,PP20160808874,2016-08-08,Tunde Adebisi,Male,2348164246025,tunde.adebisi83@yahoo.com,93304821196,Epe Division,Epe,Jackson,94115.0,Sudden burst water pipe inside bathroom wall causing flooding,6.57129,3.979814,Other,2026-02-13 04:03:00
2804,PP20160512386,2016-05-12,Kelechi Akinyemi,Male,2349069235480,kelechi.akinyemi61@gmail.com,51065449245,Lagos Island Division,Surulere,27th,94131.0,Blocked drainage channel causing street-level flooding,6.505887,3.361177,Other,2026-02-13 04:03:00
2805,PP20160615313,2016-06-15,Chinedu Okafor,Male,2348174076453,chinedu.okafor84@yahoo.com,66997436173,Epe Division,Epe,16th,94118.0,Bathroom floor drain completely clogged with wastewater backup,6.590595,4.001265,Other,2026-02-13 04:03:00
2806,PP20090106129,2009-01-06,Emeka Nwosu,Male,2349082161572,emeka.nwosu26@hotmail.com,90104083928,Badagry Division,Badagry,Westwood,94112.0,Underground water pipe burst near hospital entrance,6.425386,2.885932,Other,2026-02-13 04:03:00
2807,PP20180612251,2018-06-12,Oluwaseun Akinyemi,Male,2348052084846,oluwaseun.akinyemi12@yahoo.com,30130560526,Ikeja Division,Ifako-Ijaiye,Haight,94117.0,Minor kitchen sink pipe leakage under cabinet,6.66469,3.303065,Other,2026-02-13 04:03:00
2808,PP20170919827,2017-09-19,Aisha Owolabi,Female,2348198036805,aisha.owolabi30@gmail.com,11372764399,Lagos Island Division,Eti-Osa,Great,94132.0,Open manhole with visible sewage leakage on street,6.431416,3.41864,Other,2026-02-13 04:03:00
2809,PP20120608195,2012-06-08,Aisha Umeh,Female,2349094291013,aisha.umeh10@yahoo.com,18341119184,Badagry Division,Amuwo-Odofin,Green,94123.0,Blocked drainage channel causing street-level flooding,6.453904,3.248461,Other,2026-02-13 04:03:00
2810,PP20190517891,2019-05-17,Ifeanyi Bamidele,Male,2348084376394,ifeanyi.bamidele65@hotmail.com,53122977597,Ikeja Division,Mushin,Rome,94112.0,Open manhole with visible sewage leakage on street,6.524096,3.336806,Other,2026-02-13 04:03:00
2811,PP20180627725,2018-06-27,Zainab Umeh,Female,2348149428491,zainab.umeh31@gmail.com,26488450303,Badagry Division,Ajeromi-Ifelodun,11th,94118.0,"remodel 2 bathrooms on upper unit. 2 showers, 2 toilets, 2 vent fans.",6.4573,3.338067,Other,2026-02-13 04:03:00
2812,PP20180201435,2018-02-01,Ijeoma Owolabi,Female,2348173347401,ijeoma.owolabi67@hotmail.com,9358115952,Badagry Division,Badagry,Powell,94108.0,Public tap pipe severely damaged in residential community,6.432159,2.884025,Other,2026-02-13 04:03:00
2813,PP20130312959,2013-03-12,Chioma Okoye,Female,2349022958905,chioma.okoye66@yahoo.com,12336395592,Ikeja Division,Kosofe,Ord,94114.0,Water main leakage along roadside causing traffic obstruction,6.586578,3.426225,Other,2026-02-13 04:03:00
2814,PP20160404317,2016-04-04,Obinna Ogunleye,Male,2349083925514,obinna.ogunleye49@hotmail.com,89498955894,Lagos Island Division,Eti-Osa,Country Club,94132.0,to renew pp20140926459 for final inspection.,6.424991,3.425568,Other,2026-02-13 04:03:00
2815,PP20080313872,2008-03-13,Adaeze Oladipo,Female,2348198824260,adaeze.oladipo65@outlook.com,22115777961,Badagry Division,Ojo,Taylor,94133.0,Water heater pipe leakage soaking utility area,6.453595,3.191648,Other,2026-02-13 04:03:00
2816,PP20090910899,2009-09-10,Amaka Ajayi,Female,2348174562639,amaka.ajayi48@outlook.com,91963584932,Lagos Island Division,Apapa,Washington,94118.0,Low water pressure affecting entire household supply,6.450314,3.361985,Other,2026-02-13 04:03:00
2817,PP20100604545,2010-06-04,Oluwaseun Ojo,Male,2348135435224,oluwaseun.ojo23@gmail.com,66649713055,Ikeja Division,Ifako-Ijaiye,California,94121.0,new tankless water heater and gas line.,6.661974,3.33567,Other,2026-02-13 04:03:00
2818,PP20080415770,2008-04-15,Ayomide Abiola,Male,2348078348326,ayomide.abiola27@outlook.com,20402798286,Ikeja Division,Kosofe,Balboa,94118.0,Flooding due to collapsed drainage system after rainfall,6.604147,3.406621,Other,2026-02-13 04:03:00
2819,PP20170315752,2017-03-15,Zainab Owolabi,Female,2348097338962,zainab.owolabi65@hotmail.com,75497160653,Lagos Island Division,Surulere,Palou,94124.0,High-pressure pipe burst affecting multiple residential buildings,6.493502,3.363116,Other,2026-02-13 04:03:00
2820,PP20170515372,2017-05-15,Kelechi Afolabi,Male,2348114308516,kelechi.afolabi66@outlook.com,28550463185,Epe Division,Ibeju-Lekki,Franklin,94123.0,Open manhole with visible sewage leakage on street,6.477864,3.579405,Other,2026-02-13 04:03:00
2821,PP20081222878,2008-12-22,Kelechi Nnamdi,Male,2348055724509,kelechi.nnamdi67@outlook.com,87011136607,Ikeja Division,Alimosho,Filbert,94123.0,Open manhole with visible sewage leakage on street,6.58067,3.308592,Other,2026-02-13 04:03:00
2822,PP20171016570,2017-10-16,Aisha Abiola,Female,2348093966477,aisha.abiola34@gmail.com,37986224668,Badagry Division,Badagry,34th,94116.0,Water main leakage along roadside causing traffic obstruction,6.422605,2.867571,Other,2026-02-13 04:03:00
2823,PP20190531281,2019-05-31,Ijeoma Yakubu,Female,2348074653172,ijeoma.yakubu79@hotmail.com,2059618426,Ikeja Division,Mushin,Marina,94123.0,full installation of fire sprinklers.,6.521224,3.370282,Other,2026-02-13 04:03:00
2824,PP20140930542,2014-09-30,Kunle Okafor,Male,2348039695756,kunle.okafor12@gmail.com,60526439667,Ikeja Division,Ifako-Ijaiye,Diamond,94131.0,"install gas line for cooktop, install p-trap for sink.",6.684278,3.337986,Other,2026-02-13 04:03:00
2825,PP20170630658,2017-06-30,Obinna Afolabi,Male,2348039158297,obinna.afolabi41@yahoo.com,43039065675,Ikorodu Division,Ikorodu,Pine,94115.0,Bathroom floor drain completely clogged with wastewater backup,6.617639,3.51133,Other,2026-02-13 04:03:00
2826,PP20101206595,2010-12-06,Bola Eze,Female,2348075592401,bola.eze29@outlook.com,11855077368,Badagry Division,Amuwo-Odofin,Stratford,94132.0,Severe shower pipe rupture flooding entire bathroom,6.448691,3.261282,Other,2026-02-13 04:03:00
2827,PP20180821160,2018-08-21,Obinna Adeyemi,Male,2348122380225,obinna.adeyemi27@yahoo.com,4769320214,Ikeja Division,Agege,Mission,94103.0,Water main leakage along roadside causing traffic obstruction,6.606742,3.327942,Other,2026-02-13 04:03:00
2828,PP20120517716,2012-05-17,Obinna Ibrahim,Male,2349042362871,obinna.ibrahim84@outlook.com,3780254011,Lagos Island Division,Surulere,Frederick,94117.0,Water pipeline rupture near highway causing erosion,6.507003,3.360356,Other,2026-02-13 04:03:00
2829,PP20090707513,2009-07-07,Temitope Ibrahim,Female,2349043429078,temitope.ibrahim45@yahoo.com,65500395543,Ikeja Division,Oshodi-Isolo,Broadway,94123.0,Flooding due to collapsed drainage system after rainfall,6.567385,3.301385,Other,2026-02-13 04:03:00
2830,PP20080529076,2008-05-29,Aisha Ojo,Female,2348103138984,aisha.ojo85@gmail.com,16562003366,Lagos Island Division,Lagos Mainland,Van Ness,94109.0,Open manhole with visible sewage leakage on street,6.523852,3.369976,Other,2026-02-13 04:03:00
2831,PP20160201540,2016-02-01,Ngozi Balogun,Female,2348079256986,ngozi.balogun69@outlook.com,36785391865,Badagry Division,Ojo,Union,94133.0,Blocked drainage channel causing street-level flooding,6.461074,3.168215,Other,2026-02-13 04:03:00
2832,PP20081107132,2008-11-07,Chioma Chukwu,Female,2349026013684,chioma.chukwu45@gmail.com,33104598044,Ikeja Division,Ikeja,Minerva,94112.0,High-pressure pipe burst affecting multiple residential buildings,6.596924,3.337137,Other,2026-02-13 04:03:00
2833,PP20180409402,2018-04-09,Amaka Akinyemi,Female,2348106422593,amaka.akinyemi53@hotmail.com,83225000648,Ikeja Division,Kosofe,Foerster,94127.0,Public tap pipe severely damaged in residential community,6.590239,3.423866,Other,2026-02-13 04:03:00
2834,PP20131119110,2013-11-19,Zainab Adeyemi,Female,2348053295632,zainab.adeyemi75@hotmail.com,25628169386,Lagos Island Division,Surulere,Page,94117.0,Septic tank backflow causing strong sewage odor indoors,6.479597,3.374139,Other,2026-02-13 04:03:00
2835,PP20100624005,2010-06-24,Kunle Balogun,Male,2349022822736,kunle.balogun86@yahoo.com,79253319800,Epe Division,Ibeju-Lekki,Webster,94123.0,3 new bathroom and one kitchen,6.494974,3.58546,Other,2026-02-13 04:03:00
2836,PP20100825372,2010-08-25,Ijeoma Ajayi,Female,2349027240456,ijeoma.ajayi38@hotmail.com,69637453217,Epe Division,Epe,Decatur,94103.0,Major pipe burst near primary school disrupting access road,6.577589,4.011843,Other,2026-02-13 04:03:00
2837,PP20181012686,2018-10-12,Femi Ogunleye,Male,2348031890119,femi.ogunleye45@hotmail.com,49553869763,Ikeja Division,Oshodi-Isolo,Oakdale,94124.0,Blocked drainage channel causing street-level flooding,6.54041,3.308301,Other,2026-02-13 04:03:00
2838,PP20180507178,2018-05-07,Obinna Balogun,Male,2349065862207,obinna.balogun17@gmail.com,81417824852,Badagry Division,Amuwo-Odofin,Minna,94105.0,Flooding due to collapsed drainage system after rainfall,6.451796,3.263451,Other,2026-02-13 04:03:00
2839,PP20080215059,2008-02-15,Chukwudi Yakubu,Male,2348191603877,chukwudi.yakubu87@outlook.com,58963302801,Lagos Island Division,Surulere,Victoria,94127.0,Water pipeline rupture near highway causing erosion,6.500497,3.355814,Other,2026-02-13 04:03:00
2840,PP20130503472,2013-05-03,Aisha Adeyemi,Female,2348142437669,aisha.adeyemi52@yahoo.com,17563335300,Lagos Island Division,Lagos Mainland,35th,94122.0,Open manhole with visible sewage leakage on street,6.514888,3.375782,Other,2026-02-13 04:03:00
2841,PP20150904745,2015-09-04,Temitope Akinyemi,Female,2349096063241,temitope.akinyemi19@hotmail.com,71897097836,Badagry Division,Amuwo-Odofin,Bush,94109.0,Toilet overflow due to heavily blocked drain system,6.439931,3.250478,Other,2026-02-13 04:03:00
2842,PP20130423169,2013-04-23,Obinna Chukwu,Male,2348108429609,obinna.chukwu15@hotmail.com,32016572551,Epe Division,Epe,Scott,94117.0,"install hot water syste, 16 collectors, 5 tanks, and 2 heat exchangers.",6.578358,3.96866,Other,2026-02-13 04:03:00
2843,PP20120405662,2012-04-05,Chioma Owolabi,Female,2348058180395,chioma.owolabi69@yahoo.com,1852960796,Epe Division,Epe,09th,94103.0,Water main leakage along roadside causing traffic obstruction,6.596551,3.978623,Other,2026-02-13 04:03:00
2844,PP20171220346,2017-12-20,Femi Oladipo,Male,2348176283472,femi.oladipo30@hotmail.com,23634049932,Lagos Island Division,Lagos Island,Kenwood,94127.0,Persistent dripping tap in kitchen wasting water daily,6.441419,3.393017,Other,2026-02-13 04:03:00
2845,PP20181106386,2018-11-06,Tunde Ojo,Male,2349070797548,tunde.ojo67@gmail.com,80949144903,Lagos Island Division,Lagos Mainland,14th,94118.0,Severe shower pipe rupture flooding entire bathroom,6.525084,3.361735,Other,2026-02-13 04:03:00
2846,PP20160216922,2016-02-16,Obinna Ojo,Male,2349050505255,obinna.ojo39@gmail.com,60913911012,Badagry Division,Badagry,South Van Ness,94110.0,Bathroom floor drain completely clogged with wastewater backup,6.418316,2.874528,Other,2026-02-13 04:03:00
2847,PP20150310681,2015-03-10,Opeyemi Mohammed,Female,2348198711491,opeyemi.mohammed19@hotmail.com,30064698079,Ikeja Division,Agege,Manor,94127.0,Persistent dripping tap in kitchen wasting water daily,6.63261,3.34124,Other,2026-02-13 04:03:00
2848,PP20090302589,2009-03-02,Abdulrahman Adeyemi,Male,2348130149640,abdulrahman.adeyemi20@yahoo.com,38187542059,Lagos Island Division,Surulere,02nd,94118.0,install new vented trap,6.492901,3.353348,Other,2026-02-13 04:03:00
2849,PP20121108907,2012-11-08,Bola Ogunleye,Female,2348186561476,bola.ogunleye72@outlook.com,47090679086,Lagos Island Division,Surulere,Geary,94109.0,replacing existing fire pump with new one in the basement,6.49585,3.366928,Other,2026-02-13 04:03:00
2850,PP20140226496,2014-02-26,Abdulrahman Abiola,Male,2348085006254,abdulrahman.abiola68@hotmail.com,67703825302,Badagry Division,Ajeromi-Ifelodun,Ashbury,94117.0,Sudden burst water pipe inside bathroom wall causing flooding,6.466445,3.331128,Other,2026-02-13 04:03:00
2851,PP20130930602,2013-09-30,Temitope Yakubu,Female,2348055276840,temitope.yakubu73@outlook.com,22586608370,Ikeja Division,Oshodi-Isolo,South Park,94107.0,Bathroom floor drain completely clogged with wastewater backup,6.554184,3.302061,Other,2026-02-13 04:03:00
2852,PP20120611243,2012-06-11,Amaka Adebisi,Female,2348127150534,amaka.adebisi50@hotmail.com,78469105809,Ikeja Division,Mushin,04th,94103.0,Water pipeline rupture near highway causing erosion,6.523868,3.333742,Other,2026-02-13 04:03:00
2853,PP20180228235,2018-02-28,Adebayo Bamidele,Male,2348179650855,adebayo.bamidele81@hotmail.com,3958146355,Epe Division,Ibeju-Lekki,Fillmore,94117.0,sink in bedroom,6.479737,3.587988,Other,2026-02-13 04:03:00
2854,PP20190617773,2019-06-17,Tunde Abiola,Male,2348119455684,tunde.abiola89@outlook.com,33804888169,Ikeja Division,Ikeja,Bryant,94110.0,Septic tank backflow causing strong sewage odor indoors,6.594065,3.370487,Other,2026-02-13 04:03:00
2855,PP20170525685,2017-05-25,Olamide Okoye,Male,2349043937197,olamide.okoye12@gmail.com,70108943727,Lagos Island Division,Surulere,Bush,94108.0,Sewer overflow spreading wastewater near market area,6.49777,3.350439,Other,2026-02-13 04:03:00
2856,PP20110809135,2011-08-09,Kelechi Chukwu,Male,2348030987531,kelechi.chukwu41@gmail.com,25376424374,Ikeja Division,Kosofe,19th,94121.0,ground and 2nd floor bathroom remodel,6.591867,3.42068,Other,2026-02-13 04:03:00
2857,PP20161012765,2016-10-12,Ngozi Nwosu,Female,2349072934378,ngozi.nwosu64@gmail.com,99418502399,Ikeja Division,Agege,Blake,94118.0,Public tap pipe severely damaged in residential community,6.619446,3.331742,Other,2026-02-13 04:03:00
2858,PP20151013673,2015-10-13,Oluwaseun Mohammed,Male,2348160130546,oluwaseun.mohammed27@gmail.com,19315980486,Ikeja Division,Mushin,Sacramento,94108.0,Water pipeline rupture near highway causing erosion,6.531805,3.351982,Other,2026-02-13 04:03:00
2859,PP20110426746,2011-04-26,Chisom Adeyemi,Female,2348145242815,chisom.adeyemi84@gmail.com,56827095804,Ikeja Division,Alimosho,Pacific,94115.0,2nd floor : relocate skimmer @ existing pool,6.614559,3.275951,Other,2026-02-13 04:03:00
2860,PP20081020294,2008-10-20,Zainab Owolabi,Female,2348119641139,zainab.owolabi59@hotmail.com,79552703758,Ikorodu Division,Ikorodu,Granada,94112.0,Severe shower pipe rupture flooding entire bathroom,6.615061,3.527722,Other,2026-02-13 04:03:00
2861,PP20120214462,2012-02-14,Bola Nwosu,Female,2348141796626,bola.nwosu21@outlook.com,1038385493,Ikeja Division,Kosofe,Portola,94127.0,Low water pressure affecting entire household supply,6.575629,3.410662,Other,2026-02-13 04:03:00
2862,PP20160304475,2016-03-04,Seyi Afolabi,Male,2348104003162,seyi.afolabi75@gmail.com,91720967637,Epe Division,Epe,34th,94121.0,Underground water pipe burst near hospital entrance,6.57952,3.971452,Other,2026-02-13 04:03:00
2863,PP20120814784,2012-08-14,Yetunde Danladi,Female,2348068170235,yetunde.danladi31@outlook.com,93471974463,Lagos Island Division,Apapa,Evelyn,94127.0,install new sink in kitchen and gas cooktop.,6.426717,3.356694,Other,2026-02-13 04:03:00
2864,PP20090407454,2009-04-07,Bola Owolabi,Female,2348197145728,bola.owolabi18@yahoo.com,25595632221,Lagos Island Division,Surulere,Baker,94117.0,Public tap pipe severely damaged in residential community,6.498259,3.360275,Other,2026-02-13 04:03:00
2865,PP20140707115,2014-07-07,Olamide Eze,Male,2349047387420,olamide.eze88@outlook.com,50575162875,Lagos Island Division,Lagos Island,Jones,94109.0,Bathroom floor drain completely clogged with wastewater backup,6.452651,3.39513,Other,2026-02-13 04:03:00
2866,PP20141120958,2014-11-20,Oluwaseun Umeh,Male,2349044399729,oluwaseun.umeh22@hotmail.com,1750871942,Lagos Island Division,Lagos Mainland,17th,94118.0,Toilet overflow due to heavily blocked drain system,6.534628,3.377296,Other,2026-02-13 04:03:00
2867,PP20081117487,2008-11-17,Uche Ajayi,Male,2348112358911,uche.ajayi37@gmail.com,6862523010,Badagry Division,Badagry,Bonview,94110.0,gas houseline extension.,6.409259,2.882189,Other,2026-02-13 04:03:00
2868,PP20080418926,2008-04-18,Emeka Eze,Male,2349014522150,emeka.eze73@gmail.com,91357989636,Ikeja Division,Mushin,19th,94114.0,Flooding due to collapsed drainage system after rainfall,6.533093,3.36872,Other,2026-02-13 04:03:00
2869,PP20181107422,2018-11-07,Uche Ajayi,Male,2349089315422,uche.ajayi73@yahoo.com,9507377159,Lagos Island Division,Lagos Mainland,15th,94116.0,Water pipeline rupture near highway causing erosion,6.518119,3.380189,Other,2026-02-13 04:03:00
2870,PP20110414489,2011-04-14,Tunde Mohammed,Male,2349043410402,tunde.mohammed64@gmail.com,32898149968,Ikorodu Division,Ikorodu,Ulloa,94116.0,Water pipeline rupture near highway causing erosion,6.622784,3.500574,Other,2026-02-13 04:03:00
2871,PP20080829944,2008-08-29,Abdulrahman Eze,Male,2348107803564,abdulrahman.eze42@gmail.com,79320083735,Epe Division,Ibeju-Lekki,Arlington,94131.0,Sudden burst water pipe inside bathroom wall causing flooding,6.470204,3.570343,Other,2026-02-13 04:03:00
2872,PP20130619757,2013-06-19,Adebayo Yakubu,Male,2348156979530,adebayo.yakubu32@hotmail.com,31075042121,Ikorodu Division,Ikorodu,Leavenworth,94102.0,Septic tank backflow causing strong sewage odor indoors,6.601709,3.514167,Other,2026-02-13 04:03:00
2873,PP20120111648,2012-01-11,Adaeze Eze,Female,2348134999343,adaeze.eze65@outlook.com,91022327390,Lagos Island Division,Lagos Mainland,Capitol,94112.0,Bathroom floor drain completely clogged with wastewater backup,6.520561,3.381223,Other,2026-02-13 04:03:00
2874,PP20180719311,2018-07-19,Zainab Ajayi,Female,2348112296187,zainab.ajayi17@gmail.com,16585178453,Badagry Division,Badagry,Avila,94123.0,Septic tank backflow causing strong sewage odor indoors,6.414821,2.875236,Other,2026-02-13 04:03:00
2875,PP20161202107,2016-12-02,Ayomide Owolabi,Male,2348145823600,ayomide.owolabi66@outlook.com,14404028385,Lagos Island Division,Apapa,West Point,94124.0,Septic tank backflow causing strong sewage odor indoors,6.448347,3.346669,Other,2026-02-13 04:03:00
2876,PP20110503911,2011-05-03,Kelechi Ogunleye,Male,2348027529654,kelechi.ogunleye71@yahoo.com,2239372326,Lagos Island Division,Lagos Mainland,Treat,94110.0,Sewer overflow spreading wastewater near market area,6.53831,3.36564,Other,2026-02-13 04:03:00
2877,PP20150126498,2015-01-26,Yetunde Akinyemi,Female,2348053084186,yetunde.akinyemi20@outlook.com,50905281285,Ikeja Division,Ikeja,Bush,94109.0,Toilet overflow due to heavily blocked drain system,6.599842,3.341077,Other,2026-02-13 04:03:00
2878,PP20101201455,2010-12-01,Ngozi Ajayi,Female,2348167260595,ngozi.ajayi49@hotmail.com,1650915558,Lagos Island Division,Lagos Mainland,26th,94131.0,Flooding due to collapsed drainage system after rainfall,6.530104,3.375886,Other,2026-02-13 04:03:00
2879,PP20150520850,2015-05-20,Tunde Ajayi,Male,2348125252986,tunde.ajayi65@gmail.com,19988988298,Ikeja Division,Alimosho,Bay,94123.0,install 2in dedicated fire service.,6.603813,3.303532,Other,2026-02-13 04:03:00
2880,PP20100113443,2010-01-13,Ngozi Umeh,Female,2349032582753,ngozi.umeh94@outlook.com,98233364656,Ikeja Division,Kosofe,23rd,94122.0,Blocked drainage channel causing street-level flooding,6.583594,3.421866,Other,2026-02-13 04:03:00
2881,PP20090930332,2009-09-30,Chisom Ogunleye,Female,2348072182549,chisom.ogunleye37@yahoo.com,75834881185,Ikorodu Division,Ikorodu,Moffitt,94131.0,Flooding due to collapsed drainage system after rainfall,6.609587,3.496452,Other,2026-02-13 04:03:00
2882,PP20171016577,2017-10-16,Kelechi Chukwu,Male,2348137474954,kelechi.chukwu51@outlook.com,77749323737,Ikeja Division,Ifako-Ijaiye,Washington,94109.0,"make corrections per nov 201625733, 201652051, 201625773; remove and reinstall (e) toilet, tub and sink, repair drain in kitchen.",6.670872,3.325412,Other,2026-02-13 04:03:00
2883,PP20130620800,2013-06-20,Opeyemi Ibrahim,Female,2349019956226,opeyemi.ibrahim55@yahoo.com,70825280642,Ikeja Division,Agege,Filbert,94123.0,Persistent dripping tap in kitchen wasting water daily,6.621764,3.335201,Other,2026-02-13 04:03:00
2884,PP20190827861,2019-08-27,Kelechi Ekanem,Male,2348179318851,kelechi.ekanem32@yahoo.com,60568864606,Ikeja Division,Alimosho,23rd,94110.0,Major pipe burst near primary school disrupting access road,6.611051,3.278766,Other,2026-02-13 04:03:00
2885,PP20130916163,2013-09-16,Bola Okoye,Female,2349024489219,bola.okoye38@hotmail.com,93156674997,Epe Division,Ibeju-Lekki,Nordhoff,94131.0,Water heater pipe leakage soaking utility area,6.488884,3.583358,Other,2026-02-13 04:03:00
2886,PP20090203901,2009-02-03,Kelechi Ibrahim,Male,2348106825449,kelechi.ibrahim84@yahoo.com,39073436921,Lagos Island Division,Surulere,Washington,94115.0,Major pipe burst near primary school disrupting access road,6.503876,3.352439,Other,2026-02-13 04:03:00
2887,PP20120501246,2012-05-01,Temitope Umeh,Female,2349070021113,temitope.umeh55@gmail.com,91695175753,Lagos Island Division,Lagos Mainland,Chestnut,94123.0,Water heater pipe leakage soaking utility area,6.52748,3.366172,Other,2026-02-13 04:03:00
2888,PP20160523674,2016-05-23,Femi Okafor,Male,2348029844847,femi.okafor72@hotmail.com,73543675063,Ikorodu Division,Ikorodu,Pfeiffer,94133.0,"bathroom remodel, new wasteline for tub, 1 shower pan.",6.623921,3.50694,Other,2026-02-13 04:03:00
2889,PP20141106581,2014-11-06,Adaeze Yakubu,Female,2348020372088,adaeze.yakubu34@yahoo.com,12936895948,Ikorodu Division,Ikorodu,Brannan,94107.0,High-pressure pipe burst affecting multiple residential buildings,6.619692,3.51748,Other,2026-02-13 04:03:00
2890,PP20150218114,2015-02-18,Ngozi Mohammed,Female,2349088131628,ngozi.mohammed91@hotmail.com,77777996114,Ikeja Division,Ikeja,25th,94114.0,Water heater pipe leakage soaking utility area,6.589475,3.344655,Other,2026-02-13 04:03:00
2891,PP20130118546,2013-01-18,Chioma Owolabi,Female,2349067876803,chioma.owolabi92@hotmail.com,58066709394,Badagry Division,Ojo,35th,94116.0,Septic tank backflow causing strong sewage odor indoors,6.465573,3.203982,Other,2026-02-13 04:03:00
2892,PP20150217094,2015-02-17,Tunde Nnamdi,Male,2348064790589,tunde.nnamdi78@outlook.com,11326614477,Badagry Division,Amuwo-Odofin,32nd,94116.0,Septic tank backflow causing strong sewage odor indoors,6.448619,3.255911,Other,2026-02-13 04:03:00
2893,PP20140414919,2014-04-14,Femi Ogunleye,Male,2348101641019,femi.ogunleye79@gmail.com,39056078728,Badagry Division,Ajeromi-Ifelodun,Fulton,94121.0,Sudden burst water pipe inside bathroom wall causing flooding,6.46563,3.352722,Other,2026-02-13 04:03:00
2894,PP20150811069,2015-08-11,Chinedu Nnamdi,Male,2348087241739,chinedu.nnamdi43@hotmail.com,92356762118,Ikeja Division,Agege,Alabama,94110.0,Water pipeline rupture near highway causing erosion,6.598028,3.336946,Other,2026-02-13 04:03:00
2895,PP20120514594,2012-05-14,Ngozi Okoye,Female,2348185277289,ngozi.okoye62@outlook.com,66456893506,Ikorodu Division,Ikorodu,Taraval,94116.0,Open manhole with visible sewage leakage on street,6.603145,3.485434,Other,2026-02-13 04:03:00
2896,PP20080616648,2008-06-16,Temitope Adeyemi,Female,2349049869259,temitope.adeyemi52@hotmail.com,31371006634,Lagos Island Division,Lagos Island,Franklin,94123.0,Sewer overflow spreading wastewater near market area,6.457075,3.396095,Other,2026-02-13 04:03:00
2897,PP20111212019,2011-12-12,Ngozi Abiola,Female,2349015426358,ngozi.abiola41@outlook.com,46246683043,Ikeja Division,Mushin,Castenada,94116.0,High-pressure pipe burst affecting multiple residential buildings,6.524452,3.353538,Other,2026-02-13 04:03:00
2898,PP20141003690,2014-10-03,Chioma Abiola,Female,2349053918331,chioma.abiola32@hotmail.com,26835002458,Lagos Island Division,Lagos Mainland,Columbus,94133.0,Water main leakage along roadside causing traffic obstruction,6.555383,3.376618,Other,2026-02-13 04:03:00
2899,PP20160824333,2016-08-24,Kelechi Bamidele,Male,2348075952862,kelechi.bamidele28@gmail.com,89017428169,Ikeja Division,Kosofe,Jamestown,94124.0,Open manhole with visible sewage leakage on street,6.588401,3.410206,Other,2026-02-13 04:03:00
2900,PP20170323954,2017-03-23,Chioma Akinyemi,Female,2349036753197,chioma.akinyemi81@gmail.com,71027348385,Ikeja Division,Mushin,Judah,94122.0,Bathroom floor drain completely clogged with wastewater backup,6.530252,3.352218,Other,2026-02-13 04:03:00
2901,PP20181203127,2018-12-03,Opeyemi Ojo,Female,2348198729393,opeyemi.ojo27@gmail.com,67990812092,Badagry Division,Badagry,Palou,94124.0,Major pipe burst near primary school disrupting access road,6.410895,2.903189,Other,2026-02-13 04:03:00
2902,PP20160310617,2016-03-10,Ngozi Yakubu,Female,2348039420160,ngozi.yakubu21@yahoo.com,16659326289,Ikeja Division,Alimosho,10th,94122.0,Public tap pipe severely damaged in residential community,6.620772,3.296367,Other,2026-02-13 04:03:00
2903,PP20180110816,2018-01-10,Zainab Abiola,Female,2348151960671,zainab.abiola46@gmail.com,76192727348,Lagos Island Division,Surulere,Castro,94114.0,Bathroom floor drain completely clogged with wastewater backup,6.473858,3.35719,Other,2026-02-13 04:03:00
2904,PP20150205802,2015-02-05,Kunle Danladi,Male,2349036054570,kunle.danladi64@hotmail.com,91207898248,Lagos Island Division,Lagos Mainland,Tocoloma,94134.0,2nd floor: kitchen and bathroom remodel,6.55143,3.376893,Other,2026-02-13 04:03:00
2905,PP20080620789,2008-06-20,Temitope Abiola,Female,2349028739861,temitope.abiola72@yahoo.com,40036665024,Ikeja Division,Ikeja,Mission,94105.0,Major pipe burst near primary school disrupting access road,6.612832,3.365919,Other,2026-02-13 04:03:00
2906,PP20190809337,2019-08-09,Zainab Ogunleye,Female,2348190291374,zainab.ogunleye21@yahoo.com,33868692938,Epe Division,Epe,28th,94121.0,Low water pressure affecting entire household supply,6.58619,3.975182,Other,2026-02-13 04:03:00
2907,PP20180226147,2018-02-26,Obinna Balogun,Male,2348184544659,obinna.balogun17@hotmail.com,2336397029,Ikeja Division,Kosofe,Pierce,94123.0,Major pipe burst near primary school disrupting access road,6.558947,3.423542,Other,2026-02-13 04:03:00
2908,PP20080429260,2008-04-29,Kunle Danladi,Male,2348030031589,kunle.danladi93@gmail.com,95276414842,Ikeja Division,Ikeja,Dolores,94110.0,Water pipeline rupture near highway causing erosion,6.593652,3.353262,Other,2026-02-13 04:03:00
2909,PP20160301356,2016-03-01,Amaka Yakubu,Female,2349097310692,amaka.yakubu72@gmail.com,62744595268,Ikeja Division,Oshodi-Isolo,Mission Bay Blvd North,94158.0,Sewer overflow spreading wastewater near market area,6.541102,3.305448,Other,2026-02-13 04:03:00
2910,PP20150506348,2015-05-06,Ayomide Ogunleye,Male,2349054418390,ayomide.ogunleye68@outlook.com,3305150945,Ikeja Division,Kosofe,Pacific,94109.0,"remodel 1 bathroom, conver 1/2 bath to full bathroom",6.583637,3.419386,Other,2026-02-13 04:03:00
2911,PP20080304576,2008-03-04,Opeyemi Owolabi,Female,2348038691639,opeyemi.owolabi76@outlook.com,91060608456,Ikeja Division,Mushin,34th,94122.0,Open manhole with visible sewage leakage on street,6.516152,3.366569,Other,2026-02-13 04:03:00
2912,PP20110323914,2011-03-23,Aisha Adebisi,Female,2348033432507,aisha.adebisi48@yahoo.com,7510032597,Badagry Division,Amuwo-Odofin,Oliver,94112.0,Open manhole with visible sewage leakage on street,6.444031,3.233255,Other,2026-02-13 04:03:00
2913,PP20100525273,2010-05-25,Bola Akinyemi,Female,2348144793344,bola.akinyemi94@outlook.com,6747013049,Epe Division,Ibeju-Lekki,Esmeralda,94110.0,Water main leakage along roadside causing traffic obstruction,6.46891,3.585344,Other,2026-02-13 04:03:00
2914,PP20110218167,2011-02-18,Kelechi Ekanem,Male,2348084475133,kelechi.ekanem35@outlook.com,21618572428,Ikeja Division,Mushin,Valley,94131.0,Bathroom floor drain completely clogged with wastewater backup,6.528906,3.368221,Other,2026-02-13 04:03:00
2915,PP20130806031,2013-08-06,Chisom Akinyemi,Female,2348075457328,chisom.akinyemi72@yahoo.com,7561606719,Badagry Division,Ajeromi-Ifelodun,Montana,94112.0,Low water pressure affecting entire household supply,6.464336,3.332104,Other,2026-02-13 04:03:00
2916,PP20091021774,2009-10-21,Ijeoma Adeyemi,Female,2349027948299,ijeoma.adeyemi48@yahoo.com,12937259791,Badagry Division,Amuwo-Odofin,Guerrero,94110.0,Sewer overflow spreading wastewater near market area,6.438968,3.258206,Other,2026-02-13 04:03:00
2917,PP20131016082,2013-10-16,Uche Adebisi,Male,2349076698725,uche.adebisi55@outlook.com,30708527126,Ikorodu Division,Ikorodu,Sproule,94108.0,Bathroom floor drain completely clogged with wastewater backup,6.621243,3.5063,Other,2026-02-13 04:03:00
2918,PP20090407447,2009-04-07,Oluwaseun Ajayi,Male,2348084286354,oluwaseun.ajayi25@hotmail.com,8982319078,Lagos Island Division,Lagos Mainland,Teddy,94134.0,Open manhole with visible sewage leakage on street,6.505353,3.393644,Other,2026-02-13 04:03:00
2919,PP20190528153,2019-05-28,Kelechi Adeyemi,Male,2348021088479,kelechi.adeyemi81@hotmail.com,89444531154,Ikeja Division,Ikeja,Castro,94114.0,replace approximately 12' of pipe along with new sewer trap,6.589523,3.345587,Other,2026-02-13 04:03:00
2920,PP20101117224,2010-11-17,Amaka Abiola,Female,2349030361158,amaka.abiola94@outlook.com,35393538652,Ikeja Division,Oshodi-Isolo,20th,94114.0,"install plumbing for 4-1/2 bathrooms, 1 kitchen, 1 laundry. install plumbing for 1 furnace, 1 water heater, 1 new water service and gas to 2 fire places; ref bldg. permit application # 201011094595 and 201008118541",6.557183,3.296134,Other,2026-02-13 04:03:00
2921,PP20160801620,2016-08-01,Amaka Ojo,Female,2348056988310,amaka.ojo20@hotmail.com,31208927376,Badagry Division,Badagry,09th,94118.0,Low water pressure affecting entire household supply,6.400065,2.863761,Other,2026-02-13 04:03:00
2922,PP20170207749,2017-02-07,Opeyemi Abiola,Female,2349054568995,opeyemi.abiola45@yahoo.com,36792426509,Ikorodu Division,Ikorodu,Innes,94124.0,Sewer overflow spreading wastewater near market area,6.62661,3.505048,Other,2026-02-13 04:03:00
2923,PP20080407508,2008-04-07,Chukwudi Nnamdi,Male,2348082780567,chukwudi.nnamdi32@gmail.com,43106654812,Ikeja Division,Kosofe,Pine,94108.0,Persistent dripping tap in kitchen wasting water daily,6.612573,3.406756,Other,2026-02-13 04:03:00
2924,PP20140507519,2014-05-07,Ngozi Ajayi,Female,2348179767896,ngozi.ajayi58@hotmail.com,81259617805,Lagos Island Division,Lagos Island,47th,94122.0,kitchen & bathroom remodel.,6.444885,3.389046,Other,2026-02-13 04:03:00
2925,PP20190823774,2019-08-23,Adebayo Owolabi,Male,2348172807528,adebayo.owolabi51@outlook.com,39945568380,Epe Division,Ibeju-Lekki,Mission Bay Blvd North,94158.0,Cracked underground pipe slowly flooding compound,6.472431,3.580298,Other,2026-02-13 04:03:00
2926,PP20120321298,2012-03-21,Chukwudi Akinyemi,Male,2348086100227,chukwudi.akinyemi53@yahoo.com,87166175547,Ikorodu Division,Ikorodu,Ocean,94112.0,Water main leakage along roadside causing traffic obstruction,6.625523,3.500714,Other,2026-02-13 04:03:00
2927,PP20100407140,2010-04-07,Emeka Chukwu,Male,2349069703791,emeka.chukwu10@outlook.com,98405045201,Epe Division,Epe,California,94104.0,to install steam service into 351 california.,6.570184,3.965618,Other,2026-02-13 04:03:00
2928,PP20100831523,2010-08-31,Tunde Balogun,Male,2349067868100,tunde.balogun57@hotmail.com,22156462423,Badagry Division,Ojo,Rivera,94116.0,Septic tank backflow causing strong sewage odor indoors,6.438764,3.177819,Other,2026-02-13 04:03:00
2929,PP20181221734,2018-12-21,Olamide Nwosu,Male,2348143067202,olamide.nwosu94@hotmail.com,53365070836,Lagos Island Division,Eti-Osa,Flood,94131.0,Low water pressure affecting entire household supply,6.43009,3.415586,Other,2026-02-13 04:03:00
2930,PP20100726674,2010-07-26,Tunde Okafor,Male,2348035684305,tunde.okafor57@yahoo.com,49279192444,Lagos Island Division,Apapa,Sadowa,94112.0,Sewer overflow spreading wastewater near market area,6.461234,3.37128,Other,2026-02-13 04:03:00
2931,PP20140812148,2014-08-12,Adaeze Owolabi,Female,2348137304941,adaeze.owolabi52@outlook.com,67727913142,Badagry Division,Ojo,Geary,94109.0,supply plumbing to new kitchen and bathroom remodel,6.457652,3.165061,Other,2026-02-13 04:03:00
2932,PP20190905117,2019-09-05,Obinna Adebisi,Male,2348089857929,obinna.adebisi75@outlook.com,99243549423,Ikeja Division,Alimosho,18th,94114.0,Severe shower pipe rupture flooding entire bathroom,6.603333,3.289002,Other,2026-02-13 04:03:00
2933,PP20090721807,2009-07-21,Aisha Adeyemi,Female,2349013882003,aisha.adeyemi48@gmail.com,22989591022,Lagos Island Division,Lagos Mainland,29th,94116.0,Minor kitchen sink pipe leakage under cabinet,6.517829,3.372223,Other,2026-02-13 04:03:00
2934,PP20111024936,2011-10-24,Tunde Adebisi,Male,2348069545966,tunde.adebisi50@outlook.com,33431096880,Badagry Division,Ojo,Moraga,94122.0,Persistent dripping tap in kitchen wasting water daily,6.454465,3.179135,Other,2026-02-13 04:03:00
2935,PP20161122886,2016-11-22,Opeyemi Balogun,Female,2348129857178,opeyemi.balogun23@yahoo.com,80019584887,Ikeja Division,Kosofe,Maynard,94134.0,Water pipeline rupture near highway causing erosion,6.576945,3.418783,Other,2026-02-13 04:03:00
2936,PP20150325113,2015-03-25,Temitope Nwosu,Female,2349034414839,temitope.nwosu83@hotmail.com,62923827751,Badagry Division,Amuwo-Odofin,Bush,94115.0,Open manhole with visible sewage leakage on street,6.453604,3.240894,Other,2026-02-13 04:03:00
2937,PP20120323361,2012-03-23,Adaeze Yakubu,Female,2349026795545,adaeze.yakubu97@yahoo.com,53602709227,Lagos Island Division,Lagos Island,Clay,94109.0,Major pipe burst near primary school disrupting access road,6.466811,3.384899,Other,2026-02-13 04:03:00
2938,PP20160823295,2016-08-23,Kelechi Oladipo,Male,2349081920315,kelechi.oladipo93@hotmail.com,9463929541,Epe Division,Epe,Waller,94102.0,Public tap pipe severely damaged in residential community,6.567822,3.987408,Other,2026-02-13 04:03:00
2939,PP20170110025,2017-01-10,Femi Balogun,Male,2348170795859,femi.balogun37@hotmail.com,52828578712,Ikeja Division,Alimosho,O'farrell,94109.0,"washer and dryer installation at first floor of building, water lines and drain lines installation",6.600826,3.298213,Other,2026-02-13 04:03:00
2940,PP20170615241,2017-06-15,Temitope Umeh,Female,2349064779850,temitope.umeh43@hotmail.com,74935564070,Ikeja Division,Mushin,Sloat,94132.0,Water heater pipe leakage soaking utility area,6.503263,3.368525,Other,2026-02-13 04:03:00
2941,PP20150721470,2015-07-21,Yetunde Ojo,Female,2348112862866,yetunde.ojo79@yahoo.com,32257455060,Badagry Division,Ajeromi-Ifelodun,Clay,94118.0,Toilet overflow due to heavily blocked drain system,6.473423,3.318295,Other,2026-02-13 04:03:00
2942,PP20140922261,2014-09-22,Uche Mohammed,Male,2349061397139,uche.mohammed95@hotmail.com,67375585499,Ikeja Division,Ifako-Ijaiye,Geary,94109.0,Sudden burst water pipe inside bathroom wall causing flooding,6.655012,3.345323,Other,2026-02-13 04:03:00
2943,PP20140828639,2014-08-28,Ayomide Ojo,Male,2348102517702,ayomide.ojo59@gmail.com,57899776033,Badagry Division,Ojo,Folsom,94110.0,High-pressure pipe burst affecting multiple residential buildings,6.453626,3.174658,Other,2026-02-13 04:03:00
2944,PP20110329054,2011-03-29,Ngozi Ajayi,Female,2348036637284,ngozi.ajayi84@gmail.com,23122906378,Badagry Division,Amuwo-Odofin,Sacramento,94115.0,Severe shower pipe rupture flooding entire bathroom,6.427339,3.246492,Other,2026-02-13 04:03:00
2945,PP20190418054,2019-04-18,Oluwaseun Bamidele,Male,2348171807503,oluwaseun.bamidele44@outlook.com,11171549810,Ikeja Division,Ifako-Ijaiye,Duboce,94117.0,unit #307: rehabilitate kitchen and bathroom,6.667523,3.335755,Other,2026-02-13 04:03:00
2946,PP20111018791,2011-10-18,Chukwudi Adeyemi,Male,2349026659976,chukwudi.adeyemi84@outlook.com,19477141697,Lagos Island Division,Lagos Mainland,Warren,94131.0,Public tap pipe severely damaged in residential community,6.510409,3.363997,Other,2026-02-13 04:03:00
2947,PP20130514733,2013-05-14,Temitope Ajayi,Female,2348183602168,temitope.ajayi36@yahoo.com,40621519721,Lagos Island Division,Lagos Mainland,Broadway,94133.0,Underground water pipe burst near hospital entrance,6.52891,3.389267,Other,2026-02-13 04:03:00
2948,PP20090218273,2009-02-18,Seyi Balogun,Male,2348184870154,seyi.balogun63@outlook.com,75349636542,Lagos Island Division,Apapa,05th,94107.0,"install new plumbing in building include roof drain floor drain, 2 bathrooms with water waste and vent & gas.",6.433088,3.369815,Other,2026-02-13 04:03:00
2949,PP20161005551,2016-10-05,Kelechi Oladipo,Male,2348176837321,kelechi.oladipo81@yahoo.com,7653441540,Epe Division,Ibeju-Lekki,Webster,94115.0,replace kitchen faucet.,6.470375,3.595918,Other,2026-02-13 04:03:00
2950,PP20151211275,2015-12-11,Ayomide Nnamdi,Male,2349077205475,ayomide.nnamdi93@outlook.com,86150162654,Ikorodu Division,Ikorodu,12th,94122.0,install two shower pans.,6.618698,3.485277,Other,2026-02-13 04:03:00
2951,PP20160210800,2016-02-10,Ngozi Ekanem,Female,2349039917474,ngozi.ekanem88@hotmail.com,98944760913,Badagry Division,Ajeromi-Ifelodun,14th,94116.0,Open manhole with visible sewage leakage on street,6.46518,3.343901,Other,2026-02-13 04:03:00
2952,PP20200115776,2020-01-15,Amaka Danladi,Female,2349059429723,amaka.danladi86@outlook.com,86170740266,Badagry Division,Ajeromi-Ifelodun,45th,94122.0,"four bathroom & kitchen remodel, underground plumbing.",6.457763,3.32942,Other,2026-02-13 04:03:00
2953,PP20141021144,2014-10-21,Kelechi Owolabi,Male,2349051649441,kelechi.owolabi58@yahoo.com,73567247501,Lagos Island Division,Apapa,Hyde,94109.0,Blocked drainage channel causing street-level flooding,6.447039,3.330005,Other,2026-02-13 04:03:00
2954,PP20140109300,2014-01-09,Aisha Abiola,Female,2348179826499,aisha.abiola87@gmail.com,26928878783,Epe Division,Epe,Market,94114.0,relocate kitchen sink drain and supply lines.,6.600713,3.974586,Other,2026-02-13 04:03:00
2955,PP20190221331,2019-02-21,Chukwudi Ekanem,Male,2349043956674,chukwudi.ekanem42@outlook.com,34683658884,Badagry Division,Ajeromi-Ifelodun,06th,94118.0,Flooding due to collapsed drainage system after rainfall,6.471757,3.332433,Other,2026-02-13 04:03:00
2956,PP20191114185,2019-11-14,Aisha Okafor,Female,2348093842487,aisha.okafor63@hotmail.com,25166153679,Badagry Division,Amuwo-Odofin,Pine,94109.0,Low water pressure affecting entire household supply,6.462576,3.254061,Other,2026-02-13 04:03:00
2957,PP20190830981,2019-08-30,Tunde Ojo,Male,2348194591583,tunde.ojo24@gmail.com,4813747990,Ikorodu Division,Ikorodu,Granada,94112.0,install fire sprinkler system through per nfpa13 including u/g.,6.617051,3.501565,Other,2026-02-13 04:03:00
2958,PP20170804613,2017-08-04,Adaeze Abiola,Female,2348058189192,adaeze.abiola13@yahoo.com,65162352090,Ikeja Division,Ikeja,34th,94121.0,Underground water pipe burst near hospital entrance,6.609779,3.332766,Other,2026-02-13 04:03:00
2959,PP20100609651,2010-06-09,Chukwudi Chukwu,Male,2348091085822,chukwudi.chukwu93@hotmail.com,53687260189,Ikorodu Division,Ikorodu,Pine,94115.0,Septic tank backflow causing strong sewage odor indoors,6.625859,3.49951,Other,2026-02-13 04:03:00
2960,PP20150831568,2015-08-31,Emeka Adebisi,Male,2349092152449,emeka.adebisi31@hotmail.com,76911665945,Ikeja Division,Ikeja,Larkin,94109.0,Major pipe burst near primary school disrupting access road,6.614323,3.353113,Other,2026-02-13 04:03:00
2961,PP20110209928,2011-02-09,Chinedu Eze,Male,2348052052098,chinedu.eze56@outlook.com,83908713225,Ikeja Division,Alimosho,California,94109.0,Water pipeline rupture near highway causing erosion,6.615441,3.29582,Other,2026-02-13 04:03:00
2962,PP20161031264,2016-10-31,Kelechi Afolabi,Male,2348130441056,kelechi.afolabi15@outlook.com,67681931290,Ikeja Division,Oshodi-Isolo,Dolores,94103.0,Septic tank backflow causing strong sewage odor indoors,6.536076,3.299493,Other,2026-02-13 04:03:00
2963,PP20170309606,2017-03-09,Adebayo Chukwu,Male,2348138792805,adebayo.chukwu19@outlook.com,74478898166,Epe Division,Epe,Jackson,94111.0,Blocked drainage channel causing street-level flooding,6.590724,3.985267,Other,2026-02-13 04:03:00
2964,PP20170531777,2017-05-31,Chukwudi Chukwu,Male,2348169198876,chukwudi.chukwu83@yahoo.com,34561911455,Ikorodu Division,Ikorodu,Vallejo,94123.0,Bathroom floor drain completely clogged with wastewater backup,6.63121,3.514533,Other,2026-02-13 04:03:00
2965,PP20130109299,2013-01-09,Oluwaseun Bamidele,Male,2349051396584,oluwaseun.bamidele46@yahoo.com,23665095045,Badagry Division,Amuwo-Odofin,Green,94133.0,Major pipe burst near primary school disrupting access road,6.440333,3.242039,Other,2026-02-13 04:03:00
2966,PP20160125320,2016-01-25,Kunle Danladi,Male,2348145957757,kunle.danladi60@hotmail.com,67856396902,Badagry Division,Ajeromi-Ifelodun,Van Ness,94109.0,Toilet overflow due to heavily blocked drain system,6.467729,3.31016,Other,2026-02-13 04:03:00
2967,PP20160310631,2016-03-10,Chukwudi Ibrahim,Male,2348090499949,chukwudi.ibrahim81@hotmail.com,7261429247,Lagos Island Division,Apapa,25th,94114.0,Blocked drainage channel causing street-level flooding,6.465534,3.363417,Other,2026-02-13 04:03:00
2968,PP20090605851,2009-06-05,Aisha Ekanem,Female,2348168669172,aisha.ekanem60@yahoo.com,13345849742,Epe Division,Epe,Oak,94117.0,"to replace kitchen sink, bathroom sink, tub and toilet",6.59627,3.967794,Other,2026-02-13 04:03:00
2969,PP20160317817,2016-03-17,Olamide Ibrahim,Male,2348178588697,olamide.ibrahim58@outlook.com,53473623778,Lagos Island Division,Surulere,Short,94114.0,Blocked drainage channel causing street-level flooding,6.509346,3.383115,Other,2026-02-13 04:03:00
2970,PP20151001424,2015-10-01,Amaka Okoye,Female,2349014205818,amaka.okoye37@hotmail.com,39344209073,Lagos Island Division,Lagos Mainland,06th,94118.0,Low water pressure affecting entire household supply,6.511191,3.386914,Other,2026-02-13 04:03:00
2971,PP20150529092,2015-05-29,Chioma Bamidele,Female,2348108419956,chioma.bamidele45@hotmail.com,91584231633,Ikeja Division,Ifako-Ijaiye,43rd,94122.0,Septic tank backflow causing strong sewage odor indoors,6.669811,3.313156,Other,2026-02-13 04:03:00
2972,PP20110303420,2011-03-03,Abdulrahman Okafor,Male,2348055570307,abdulrahman.okafor34@hotmail.com,79425790834,Badagry Division,Badagry,11th,94103.0,Sewer overflow spreading wastewater near market area,6.419929,2.893336,Other,2026-02-13 04:03:00
2973,PP20191029741,2019-10-29,Chukwudi Oladipo,Male,2349017275066,chukwudi.oladipo86@hotmail.com,92850842340,Badagry Division,Ajeromi-Ifelodun,Brannan,94107.0,Cracked underground pipe slowly flooding compound,6.460689,3.344959,Other,2026-02-13 04:03:00
2974,PP20180530831,2018-05-30,Tunde Ajayi,Male,2349050400570,tunde.ajayi16@gmail.com,92685338053,Lagos Island Division,Eti-Osa,35th,94121.0,Flooding due to collapsed drainage system after rainfall,6.416432,3.406952,Other,2026-02-13 04:03:00
2975,PP20150413685,2015-04-13,Yetunde Mohammed,Female,2348034734942,yetunde.mohammed82@outlook.com,20439371993,Ikeja Division,Kosofe,Broderick,94115.0,Water pipeline rupture near highway causing erosion,6.584666,3.416954,Other,2026-02-13 04:03:00
2976,PP20131105703,2013-11-05,Chukwudi Adeyemi,Male,2348084193366,chukwudi.adeyemi45@yahoo.com,1992016995,Ikorodu Division,Ikorodu,Folsom,94107.0,penthouse: 22nd floor - set kitchen fixtures,6.612234,3.518596,Other,2026-02-13 04:03:00
2977,PP20120607188,2012-06-07,Opeyemi Akinyemi,Female,2348119151815,opeyemi.akinyemi82@yahoo.com,10980948852,Ikeja Division,Oshodi-Isolo,Girard,94134.0,"legalize 1st floor 1/2 bathroom, 2nd floor full bathroom on pathway floor drain. to comply with nov #201178673",6.558909,3.316681,Other,2026-02-13 04:03:00
2978,PP20151215351,2015-12-15,Olamide Balogun,Male,2349075243049,olamide.balogun56@outlook.com,12021796004,Badagry Division,Ajeromi-Ifelodun,Moncada,94127.0,sewer line replacement at the back of the houyse and up to mid driveway- about 35 linear feet.,6.465469,3.339326,Other,2026-02-13 04:03:00
2979,PP20100819278,2010-08-19,Oluwaseun Ogunleye,Male,2348144661304,oluwaseun.ogunleye38@outlook.com,37724672798,Epe Division,Ibeju-Lekki,Geary,94121.0,add 6 sinks at countertop,6.465543,3.605538,Other,2026-02-13 04:03:00
2980,PP20170830339,2017-08-30,Tunde Ekanem,Male,2348073965921,tunde.ekanem14@gmail.com,21149056475,Lagos Island Division,Eti-Osa,15th,94103.0,Blocked drainage channel causing street-level flooding,6.424975,3.442953,Other,2026-02-13 04:03:00
2981,PP20190606505,2019-06-06,Zainab Ibrahim,Female,2348068940286,zainab.ibrahim78@outlook.com,8440429297,Ikeja Division,Oshodi-Isolo,Amber,94131.0,Major pipe burst near primary school disrupting access road,6.553949,3.294345,Other,2026-02-13 04:03:00
2982,PP20180507186,2018-05-07,Ijeoma Adebisi,Female,2348050386450,ijeoma.adebisi65@gmail.com,85272615728,Badagry Division,Ajeromi-Ifelodun,Tunnel,94134.0,Water pipeline rupture near highway causing erosion,6.480381,3.334559,Other,2026-02-13 04:03:00
2983,PP20080428225,2008-04-28,Tunde Afolabi,Male,2349064644247,tunde.afolabi60@gmail.com,82248000361,Ikorodu Division,Ikorodu,Cordova,94112.0,Public tap pipe severely damaged in residential community,6.627911,3.522739,Other,2026-02-13 04:03:00
2984,PP20170607006,2017-06-07,Abdulrahman Abiola,Male,2348101016273,abdulrahman.abiola46@hotmail.com,23011536711,Lagos Island Division,Apapa,Seal Rock,94121.0,Flooding due to collapsed drainage system after rainfall,6.45218,3.353078,Other,2026-02-13 04:03:00
2985,PP20150122383,2015-01-22,Emeka Owolabi,Male,2349099714500,emeka.owolabi18@yahoo.com,43918893127,Epe Division,Ibeju-Lekki,13th,94103.0,Sewer overflow spreading wastewater near market area,6.479757,3.585008,Other,2026-02-13 04:03:00
2986,PP20080414698,2008-04-14,Aisha Adeyemi,Female,2348168430234,aisha.adeyemi47@outlook.com,76309860421,Ikeja Division,Alimosho,Shotwell,94110.0,Major pipe burst near primary school disrupting access road,6.615859,3.273463,Other,2026-02-13 04:03:00
2987,PP20090320033,2009-03-20,Uche Abiola,Male,2348124972659,uche.abiola62@gmail.com,25698960607,Lagos Island Division,Lagos Mainland,Filbert,94133.0,Minor kitchen sink pipe leakage under cabinet,6.52887,3.372814,Other,2026-02-13 04:03:00
2988,PP20140925408,2014-09-25,Aisha Balogun,Female,2348129598660,aisha.balogun62@outlook.com,11087873870,Badagry Division,Amuwo-Odofin,Leavenworth,94102.0,Septic tank backflow causing strong sewage odor indoors,6.466533,3.256231,Other,2026-02-13 04:03:00
2989,PP20160225220,2016-02-25,Ngozi Okafor,Female,2348180889278,ngozi.okafor97@outlook.com,94870551105,Ikorodu Division,Ikorodu,Geary,94102.0,Toilet overflow due to heavily blocked drain system,6.621799,3.515363,Other,2026-02-13 04:03:00
2990,PP20160923260,2016-09-23,Amaka Ibrahim,Female,2348192537860,amaka.ibrahim58@yahoo.com,87471517146,Ikeja Division,Ifako-Ijaiye,Hoffman,94114.0,Bathroom floor drain completely clogged with wastewater backup,6.659816,3.344833,Other,2026-02-13 04:03:00
2991,PP20161228754,2016-12-28,Amaka Chukwu,Female,2348181083974,amaka.chukwu79@outlook.com,63769431137,Ikorodu Division,Ikorodu,Marview,94131.0,2nd floor: remodel existing kitchen and bathroom,6.639314,3.514429,Other,2026-02-13 04:03:00
2992,PP20081014056,2008-10-14,Aisha Ajayi,Female,2348074425073,aisha.ajayi25@gmail.com,58160187869,Lagos Island Division,Lagos Mainland,Mint,94103.0,Water heater pipe leakage soaking utility area,6.540304,3.373509,Other,2026-02-13 04:03:00
2993,PP20150116248,2015-01-16,Adebayo Chukwu,Male,2348081170799,adebayo.chukwu20@outlook.com,83234933633,Lagos Island Division,Lagos Island,Bush,94109.0,pulling permit for purpoose of certifying 2 steam boilers installed by others.,6.446129,3.395109,Other,2026-02-13 04:03:00
2994,PP20171226488,2017-12-26,Bola Adeyemi,Female,2348028038087,bola.adeyemi11@hotmail.com,88481467482,Ikeja Division,Alimosho,46th,94116.0,Low water pressure affecting entire household supply,6.613349,3.29106,Other,2026-02-13 04:03:00
2995,PP20090303624,2009-03-03,Ifeanyi Ogunleye,Male,2348075439397,ifeanyi.ogunleye28@hotmail.com,78648775130,Ikorodu Division,Ikorodu,Ellis,94102.0,High-pressure pipe burst affecting multiple residential buildings,6.624778,3.513564,Other,2026-02-13 04:03:00
2996,PP20190416931,2019-04-16,Femi Umeh,Male,2349078297211,femi.umeh54@yahoo.com,94905979053,Ikeja Division,Agege,Prentiss,94110.0,Public tap pipe severely damaged in residential community,6.605517,3.341188,Other,2026-02-13 04:03:00
2997,PP20160721347,2016-07-21,Ifeanyi Balogun,Male,2348113418625,ifeanyi.balogun56@gmail.com,87315206389,Ikeja Division,Mushin,South Van Ness,94110.0,Underground water pipe burst near hospital entrance,6.535935,3.356315,Other,2026-02-13 04:03:00
2998,PP20161201057,2016-12-01,Yetunde Ekanem,Female,2349065995774,yetunde.ekanem88@gmail.com,92999013673,Ikeja Division,Oshodi-Isolo,Grand View,94114.0,High-pressure pipe burst affecting multiple residential buildings,6.565126,3.295926,Other,2026-02-13 04:03:00
2999,PP20110818387,2011-08-18,Ijeoma Ibrahim,Female,2349034895220,ijeoma.ibrahim51@gmail.com,29875876592,Ikorodu Division,Ikorodu,Haight,94102.0,Toilet overflow due to heavily blocked drain system,6.62408,3.498797,Other,2026-02-13 04:03:00
3000,PP20191122447,2019-11-22,Opeyemi Eze,Female,2348174578606,opeyemi.eze50@outlook.com,53466885517,Badagry Division,Ajeromi-Ifelodun,Seacliff,94121.0,Public tap pipe severely damaged in residential community,6.455559,3.326991,Other,2026-02-13 04:03:00
3001,PP20140819369,2014-08-19,Temitope Okafor,Female,2348128368098,temitope.okafor78@yahoo.com,20342649455,Badagry Division,Ajeromi-Ifelodun,Mission,94110.0,"add to pp20130802933, add extra fee. commercial kitchen island sink, 1 mob sink, 2 hand sinks, kitchen gas line, 3 floor sinks, 2 floor drains, change of use. (bldg permit 201311262884)",6.457279,3.32782,Other,2026-02-13 04:03:00
3002,PP20100806984,2010-08-06,Opeyemi Bamidele,Female,2348067217727,opeyemi.bamidele28@hotmail.com,82768467871,Ikeja Division,Oshodi-Isolo,02nd,94105.0,Sewer overflow spreading wastewater near market area,6.551458,3.316472,Other,2026-02-13 04:03:00
3003,PP20170119301,2017-01-19,Oluwaseun Afolabi,Male,2348089895710,oluwaseun.afolabi48@outlook.com,53386510938,Badagry Division,Ajeromi-Ifelodun,Goettingen,94134.0,kitchen remodel,6.463488,3.317444,Other,2026-02-13 04:03:00
3004,PP20160815061,2016-08-15,Obinna Nnamdi,Male,2349099139868,obinna.nnamdi48@yahoo.com,31750394018,Lagos Island Division,Lagos Mainland,Bay,94133.0,Severe shower pipe rupture flooding entire bathroom,6.535801,3.370829,Other,2026-02-13 04:03:00
3005,PP20121121237,2012-11-21,Oluwaseun Afolabi,Male,2349088759610,oluwaseun.afolabi43@outlook.com,7811698982,Ikorodu Division,Ikorodu,15th,94103.0,"install solar thermal collector, water storage tanks, tankler water heaters, radiant heat plumbing and panel radiators.",6.618813,3.514965,Other,2026-02-13 04:03:00
3006,PP20180524702,2018-05-24,Yetunde Adebisi,Female,2349047264975,yetunde.adebisi53@gmail.com,65777795843,Epe Division,Ibeju-Lekki,19th,94114.0,High-pressure pipe burst affecting multiple residential buildings,6.471996,3.595942,Other,2026-02-13 04:03:00
3007,PP20101103927,2010-11-03,Femi Ojo,Male,2349056639997,femi.ojo77@outlook.com,62774972238,Ikeja Division,Kosofe,Laguna,94115.0,Underground water pipe burst near hospital entrance,6.58809,3.408087,Other,2026-02-13 04:03:00
3008,PP20130805959,2013-08-05,Chukwudi Oladipo,Male,2349057603681,chukwudi.oladipo80@hotmail.com,45383212070,Badagry Division,Badagry,Huntington,94132.0,Cracked underground pipe slowly flooding compound,6.436786,2.886943,Other,2026-02-13 04:03:00
3009,PP20150925293,2015-09-25,Opeyemi Nnamdi,Female,2349048856897,opeyemi.nnamdi12@gmail.com,51288564654,Ikeja Division,Kosofe,Larkin,94109.0,Severe shower pipe rupture flooding entire bathroom,6.581827,3.426339,Other,2026-02-13 04:03:00
3010,PP20090804104,2009-08-04,Yetunde Akinyemi,Female,2349095566183,yetunde.akinyemi43@gmail.com,21474292487,Lagos Island Division,Lagos Island,Green,94133.0,installation of shower pan in master bath,6.456595,3.398692,Other,2026-02-13 04:03:00
3011,PP20200113681,2020-01-13,Seyi Owolabi,Male,2348159892446,seyi.owolabi18@gmail.com,64815663100,Ikeja Division,Mushin,South Van Ness,94110.0,Underground water pipe burst near hospital entrance,6.552222,3.351849,Other,2026-02-13 04:03:00
3012,PP20101013472,2010-10-13,Chukwudi Owolabi,Male,2349033053994,chukwudi.owolabi29@hotmail.com,26468703467,Ikeja Division,Agege,Tompkins,94110.0,Water pipeline rupture near highway causing erosion,6.612322,3.337166,Other,2026-02-13 04:03:00
3013,PP20120801464,2012-08-01,Femi Owolabi,Male,2349083084962,femi.owolabi21@outlook.com,73618535697,Lagos Island Division,Lagos Island,Clement,94118.0,Underground water pipe burst near hospital entrance,6.464815,3.379635,Other,2026-02-13 04:03:00
3014,PP20170320839,2017-03-20,Ijeoma Okoye,Female,2348069890479,ijeoma.okoye37@hotmail.com,38502055600,Badagry Division,Amuwo-Odofin,Scott,94123.0,Public tap pipe severely damaged in residential community,6.430344,3.244129,Other,2026-02-13 04:03:00
3015,PP20180416593,2018-04-16,Abdulrahman Ibrahim,Male,2349063605823,abdulrahman.ibrahim83@outlook.com,44066565914,Ikeja Division,Ifako-Ijaiye,Gough,94109.0,Flooding due to collapsed drainage system after rainfall,6.653461,3.324352,Other,2026-02-13 04:03:00
3016,PP20140804957,2014-08-04,Ifeanyi Nnamdi,Male,2349074405105,ifeanyi.nnamdi16@yahoo.com,61428906934,Badagry Division,Badagry,Staples,94112.0,new full bathroom in basement.,6.420025,2.876093,Other,2026-02-13 04:03:00
3017,PP20160929403,2016-09-29,Aisha Ojo,Female,2348074899207,aisha.ojo92@yahoo.com,4751180175,Lagos Island Division,Surulere,Van Buren,94131.0,Cracked underground pipe slowly flooding compound,6.482632,3.361493,Other,2026-02-13 04:03:00
3018,PP20110422687,2011-04-22,Opeyemi Owolabi,Female,2348174477129,opeyemi.owolabi90@outlook.com,22819465092,Ikeja Division,Ifako-Ijaiye,Moreland,94131.0,Flooding due to collapsed drainage system after rainfall,6.678425,3.31165,Other,2026-02-13 04:03:00
3019,PP20080424120,2008-04-24,Chinedu Owolabi,Male,2349090236840,chinedu.owolabi28@yahoo.com,42247977584,Badagry Division,Amuwo-Odofin,Broadway,94123.0,Septic tank backflow causing strong sewage odor indoors,6.458202,3.258173,Other,2026-02-13 04:03:00
3020,PP20140506485,2014-05-06,Chisom Nwosu,Female,2348039189610,chisom.nwosu69@gmail.com,96030915085,Ikeja Division,Oshodi-Isolo,Pacific,94109.0,Severe shower pipe rupture flooding entire bathroom,6.563141,3.320285,Other,2026-02-13 04:03:00
3021,PP20190917454,2019-09-17,Kelechi Ibrahim,Male,2348070821524,kelechi.ibrahim76@yahoo.com,79971127741,Lagos Island Division,Apapa,Vienna,94112.0,Water main leakage along roadside causing traffic obstruction,6.47082,3.355439,Other,2026-02-13 04:03:00
3022,PP20101208625,2010-12-08,Yetunde Yakubu,Female,2348127914709,yetunde.yakubu98@gmail.com,33639511401,Badagry Division,Amuwo-Odofin,Lombard,94109.0,install new peerless lc6 lonox compliant steam boiler.,6.451096,3.245836,Other,2026-02-13 04:03:00
3023,PP20191004024,2019-10-04,Ayomide Balogun,Male,2348123492124,ayomide.balogun40@outlook.com,28864117265,Ikeja Division,Ifako-Ijaiye,Hyde,94109.0,Water heater pipe leakage soaking utility area,6.66982,3.343929,Other,2026-02-13 04:03:00
3024,PP20140905829,2014-09-05,Ayomide Owolabi,Male,2348091656686,ayomide.owolabi87@gmail.com,52530782000,Ikeja Division,Alimosho,Leavenworth,94109.0,Toilet overflow due to heavily blocked drain system,6.59555,3.28639,Other,2026-02-13 04:03:00
3025,PP20100910757,2010-09-10,Chisom Ekanem,Female,2348145976536,chisom.ekanem61@outlook.com,89429898540,Lagos Island Division,Apapa,Jamestown,94124.0,Open manhole with visible sewage leakage on street,6.462572,3.3692,Other,2026-02-13 04:03:00
3026,PP20141201194,2014-12-01,Ngozi Okafor,Female,2348107398282,ngozi.okafor29@hotmail.com,54862451689,Epe Division,Ibeju-Lekki,Franklin,94109.0,job b3148: rmeove and replace domestic boiler.,6.466369,3.593544,Other,2026-02-13 04:03:00
3027,PP20081107176,2008-11-07,Aisha Ekanem,Female,2348156342176,aisha.ekanem61@outlook.com,84785332895,Badagry Division,Ajeromi-Ifelodun,Justin,94112.0,Sewer overflow spreading wastewater near market area,6.470112,3.348303,Other,2026-02-13 04:03:00
3028,PP20080604244,2008-06-04,Ngozi Yakubu,Female,2349067079478,ngozi.yakubu80@yahoo.com,71312188564,Badagry Division,Ajeromi-Ifelodun,Mission,94103.0,repair damaged street trap,6.467445,3.343556,Other,2026-02-13 04:03:00
3029,PP20180719303,2018-07-19,Uche Mohammed,Male,2348032589975,uche.mohammed14@gmail.com,90337420047,Badagry Division,Ajeromi-Ifelodun,Fulton,94117.0,Flooding due to collapsed drainage system after rainfall,6.49312,3.339281,Other,2026-02-13 04:03:00
3030,PP20171213131,2017-12-13,Ngozi Oladipo,Female,2349042366232,ngozi.oladipo13@outlook.com,89914327114,Ikeja Division,Ikeja,Carl,94117.0,Septic tank backflow causing strong sewage odor indoors,6.602293,3.358724,Other,2026-02-13 04:03:00
3031,PP20190410812,2019-04-10,Ijeoma Ajayi,Female,2348171563478,ijeoma.ajayi28@yahoo.com,99906819081,Lagos Island Division,Lagos Island,Pizarro,94112.0,Toilet overflow due to heavily blocked drain system,6.450447,3.41858,Other,2026-02-13 04:03:00
3032,PP20080215094,2008-02-15,Tunde Ogunleye,Male,2349069024201,tunde.ogunleye93@outlook.com,87603650617,Badagry Division,Ojo,16th,94116.0,"remodel bathroom, one shower pan",6.462801,3.180271,Other,2026-02-13 04:03:00
3033,PP20120507388,2012-05-07,Opeyemi Adebisi,Female,2348106923237,opeyemi.adebisi38@yahoo.com,13572550508,Ikeja Division,Kosofe,Faxon,94112.0,Water heater pipe leakage soaking utility area,6.574943,3.427672,Other,2026-02-13 04:03:00
3034,PP20141202211,2014-12-02,Oluwaseun Yakubu,Male,2349086886679,oluwaseun.yakubu46@yahoo.com,34008599545,Ikeja Division,Ifako-Ijaiye,Market,94103.0,Cracked underground pipe slowly flooding compound,6.678472,3.323626,Other,2026-02-13 04:03:00
3035,PP20191206781,2019-12-06,Ngozi Ogunleye,Female,2348142705162,ngozi.ogunleye70@hotmail.com,76688805479,Ikeja Division,Oshodi-Isolo,San Jose,94112.0,Underground water pipe burst near hospital entrance,6.559365,3.293014,Other,2026-02-13 04:03:00
3036,PP20190529201,2019-05-29,Seyi Owolabi,Male,2348189491048,seyi.owolabi56@gmail.com,77499036164,Lagos Island Division,Lagos Mainland,Wisconsin,94107.0,Severe shower pipe rupture flooding entire bathroom,6.52625,3.383728,Other,2026-02-13 04:03:00
3037,PP20140129763,2014-01-29,Aisha Okafor,Female,2349086832367,aisha.okafor98@hotmail.com,55496308688,Epe Division,Ibeju-Lekki,Beach,94123.0,Open manhole with visible sewage leakage on street,6.487073,3.577292,Other,2026-02-13 04:03:00
3038,PP20150611465,2015-06-11,Temitope Okoye,Female,2349014482594,temitope.okoye79@hotmail.com,61138683867,Ikeja Division,Mushin,Brentwood,94127.0,Open manhole with visible sewage leakage on street,6.514516,3.345646,Other,2026-02-13 04:03:00
3039,PP20150921116,2015-09-21,Amaka Abiola,Female,2349011336058,amaka.abiola58@outlook.com,8707427274,Lagos Island Division,Lagos Island,Agua,94127.0,kitchen remodel,6.440734,3.408067,Other,2026-02-13 04:03:00
3040,PP20080915704,2008-09-15,Amaka Bamidele,Female,2349014993375,amaka.bamidele27@yahoo.com,72955346072,Ikeja Division,Kosofe,Market,94111.0,Toilet overflow due to heavily blocked drain system,6.598786,3.419902,Other,2026-02-13 04:03:00
3041,PP20150316838,2015-03-16,Tunde Adeyemi,Male,2349068212789,tunde.adeyemi98@hotmail.com,68199604644,Epe Division,Ibeju-Lekki,Mission,94103.0,Underground water pipe burst near hospital entrance,6.482213,3.58634,Other,2026-02-13 04:03:00
3042,PP20170815902,2017-08-15,Ijeoma Nwosu,Female,2348077683928,ijeoma.nwosu31@outlook.com,59959199820,Ikeja Division,Ifako-Ijaiye,Market,94102.0,Toilet overflow due to heavily blocked drain system,6.668849,3.32527,Other,2026-02-13 04:03:00
3043,PP20080416805,2008-04-16,Kelechi Ojo,Male,2348106018408,kelechi.ojo85@gmail.com,8561012273,Lagos Island Division,Surulere,Presidio,94115.0,Water main leakage along roadside causing traffic obstruction,6.493796,3.345322,Other,2026-02-13 04:03:00
3044,PP20110804026,2011-08-04,Seyi Ekanem,Male,2348027450161,seyi.ekanem69@outlook.com,1818433217,Badagry Division,Ojo,Vallejo,94123.0,Toilet overflow due to heavily blocked drain system,6.463643,3.182597,Other,2026-02-13 04:03:00
3045,PP20130213236,2013-02-13,Olamide Nnamdi,Male,2348078425699,olamide.nnamdi75@yahoo.com,58107741947,Badagry Division,Badagry,Fulton,94118.0,Low water pressure affecting entire household supply,6.422454,2.885935,Other,2026-02-13 04:03:00
3046,PP20121114082,2012-11-14,Zainab Okoye,Female,2348102393163,zainab.okoye73@yahoo.com,31228206059,Lagos Island Division,Surulere,Gough,94109.0,Severe shower pipe rupture flooding entire bathroom,6.495273,3.352088,Other,2026-02-13 04:03:00
3047,PP20171018656,2017-10-18,Ayomide Ogunleye,Male,2349037558380,ayomide.ogunleye67@outlook.com,36665672498,Ikeja Division,Ikeja,Vienna,94112.0,Public tap pipe severely damaged in residential community,6.602522,3.358882,Other,2026-02-13 04:03:00
3048,PP20120926831,2012-09-26,Ayomide Balogun,Male,2349080656893,ayomide.balogun39@outlook.com,75894184773,Lagos Island Division,Lagos Mainland,Ocean,94127.0,Sudden burst water pipe inside bathroom wall causing flooding,6.512967,3.380075,Other,2026-02-13 04:03:00
3049,PP20080228474,2008-02-28,Kelechi Nnamdi,Male,2348188298049,kelechi.nnamdi19@gmail.com,30484455704,Ikeja Division,Kosofe,Divisadero,94117.0,shower pan inspection,6.58563,3.409519,Other,2026-02-13 04:03:00
3050,PP20140404697,2014-04-04,Opeyemi Chukwu,Female,2349040028658,opeyemi.chukwu55@outlook.com,82669262577,Ikeja Division,Agege,Jackson,94109.0,Sudden burst water pipe inside bathroom wall causing flooding,6.609621,3.338306,Other,2026-02-13 04:03:00
3051,PP20160919092,2016-09-19,Amaka Okoye,Female,2348063244966,amaka.okoye67@hotmail.com,51022631167,Lagos Island Division,Lagos Island,Curtis,94112.0,Minor kitchen sink pipe leakage under cabinet,6.442766,3.398199,Other,2026-02-13 04:03:00
3052,PP20080516738,2008-05-16,Tunde Owolabi,Male,2348083618619,tunde.owolabi94@yahoo.com,41209369823,Ikeja Division,Kosofe,Beale,94105.0,Open manhole with visible sewage leakage on street,6.574346,3.427329,Other,2026-02-13 04:03:00
3053,PP20160303408,2016-03-03,Olamide Nwosu,Male,2348035683791,olamide.nwosu60@yahoo.com,50494988023,Ikeja Division,Agege,Eastman,94109.0,Toilet overflow due to heavily blocked drain system,6.638878,3.327392,Other,2026-02-13 04:03:00
3054,PP20180424827,2018-04-24,Ngozi Akinyemi,Female,2348083781667,ngozi.akinyemi67@hotmail.com,8142331171,Badagry Division,Amuwo-Odofin,28th,94131.0,Open manhole with visible sewage leakage on street,6.455342,3.242733,Other,2026-02-13 04:03:00
3055,PP20110309547,2011-03-09,Ifeanyi Bamidele,Male,2348072032156,ifeanyi.bamidele11@yahoo.com,96009228132,Epe Division,Epe,48th,94121.0,Toilet overflow due to heavily blocked drain system,6.59441,3.970947,Other,2026-02-13 04:03:00
3056,PP20110325986,2011-03-25,Adaeze Afolabi,Female,2348126719559,adaeze.afolabi27@gmail.com,65871207131,Badagry Division,Badagry,Pine,94115.0,Sudden burst water pipe inside bathroom wall causing flooding,6.419806,2.87627,Other,2026-02-13 04:03:00
3057,PP20111206914,2011-12-06,Uche Adeyemi,Male,2348140187351,uche.adeyemi95@gmail.com,12947914329,Ikeja Division,Ikeja,California,94109.0,Sudden burst water pipe inside bathroom wall causing flooding,6.59973,3.34119,Other,2026-02-13 04:03:00
3058,PP20170410433,2017-04-10,Uche Ekanem,Male,2348071466823,uche.ekanem44@yahoo.com,58710741907,Ikeja Division,Alimosho,Duboce,94117.0,Severe shower pipe rupture flooding entire bathroom,6.617224,3.28663,Other,2026-02-13 04:03:00
3059,PP20110311630,2011-03-11,Femi Abiola,Male,2349087678348,femi.abiola65@hotmail.com,75445416360,Epe Division,Epe,Wayne,94133.0,Sudden burst water pipe inside bathroom wall causing flooding,6.58952,3.980159,Other,2026-02-13 04:03:00
3060,PP20130708227,2013-07-08,Amaka Afolabi,Female,2348093500870,amaka.afolabi91@outlook.com,51229047796,Ikeja Division,Ifako-Ijaiye,14th,94103.0,Sudden burst water pipe inside bathroom wall causing flooding,6.668655,3.330078,Other,2026-02-13 04:03:00
3061,PP20080313879,2008-03-13,Ifeanyi Ogunleye,Male,2348171301475,ifeanyi.ogunleye82@hotmail.com,67746135921,Ikeja Division,Oshodi-Isolo,San Pablo,94127.0,Septic tank backflow causing strong sewage odor indoors,6.545982,3.310204,Other,2026-02-13 04:03:00
3062,PP20170911598,2017-09-11,Ngozi Yakubu,Female,2349053125545,ngozi.yakubu81@gmail.com,3129592232,Lagos Island Division,Lagos Mainland,Williams,94124.0,"to erect 3 stories, single family dwelling - underground, rough, finish. all plumbing work",6.539703,3.371419,Other,2026-02-13 04:03:00
3063,PP20191015292,2019-10-15,Chinedu Ibrahim,Male,2348080547859,chinedu.ibrahim17@gmail.com,58712724818,Badagry Division,Ajeromi-Ifelodun,Hattie,94114.0,Underground water pipe burst near hospital entrance,6.478418,3.348281,Other,2026-02-13 04:03:00
3064,PP20191001888,2019-10-01,Ifeanyi Adebisi,Male,2348062906438,ifeanyi.adebisi22@outlook.com,94837724905,Badagry Division,Ojo,26th,94122.0,new fixtures in kitchen & bathroom.,6.452838,3.168449,Other,2026-02-13 04:03:00
3065,PP20180803683,2018-08-03,Oluwaseun Umeh,Male,2348099739973,oluwaseun.umeh30@gmail.com,80165921699,Ikeja Division,Mushin,De Haro,94107.0,Major pipe burst near primary school disrupting access road,6.53032,3.349126,Other,2026-02-13 04:03:00
3066,PP20080617684,2008-06-17,Abdulrahman Adebisi,Male,2348170702627,abdulrahman.adebisi46@gmail.com,45863823929,Ikeja Division,Oshodi-Isolo,Van Ness,94109.0,add 1 each fire sprinkler to existing computer room.,6.572286,3.308448,Other,2026-02-13 04:03:00
3067,PP20140207996,2014-02-07,Zainab Oladipo,Female,2348072447859,zainab.oladipo61@gmail.com,20438325943,Epe Division,Epe,25th,94110.0,Underground water pipe burst near hospital entrance,6.575978,3.972128,Other,2026-02-13 04:03:00
3068,PP20111213064,2011-12-13,Zainab Danladi,Female,2348182128685,zainab.danladi57@yahoo.com,2397878900,Ikeja Division,Oshodi-Isolo,Columbus,94133.0,Water main leakage along roadside causing traffic obstruction,6.564499,3.302388,Other,2026-02-13 04:03:00
3069,PP20130610462,2013-06-10,Chukwudi Oladipo,Male,2349079826816,chukwudi.oladipo87@gmail.com,23196853505,Badagry Division,Amuwo-Odofin,Jackson,94115.0,"new kitchen sink & dishwasher, remodel 2 bathrooms",6.450438,3.259558,Other,2026-02-13 04:03:00
3070,PP20080918889,2008-09-18,Abdulrahman Bamidele,Male,2349047309757,abdulrahman.bamidele60@hotmail.com,32587785760,Badagry Division,Amuwo-Odofin,Lobos,94112.0,Open manhole with visible sewage leakage on street,6.445157,3.249541,Other,2026-02-13 04:03:00
3071,PP20180831487,2018-08-31,Olamide Ojo,Male,2349027703602,olamide.ojo95@hotmail.com,53229706930,Badagry Division,Ojo,26th,94116.0,plumbing work for walk-in tub installation.,6.460834,3.189833,Other,2026-02-13 04:03:00
3072,PP20080602153,2008-06-02,Ayomide Okoye,Male,2349025462027,ayomide.okoye84@yahoo.com,16905326845,Ikeja Division,Ifako-Ijaiye,Westwood,94112.0,"final inspection for three bathrooms, kitchen, laundry & furnace.",6.675707,3.326399,Other,2026-02-13 04:03:00
3073,PP20120814794,2012-08-14,Opeyemi Nwosu,Female,2348184275240,opeyemi.nwosu54@hotmail.com,69552246512,Ikeja Division,Kosofe,06th,94103.0,replace 2x120gal storage tanks.,6.583936,3.412982,Other,2026-02-13 04:03:00
3074,PP20120125976,2012-01-25,Ayomide Nnamdi,Male,2349058675456,ayomide.nnamdi18@hotmail.com,46592649351,Lagos Island Division,Surulere,Harrison,94105.0,Low water pressure affecting entire household supply,6.482124,3.363376,Other,2026-02-13 04:03:00
3075,PP20110426774,2011-04-26,Opeyemi Adebisi,Female,2348188746707,opeyemi.adebisi25@outlook.com,61671762601,Ikorodu Division,Ikorodu,Lexington,94110.0,"relocate kitchen, add new bathroom and add a toilet room.",6.638322,3.501663,Other,2026-02-13 04:03:00
3076,PP20100803882,2010-08-03,Abdulrahman Danladi,Male,2348136115207,abdulrahman.danladi40@gmail.com,48045241724,Epe Division,Ibeju-Lekki,Fillmore,94123.0,Flooding due to collapsed drainage system after rainfall,6.46227,3.576293,Other,2026-02-13 04:03:00
3077,PP20150224296,2015-02-24,Olamide Afolabi,Male,2349063018327,olamide.afolabi14@outlook.com,4081582506,Ikeja Division,Ifako-Ijaiye,Bush,94109.0,Severe shower pipe rupture flooding entire bathroom,6.677046,3.333085,Other,2026-02-13 04:03:00
3078,PP20160818184,2016-08-18,Oluwaseun Oladipo,Male,2348066445315,oluwaseun.oladipo56@outlook.com,14406336905,Ikeja Division,Mushin,Rosewood,94127.0,Low water pressure affecting entire household supply,6.525715,3.34542,Other,2026-02-13 04:03:00
3079,PP20180926229,2018-09-26,Chioma Ibrahim,Female,2348072322313,chioma.ibrahim27@outlook.com,5919076114,Epe Division,Epe,Marina,94123.0,"renew permit #pp20170727376, and add (1) gas line installation.",6.584924,3.967954,Other,2026-02-13 04:03:00
3080,PP20110110239,2011-01-10,Zainab Akinyemi,Female,2349091979463,zainab.akinyemi29@outlook.com,33809827492,Badagry Division,Ojo,Hyde,94102.0,Bathroom floor drain completely clogged with wastewater backup,6.462434,3.191715,Other,2026-02-13 04:03:00
3081,PP20170710808,2017-07-10,Obinna Balogun,Male,2349095935055,obinna.balogun11@hotmail.com,88722992518,Ikorodu Division,Ikorodu,Clayton,94117.0,Persistent dripping tap in kitchen wasting water daily,6.606888,3.495175,Other,2026-02-13 04:03:00
3082,PP20091020767,2009-10-20,Ayomide Eze,Male,2349019985611,ayomide.eze39@yahoo.com,19793340359,Ikeja Division,Oshodi-Isolo,Santa Rosa,94112.0,(1) sub pump,6.569394,3.301982,Other,2026-02-13 04:03:00
3083,PP20140814224,2014-08-14,Emeka Danladi,Male,2348039823003,emeka.danladi73@yahoo.com,12328544181,Lagos Island Division,Lagos Mainland,Filbert,94123.0,remodel bathroom and kitchen,6.535759,3.37766,Other,2026-02-13 04:03:00
3084,PP20190228560,2019-02-28,Zainab Danladi,Female,2349017322555,zainab.danladi84@gmail.com,46274922223,Badagry Division,Badagry,Scott,94117.0,unit #2: 1)rehabilitate extg bathroom and kitchen 2)install washer/dryer,6.41338,2.889384,Other,2026-02-13 04:03:00
3085,PP20151113535,2015-11-13,Adebayo Ekanem,Male,2348087780974,adebayo.ekanem62@hotmail.com,90299477885,Badagry Division,Amuwo-Odofin,Green,94133.0,Severe shower pipe rupture flooding entire bathroom,6.44116,3.251325,Other,2026-02-13 04:03:00
3086,PP20141110669,2014-11-10,Yetunde Balogun,Female,2349029257918,yetunde.balogun25@hotmail.com,96322176759,Lagos Island Division,Lagos Mainland,Pacific,94115.0,Flooding due to collapsed drainage system after rainfall,6.520585,3.365995,Other,2026-02-13 04:03:00
3087,PP20110110256,2011-01-10,Olamide Mohammed,Male,2348074054663,olamide.mohammed70@hotmail.com,94071087842,Ikeja Division,Oshodi-Isolo,Pacific,94118.0,Open manhole with visible sewage leakage on street,6.556975,3.305467,Other,2026-02-13 04:03:00
3088,PP20190829957,2019-08-29,Ngozi Nnamdi,Female,2349049710539,ngozi.nnamdi90@yahoo.com,73083192585,Lagos Island Division,Eti-Osa,Rousseau,94112.0,to renew expired # pp20170906487---(1st floor: new fire sprinkler system),6.43153,3.409798,Other,2026-02-13 04:03:00
3089,PP20120907392,2012-09-07,Chisom Nwosu,Female,2348056739517,chisom.nwosu53@outlook.com,30162153088,Ikeja Division,Mushin,Santa Rita,94116.0,Sudden burst water pipe inside bathroom wall causing flooding,6.543214,3.363367,Other,2026-02-13 04:03:00
3090,PP20130325325,2013-03-25,Kunle Yakubu,Male,2349058551480,kunle.yakubu70@outlook.com,47565622929,Lagos Island Division,Surulere,Geary,94102.0,Minor kitchen sink pipe leakage under cabinet,6.506542,3.357746,Other,2026-02-13 04:03:00
3091,PP20190529176,2019-05-29,Adebayo Chukwu,Male,2349039920000,adebayo.chukwu39@hotmail.com,50883166572,Epe Division,Ibeju-Lekki,Landers,94114.0,"remodel (e) master bathroom. replaxe fixtures, new shower pan.",6.452708,3.604529,Other,2026-02-13 04:03:00
3092,PP20150623721,2015-06-23,Adaeze Ibrahim,Female,2348171413821,adaeze.ibrahim20@outlook.com,19027761267,Lagos Island Division,Lagos Island,Leavenworth,94109.0,unit 5 - remodel kitchen and bathroom with new fixture,6.453489,3.387212,Other,2026-02-13 04:03:00
3093,PP20131008837,2013-10-08,Tunde Umeh,Male,2348183834373,tunde.umeh79@yahoo.com,85928438919,Ikorodu Division,Ikorodu,Cesar Chavez,94110.0,Persistent dripping tap in kitchen wasting water daily,6.623568,3.522171,Other,2026-02-13 04:03:00
3094,PP20120501253,2012-05-01,Chioma Mohammed,Female,2348033187830,chioma.mohammed38@hotmail.com,35594964507,Ikeja Division,Mushin,18th,94121.0,Water main leakage along roadside causing traffic obstruction,6.527069,3.367386,Other,2026-02-13 04:03:00
3095,PP20180129291,2018-01-29,Kelechi Chukwu,Male,2348056078748,kelechi.chukwu88@gmail.com,44955733287,Badagry Division,Badagry,Anza,94118.0,"relocate sewer and water lines at 2 bathrooms, install new hydronic heating system, install plumbing fixtures.",6.42583,2.874236,Other,2026-02-13 04:03:00
3096,PP20151109399,2015-11-09,Chioma Afolabi,Female,2349038023905,chioma.afolabi15@hotmail.com,47548879285,Epe Division,Epe,Post,94109.0,Flooding due to collapsed drainage system after rainfall,6.577262,3.993175,Other,2026-02-13 04:03:00
3097,PP20131216753,2013-12-16,Abdulrahman Afolabi,Male,2348153304857,abdulrahman.afolabi85@outlook.com,80053442805,Ikeja Division,Agege,29th,94131.0,"repair/replace waste water pipe to comply with complaint # 201334672, issued 11/6/13 and extended to 12/18/13",6.588374,3.334505,Other,2026-02-13 04:03:00
3098,PP20080728853,2008-07-28,Ijeoma Danladi,Female,2348068667156,ijeoma.danladi89@yahoo.com,11891876789,Ikeja Division,Alimosho,Guerrero,94103.0,Bathroom floor drain completely clogged with wastewater backup,6.594692,3.290234,Other,2026-02-13 04:03:00
3099,PP20130820464,2013-08-20,Chioma Abiola,Female,2349027009256,chioma.abiola47@yahoo.com,82907934556,Lagos Island Division,Lagos Mainland,Taraval,94116.0,Bathroom floor drain completely clogged with wastewater backup,6.521412,3.375618,Other,2026-02-13 04:03:00
3100,PP20120224698,2012-02-24,Chisom Ajayi,Female,2349015450967,chisom.ajayi82@yahoo.com,92181893029,Ikeja Division,Alimosho,21st,94110.0,Open manhole with visible sewage leakage on street,6.603477,3.284029,Other,2026-02-13 04:03:00
3101,PP20120514601,2012-05-14,Adaeze Bamidele,Female,2348098098215,adaeze.bamidele63@hotmail.com,13195904803,Badagry Division,Ojo,Baker,94123.0,Severe shower pipe rupture flooding entire bathroom,6.483919,3.201675,Other,2026-02-13 04:03:00
3102,PP20180129309,2018-01-29,Oluwaseun Eze,Male,2348134337920,oluwaseun.eze16@yahoo.com,11414042130,Epe Division,Ibeju-Lekki,Webster,94115.0,Toilet overflow due to heavily blocked drain system,6.458379,3.600821,Other,2026-02-13 04:03:00
3103,PP20170426852,2017-04-26,Adaeze Ibrahim,Female,2348077210317,adaeze.ibrahim49@outlook.com,20740186201,Lagos Island Division,Surulere,Clay,94109.0,High-pressure pipe burst affecting multiple residential buildings,6.492905,3.362092,Other,2026-02-13 04:03:00
3104,PP20100219168,2010-02-19,Chioma Yakubu,Female,2348139890159,chioma.yakubu33@outlook.com,67439346630,Ikeja Division,Agege,Capp,94110.0,Open manhole with visible sewage leakage on street,6.614867,3.329403,Other,2026-02-13 04:03:00
3105,PP20150508452,2015-05-08,Kunle Owolabi,Male,2348091798785,kunle.owolabi50@outlook.com,46367114230,Lagos Island Division,Lagos Mainland,New Montgomery,94105.0,Cracked underground pipe slowly flooding compound,6.534239,3.380459,Other,2026-02-13 04:03:00
3106,PP20130531206,2013-05-31,Temitope Ojo,Female,2348095623821,temitope.ojo48@yahoo.com,33321372510,Badagry Division,Badagry,Monterey,94131.0,Sudden burst water pipe inside bathroom wall causing flooding,6.410234,2.871954,Other,2026-02-13 04:03:00
3107,PP20191021474,2019-10-21,Adebayo Akinyemi,Male,2348095256500,adebayo.akinyemi92@outlook.com,65936513875,Ikeja Division,Agege,Plymouth,94112.0,Water main leakage along roadside causing traffic obstruction,6.606564,3.319586,Other,2026-02-13 04:03:00
3108,PP20140113370,2014-01-13,Amaka Mohammed,Female,2349085101746,amaka.mohammed78@yahoo.com,6072845358,Lagos Island Division,Lagos Island,Sears,94112.0,remove bath tub. restore washer and dryer machine per approved plan. remove illegal stove and sink,6.454222,3.382733,Other,2026-02-13 04:03:00
3109,PP20180308465,2018-03-08,Yetunde Chukwu,Female,2349061316401,yetunde.chukwu68@gmail.com,61587045830,Badagry Division,Badagry,34th,94116.0,Minor kitchen sink pipe leakage under cabinet,6.412344,2.898701,Other,2026-02-13 04:03:00
3110,PP20080421962,2008-04-21,Amaka Ekanem,Female,2349053611570,amaka.ekanem34@gmail.com,58569312016,Badagry Division,Ojo,Masonic,94117.0,Minor kitchen sink pipe leakage under cabinet,6.472993,3.182677,Other,2026-02-13 04:03:00
3111,PP20160613256,2016-06-13,Chukwudi Oladipo,Male,2349040565827,chukwudi.oladipo33@yahoo.com,88806688094,Ikeja Division,Ikeja,Buchanan,94102.0,Major pipe burst near primary school disrupting access road,6.600929,3.370299,Other,2026-02-13 04:03:00
3112,PP20170807638,2017-08-07,Seyi Mohammed,Male,2349026403872,seyi.mohammed52@outlook.com,15156503246,Badagry Division,Ajeromi-Ifelodun,De Montfort,94112.0,Minor kitchen sink pipe leakage under cabinet,6.471908,3.330022,Other,2026-02-13 04:03:00
3113,PP20080620803,2008-06-20,Chisom Ekanem,Female,2348171808614,chisom.ekanem63@yahoo.com,20855308969,Ikeja Division,Mushin,25th,94114.0,"1 kitchen sink, 1 shower, 1 bathtub, 1 laundry tray, 1 cwm, 3 toilets, 4 lavatories, 1 area drain, 1 lightwell drain, 1 cathbasin, 1 sump, 1 ice make, 2 hosebibbs, 2 trap primeus, 2 back flow preventer (valves) 1 range, 1 furnace, 1 fire place, 1 dry (gas lines) 1 water heater.",6.51304,3.358539,Other,2026-02-13 04:03:00
3114,PP20110419558,2011-04-19,Kelechi Mohammed,Male,2348161464149,kelechi.mohammed88@yahoo.com,66677273643,Ikeja Division,Oshodi-Isolo,Eddy,94109.0,Public tap pipe severely damaged in residential community,6.561893,3.301783,Other,2026-02-13 04:03:00
3115,PP20181121874,2018-11-21,Amaka Nnamdi,Female,2348165415513,amaka.nnamdi35@yahoo.com,35147146498,Ikorodu Division,Ikorodu,Geary,94102.0,Bathroom floor drain completely clogged with wastewater backup,6.622312,3.506864,Other,2026-02-13 04:03:00
3116,PP20140627874,2014-06-27,Ifeanyi Ekanem,Male,2348090056497,ifeanyi.ekanem70@yahoo.com,87812349193,Badagry Division,Badagry,Broadway,94123.0,remodeling one bathroom.,6.41316,2.860122,Other,2026-02-13 04:03:00
3117,PP20170821043,2017-08-21,Yetunde Afolabi,Female,2349032630747,yetunde.afolabi84@gmail.com,34505821717,Ikeja Division,Oshodi-Isolo,Duboce,94103.0,install water heater,6.551382,3.317794,Other,2026-02-13 04:03:00
3118,PP20171023746,2017-10-23,Yetunde Owolabi,Female,2348104762363,yetunde.owolabi88@hotmail.com,93830704625,Ikeja Division,Oshodi-Isolo,Precita,94110.0,Minor kitchen sink pipe leakage under cabinet,6.547286,3.308625,Other,2026-02-13 04:03:00
3119,PP20090406407,2009-04-06,Chisom Adebisi,Female,2348081129622,chisom.adebisi18@yahoo.com,5413659581,Ikeja Division,Oshodi-Isolo,Downey,94117.0,shower pan inspection for 2 individual showers,6.54604,3.311704,Other,2026-02-13 04:03:00
3120,PP20160211822,2016-02-11,Tunde Nwosu,Male,2348153950577,tunde.nwosu38@outlook.com,1289846291,Ikeja Division,Kosofe,Corbett,94131.0,"13r fire sprinkler system in entire house and run 2"" dedicated fire service.",6.581135,3.407308,Other,2026-02-13 04:03:00
3121,PP20190227515,2019-02-27,Yetunde Oladipo,Female,2349055216795,yetunde.oladipo90@hotmail.com,55409169149,Ikeja Division,Ifako-Ijaiye,Terra Vista,94115.0,Sewer overflow spreading wastewater near market area,6.683126,3.337889,Other,2026-02-13 04:03:00
3122,PP20170928106,2017-09-28,Seyi Akinyemi,Male,2349043089313,seyi.akinyemi67@yahoo.com,39040286143,Ikeja Division,Alimosho,Grant,94133.0,Underground water pipe burst near hospital entrance,6.602951,3.299978,Other,2026-02-13 04:03:00
3123,PP20150724579,2015-07-24,Aisha Ajayi,Female,2348134162734,aisha.ajayi72@gmail.com,63825497091,Lagos Island Division,Eti-Osa,Shotwell,94110.0,Major pipe burst near primary school disrupting access road,6.438474,3.428323,Other,2026-02-13 04:03:00
3124,PP20160606007,2016-06-06,Amaka Ibrahim,Female,2348054816972,amaka.ibrahim20@yahoo.com,60479448402,Badagry Division,Badagry,Rosenkranz,94110.0,Flooding due to collapsed drainage system after rainfall,6.398057,2.895066,Other,2026-02-13 04:03:00
3125,PP20130819423,2013-08-19,Bola Owolabi,Female,2348133919828,bola.owolabi98@yahoo.com,47913325912,Badagry Division,Ojo,04th,94103.0,Toilet overflow due to heavily blocked drain system,6.455303,3.179422,Other,2026-02-13 04:03:00
3126,PP20141015988,2014-10-15,Chinedu Eze,Male,2349065262574,chinedu.eze39@yahoo.com,19714306590,Badagry Division,Badagry,Geary,94109.0,Low water pressure affecting entire household supply,6.441379,2.888019,Other,2026-02-13 04:03:00
3127,PP20190702207,2019-07-02,Adebayo Okoye,Male,2348132579248,adebayo.okoye74@hotmail.com,83070140050,Ikeja Division,Kosofe,Devonshire,94131.0,Water pipeline rupture near highway causing erosion,6.579437,3.394647,Other,2026-02-13 04:03:00
3128,PP20160329176,2016-03-29,Ngozi Mohammed,Female,2349099217683,ngozi.mohammed67@yahoo.com,49412222390,Epe Division,Epe,21st,94114.0,Septic tank backflow causing strong sewage odor indoors,6.597898,3.970148,Other,2026-02-13 04:03:00
3129,PP20100401034,2010-04-01,Abdulrahman Adeyemi,Male,2348182940420,abdulrahman.adeyemi66@gmail.com,33734342270,Ikorodu Division,Ikorodu,Embarcadero Center,94111.0,High-pressure pipe burst affecting multiple residential buildings,6.609366,3.507186,Other,2026-02-13 04:03:00
3130,PP20120813752,2012-08-13,Temitope Danladi,Female,2349024497064,temitope.danladi63@gmail.com,21957532378,Ikorodu Division,Ikorodu,22nd,94116.0,"2 bathroom, washer and dry, water heater. shower pan.",6.633564,3.518232,Other,2026-02-13 04:03:00
3131,PP20090107172,2009-01-07,Kunle Balogun,Male,2348053273212,kunle.balogun78@yahoo.com,78744071559,Ikorodu Division,Ikorodu,Vallejo,94109.0,Bathroom floor drain completely clogged with wastewater backup,6.617822,3.513583,Other,2026-02-13 04:03:00
3132,PP20140915105,2014-09-15,Obinna Nwosu,Male,2348095947021,obinna.nwosu33@outlook.com,38271451649,Epe Division,Ibeju-Lekki,Jones,94109.0,remodel kitchen & bathroom.,6.463996,3.586397,Other,2026-02-13 04:03:00
3133,PP20130625921,2013-06-25,Obinna Adebisi,Male,2348030442859,obinna.adebisi60@outlook.com,33180032861,Lagos Island Division,Apapa,Ulloa,94116.0,sewer repair with housetrap,6.449533,3.368688,Other,2026-02-13 04:03:00
3134,PP20150702976,2015-07-02,Chioma Adeyemi,Female,2349059519975,chioma.adeyemi56@gmail.com,34933376305,Ikeja Division,Agege,Lurline,94122.0,High-pressure pipe burst affecting multiple residential buildings,6.625172,3.34094,Other,2026-02-13 04:03:00
3135,PP20190702227,2019-07-02,Abdulrahman Yakubu,Male,2348152981625,abdulrahman.yakubu55@gmail.com,44575567367,Badagry Division,Ajeromi-Ifelodun,Fell,94117.0,High-pressure pipe burst affecting multiple residential buildings,6.463077,3.340718,Other,2026-02-13 04:03:00
3136,PP20150212992,2015-02-12,Femi Okoye,Male,2349045721701,femi.okoye39@gmail.com,58535175367,Badagry Division,Badagry,Paul,94124.0,to comply with complaint 201520841: roof drain relocated for rainwater.,6.41408,2.874181,Other,2026-02-13 04:03:00
3137,PP20110614866,2011-06-14,Chisom Oladipo,Female,2348120471336,chisom.oladipo88@hotmail.com,29292214505,Badagry Division,Amuwo-Odofin,21st,94116.0,Underground water pipe burst near hospital entrance,6.445967,3.250845,Other,2026-02-13 04:03:00
3138,PP20150814183,2015-08-14,Yetunde Okoye,Female,2348198259438,yetunde.okoye66@gmail.com,61065211170,Lagos Island Division,Surulere,Hickory,94102.0,Toilet overflow due to heavily blocked drain system,6.506002,3.358965,Other,2026-02-13 04:03:00
3139,PP20130214278,2013-02-14,Ayomide Oladipo,Male,2349080698407,ayomide.oladipo65@hotmail.com,27561862829,Ikeja Division,Kosofe,17th,94114.0,Cracked underground pipe slowly flooding compound,6.571208,3.417267,Other,2026-02-13 04:03:00
3140,PP20080723734,2008-07-23,Temitope Ajayi,Female,2348075696606,temitope.ajayi34@gmail.com,76246218120,Lagos Island Division,Surulere,Front,94111.0,Persistent dripping tap in kitchen wasting water daily,6.498035,3.362658,Other,2026-02-13 04:03:00
3141,PP20080625923,2008-06-25,Seyi Abiola,Male,2348054947665,seyi.abiola31@gmail.com,925923163,Epe Division,Ibeju-Lekki,Avila,94123.0,Open manhole with visible sewage leakage on street,6.479199,3.595189,Other,2026-02-13 04:03:00
3142,PP20190808280,2019-08-08,Olamide Owolabi,Male,2349066443349,olamide.owolabi46@hotmail.com,3327699237,Lagos Island Division,Surulere,35th,94116.0,Blocked drainage channel causing street-level flooding,6.490958,3.354639,Other,2026-02-13 04:03:00
3143,PP20150206832,2015-02-06,Seyi Ibrahim,Male,2348115783643,seyi.ibrahim37@yahoo.com,92444489488,Lagos Island Division,Apapa,24th,94110.0,Open manhole with visible sewage leakage on street,6.438398,3.365988,Other,2026-02-13 04:03:00
3144,PP20140328449,2014-03-28,Opeyemi Bamidele,Female,2349062068169,opeyemi.bamidele39@outlook.com,93812069827,Ikeja Division,Mushin,California,94121.0,Severe shower pipe rupture flooding entire bathroom,6.541788,3.351449,Other,2026-02-13 04:03:00
3145,PP20170725297,2017-07-25,Temitope Adeyemi,Female,2348032992352,temitope.adeyemi66@gmail.com,5543236629,Lagos Island Division,Surulere,Broderick,94115.0,Major pipe burst near primary school disrupting access road,6.494486,3.375468,Other,2026-02-13 04:03:00
3146,PP20150515714,2015-05-15,Seyi Umeh,Male,2349081651259,seyi.umeh21@outlook.com,22409676783,Ikorodu Division,Ikorodu,Valencia,94110.0,Water pipeline rupture near highway causing erosion,6.624456,3.514862,Other,2026-02-13 04:03:00
