Job Request ID ,Application Date,Customer Name,Gender,Contact Number,Email Address,National ID Number,Administrative Division (Lagos),Street Name,Zipcode,Description of Need,Latitude,Longitude,Job Status,Completed Date and time,Label,LCDA,Region,LGA
PP20080827777,08/27/2008,Bola Ekanem,Female,2.34805E+12,bola.ekanem45@yahoo.com,99953733730,Lagos Island Division,Monterey,94127,Sudden burst water pipe inside bathroom wall causing flooding,6.501867,3.359417,Closed,13/02/2026 04:03,Leak,Agboyi-Ketu LCDA,Lagos Island,Surulere
PP20081216630,12/16/2008,Ngozi Ojo,Female,2.34905E+12,ngozi.ojo24@gmail.com,57215045765,Epe Division,27th,94121,new boiler,6.590477,3.99883,Closed,13/02/2026 04:03,Sanitation failure,Eredo LCDA,Ikeja,Mushin
PP20091112288,11/12/2009,Adaeze Danladi,Female,2.34804E+12,adaeze.danladi18@outlook.com,17742742886,Badagry Division,Chestnut,94123,Public tap pipe severely damaged in residential community,6.447658,3.247659,Closed,13/02/2026 04:03,Sanitation failure,Epe LCDA,Badagry,Ajeromi-Ifelodun
PP20091118429,11/18/2009,Aisha Akinyemi,Female,2.34811E+12,aisha.akinyemi61@yahoo.com,74441275865,Lagos Island Division,Naylor,94112,Bathroom floor drain completely clogged with wastewater backup,6.448892,3.429574,Closed,13/02/2026 04:03,Blockage,Agboyi-Ketu LCDA,Lagos Island,Surulere
PP20101217828,12/17/2010,Seyi Ibrahim,Male,2.34902E+12,seyi.ibrahim69@yahoo.com,36364167915,Ikeja Division,Church,94114,install a sand interception box and a sump pump outside the building,6.578605,3.422126,Closed,13/02/2026 04:03,Sanitation failure,Surulere LCDA,Lagos Island,Apapa
PP20110106181,01/06/2011,Ngozi Akinyemi,Female,2.34903E+12,ngozi.akinyemi87@yahoo.com,34057108174,Ikeja Division,Panorama,94131,Major pipe burst near primary school disrupting access road,6.578666,3.412043,Closed,13/02/2026 04:03,Leak,Ikoyi-Obalende LCDA,Epe,Ibeju-Lekki
PP20110629214,06/29/2011,Ngozi Bamidele,Female,2.34816E+12,ngozi.bamidele74@gmail.com,14852708837,Ikeja Division,Lombard,94109,Sudden burst water pipe inside bathroom wall causing flooding,6.52972,3.335467,Closed,13/02/2026 04:03,Leak,Oriade LCDA,Lagos Island,Lagos Island
PP20110826591,08/26/2011,Bola Ajayi,Female,2.34812E+12,bola.ajayi88@gmail.com,25997878390,Ikorodu Division,Lyon,94123,Low water pressure affecting entire household supply,6.602151,3.504877,Closed,13/02/2026 04:03,Sanitation failure,Surulere LCDA,Lagos Island,Apapa
PP20120515631,05/15/2012,Olamide Ogunleye,Male,2.34818E+12,olamide.ogunleye78@yahoo.com,69302620674,Badagry Division,Vallejo,94123,Flooding due to collapsed drainage system after rainfall,6.450872,3.186142,Closed,13/02/2026 04:03,Blockage,Ifako-Agege LCDA,Ikeja,Mushin
PP20121219905,12/19/2012,Chukwudi Akinyemi,Male,2.34819E+12,chukwudi.akinyemi87@yahoo.com,52421696701,Badagry Division,16th,94116,Cracked underground pipe slowly flooding compound,6.44092,3.235877,Closed,13/02/2026 04:03,Sanitation failure,Bariga LCDA,Badagry,Amuwo-Odofin
PP20130104181,01/04/2013,Chukwudi Adebisi,Male,2.34813E+12,chukwudi.adebisi78@outlook.com,12666017896,Ikeja Division,Mariner - Ti,94130,Sewer overflow spreading wastewater near market area,6.541956,3.352342,Closed,13/02/2026 04:03,Sanitation failure,Ikeja LCDA,Epe,Epe
PP20130118554,01/18/2013,Adaeze Oladipo,Female,2.34803E+12,adaeze.oladipo41@outlook.com,3974065833,Epe Division,21st,94121,add one new bathroom.,6.584675,3.969353,Closed,13/02/2026 04:03,Sanitation failure,Odi-Olowo/Ojuwoye LCDA,Lagos Island,Lagos Island
PP20130228661,02/28/2013,Adebayo Mohammed,Male,2.34818E+12,adebayo.mohammed78@hotmail.com,73264848555,Ikorodu Division,18th,94121,Underground water pipe burst near hospital entrance,6.613956,3.511609,Closed,13/02/2026 04:03,Leak,Bariga LCDA,Badagry,Amuwo-Odofin
PP20131108823,11/08/2013,Femi Oladipo,Male,2.34807E+12,femi.oladipo24@gmail.com,63386950653,Ikeja Division,Upper,94117,High-pressure pipe burst affecting multiple residential buildings,6.59749,3.298757,Closed,13/02/2026 04:03,Leak,Oshodi-Bolade LCDA,Ikeja,Alimosho
PP20140515777,05/15/2014,Femi Okafor,Male,2.34906E+12,femi.okafor80@gmail.com,76780212158,Ikeja Division,Noe,94131,Toilet overflow due to heavily blocked drain system,6.577294,3.413783,Closed,13/02/2026 04:03,Blockage,Ikorodu North LCDA,Ikorodu,Ikorodu
PP20140527016,05/27/2014,Opeyemi Chukwu,Female,2.34908E+12,opeyemi.chukwu24@yahoo.com,13440545358,Ikeja Division,Shrader,94117,High-pressure pipe burst affecting multiple residential buildings,6.663783,3.347123,Closed,13/02/2026 04:03,Leak,Oto-Awori LCDA,Lagos Island,Lagos Mainland
PP20141031441,10/31/2014,Amaka Chukwu,Female,2.34813E+12,amaka.chukwu87@hotmail.com,5063564872,Ikeja Division,Douglass,94114,"replace sink, remove stove gas line.",6.608865,3.284423,Closed,13/02/2026 04:03,Sanitation failure,Isolo LCDA,Ikeja,Ikeja
PP20141110636,11/10/2014,Seyi Eze,Male,2.34803E+12,seyi.eze97@outlook.com,9736360014,Lagos Island Division,Hill,94114,Sewer overflow spreading wastewater near market area,6.457025,3.346792,Closed,13/02/2026 04:03,Sanitation failure,Agboyi-Ketu LCDA,Lagos Island,Surulere
PP20150504273,05/04/2015,Bola Adebisi,Female,2.34815E+12,bola.adebisi78@hotmail.com,95108675873,Lagos Island Division,28th,94131,Minor kitchen sink pipe leakage under cabinet,6.526489,3.359603,Closed,13/02/2026 04:03,Leak,Coker-Aguda LCDA,Ikeja,Agege
PP20150806933,08/06/2015,Yetunde Nnamdi,Female,2.34903E+12,yetunde.nnamdi93@yahoo.com,41052305793,Ikeja Division,Wisconsin,94107,2 shower pans.,6.656518,3.330569,Closed,13/02/2026 04:03,Sanitation failure,Egbe-Idimu LCDA,Ikeja,Ikeja
PP20160309582,03/09/2016,Chinedu Adebisi,Male,2.3482E+12,chinedu.adebisi78@hotmail.com,97926253567,Badagry Division,09th,94122,High-pressure pipe burst affecting multiple residential buildings,6.468385,3.184714,Closed,13/02/2026 04:03,Leak,Ikorodu West LCDA,Ikorodu,Ikorodu
PP20160425897,04/25/2016,Zainab Ogunleye,Female,2.34814E+12,zainab.ogunleye45@gmail.com,53868240700,Ikeja Division,Oak,94102,(1) shower pan.,6.552444,3.305089,Closed,13/02/2026 04:03,Sanitation failure,Oto-Awori LCDA,Lagos Island,Lagos Mainland
PP20160809928,08/09/2016,Obinna Ibrahim,Male,2.3481E+12,obinna.ibrahim57@outlook.com,67216940125,Ikeja Division,Ellington,94112,Minor kitchen sink pipe leakage under cabinet,6.600715,3.328802,Closed,13/02/2026 04:03,Leak,Agboyi-Ketu LCDA,Lagos Island,Surulere
PP20170126470,01/26/2017,Opeyemi Oladipo,Female,2.34809E+12,opeyemi.oladipo76@gmail.com,7147475672,Lagos Island Division,Mission,94112,Cracked underground pipe slowly flooding compound,6.492294,3.371371,Closed,13/02/2026 04:03,Sanitation failure,Ikoyi-Obalende LCDA,Epe,Ibeju-Lekki
PP20170420726,04/20/2017,Chukwudi Adebisi,Male,2.3491E+12,chukwudi.adebisi63@gmail.com,49685907503,Lagos Island Division,21st,94110,Sewer overflow spreading wastewater near market area,6.452236,3.34137,Closed,13/02/2026 04:03,Sanitation failure,Ikorodu West LCDA,Ikorodu,Ikorodu
PP20170601834,06/01/2017,Abdulrahman Yakubu,Male,2.34812E+12,abdulrahman.yakubu45@hotmail.com,59094267292,Badagry Division,Grant,94133,Water heater pipe leakage soaking utility area,6.418241,2.881149,Closed,13/02/2026 04:03,Leak,Amuwo-Odofin LCDA,Ikeja,Ifako-Ijaiye
PP20171006321,10/06/2017,Chinedu Umeh,Male,2.34814E+12,chinedu.umeh31@yahoo.com,25525876676,Ikeja Division,Persia,94112,Flooding due to collapsed drainage system after rainfall,6.663031,3.334717,Closed,13/02/2026 04:03,Blockage,Ebute-Metta LCDA,Lagos Island,Eti-Osa
PP20180312574,03/12/2018,Emeka Owolabi,Male,2.34814E+12,emeka.owolabi71@gmail.com,27709440553,Lagos Island Division,29th,94131,Water main leakage along roadside causing traffic obstruction,6.53471,3.388513,Closed,13/02/2026 04:03,Leak,Agboyi-Ketu LCDA,Lagos Island,Surulere
PP20180524678,05/24/2018,Chioma Adeyemi,Female,2.34815E+12,chioma.adeyemi12@hotmail.com,55041688866,Lagos Island Division,41st,94121,Public tap pipe severely damaged in residential community,6.440408,3.355908,Closed,13/02/2026 04:03,Sanitation failure,Coker-Aguda LCDA,Ikeja,Agege
PP20181120841,11/20/2018,Emeka Okafor,Male,2.34818E+12,emeka.okafor17@hotmail.com,5477305904,Ikeja Division,Liebig,94112,Major pipe burst near primary school disrupting access road,6.673113,3.338355,Closed,13/02/2026 04:03,Leak,Oshodi-Bolade LCDA,Ikeja,Alimosho
PP20190214154,02/14/2019,Abdulrahman Nwosu,Male,2.34902E+12,abdulrahman.nwosu48@yahoo.com,42454062642,Badagry Division,Scott,94115,Persistent dripping tap in kitchen wasting water daily,6.410208,2.883143,Closed,13/02/2026 04:03,Sanitation failure,Agbado-Oke Odo LCDA,Lagos Island,Apapa
PP20190826826,08/26/2019,Oluwaseun Ibrahim,Male,2.34815E+12,oluwaseun.ibrahim12@yahoo.com,50533480231,Ikeja Division,Nobles,94133,Septic tank backflow causing strong sewage odor indoors,6.590737,3.339538,Closed,13/02/2026 04:03,Sanitation failure,Agboyi-Ketu LCDA,Lagos Island,Surulere
PP20191010180,10/10/2019,Adebayo Umeh,Male,2.34818E+12,adebayo.umeh89@hotmail.com,86085105695,Ikeja Division,Mission,94110,Water main leakage along roadside causing traffic obstruction,6.617125,3.308562,Closed,13/02/2026 04:03,Leak,Egbe-Idimu LCDA,Ikeja,Ikeja
PP20200205393,02/05/2020,Obinna Eze,Male,2.34811E+12,obinna.eze10@gmail.com,65718886802,Epe Division,California,94115,Low water pressure affecting entire household supply,6.58328,3.993635,Closed,13/02/2026 04:03,Sanitation failure,Agbado-Oke Odo LCDA,Lagos Island,Apapa
PP20200828816,08/28/2020,Emeka Okoye,Male,2.34819E+12,emeka.okoye35@hotmail.com,10402552365,Epe Division,Brussels,94134,"replace ten feet of 1"" gas line.",6.587616,3.977149,Closed,13/02/2026 04:03,Sanitation failure,Agbado-Oke Odo LCDA,Lagos Island,Apapa
PP20210226458,02/26/2021,Ngozi Chukwu,Female,2.34804E+12,ngozi.chukwu21@yahoo.com,18516993098,Ikorodu Division,Capra,94123,unit 306: relocate kitchen. rehabilitate existing bathroom. install washer & dryer. rewire unit.,6.623014,3.52588,Closed,13/02/2026 04:03,Sanitation failure,Ikoyi-Obalende LCDA,Epe,Ibeju-Lekki
PP20210326008,03/26/2021,Kelechi Ajayi,Male,2.34909E+12,kelechi.ajayi94@gmail.com,97423297470,Ikeja Division,Hayes,94117,unit 10: kitchen & bath remodel,6.615142,3.351646,Closed,13/02/2026 04:03,Sanitation failure,Agbado-Oke Odo LCDA,Lagos Island,Apapa
PP20210429562,04/29/2021,Abdulrahman Akinyemi,Male,2.34808E+12,abdulrahman.akinyemi62@gmail.com,89202169362,Ikeja Division,Connecticut,94107,Sudden burst water pipe inside bathroom wall causing flooding,6.643603,3.336819,Open,13/02/2026 04:03,Leak,Ikeja LCDA,Epe,Epe
PP20210603138,06/03/2021,Chisom Adeyemi,Female,2.3481E+12,chisom.adeyemi85@gmail.com,56645235262,Badagry Division,Elizabeth,94114,bathroom remodel,6.46757,3.33031,Closed,13/02/2026 04:03,Sanitation failure,Igbogbo-Baiyeku LCDA,Badagry,Ojo
PP20211012793,10/12/2021,Aisha Ojo,Female,2.3481E+12,aisha.ojo27@outlook.com,83158991348,Lagos Island Division,Utah,94103,Major pipe burst near primary school disrupting access road,6.434018,3.402024,Closed,13/02/2026 04:03,Leak,Lekki LCDA,Ikeja,Oshodi-Isolo
PP20211214014,12/14/2021,Oluwaseun Ajayi,Male,2.34906E+12,oluwaseun.ajayi28@outlook.com,64583146307,Ikeja Division,Utah,94110,Public tap pipe severely damaged in residential community,6.667603,3.332171,Closed,13/02/2026 04:03,Sanitation failure,Lekki LCDA,Ikeja,Oshodi-Isolo
PP20220523021,05/23/2022,Olamide Adebisi,Male,2.34903E+12,olamide.adebisi79@hotmail.com,49129943887,Lagos Island Division,Balboa,94118,High-pressure pipe burst affecting multiple residential buildings,6.511679,3.355617,Closed,13/02/2026 04:03,Leak,Onigbongbo LCDA,Epe,Ibeju-Lekki
PP20220811473,08/11/2022,Kelechi Oladipo,Male,2.34815E+12,kelechi.oladipo80@outlook.com,14776327794,Ikeja Division,26th,94116,Toilet overflow due to heavily blocked drain system,6.593715,3.346482,Closed,13/02/2026 04:03,Blockage,Ojodu LCDA,Lagos Island,Eti-Osa
PP20220927259,09/27/2022,Oluwaseun Ajayi,Male,2.34817E+12,oluwaseun.ajayi37@outlook.com,24371795329,Epe Division,Colby,94134,Water main leakage along roadside causing traffic obstruction,6.593154,3.986888,Closed,13/02/2026 04:03,Leak,Badagry Central LCDA,Badagry,Ajeromi-Ifelodun
PP20230501706,05/01/2023,Ifeanyi Akinyemi,Male,2.34814E+12,ifeanyi.akinyemi28@hotmail.com,45009210709,Ikeja Division,Alpha,94134,Cracked underground pipe slowly flooding compound,6.578002,3.421833,Closed,13/02/2026 04:03,Sanitation failure,Ayobo-Ipaja LCDA,Badagry,Ojo
PP20230720022,07/20/2023,Aisha Ogunleye,Female,2.34903E+12,aisha.ogunleye90@yahoo.com,74377727034,Badagry Division,Shafter,94124,Sewer overflow spreading wastewater near market area,6.450971,3.259686,Closed,13/02/2026 04:03,Sanitation failure,Mosan-Okunola LCDA,Epe,Epe
PP20230823597,08/23/2023,Yetunde Balogun,Female,2.34815E+12,yetunde.balogun92@hotmail.com,54448992191,Ikeja Division,Shawnee,94112,replace fuacets for bath and kitchen.,6.520279,3.351323,Closed,13/02/2026 04:03,Sanitation failure,Ayobo-Ipaja LCDA,Badagry,Ojo
PP20241023639,10/23/2024,Emeka Abiola,Male,2.34807E+12,emeka.abiola38@hotmail.com,74458644988,Lagos Island Division,Brookdale,94134,Septic tank backflow causing strong sewage odor indoors,6.444879,3.344365,Closed,13/02/2026 04:03,Sanitation failure,Ifako-Ijaiye LCDA,Badagry,Badagry
PP20250321218,03/21/2025,Olamide Ekanem,Male,2.34809E+12,olamide.ekanem28@outlook.com,16903198532,Lagos Island Division,Bradford,94110,Water main leakage along roadside causing traffic obstruction,6.457061,3.397311,Closed,13/02/2026 04:03,Leak,Ikosi-Isheri LCDA,Ikeja,Somolu
PP20251114852,11/14/2025,Oluwaseun Abiola,Male,2.34807E+12,oluwaseun.abiola56@gmail.com,31485158301,Ikeja Division,Alabama,94110,Cracked underground pipe slowly flooding compound,6.527351,3.352254,Open,13/02/2026 04:03,Sanitation failure,Ojokoro LCDA,Badagry,Amuwo-Odofin
PP20251120960,11/20/2025,Amaka Nnamdi,Female,2.34818E+12,amaka.nnamdi69@hotmail.com,49672813359,Epe Division,Mcallister,94117,renew pp20140709224 for final inspection. all work is complete,6.455846,3.580794,Closed,13/02/2026 04:03,Sanitation failure,Epe LCDA,Badagry,Ajeromi-Ifelodun
PP20131230021,12/30/2013,Opeyemi Adeyemi,Female,2.34809E+12,opeyemi.adeyemi29@gmail.com,52841527243,Badagry Division,Mission,94112,Toilet overflow due to heavily blocked drain system,6.463273,3.325277,Closed,13/02/2026 04:03,Blockage,Iba LCDA,Ikeja,Agege
PM20220201796,02/01/2022,Chinedu Akinyemi,Male,2.3481E+12,chinedu.akinyemi28@yahoo.com,31723583248,Epe Division,Divisadero,94123,Severe shower pipe rupture flooding entire bathroom,6.582387,3.987641,Closed,13/02/2026 04:03,Sanitation failure,Orile-Agege LCDA,Ikeja,Kosofe
PP20100527335,05/27/2010,Kunle Chukwu,Male,2.3491E+12,kunle.chukwu86@outlook.com,4346660863,Ikorodu Division,Treat,94110,Open manhole with visible sewage leakage on street,6.638262,3.512246,Closed,13/02/2026 04:03,Leak,Isolo LCDA,Ikeja,Ikeja
PP20251204197,12/04/2025,Adebayo Mohammed,Male,2.34902E+12,adebayo.mohammed85@gmail.com,31592045449,Lagos Island Division,Divisadero,94117,High-pressure pipe burst affecting multiple residential buildings,6.499476,3.360056,Open,13/02/2026 04:03,Leak,Apapa-Iganmu LCDA,Ikeja,Ifako-Ijaiye
PP20170927089,09/27/2017,Chinedu Yakubu,Male,2.34812E+12,chinedu.yakubu24@hotmail.com,79076083627,Epe Division,24th,94114,Septic tank backflow causing strong sewage odor indoors,6.450812,3.584735,Closed,13/02/2026 04:03,Sanitation failure,Ikotun-Ikosi LCDA,Lagos Island,Lagos Mainland
PP20110503918,05/03/2011,Femi Umeh,Male,2.34813E+12,femi.umeh77@outlook.com,31177058817,Ikeja Division,Pierce,94117,Public tap pipe severely damaged in residential community,6.616102,3.360632,Closed,13/02/2026 04:03,Sanitation failure,Apapa-Iganmu LCDA,Ikeja,Ifako-Ijaiye
PP20081030774,10/30/2008,Zainab Ibrahim,Female,2.34902E+12,zainab.ibrahim90@outlook.com,73349608236,Ikeja Division,Cervantes,94123,Minor kitchen sink pipe leakage under cabinet,6.613576,3.339015,Closed,13/02/2026 04:03,Leak,Ikosi-Isheri LCDA,Ikeja,Somolu
PP20140307804,03/07/2014,Tunde Okoye,Male,2.3482E+12,tunde.okoye84@outlook.com,44014109209,Ikeja Division,Church,94114,Sudden burst water pipe inside bathroom wall causing flooding,6.601453,3.339813,Closed,13/02/2026 04:03,Leak,Oriade LCDA,Lagos Island,Lagos Island
PP20071213370,12/13/2007,Abdulrahman Yakubu,Male,2.34807E+12,abdulrahman.yakubu96@outlook.com,77766186437,Ikeja Division,Pearl,94103,Minor kitchen sink pipe leakage under cabinet,6.626928,3.343519,Closed,13/02/2026 04:03,Leak,Agboyi-Ketu LCDA,Lagos Island,Surulere
PP20100810063,08/10/2010,Seyi Abiola,Male,2.3491E+12,seyi.abiola61@outlook.com,45316166099,Lagos Island Division,27th,94110,Flooding due to collapsed drainage system after rainfall,6.45671,3.349906,Closed,13/02/2026 04:03,Blockage,Igbogbo-Baiyeku LCDA,Badagry,Ojo
PM20190725892,07/25/2019,Yetunde Ekanem,Female,2.34905E+12,yetunde.ekanem16@gmail.com,22528455792,Ikeja Division,Tennessee,94107,Blocked drainage channel causing street-level flooding,6.629528,3.321981,Closed,13/02/2026 04:03,Blockage,Lekki LCDA,Ikeja,Oshodi-Isolo
PM20080904267,09/04/2008,Ifeanyi Mohammed,Male,2.34802E+12,ifeanyi.mohammed63@gmail.com,86503410179,Ikorodu Division,29th,94122,Water heater pipe leakage soaking utility area,6.625269,3.532405,Closed,13/02/2026 04:03,Leak,Ikeja LCDA,Epe,Epe
PM20081010953,10/10/2008,Oluwaseun Nwosu,Male,2.34808E+12,oluwaseun.nwosu29@yahoo.com,59187396252,Lagos Island Division,Lincoln,94122,Minor kitchen sink pipe leakage under cabinet,6.486995,3.355137,Closed,13/02/2026 04:03,Leak,Ikotun-Ikosi LCDA,Lagos Island,Lagos Mainland
PM20081231017,12/31/2008,Adebayo Adebisi,Male,2.34818E+12,adebayo.adebisi19@yahoo.com,92857337641,Ikeja Division,11th,94116,furnace change out.,6.670797,3.323565,Closed,13/02/2026 04:03,Sanitation failure,Itire-Ikate LCDA,Badagry,Badagry
PM20090605822,06/05/2009,Chukwudi Akinyemi,Male,2.34814E+12,chukwudi.akinyemi61@gmail.com,50684464930,Lagos Island Division,Kingston,94110,Cracked underground pipe slowly flooding compound,6.481393,3.361486,Closed,13/02/2026 04:03,Sanitation failure,Lekki LCDA,Ikeja,Oshodi-Isolo
PM20100326914,03/26/2010,Bola Abiola,Female,2.34908E+12,bola.abiola61@yahoo.com,58393452805,Ikeja Division,Folsom,94110,Cracked underground pipe slowly flooding compound,6.516677,3.359336,Closed,13/02/2026 04:03,Sanitation failure,Igbogbo-Baiyeku LCDA,Badagry,Ojo
PM20100830469,08/30/2010,Kelechi Chukwu,Male,2.34808E+12,kelechi.chukwu36@yahoo.com,57488146168,Ikorodu Division,04th,94107,Sudden burst water pipe inside bathroom wall causing flooding,6.610206,3.525999,Closed,13/02/2026 04:03,Leak,Orile-Agege LCDA,Ikeja,Kosofe
PM20120315165,03/15/2012,Chioma Balogun,Female,2.34903E+12,chioma.balogun71@hotmail.com,79837891920,Ikeja Division,Huron,94112,Severe shower pipe rupture flooding entire bathroom,6.661967,3.325379,Closed,13/02/2026 04:03,Sanitation failure,Orile-Agege LCDA,Ikeja,Kosofe
PM20120925794,09/25/2012,Adebayo Chukwu,Male,2.34816E+12,adebayo.chukwu68@gmail.com,9504585305,Epe Division,45th,94121,Toilet overflow due to heavily blocked drain system,6.592135,3.971291,Open,13/02/2026 04:03,Blockage,Oto-Awori LCDA,Lagos Island,Lagos Mainland
PM20130531193,05/31/2013,Aisha Yakubu,Female,2.34813E+12,aisha.yakubu25@gmail.com,64597071171,Badagry Division,Fair,94110,Sudden burst water pipe inside bathroom wall causing flooding,6.468975,3.346371,Closed,13/02/2026 04:03,Leak,Ebute-Metta LCDA,Lagos Island,Eti-Osa
PM20131108829,11/08/2013,Opeyemi Mohammed,Female,2.34908E+12,opeyemi.mohammed88@gmail.com,74887867581,Ikeja Division,Portola,94127,Blocked drainage channel causing street-level flooding,6.511225,3.356446,Closed,13/02/2026 04:03,Blockage,Agboyi-Ketu LCDA,Lagos Island,Surulere
PM20140710231,07/10/2014,Zainab Danladi,Female,2.34814E+12,zainab.danladi42@yahoo.com,21520343529,Ikeja Division,Brussels,94134,Severe shower pipe rupture flooding entire bathroom,6.611599,3.302818,Closed,13/02/2026 04:03,Sanitation failure,Agbado-Oke Odo LCDA,Lagos Island,Apapa
PM20140805989,08/05/2014,Emeka Okafor,Male,2.34901E+12,emeka.okafor78@outlook.com,59057970699,Ikorodu Division,Delta,94134,Severe shower pipe rupture flooding entire bathroom,6.60703,3.497295,Closed,13/02/2026 04:03,Sanitation failure,Agboyi-Ketu LCDA,Lagos Island,Surulere
PM20141217570,12/17/2014,Seyi Ogunleye,Male,2.34804E+12,seyi.ogunleye61@gmail.com,35549897533,Badagry Division,Pretor,94112,Minor kitchen sink pipe leakage under cabinet,6.466219,3.18597,Closed,13/02/2026 04:03,Leak,Iba LCDA,Ikeja,Agege
PM20150226344,02/26/2015,Oluwaseun Bamidele,Male,2.34807E+12,oluwaseun.bamidele53@yahoo.com,83651428909,Badagry Division,Golden Gate,94115,to comply with physical inspection report cc-7693. [install new flue to copmly with unit 3 for furnace].,6.417505,2.888464,Closed,13/02/2026 04:03,Sanitation failure,Mosan-Okunola LCDA,Epe,Epe
PM20150820304,08/20/2015,Yetunde Ibrahim,Female,2.34904E+12,yetunde.ibrahim32@outlook.com,33801000239,Badagry Division,18th,94110,Severe shower pipe rupture flooding entire bathroom,6.4599,3.335623,Closed,13/02/2026 04:03,Sanitation failure,Ikosi-Isheri LCDA,Ikeja,Somolu
PM20151218473,12/18/2015,Chisom Nwosu,Female,2.34802E+12,chisom.nwosu92@yahoo.com,10451292134,Ikeja Division,Fair,94110,Blocked drainage channel causing street-level flooding,6.618431,3.328856,Closed,13/02/2026 04:03,Blockage,Badagry West LCDA,Ikeja,Kosofe
PM20160711977,07/11/2016,Tunde Bamidele,Male,2.34816E+12,tunde.bamidele25@outlook.com,75829837966,Lagos Island Division,42nd,94122,Bathroom floor drain completely clogged with wastewater backup,6.515558,3.365538,Closed,13/02/2026 04:03,Blockage,Yaba LCDA,Ikeja,Alimosho
PM20161006596,10/06/2016,Ngozi Okafor,Female,2.34813E+12,ngozi.okafor27@yahoo.com,89142624410,Ikeja Division,Dartmouth,94134,Septic tank backflow causing strong sewage odor indoors,6.603587,3.342566,Closed,13/02/2026 04:03,Sanitation failure,Ojokoro LCDA,Badagry,Amuwo-Odofin
PM20170605915,06/05/2017,Abdulrahman Afolabi,Male,2.34812E+12,abdulrahman.afolabi26@outlook.com,50894070363,Ikorodu Division,Madrone,94127,Sudden burst water pipe inside bathroom wall causing flooding,6.609653,3.518371,Closed,13/02/2026 04:03,Leak,Agboyi-Ketu LCDA,Lagos Island,Surulere
PM20180816027,08/16/2018,Adebayo Ojo,Male,2.34902E+12,adebayo.ojo61@gmail.com,46346020214,Badagry Division,Oak Park,94131,Underground water pipe burst near hospital entrance,6.472586,3.174793,Closed,13/02/2026 04:03,Leak,Mosan-Okunola LCDA,Epe,Epe
PM20181116742,11/16/2018,Obinna Owolabi,Male,2.3481E+12,obinna.owolabi65@gmail.com,94987204248,Ikeja Division,Duncan,94131,Cracked underground pipe slowly flooding compound,6.563234,3.312228,Closed,13/02/2026 04:03,Sanitation failure,Ebute-Metta LCDA,Lagos Island,Eti-Osa
PM20190624016,06/24/2019,Obinna Balogun,Male,2.34811E+12,obinna.balogun63@gmail.com,829484286,Ikeja Division,22nd,94114,Bathroom floor drain completely clogged with wastewater backup,6.561821,3.327068,Closed,13/02/2026 04:03,Blockage,Agbado-Oke Odo LCDA,Lagos Island,Apapa
PM20191205759,12/05/2019,Olamide Umeh,Male,2.34812E+12,olamide.umeh26@outlook.com,67418219947,Ikeja Division,Funston,94116,Water main leakage along roadside causing traffic obstruction,6.613046,3.328463,Closed,13/02/2026 04:03,Leak,Ikosi-Isheri LCDA,Ikeja,Somolu
PM20200916066,09/16/2020,Adaeze Mohammed,Female,2.34819E+12,adaeze.mohammed46@yahoo.com,25817962051,Ikeja Division,08th,94122,Open manhole with visible sewage leakage on street,6.660905,3.320442,Closed,13/02/2026 04:03,Leak,Badagry West LCDA,Ikeja,Kosofe
PM20210126942,01/26/2021,Chinedu Okoye,Male,2.34905E+12,chinedu.okoye81@outlook.com,24715063088,Badagry Division,Dellbrook,94131,Bathroom floor drain completely clogged with wastewater backup,6.460229,3.186412,Closed,13/02/2026 04:03,Blockage,Orile-Agege LCDA,Ikeja,Kosofe
PM20210706735,07/06/2021,Ifeanyi Ibrahim,Male,2.34817E+12,ifeanyi.ibrahim47@outlook.com,25635895656,Badagry Division,Laidley,94131,Water heater pipe leakage soaking utility area,6.417767,2.893272,Closed,13/02/2026 04:03,Leak,Ikeja LCDA,Epe,Epe
PM20211015904,10/15/2021,Opeyemi Adeyemi,Female,2.34807E+12,opeyemi.adeyemi81@hotmail.com,5825366837,Ikorodu Division,Treat,94110,Persistent dripping tap in kitchen wasting water daily,6.61953,3.525035,Closed,13/02/2026 04:03,Sanitation failure,Agboyi-Ketu LCDA,Lagos Island,Surulere
PM20211025112,10/25/2021,Ijeoma Bamidele,Female,2.34903E+12,ijeoma.bamidele45@yahoo.com,77757591256,Lagos Island Division,Lincoln,94122,furnace.,6.521753,3.406402,Closed,13/02/2026 04:03,Sanitation failure,Onigbongbo LCDA,Epe,Ibeju-Lekki
PM20220906898,09/06/2022,Obinna Abiola,Male,2.34905E+12,obinna.abiola34@outlook.com,30357390465,Ikeja Division,Mission,94103,new furnace,6.621757,3.327428,Closed,13/02/2026 04:03,Sanitation failure,Ifako-Ijaiye LCDA,Badagry,Badagry
PM20220921149,09/21/2022,Chinedu Nwosu,Male,2.34812E+12,chinedu.nwosu51@outlook.com,26346133563,Badagry Division,45th,94116,Persistent dripping tap in kitchen wasting water daily,6.455991,3.338125,Closed,13/02/2026 04:03,Sanitation failure,Ojokoro LCDA,Badagry,Amuwo-Odofin
PM20221115139,11/15/2022,Chinedu Adebisi,Male,2.34906E+12,chinedu.adebisi22@hotmail.com,90040282284,Badagry Division,Lexington,94110,Toilet overflow due to heavily blocked drain system,6.458765,3.19014,Closed,13/02/2026 04:03,Blockage,Badagry West LCDA,Ikeja,Kosofe
PM20230315975,03/15/2023,Chioma Ibrahim,Female,2.34804E+12,chioma.ibrahim88@yahoo.com,79856663116,Lagos Island Division,31st,94116,Water pipeline rupture near highway causing erosion,6.529132,3.378472,Closed,13/02/2026 04:03,Sanitation failure,Ebute-Metta LCDA,Lagos Island,Eti-Osa
PM20230907868,09/07/2023,Opeyemi Bamidele,Female,2.34806E+12,opeyemi.bamidele60@yahoo.com,96967245779,Badagry Division,28th,94116,Sudden burst water pipe inside bathroom wall causing flooding,6.452532,3.167852,Closed,13/02/2026 04:03,Leak,Orile-Agege LCDA,Ikeja,Kosofe
PM20230915041,09/15/2023,Adaeze Balogun,Female,2.34807E+12,adaeze.balogun86@hotmail.com,23539349611,Lagos Island Division,Holyoke,94134,2 new furnaces in garage,6.492435,3.369364,Closed,13/02/2026 04:03,Sanitation failure,Ayobo-Ipaja LCDA,Badagry,Ojo
PM20240124981,01/24/2024,Adaeze Adebisi,Female,2.34904E+12,adaeze.adebisi42@outlook.com,98342197305,Lagos Island Division,25th,94122,Blocked drainage channel causing street-level flooding,6.499041,3.348343,Closed,13/02/2026 04:03,Blockage,Ifako-Ijaiye LCDA,Badagry,Badagry
PM20240920077,09/20/2024,Ijeoma Oladipo,Female,2.34816E+12,ijeoma.oladipo34@hotmail.com,51176190791,Lagos Island Division,Los Palmos,94127,Toilet overflow due to heavily blocked drain system,6.455832,3.398553,Open,13/02/2026 04:03,Blockage,Ikorodu North LCDA,Ikorodu,Ikorodu
PM20240925167,09/25/2024,Ifeanyi Mohammed,Male,2.34815E+12,ifeanyi.mohammed67@hotmail.com,45901931532,Ikeja Division,Longview,94131,install mini split.,6.544761,3.309637,Closed,13/02/2026 04:03,Sanitation failure,Igbogbo-Baiyeku LCDA,Badagry,Ojo
PM20241004324,10/04/2024,Adaeze Ojo,Female,2.34816E+12,adaeze.ojo96@yahoo.com,58712196802,Ikeja Division,Brunswick,94112,Bathroom floor drain completely clogged with wastewater backup,6.583882,3.40527,Closed,13/02/2026 04:03,Blockage,Ikorodu North LCDA,Ikorodu,Ikorodu
PM20250226776,02/26/2025,Amaka Owolabi,Female,2.34815E+12,amaka.owolabi12@hotmail.com,53990866087,Ikeja Division,22nd,94116,Persistent dripping tap in kitchen wasting water daily,6.586878,3.422308,Closed,13/02/2026 04:03,Sanitation failure,Oto-Awori LCDA,Lagos Island,Lagos Mainland
PM20260123998,01/23/2026,Temitope Umeh,Female,2.34807E+12,temitope.umeh25@yahoo.com,94308713362,Badagry Division,33rd,94121,Low water pressure affecting entire household supply,6.471831,3.193538,Closed,13/02/2026 04:03,Sanitation failure,Ikotun-Ikosi LCDA,Lagos Island,Lagos Mainland
PP20070417401,04/17/2007,Tunde Ojo,Male,2.34812E+12,tunde.ojo32@yahoo.com,76938526574,Ikeja Division,Treat,94110,Public tap pipe severely damaged in residential community,6.513523,3.345222,Closed,13/02/2026 04:03,Sanitation failure,Onigbongbo LCDA,Epe,Ibeju-Lekki
PP20070426892,04/26/2007,Tunde Ibrahim,Male,2.34901E+12,tunde.ibrahim39@outlook.com,50702157766,Lagos Island Division,Geary,94118,flue,6.45395,3.364138,Closed,13/02/2026 04:03,Sanitation failure,Badagry West LCDA,Ikeja,Kosofe
PP200705011039,05/01/2007,Kelechi Ibrahim,Male,2.34815E+12,kelechi.ibrahim19@gmail.com,74212260659,Epe Division,Clipper,94114,Septic tank backflow causing strong sewage odor indoors,6.47515,3.623527,Closed,13/02/2026 04:03,Sanitation failure,Epe LCDA,Badagry,Ajeromi-Ifelodun
PP200705011049,05/01/2007,Amaka Yakubu,Female,2.34813E+12,amaka.yakubu31@hotmail.com,19081388011,Ikeja Division,Alabama,94110,Major pipe burst near primary school disrupting access road,6.621209,3.347356,Closed,13/02/2026 04:03,Leak,Oto-Awori LCDA,Lagos Island,Lagos Mainland
PP200706072369,06/07/2007,Temitope Nwosu,Female,2.34812E+12,temitope.nwosu65@gmail.com,17797376702,Lagos Island Division,29th,94121,Minor kitchen sink pipe leakage under cabinet,6.46364,3.401214,Closed,13/02/2026 04:03,Leak,Mosan-Okunola LCDA,Epe,Epe
PP200706273078,06/27/2007,Chioma Akinyemi,Female,2.34808E+12,chioma.akinyemi98@yahoo.com,95038605515,Badagry Division,Collingwood,94114,Public tap pipe severely damaged in residential community,6.463547,3.34089,Closed,13/02/2026 04:03,Sanitation failure,Lekki LCDA,Ikeja,Oshodi-Isolo
PP200707033273,07/03/2007,Chinedu Adebisi,Male,2.34809E+12,chinedu.adebisi89@yahoo.com,91765958899,Ikeja Division,Stone,94108,Major pipe burst near primary school disrupting access road,6.662072,3.326232,Closed,13/02/2026 04:03,Leak,Badagry Central LCDA,Badagry,Ajeromi-Ifelodun
PP20070717641,07/17/2007,Adaeze Umeh,Female,2.34903E+12,adaeze.umeh91@hotmail.com,12969850604,Ikeja Division,Colby,94134,Flooding due to collapsed drainage system after rainfall,6.664946,3.329419,Closed,13/02/2026 04:03,Blockage,Badagry West LCDA,Ikeja,Kosofe
PP20070723807,07/23/2007,Kunle Afolabi,Male,2.34804E+12,kunle.afolabi14@gmail.com,89980528217,Ikeja Division,Green,94123,Water main leakage along roadside causing traffic obstruction,6.606447,3.398027,Closed,13/02/2026 04:03,Leak,Oshodi-Bolade LCDA,Ikeja,Alimosho
PP20070917587,09/17/2007,Chinedu Adebisi,Male,2.34811E+12,chinedu.adebisi64@outlook.com,24599066481,Ikeja Division,Post,94108,Public tap pipe severely damaged in residential community,6.608663,3.335373,Closed,13/02/2026 04:03,Sanitation failure,Amuwo-Odofin LCDA,Ikeja,Ifako-Ijaiye
PP20070921773,09/21/2007,Ayomide Nnamdi,Male,2.34803E+12,ayomide.nnamdi85@yahoo.com,41186373092,Epe Division,Hernandez,94127,High-pressure pipe burst affecting multiple residential buildings,6.579281,3.99449,Closed,13/02/2026 04:03,Leak,Ojokoro LCDA,Badagry,Amuwo-Odofin
PP20070921810,09/21/2007,Ifeanyi Nwosu,Male,2.34814E+12,ifeanyi.nwosu42@hotmail.com,90116398185,Ikorodu Division,38th,94116,Severe shower pipe rupture flooding entire bathroom,6.620043,3.499723,Closed,13/02/2026 04:03,Sanitation failure,Oto-Awori LCDA,Lagos Island,Lagos Mainland
PP20071011462,10/11/2007,Tunde Ibrahim,Male,2.34817E+12,tunde.ibrahim71@yahoo.com,97678757711,Badagry Division,14th,94103,gas houseline extension,6.442847,3.256796,Closed,13/02/2026 04:03,Sanitation failure,Ikorodu North LCDA,Ikorodu,Ikorodu
PP20071016582,10/16/2007,Aisha Okoye,Female,2.34902E+12,aisha.okoye36@outlook.com,9162333150,Ikorodu Division,Clipper,94114,Low water pressure affecting entire household supply,6.612096,3.512665,Closed,13/02/2026 04:03,Sanitation failure,Ikoyi-Obalende LCDA,Epe,Ibeju-Lekki
PP20071029015,10/29/2007,Chioma Adebisi,Female,2.34819E+12,chioma.adebisi36@yahoo.com,41815351162,Ikorodu Division,45th,94121,shower pan.,6.619856,3.503984,Closed,13/02/2026 04:03,Sanitation failure,Oriade LCDA,Lagos Island,Lagos Island
PP20071101138,11/01/2007,Ifeanyi Ekanem,Male,2.34805E+12,ifeanyi.ekanem19@gmail.com,26762262162,Ikeja Division,Lexington,94110,Sudden burst water pipe inside bathroom wall causing flooding,6.604739,3.423039,Closed,13/02/2026 04:03,Leak,Yaba LCDA,Ikeja,Alimosho
PP20071107336,11/07/2007,Adaeze Yakubu,Female,2.34903E+12,adaeze.yakubu84@gmail.com,46171337085,Ikorodu Division,Silver,94112,Underground water pipe burst near hospital entrance,6.599149,3.512365,Closed,13/02/2026 04:03,Leak,Ikeja LCDA,Epe,Epe
PP20071213347,12/13/2007,Adebayo Balogun,Male,2.34813E+12,adebayo.balogun39@outlook.com,35583705423,Lagos Island Division,03rd,94107,repair sewer,6.447482,3.403224,Closed,13/02/2026 04:03,Sanitation failure,Ifako-Ijaiye LCDA,Badagry,Badagry
PP20071220530,12/20/2007,Zainab Adeyemi,Female,2.34904E+12,zainab.adeyemi38@yahoo.com,79176016210,Ikorodu Division,Montgomery,94133,Water main leakage along roadside causing traffic obstruction,6.611475,3.509353,Closed,13/02/2026 04:03,Leak,Badagry West LCDA,Ikeja,Kosofe
PP20080110979,01/10/2008,Amaka Okoye,Female,2.34817E+12,amaka.okoye86@outlook.com,62597565648,Ikorodu Division,Shakespeare,94112,Major pipe burst near primary school disrupting access road,6.62445,3.519158,Closed,13/02/2026 04:03,Leak,Eredo LCDA,Ikeja,Mushin
PP20080115134,01/15/2008,Bola Oladipo,Female,2.34805E+12,bola.oladipo34@gmail.com,25804380302,Ikeja Division,Sutter,94115,replace bathrooms fixtures on 4 units,6.589797,3.348155,Closed,13/02/2026 04:03,Sanitation failure,Isolo LCDA,Ikeja,Ikeja
PP20080124383,01/24/2008,Abdulrahman Chukwu,Male,2.34814E+12,abdulrahman.chukwu19@outlook.com,30450993301,Ikeja Division,Alabama,94110,Underground water pipe burst near hospital entrance,6.522551,3.348067,Closed,13/02/2026 04:03,Leak,Egbe-Idimu LCDA,Ikeja,Ikeja
PP20080201646,02/01/2008,Tunde Chukwu,Male,2.34817E+12,tunde.chukwu58@yahoo.com,94128404202,Ikeja Division,Parnassus,94117,Cracked underground pipe slowly flooding compound,6.619455,3.35555,Closed,13/02/2026 04:03,Sanitation failure,Ikosi-Isheri LCDA,Ikeja,Somolu
PP20080423038,04/23/2008,Adaeze Ogunleye,Female,2.34908E+12,adaeze.ogunleye80@yahoo.com,59401484404,Lagos Island Division,Vallejo,94123,Sewer overflow spreading wastewater near market area,6.441491,3.403879,Closed,13/02/2026 04:03,Sanitation failure,Yaba LCDA,Ikeja,Alimosho
PP20090728960,07/28/2009,Emeka Ajayi,Male,2.34817E+12,emeka.ajayi39@hotmail.com,78923660584,Ikorodu Division,Union,94133,Underground water pipe burst near hospital entrance,6.640622,3.520825,Closed,13/02/2026 04:03,Leak,Badagry West LCDA,Ikeja,Kosofe
PP20091118406,11/18/2009,Ngozi Bamidele,Female,2.34811E+12,ngozi.bamidele21@hotmail.com,79899201496,Ikorodu Division,Somerset,94134,remove & replace a 75 gallon water heater.,6.604206,3.505658,Closed,13/02/2026 04:03,Sanitation failure,Ikosi-Isheri LCDA,Ikeja,Somolu
PP20100902559,09/02/2010,Femi Balogun,Male,2.34816E+12,femi.balogun23@gmail.com,53832431261,Ikeja Division,Washington,94118,Underground water pipe burst near hospital entrance,6.682469,3.321523,Closed,13/02/2026 04:03,Leak,Ojokoro LCDA,Badagry,Amuwo-Odofin
PP20110422691,04/22/2011,Chioma Mohammed,Female,2.34809E+12,chioma.mohammed77@gmail.com,1779156067,Lagos Island Division,Holly Park,94110,Open manhole with visible sewage leakage on street,6.437538,3.429646,Closed,13/02/2026 04:03,Leak,Agboyi-Ketu LCDA,Lagos Island,Surulere
PP20111003428,10/03/2011,Ijeoma Ajayi,Female,2.34907E+12,ijeoma.ajayi27@outlook.com,87272536795,Lagos Island Division,Green,94123,2180 green street: sewer line and housetrap,6.423831,3.421305,Closed,13/02/2026 04:03,Sanitation failure,Epe LCDA,Badagry,Ajeromi-Ifelodun
PP20120113704,01/13/2012,Ngozi Balogun,Female,2.3491E+12,ngozi.balogun45@hotmail.com,93769796228,Ikeja Division,Union,94123,Septic tank backflow causing strong sewage odor indoors,6.569387,3.341256,Closed,13/02/2026 04:03,Sanitation failure,Onigbongbo LCDA,Epe,Ibeju-Lekki
PP20120510507,05/10/2012,Obinna Owolabi,Male,2.34819E+12,obinna.owolabi37@hotmail.com,60205167549,Ikeja Division,Oak Park,94131,Sewer overflow spreading wastewater near market area,6.606474,3.282522,Closed,13/02/2026 04:03,Sanitation failure,Amuwo-Odofin LCDA,Ikeja,Ifako-Ijaiye
PP20120514591,05/14/2012,Opeyemi Danladi,Female,2.34901E+12,opeyemi.danladi41@hotmail.com,38740776670,Ikeja Division,Exposition - Ti,94130,replacing boiler. a-1953,6.625324,3.280699,Closed,13/02/2026 04:03,Sanitation failure,Onigbongbo LCDA,Epe,Ibeju-Lekki
PP20120905324,09/05/2012,Aisha Bamidele,Female,2.34806E+12,aisha.bamidele34@outlook.com,23599835885,Epe Division,04th,94158,Public tap pipe severely damaged in residential community,6.5796,3.984907,Closed,13/02/2026 04:03,Sanitation failure,Epe LCDA,Badagry,Ajeromi-Ifelodun
PP20120924752,09/24/2012,Kelechi Ajayi,Male,2.34814E+12,kelechi.ajayi29@gmail.com,42424990561,Ikeja Division,Shotwell,94110,Blocked drainage channel causing street-level flooding,6.623413,3.280641,Closed,13/02/2026 04:03,Blockage,Ebute-Metta LCDA,Lagos Island,Eti-Osa
PP20130830777,08/30/2013,Tunde Ogunleye,Male,2.34908E+12,tunde.ogunleye39@gmail.com,29873775013,Lagos Island Division,Leavenworth,94109,Water main leakage along roadside causing traffic obstruction,6.460432,3.359102,Closed,13/02/2026 04:03,Leak,Orile-Agege LCDA,Ikeja,Kosofe
PP20131218822,12/18/2013,Bola Eze,Female,2.34807E+12,bola.eze89@gmail.com,31815435389,Badagry Division,42nd,94116,Sewer overflow spreading wastewater near market area,6.451185,3.187621,Closed,13/02/2026 04:03,Sanitation failure,Coker-Aguda LCDA,Ikeja,Agege
PP20140228612,02/28/2014,Obinna Ibrahim,Male,2.34901E+12,obinna.ibrahim98@yahoo.com,62930513472,Lagos Island Division,Woodward,94103,Blocked drainage channel causing street-level flooding,6.526391,3.373198,Closed,13/02/2026 04:03,Blockage,Egbe-Idimu LCDA,Ikeja,Ikeja
PP20140814244,08/14/2014,Chinedu Ibrahim,Male,2.34818E+12,chinedu.ibrahim83@gmail.com,50801073167,Epe Division,Irving,94122,Persistent dripping tap in kitchen wasting water daily,6.584698,3.979747,Closed,13/02/2026 04:03,Sanitation failure,Surulere LCDA,Lagos Island,Apapa
PP20140930557,09/30/2014,Emeka Danladi,Male,2.34806E+12,emeka.danladi17@outlook.com,84207546434,Epe Division,Fulton,94117,Minor kitchen sink pipe leakage under cabinet,6.471135,3.591621,Closed,13/02/2026 04:03,Leak,Surulere LCDA,Lagos Island,Apapa
PP20141015017,10/15/2014,Adebayo Ekanem,Male,2.34802E+12,adebayo.ekanem10@outlook.com,65998916073,Ikeja Division,Duncan,94131,Water pipeline rupture near highway causing erosion,6.54316,3.342222,Closed,13/02/2026 04:03,Sanitation failure,Yaba LCDA,Ikeja,Alimosho
PP20150220176,02/20/2015,Oluwaseun Mohammed,Male,2.34903E+12,oluwaseun.mohammed16@yahoo.com,77334650528,Lagos Island Division,California,94108,Septic tank backflow causing strong sewage odor indoors,6.47543,3.375179,Closed,13/02/2026 04:03,Sanitation failure,Onigbongbo LCDA,Epe,Ibeju-Lekki
PP20150710187,07/10/2015,Ifeanyi Adebisi,Male,2.34811E+12,ifeanyi.adebisi96@gmail.com,28497886907,Ikeja Division,Maywood,94127,kitchen & e bathrooms remodeling 1 toilet room,6.668282,3.334483,Closed,13/02/2026 04:03,Sanitation failure,Igbogbo-Baiyeku LCDA,Badagry,Ojo
PP20151014728,10/14/2015,Abdulrahman Chukwu,Male,2.34809E+12,abdulrahman.chukwu67@hotmail.com,63591373933,Ikeja Division,04th,94107,Persistent dripping tap in kitchen wasting water daily,6.61831,3.329773,Closed,13/02/2026 04:03,Sanitation failure,Ikorodu North LCDA,Ikorodu,Ikorodu
PP20160222104,02/22/2016,Temitope Ekanem,Female,2.34904E+12,temitope.ekanem87@outlook.com,98162302196,Ikeja Division,Duncan,94131,Flooding due to collapsed drainage system after rainfall,6.599719,3.34657,Closed,13/02/2026 04:03,Blockage,Ikeja LCDA,Epe,Epe
PP20160309586,03/09/2016,Ifeanyi Mohammed,Male,2.34906E+12,ifeanyi.mohammed82@hotmail.com,50780461577,Badagry Division,09th,94118,remodel two exisitng bathrooms.,6.460806,3.341796,Closed,13/02/2026 04:03,Sanitation failure,Lekki LCDA,Ikeja,Oshodi-Isolo
PP20160531849,05/31/2016,Chisom Ibrahim,Female,2.34818E+12,chisom.ibrahim73@hotmail.com,99755214834,Lagos Island Division,Taraval,94116,High-pressure pipe burst affecting multiple residential buildings,6.45237,3.352071,Closed,13/02/2026 04:03,Leak,Itire-Ikate LCDA,Badagry,Badagry
PP20160829465,08/29/2016,Ngozi Bamidele,Female,2.34903E+12,ngozi.bamidele12@outlook.com,55337448364,Ikeja Division,08th,94118,Bathroom floor drain completely clogged with wastewater backup,6.617996,3.298073,Closed,13/02/2026 04:03,Blockage,Amuwo-Odofin LCDA,Ikeja,Ifako-Ijaiye
PP20170104894,01/04/2017,Ijeoma Akinyemi,Female,2.34813E+12,ijeoma.akinyemi67@outlook.com,87799287290,Ikeja Division,Marina,94123,Sudden burst water pipe inside bathroom wall causing flooding,6.677929,3.334896,Closed,13/02/2026 04:03,Leak,Bariga LCDA,Badagry,Amuwo-Odofin
PP20170510227,05/10/2017,Kunle Chukwu,Male,2.34907E+12,kunle.chukwu41@hotmail.com,43759485253,Epe Division,Jamestown,94124,Water pipeline rupture near highway causing erosion,6.46171,3.579398,Closed,13/02/2026 04:03,Sanitation failure,Ojokoro LCDA,Badagry,Amuwo-Odofin
PP20170710838,07/10/2017,Ifeanyi Okoye,Male,2.34805E+12,ifeanyi.okoye77@gmail.com,45820173619,Ikeja Division,Valencia,94110,Minor kitchen sink pipe leakage under cabinet,6.561073,3.314204,Closed,13/02/2026 04:03,Leak,Ikosi-Isheri LCDA,Ikeja,Somolu
PP20171024812,10/24/2017,Adebayo Ajayi,Male,2.34818E+12,adebayo.ajayi47@yahoo.com,79869018962,Ikeja Division,Clayton,94117,Low water pressure affecting entire household supply,6.608791,3.296173,Closed,13/02/2026 04:03,Sanitation failure,Ikorodu North LCDA,Ikorodu,Ikorodu
PP20171115411,11/15/2017,Zainab Nnamdi,Female,2.34905E+12,zainab.nnamdi18@yahoo.com,40923364861,Lagos Island Division,Sutter,94109,replace kitchen sink.,6.445877,3.415984,Closed,13/02/2026 04:03,Sanitation failure,Ikorodu North LCDA,Ikorodu,Ikorodu
PP20180403238,04/03/2018,Obinna Chukwu,Male,2.34903E+12,obinna.chukwu74@gmail.com,71649534463,Epe Division,25th,94110,install wall hung lavy,6.589471,3.981578,Closed,13/02/2026 04:03,Sanitation failure,Egbe-Idimu LCDA,Ikeja,Ikeja
PP20181019896,10/19/2018,Emeka Abiola,Male,2.34905E+12,emeka.abiola84@gmail.com,43374847260,Ikeja Division,Post,94102,Sewer overflow spreading wastewater near market area,6.606823,3.305988,Closed,13/02/2026 04:03,Sanitation failure,Iba LCDA,Ikeja,Agege
PP20190416921,04/16/2019,Abdulrahman Yakubu,Male,2.34909E+12,abdulrahman.yakubu38@gmail.com,41754209999,Badagry Division,42nd,94122,Sudden burst water pipe inside bathroom wall causing flooding,6.423254,2.893135,Closed,13/02/2026 04:03,Leak,Eredo LCDA,Ikeja,Mushin
PP20191024619,10/24/2019,Zainab Nwosu,Female,2.34819E+12,zainab.nwosu37@outlook.com,74860066816,Badagry Division,Guerrero,94103,Water pipeline rupture near highway causing erosion,6.463055,3.25021,Open,13/02/2026 04:03,Sanitation failure,Lekki LCDA,Ikeja,Oshodi-Isolo
PP20191105924,11/05/2019,Temitope Mohammed,Female,2.34908E+12,temitope.mohammed92@hotmail.com,19914889069,Ikeja Division,Haight,94117,Underground water pipe burst near hospital entrance,6.56042,3.304997,Closed,13/02/2026 04:03,Leak,Mosan-Okunola LCDA,Epe,Epe
PP20191202619,12/02/2019,Chinedu Bamidele,Male,2.34905E+12,chinedu.bamidele35@yahoo.com,92990159113,Badagry Division,Madrid,94112,Underground water pipe burst near hospital entrance,6.453242,3.248699,Closed,13/02/2026 04:03,Leak,Lekki LCDA,Ikeja,Oshodi-Isolo
PP20200203304,02/03/2020,Chisom Umeh,Female,2.34903E+12,chisom.umeh38@outlook.com,27753681560,Lagos Island Division,Grant,94133,one shower pan,6.45507,3.400652,Closed,13/02/2026 04:03,Sanitation failure,Ebute-Metta LCDA,Lagos Island,Eti-Osa
PP20200227110,02/27/2020,Olamide Mohammed,Male,2.34813E+12,olamide.mohammed94@yahoo.com,57611344167,Badagry Division,20th,94110,3 shower pans,6.406818,2.905924,Closed,13/02/2026 04:03,Sanitation failure,Surulere LCDA,Lagos Island,Apapa
PP20200313569,03/13/2020,Ayomide Ajayi,Male,2.34902E+12,ayomide.ajayi43@hotmail.com,13234519587,Badagry Division,Fell,94117,Low water pressure affecting entire household supply,6.45094,3.170858,Closed,13/02/2026 04:03,Sanitation failure,Ojokoro LCDA,Badagry,Amuwo-Odofin
PP20200817626,08/17/2020,Chioma Okoye,Female,2.34819E+12,chioma.okoye95@hotmail.com,8910505166,Lagos Island Division,Chestnut,94123,Water main leakage along roadside causing traffic obstruction,6.444681,3.429817,Closed,13/02/2026 04:03,Leak,Lekki LCDA,Ikeja,Oshodi-Isolo
PP20220216156,02/16/2022,Amaka Ekanem,Female,2.34819E+12,amaka.ekanem36@hotmail.com,31601108525,Ikeja Division,19th,94110,Underground water pipe burst near hospital entrance,6.608041,3.357783,Closed,13/02/2026 04:03,Leak,Egbe-Idimu LCDA,Ikeja,Ikeja
PP20220328950,03/28/2022,Adaeze Owolabi,Female,2.34812E+12,adaeze.owolabi81@hotmail.com,62390558144,Ikorodu Division,Hoff,94110,Water heater pipe leakage soaking utility area,6.619278,3.501527,Closed,13/02/2026 04:03,Leak,Ojodu LCDA,Lagos Island,Eti-Osa
PP20220510750,05/10/2022,Obinna Ajayi,Male,2.34812E+12,obinna.ajayi40@gmail.com,64939174381,Ikeja Division,45th,94116,Cracked underground pipe slowly flooding compound,6.528058,3.347828,Closed,13/02/2026 04:03,Sanitation failure,Badagry Central LCDA,Badagry,Ajeromi-Ifelodun
PP20230124178,01/24/2023,Ijeoma Ogunleye,Female,2.34908E+12,ijeoma.ogunleye48@yahoo.com,27389999898,Ikeja Division,Cesar Chavez,94110,Persistent dripping tap in kitchen wasting water daily,6.537051,3.353129,Closed,13/02/2026 04:03,Sanitation failure,Eredo LCDA,Ikeja,Mushin
PP20230616523,06/16/2023,Femi Balogun,Male,2.34818E+12,femi.balogun33@hotmail.com,5957661306,Ikeja Division,Kearny,94133,Water pipeline rupture near highway causing erosion,6.607245,3.332786,Closed,13/02/2026 04:03,Sanitation failure,Oriade LCDA,Lagos Island,Lagos Island
PP20230905807,09/05/2023,Aisha Eze,Female,2.34817E+12,aisha.eze77@yahoo.com,38558755534,Lagos Island Division,31st,94116,Bathroom floor drain completely clogged with wastewater backup,6.528529,3.373563,Closed,13/02/2026 04:03,Blockage,Ayobo-Ipaja LCDA,Badagry,Ojo
PP20231117096,11/17/2023,Ijeoma Adebisi,Female,2.34816E+12,ijeoma.adebisi32@gmail.com,28160961404,Badagry Division,Unknown,,Water main leakage along roadside causing traffic obstruction,6.458478,3.335737,Closed,13/02/2026 04:03,Leak,Ojokoro LCDA,Badagry,Amuwo-Odofin
PP20231205305,12/05/2023,Chinedu Okoye,Male,2.34905E+12,chinedu.okoye70@outlook.com,30062988980,Ikeja Division,Unknown,,Water heater pipe leakage soaking utility area,6.58575,3.411631,Closed,13/02/2026 04:03,Leak,Ikosi-Isheri LCDA,Ikeja,Somolu
PP20240702680,07/02/2024,Chinedu Okafor,Male,2.34804E+12,chinedu.okafor25@gmail.com,30084026131,Lagos Island Division,Albion,94110,install sink in the laundry room.,6.42839,3.42422,Closed,13/02/2026 04:03,Sanitation failure,Bariga LCDA,Badagry,Amuwo-Odofin
PP20240823563,08/23/2024,Opeyemi Ajayi,Female,2.34802E+12,opeyemi.ajayi36@gmail.com,88661970743,Ikeja Division,Pacific,94133,Toilet overflow due to heavily blocked drain system,6.512819,3.340525,Closed,13/02/2026 04:03,Blockage,Ebute-Metta LCDA,Lagos Island,Eti-Osa
PP20241219660,12/19/2024,Temitope Balogun,Female,2.34908E+12,temitope.balogun14@outlook.com,91291324684,Badagry Division,Sacramento,94109,Water pipeline rupture near highway causing erosion,6.459516,3.331166,Closed,13/02/2026 04:03,Sanitation failure,Ojodu LCDA,Lagos Island,Eti-Osa
PP20241230760,12/30/2024,Olamide Ibrahim,Male,2.34809E+12,olamide.ibrahim81@yahoo.com,71578336341,Ikeja Division,Polk,94109,Septic tank backflow causing strong sewage odor indoors,6.530409,3.369354,Closed,13/02/2026 04:03,Sanitation failure,Ojodu LCDA,Lagos Island,Eti-Osa
PP20250313080,03/13/2025,Chisom Nnamdi,Female,2.34819E+12,chisom.nnamdi44@yahoo.com,19499155706,Badagry Division,Wilde,94134,Blocked drainage channel causing street-level flooding,6.423577,2.883401,Closed,13/02/2026 04:03,Blockage,Orile-Agege LCDA,Ikeja,Kosofe
PP20250415657,04/15/2025,Oluwaseun Danladi,Male,2.34819E+12,oluwaseun.danladi96@yahoo.com,68365397274,Lagos Island Division,15th,94122,Water main leakage along roadside causing traffic obstruction,6.49671,3.350775,Closed,13/02/2026 04:03,Leak,Odi-Olowo/Ojuwoye LCDA,Lagos Island,Lagos Island
PP20250428903,04/28/2025,Femi Danladi,Male,2.34819E+12,femi.danladi65@outlook.com,32966528120,Epe Division,Shotwell,94110,Underground water pipe burst near hospital entrance,6.583815,3.980713,Closed,13/02/2026 04:03,Leak,Badagry Central LCDA,Badagry,Ajeromi-Ifelodun
PP20250926928,09/26/2025,Olamide Balogun,Male,2.34908E+12,olamide.balogun33@yahoo.com,61978150748,Ikeja Division,20th,94132,Flooding due to collapsed drainage system after rainfall,6.673027,3.320328,Closed,13/02/2026 04:03,Blockage,Epe LCDA,Badagry,Ajeromi-Ifelodun
PP20260122981,01/22/2026,Ifeanyi Ojo,Male,2.34814E+12,ifeanyi.ojo88@yahoo.com,21669465823,Ikeja Division,20th,94110,upgrade water service line to 23lf.,6.558793,3.323427,Closed,13/02/2026 04:03,Sanitation failure,Igbogbo-Baiyeku LCDA,Badagry,Ojo
PP200706132570,06/13/2007,Zainab Ekanem,Female,2.34815E+12,zainab.ekanem93@gmail.com,89795288516,Ikeja Division,Turk,94102,Toilet overflow due to heavily blocked drain system,6.582212,3.420717,Closed,13/02/2026 04:03,Blockage,Egbe-Idimu LCDA,Ikeja,Ikeja
PP20161011717,10/11/2016,Ayomide Chukwu,Male,2.34907E+12,ayomide.chukwu79@hotmail.com,88214962391,Epe Division,Steiner,94115,Open manhole with visible sewage leakage on street,6.590901,3.979588,Closed,13/02/2026 04:03,Leak,Oshodi-Bolade LCDA,Ikeja,Alimosho
PP20220309581,03/09/2022,Oluwaseun Akinyemi,Male,2.34815E+12,oluwaseun.akinyemi18@outlook.com,91610359930,Ikorodu Division,Waller,94117,Sewer overflow spreading wastewater near market area,6.621641,3.510626,Closed,13/02/2026 04:03,Sanitation failure,Egbe-Idimu LCDA,Ikeja,Ikeja
PP20160128469,01/28/2016,Seyi Balogun,Male,2.34816E+12,seyi.balogun59@gmail.com,8066005765,Ikeja Division,Albion,94110,Open manhole with visible sewage leakage on street,6.528277,3.34687,Closed,13/02/2026 04:03,Leak,Bariga LCDA,Badagry,Amuwo-Odofin
PP20071218479,12/18/2007,Seyi Umeh,Male,2.34903E+12,seyi.umeh57@outlook.com,92657380689,Badagry Division,20th,94114,Open manhole with visible sewage leakage on street,6.415245,2.88998,Closed,13/02/2026 04:03,Leak,Lekki LCDA,Ikeja,Oshodi-Isolo
PP20160620425,06/20/2016,Adebayo Ajayi,Male,2.34802E+12,adebayo.ajayi92@gmail.com,9268051466,Ikorodu Division,29th,94110,test gas line,6.633911,3.520093,Closed,13/02/2026 04:03,Sanitation failure,Ikorodu West LCDA,Ikorodu,Ikorodu
PP20080618718,06/18/2008,Chioma Eze,Female,2.34811E+12,chioma.eze93@outlook.com,96359568590,Lagos Island Division,Belvedere,94117,Severe shower pipe rupture flooding entire bathroom,6.454632,3.414227,Closed,13/02/2026 04:03,Sanitation failure,Ikosi-Isheri LCDA,Ikeja,Somolu
PP20190710435,07/10/2019,Kelechi Okoye,Male,2.34907E+12,kelechi.okoye69@outlook.com,71245632838,Lagos Island Division,19th,94116,Public tap pipe severely damaged in residential community,6.457523,3.360833,Closed,13/02/2026 04:03,Sanitation failure,Amuwo-Odofin LCDA,Ikeja,Ifako-Ijaiye
PP20100302364,03/02/2010,Seyi Ogunleye,Male,2.34811E+12,seyi.ogunleye16@hotmail.com,82270558176,Ikeja Division,Plymouth,94112,sewer line replace.,6.691698,3.320517,Open,13/02/2026 04:03,Sanitation failure,Coker-Aguda LCDA,Ikeja,Agege
PP20190322255,03/22/2019,Kunle Ogunleye,Male,2.34816E+12,kunle.ogunleye59@outlook.com,10312183073,Ikeja Division,Polk,94109,install sink & water heater,6.574903,3.410706,Closed,13/02/2026 04:03,Sanitation failure,Badagry Central LCDA,Badagry,Ajeromi-Ifelodun
PP20101208633,12/08/2010,Adebayo Okafor,Male,2.34813E+12,adebayo.okafor78@outlook.com,97789631535,Ikorodu Division,20th,94110,Septic tank backflow causing strong sewage odor indoors,6.598161,3.505242,Closed,13/02/2026 04:03,Sanitation failure,Agboyi-Ketu LCDA,Lagos Island,Surulere
PP20100108342,01/08/2010,Emeka Ibrahim,Male,2.34807E+12,emeka.ibrahim86@hotmail.com,72042520841,Epe Division,Lawton,94122,Major pipe burst near primary school disrupting access road,6.462409,3.586504,Closed,13/02/2026 04:03,Leak,Orile-Agege LCDA,Ikeja,Kosofe
PP20191004017,10/04/2019,Ngozi Umeh,Female,2.3482E+12,ngozi.umeh21@outlook.com,18092960158,Badagry Division,11th,94122,High-pressure pipe burst affecting multiple residential buildings,6.453418,3.268762,Closed,13/02/2026 04:03,Leak,Coker-Aguda LCDA,Ikeja,Agege
PP20190903016,09/03/2019,Tunde Adebisi,Male,2.34904E+12,tunde.adebisi36@yahoo.com,87210842994,Ikeja Division,Polk,94109,Sewer overflow spreading wastewater near market area,6.618504,3.289231,Closed,13/02/2026 04:03,Sanitation failure,Odi-Olowo/Ojuwoye LCDA,Lagos Island,Lagos Island
PP20150518745,05/18/2015,Seyi Eze,Male,2.34817E+12,seyi.eze42@outlook.com,28002510798,Ikeja Division,Sanchez,94114,Severe shower pipe rupture flooding entire bathroom,6.600016,3.299919,Closed,13/02/2026 04:03,Sanitation failure,Eredo LCDA,Ikeja,Mushin
PP20130108251,01/08/2013,Tunde Akinyemi,Male,2.34806E+12,tunde.akinyemi94@hotmail.com,90246935037,Badagry Division,West Portal,94127,Bathroom floor drain completely clogged with wastewater backup,6.447798,3.201315,Closed,13/02/2026 04:03,Blockage,Agboyi-Ketu LCDA,Lagos Island,Surulere
PP20170621404,06/21/2017,Ngozi Nwosu,Female,2.34802E+12,ngozi.nwosu90@outlook.com,47098387712,Ikorodu Division,Sea View,94121,"remodel 5 1/2 bathrooms, 1 laundry room, and kitchen.",6.631194,3.505808,Closed,13/02/2026 04:03,Sanitation failure,Lekki LCDA,Ikeja,Oshodi-Isolo
PP20140513712,05/13/2014,Amaka Adeyemi,Female,2.34903E+12,amaka.adeyemi61@gmail.com,98274637340,Ikorodu Division,Ellis,94102,Bathroom floor drain completely clogged with wastewater backup,6.602269,3.524039,Closed,13/02/2026 04:03,Blockage,Oshodi-Bolade LCDA,Ikeja,Alimosho
PP20150113108,01/13/2015,Abdulrahman Eze,Male,2.34816E+12,abdulrahman.eze24@hotmail.com,97645078496,Badagry Division,Teresita,94127,Bathroom floor drain completely clogged with wastewater backup,6.465555,3.345678,Closed,13/02/2026 04:03,Blockage,Lekki LCDA,Ikeja,Oshodi-Isolo
PP20140401562,04/01/2014,Chukwudi Akinyemi,Male,2.34906E+12,chukwudi.akinyemi92@gmail.com,93513488735,Badagry Division,California,94115,"construction of new restaurant, 1 water heater, 1 main gas line, 1 shwer, 1 water, 2 ada bathroom, 6 sinks, 2 toilets, 6 floor sinks, 4 floor drains.",6.445056,3.177006,Closed,13/02/2026 04:03,Blockage,Agboyi-Ketu LCDA,Lagos Island,Surulere
PP20191002922,10/02/2019,Chioma Oladipo,Female,2.34806E+12,chioma.oladipo77@outlook.com,60032938136,Ikeja Division,San Jose,94112,replace (e) tub with new walk-in jet tub.,6.615552,3.33647,Closed,13/02/2026 04:03,Sanitation failure,Eredo LCDA,Ikeja,Mushin
PP20140314996,03/14/2014,Kunle Nwosu,Male,2.34905E+12,kunle.nwosu81@gmail.com,17938060989,Ikeja Division,Frederick,94117,fire sprinkler only,6.578799,3.422928,Closed,13/02/2026 04:03,Sanitation failure,Ikorodu North LCDA,Ikorodu,Ikorodu
PP20180508234,05/08/2018,Kunle Abiola,Male,2.3482E+12,kunle.abiola14@gmail.com,90260452535,Ikorodu Division,Hayes,94102,Blocked drainage channel causing street-level flooding,6.608724,3.509076,Closed,13/02/2026 04:03,Blockage,Bariga LCDA,Badagry,Amuwo-Odofin
PP20180917882,09/17/2018,Olamide Balogun,Male,2.34809E+12,olamide.balogun10@outlook.com,53029613545,Badagry Division,Pacific,94133,Blocked drainage channel causing street-level flooding,6.462203,3.188144,Open,13/02/2026 04:03,Blockage,Ikosi-Isheri LCDA,Ikeja,Somolu
PP20121015315,10/15/2012,Seyi Balogun,Male,2.34815E+12,seyi.balogun39@outlook.com,48130605998,Ikeja Division,09th,94122,Low water pressure affecting entire household supply,6.608916,3.340254,Closed,13/02/2026 04:03,Sanitation failure,Ikosi-Isheri LCDA,Ikeja,Somolu
PP20130426300,04/26/2013,Kunle Adebisi,Male,2.34815E+12,kunle.adebisi95@hotmail.com,10925673767,Ikeja Division,Jefferson,94133,connecting to 3in existing sewer and running 1/2in copper line 40ft.,6.567959,3.429477,Closed,13/02/2026 04:03,Sanitation failure,Amuwo-Odofin LCDA,Ikeja,Ifako-Ijaiye
PP20180928284,09/28/2018,Femi Adeyemi,Male,2.3481E+12,femi.adeyemi36@gmail.com,49630298342,Badagry Division,Cesar Chavez,94131,Cracked underground pipe slowly flooding compound,6.464323,3.175515,Closed,13/02/2026 04:03,Sanitation failure,Lekki LCDA,Ikeja,Oshodi-Isolo
PP20150415735,04/15/2015,Femi Ajayi,Male,2.34802E+12,femi.ajayi72@outlook.com,53466813732,Ikeja Division,Jackson,94118,Public tap pipe severely damaged in residential community,6.685312,3.329757,Closed,13/02/2026 04:03,Sanitation failure,Eredo LCDA,Ikeja,Mushin
PP20100115470,01/15/2010,Olamide Abiola,Male,2.34803E+12,olamide.abiola90@outlook.com,95218208461,Ikeja Division,Folsom,94110,Low water pressure affecting entire household supply,6.681593,3.329275,Closed,13/02/2026 04:03,Sanitation failure,Ikoyi-Obalende LCDA,Epe,Ibeju-Lekki
PP20180430957,04/30/2018,Chioma Eze,Female,2.34807E+12,chioma.eze91@outlook.com,5495160766,Lagos Island Division,Arkansas,94107,Persistent dripping tap in kitchen wasting water daily,6.517507,3.378353,Closed,13/02/2026 04:03,Sanitation failure,Ikoyi-Obalende LCDA,Epe,Ibeju-Lekki
PP20160829459,08/29/2016,Ngozi Yakubu,Female,2.34818E+12,ngozi.yakubu88@yahoo.com,59482847269,Badagry Division,Liberty,94110,Underground water pipe burst near hospital entrance,6.46421,3.343016,Closed,13/02/2026 04:03,Leak,Yaba LCDA,Ikeja,Alimosho
PP20100802865,08/02/2010,Oluwaseun Ojo,Male,2.34812E+12,oluwaseun.ojo16@gmail.com,34386559649,Badagry Division,Dellbrook,94131,Flooding due to collapsed drainage system after rainfall,6.473154,3.346986,Closed,13/02/2026 04:03,Blockage,Surulere LCDA,Lagos Island,Apapa
PP20130625948,06/25/2013,Obinna Nnamdi,Male,2.34812E+12,obinna.nnamdi46@outlook.com,22690397304,Ikeja Division,Valencia,94110,Persistent dripping tap in kitchen wasting water daily,6.543951,3.314961,Closed,13/02/2026 04:03,Sanitation failure,Ikosi-Isheri LCDA,Ikeja,Somolu
PP20170801472,08/01/2017,Ifeanyi Adeyemi,Male,2.34908E+12,ifeanyi.adeyemi95@hotmail.com,8764362744,Badagry Division,08th,94122,Low water pressure affecting entire household supply,6.471584,3.165413,Closed,13/02/2026 04:03,Sanitation failure,Itire-Ikate LCDA,Badagry,Badagry
PP20090824540,08/24/2009,Chioma Adebisi,Female,2.34813E+12,chioma.adebisi17@gmail.com,9760338913,Ikeja Division,Fell,94117,Blocked drainage channel causing street-level flooding,6.597167,3.274608,Closed,13/02/2026 04:03,Blockage,Bariga LCDA,Badagry,Amuwo-Odofin
PP20110411401,04/11/2011,Opeyemi Umeh,Female,2.34812E+12,opeyemi.umeh91@hotmail.com,92946443859,Ikeja Division,Valencia,94110,"underground pipe water, gas, 6 bathrooms",6.612806,3.343175,Closed,13/02/2026 04:03,Sanitation failure,Onigbongbo LCDA,Epe,Ibeju-Lekki
PP20140107213,01/07/2014,Yetunde Adeyemi,Female,2.34812E+12,yetunde.adeyemi91@outlook.com,55505315004,Badagry Division,Laguna,94102,Low water pressure affecting entire household supply,6.465024,3.250741,Closed,13/02/2026 04:03,Sanitation failure,Badagry Central LCDA,Badagry,Ajeromi-Ifelodun
PP20181024020,10/24/2018,Chukwudi Balogun,Male,2.34806E+12,chukwudi.balogun26@outlook.com,51973394934,Badagry Division,Fulton,94117,Sudden burst water pipe inside bathroom wall causing flooding,6.482986,3.319499,Closed,13/02/2026 04:03,Leak,Orile-Agege LCDA,Ikeja,Kosofe
PP20090108212,01/08/2009,Opeyemi Yakubu,Female,2.34819E+12,opeyemi.yakubu20@outlook.com,92757469659,Ikorodu Division,Bush,94109,Blocked drainage channel causing street-level flooding,6.602366,3.509945,Closed,13/02/2026 04:03,Blockage,Ojodu LCDA,Lagos Island,Eti-Osa
PP20120921728,09/21/2012,Kunle Bamidele,Male,2.34816E+12,kunle.bamidele39@hotmail.com,35835523229,Badagry Division,San Bruno,94134,Open manhole with visible sewage leakage on street,6.418841,2.884673,Closed,13/02/2026 04:03,Leak,Yaba LCDA,Ikeja,Alimosho
PP20151203002,12/03/2015,Chisom Danladi,Female,2.34909E+12,chisom.danladi15@hotmail.com,33535131786,Lagos Island Division,Waller,94102,Toilet overflow due to heavily blocked drain system,6.433426,3.393809,Closed,13/02/2026 04:03,Blockage,Ikorodu North LCDA,Ikorodu,Ikorodu
PP20181221745,12/21/2018,Femi Ogunleye,Male,2.34816E+12,femi.ogunleye96@gmail.com,57391348488,Ikeja Division,Lombard,94123,Underground water pipe burst near hospital entrance,6.588755,3.358197,Closed,13/02/2026 04:03,Leak,Yaba LCDA,Ikeja,Alimosho
PP20170802522,08/02/2017,Bola Ogunleye,Female,2.34906E+12,bola.ogunleye45@outlook.com,74140716149,Lagos Island Division,Clay,94118,Low water pressure affecting entire household supply,6.457766,3.385301,Closed,13/02/2026 04:03,Sanitation failure,Coker-Aguda LCDA,Ikeja,Agege
PP20190909184,09/09/2019,Chinedu Okoye,Male,2.34802E+12,chinedu.okoye76@yahoo.com,65451900722,Ikeja Division,Mcallister,94117,Blocked drainage channel causing street-level flooding,6.603861,3.284408,Closed,13/02/2026 04:03,Blockage,Oriade LCDA,Lagos Island,Lagos Island
PP20181130067,11/30/2018,Aisha Ekanem,Female,2.34901E+12,aisha.ekanem88@gmail.com,85336518173,Ikeja Division,41st,94122,add new bathroom and laundry at 1st floor.,6.552973,3.317651,Closed,13/02/2026 04:03,Sanitation failure,Ebute-Metta LCDA,Lagos Island,Eti-Osa
PP20100615768,06/15/2010,Bola Ajayi,Female,2.34909E+12,bola.ajayi72@outlook.com,90083022657,Epe Division,Blanken,94134,Low water pressure affecting entire household supply,6.574143,3.98864,Closed,13/02/2026 04:03,Sanitation failure,Mosan-Okunola LCDA,Epe,Epe
PP20090515397,05/15/2009,Tunde Ajayi,Male,2.34802E+12,tunde.ajayi49@yahoo.com,60283247016,Lagos Island Division,Ofarrell,94109,Open manhole with visible sewage leakage on street,6.491597,3.352871,Closed,13/02/2026 04:03,Leak,Ebute-Metta LCDA,Lagos Island,Eti-Osa
PP20100504784,05/04/2010,Aisha Danladi,Female,2.34819E+12,aisha.danladi40@gmail.com,4975262461,Ikorodu Division,Larkin,94109,Major pipe burst near primary school disrupting access road,6.61833,3.500148,Closed,13/02/2026 04:03,Leak,Ifako-Ijaiye LCDA,Badagry,Badagry
PP20110223263,02/23/2011,Ngozi Yakubu,Female,2.34816E+12,ngozi.yakubu94@outlook.com,93162850976,Badagry Division,Baker,94117,Major pipe burst near primary school disrupting access road,6.409464,2.873021,Closed,13/02/2026 04:03,Leak,Eredo LCDA,Ikeja,Mushin
PP20160624611,06/24/2016,Chisom Ojo,Female,2.34909E+12,chisom.ojo14@gmail.com,2226514510,Badagry Division,Revere,94124,Cracked underground pipe slowly flooding compound,6.434647,2.885353,Closed,13/02/2026 04:03,Sanitation failure,Oshodi-Bolade LCDA,Ikeja,Alimosho
PP20170601844,06/01/2017,Kelechi Nwosu,Male,2.34809E+12,kelechi.nwosu90@outlook.com,33302631708,Lagos Island Division,Steiner,94115,Flooding due to collapsed drainage system after rainfall,6.426103,3.42404,Closed,13/02/2026 04:03,Blockage,Ojokoro LCDA,Badagry,Amuwo-Odofin
PP20110329046,03/29/2011,Seyi Danladi,Male,2.34907E+12,seyi.danladi13@yahoo.com,41326583265,Lagos Island Division,Sacramento,94109,Persistent dripping tap in kitchen wasting water daily,6.431977,3.41969,Closed,13/02/2026 04:03,Sanitation failure,Agboyi-Ketu LCDA,Lagos Island,Surulere
PP20121214826,12/14/2012,Emeka Afolabi,Male,2.34804E+12,emeka.afolabi35@hotmail.com,49648309400,Lagos Island Division,Highland,94110,Persistent dripping tap in kitchen wasting water daily,6.460242,3.402275,Closed,13/02/2026 04:03,Sanitation failure,Isolo LCDA,Ikeja,Ikeja
PP20160719223,07/19/2016,Chioma Oladipo,Female,2.3482E+12,chioma.oladipo48@hotmail.com,718628362,Ikeja Division,37th,94122,"kitchen remodel, replace kitchen sinkand dishwasher, replace water line for refirgerator and gas line for stove.",6.548295,3.302342,Closed,13/02/2026 04:03,Sanitation failure,Lekki LCDA,Ikeja,Oshodi-Isolo
PP20180205496,02/05/2018,Oluwaseun Oladipo,Male,2.34814E+12,oluwaseun.oladipo63@yahoo.com,43584044874,Badagry Division,Majestic,94112,Toilet overflow due to heavily blocked drain system,6.412249,2.861981,Closed,13/02/2026 04:03,Blockage,Ifako-Ijaiye LCDA,Badagry,Badagry
PP20170329129,03/29/2017,Emeka Ekanem,Male,2.34907E+12,emeka.ekanem63@outlook.com,41836954461,Ikeja Division,Bridgeview,94124,Sewer overflow spreading wastewater near market area,6.586648,3.365169,Closed,13/02/2026 04:03,Sanitation failure,Yaba LCDA,Ikeja,Alimosho
PP20150824410,08/24/2015,Opeyemi Umeh,Female,2.34902E+12,opeyemi.umeh35@outlook.com,81839950458,Ikeja Division,Union,94109,Water pipeline rupture near highway causing erosion,6.62545,3.29251,Closed,13/02/2026 04:03,Sanitation failure,Yaba LCDA,Ikeja,Alimosho
PP20090310747,03/10/2009,Ifeanyi Nwosu,Male,2.34807E+12,ifeanyi.nwosu61@outlook.com,88237717684,Badagry Division,Geary,94118,Open manhole with visible sewage leakage on street,6.466766,3.186113,Closed,13/02/2026 04:03,Leak,Oto-Awori LCDA,Lagos Island,Lagos Mainland
PP20180312582,03/12/2018,Adaeze Yakubu,Female,2.34805E+12,adaeze.yakubu70@outlook.com,14148660856,Ikeja Division,Cervantes,94123,Septic tank backflow causing strong sewage odor indoors,6.700589,3.339796,Closed,13/02/2026 04:03,Sanitation failure,Agboyi-Ketu LCDA,Lagos Island,Surulere
PP20140730821,07/30/2014,Opeyemi Owolabi,Female,2.34901E+12,opeyemi.owolabi76@hotmail.com,10388201880,Epe Division,Market,94103,Open manhole with visible sewage leakage on street,6.468721,3.575445,Closed,13/02/2026 04:03,Leak,Itire-Ikate LCDA,Badagry,Badagry
PP20140226518,02/26/2014,Obinna Yakubu,Male,2.34805E+12,obinna.yakubu31@gmail.com,80934744387,Epe Division,Madrid,94112,50 gas water heater.,6.567936,3.985635,Closed,13/02/2026 04:03,Sanitation failure,Onigbongbo LCDA,Epe,Ibeju-Lekki
PP20170830349,08/30/2017,Chioma Owolabi,Female,2.34903E+12,chioma.owolabi20@outlook.com,86649059593,Epe Division,Bush,94104,Severe shower pipe rupture flooding entire bathroom,6.576436,3.969377,Closed,13/02/2026 04:03,Sanitation failure,Amuwo-Odofin LCDA,Ikeja,Ifako-Ijaiye
PP20161128926,11/28/2016,Seyi Adeyemi,Male,2.34903E+12,seyi.adeyemi48@gmail.com,10280495804,Lagos Island Division,Cortland,94110,Low water pressure affecting entire household supply,6.447634,3.383885,Closed,13/02/2026 04:03,Sanitation failure,Orile-Agege LCDA,Ikeja,Kosofe
PP20110104108,01/04/2011,Abdulrahman Mohammed,Male,2.34817E+12,abdulrahman.mohammed58@outlook.com,1149354189,Ikeja Division,South Van Ness,94110,Bathroom floor drain completely clogged with wastewater backup,6.686671,3.337416,Closed,13/02/2026 04:03,Blockage,Agboyi-Ketu LCDA,Lagos Island,Surulere
PP20131011968,10/11/2013,Uche Chukwu,Male,2.34815E+12,uche.chukwu70@hotmail.com,78544131173,Epe Division,Habitat,94112,"new construction: waste, water, and gas plumbing installation, including 2 bathrooms, ituchens with dishwasher, laundry, hook-ups, furnace and tankless hot water heater.",6.58392,3.998399,Closed,13/02/2026 04:03,Sanitation failure,Apapa-Iganmu LCDA,Ikeja,Ifako-Ijaiye
PP20140422128,04/22/2014,Chinedu Umeh,Male,2.34811E+12,chinedu.umeh22@yahoo.com,36388256230,Lagos Island Division,Justin,94112,Persistent dripping tap in kitchen wasting water daily,6.454874,3.386087,Closed,13/02/2026 04:03,Sanitation failure,Egbe-Idimu LCDA,Ikeja,Ikeja
PP20110208921,02/08/2011,Uche Okoye,Male,2.34807E+12,uche.okoye20@hotmail.com,86968574790,Epe Division,Pacific,94109,Septic tank backflow causing strong sewage odor indoors,6.485231,3.590389,Closed,13/02/2026 04:03,Sanitation failure,Itire-Ikate LCDA,Badagry,Badagry
PP20171205879,12/05/2017,Zainab Owolabi,Female,2.34909E+12,zainab.owolabi40@outlook.com,23877162535,Epe Division,Lombard,94109,Septic tank backflow causing strong sewage odor indoors,6.459628,3.583097,Closed,13/02/2026 04:03,Sanitation failure,Ikoyi-Obalende LCDA,Epe,Ibeju-Lekki
PP20080929352,09/29/2008,Ayomide Danladi,Male,2.34902E+12,ayomide.danladi52@gmail.com,32139160046,Ikorodu Division,Front,94111,Persistent dripping tap in kitchen wasting water daily,6.610644,3.496672,Closed,13/02/2026 04:03,Sanitation failure,Mosan-Okunola LCDA,Epe,Epe
PP20190716560,07/16/2019,Ifeanyi Okoye,Male,2.34802E+12,ifeanyi.okoye45@yahoo.com,3416370900,Ikeja Division,22nd,94122,Underground water pipe burst near hospital entrance,6.679062,3.347694,Closed,13/02/2026 04:03,Leak,Apapa-Iganmu LCDA,Ikeja,Ifako-Ijaiye
PP20100312630,03/12/2010,Chisom Bamidele,Female,2.34813E+12,chisom.bamidele96@gmail.com,30456771368,Lagos Island Division,Montana,94112,Open manhole with visible sewage leakage on street,6.510414,3.38483,Closed,13/02/2026 04:03,Leak,Oto-Awori LCDA,Lagos Island,Lagos Mainland
PP20100921013,09/21/2010,Chioma Eze,Female,2.34816E+12,chioma.eze45@yahoo.com,82638658674,Ikorodu Division,Cambon,94132,Water main leakage along roadside causing traffic obstruction,6.612894,3.505629,Closed,13/02/2026 04:03,Leak,Orile-Agege LCDA,Ikeja,Kosofe
PP20171011410,10/11/2017,Uche Abiola,Male,2.34903E+12,uche.abiola58@outlook.com,30753243652,Ikeja Division,02nd,94118,install 1 shower pan.,6.603076,3.28636,Closed,13/02/2026 04:03,Sanitation failure,Ebute-Metta LCDA,Lagos Island,Eti-Osa
PP20160608128,06/08/2016,Tunde Chukwu,Male,2.34806E+12,tunde.chukwu21@yahoo.com,90640053713,Ikeja Division,Gold Mine,94131,Bathroom floor drain completely clogged with wastewater backup,6.602285,3.34319,Closed,13/02/2026 04:03,Blockage,Ojodu LCDA,Lagos Island,Eti-Osa
PP20120217566,02/17/2012,Aisha Mohammed,Female,2.34804E+12,aisha.mohammed15@hotmail.com,77423213853,Lagos Island Division,California,94115,Major pipe burst near primary school disrupting access road,6.451505,3.358498,Closed,13/02/2026 04:03,Leak,Igbogbo-Baiyeku LCDA,Badagry,Ojo
PP20161013806,10/13/2016,Uche Okafor,Male,2.34903E+12,uche.okafor56@outlook.com,6159063296,Epe Division,Balboa,94118,Low water pressure affecting entire household supply,6.581611,3.974524,Closed,13/02/2026 04:03,Sanitation failure,Surulere LCDA,Lagos Island,Apapa
PP20101104944,11/04/2010,Adaeze Ajayi,Female,2.34805E+12,adaeze.ajayi83@yahoo.com,27326689652,Badagry Division,07th,94103,Underground water pipe burst near hospital entrance,6.460932,3.340854,Open,13/02/2026 04:03,Leak,Agboyi-Ketu LCDA,Lagos Island,Surulere
PP20140925417,09/25/2014,Uche Adeyemi,Male,2.34815E+12,uche.adeyemi85@hotmail.com,37587799690,Lagos Island Division,Stanyan,94117,Bathroom floor drain completely clogged with wastewater backup,6.459109,3.384924,Closed,13/02/2026 04:03,Blockage,Badagry West LCDA,Ikeja,Kosofe
PP20160108851,01/08/2016,Obinna Nwosu,Male,2.34807E+12,obinna.nwosu35@outlook.com,46983703312,Ikeja Division,Vicente,94127,High-pressure pipe burst affecting multiple residential buildings,6.609993,3.302514,Open,13/02/2026 04:03,Leak,Surulere LCDA,Lagos Island,Apapa
PP20181001321,10/01/2018,Ijeoma Owolabi,Female,2.34901E+12,ijeoma.owolabi41@gmail.com,28618755125,Badagry Division,Market,94103,Water main leakage along roadside causing traffic obstruction,6.398306,2.890434,Closed,13/02/2026 04:03,Leak,Itire-Ikate LCDA,Badagry,Badagry
PP20160923267,09/23/2016,Abdulrahman Ajayi,Male,2.34813E+12,abdulrahman.ajayi91@outlook.com,26437129395,Epe Division,24th,94110,Open manhole with visible sewage leakage on street,6.463374,3.590706,Open,13/02/2026 04:03,Leak,Ojodu LCDA,Lagos Island,Eti-Osa
PP20160406422,04/06/2016,Amaka Okoye,Female,2.34904E+12,amaka.okoye29@outlook.com,44675230497,Ikeja Division,Mission,94103,install new washer & dryer,6.607867,3.317951,Closed,13/02/2026 04:03,Sanitation failure,Oshodi-Bolade LCDA,Ikeja,Alimosho
PP20170414588,04/14/2017,Temitope Nnamdi,Female,2.34807E+12,temitope.nnamdi78@hotmail.com,29335892355,Lagos Island Division,College,94110,Persistent dripping tap in kitchen wasting water daily,6.480625,3.361281,Closed,13/02/2026 04:03,Sanitation failure,Mosan-Okunola LCDA,Epe,Epe
PP20100819267,08/19/2010,Opeyemi Chukwu,Female,2.3482E+12,opeyemi.chukwu61@outlook.com,60813224666,Ikorodu Division,15th,94114,"address also at 2230b 15th st, 2232 15th st.: plumbing inspection per cc-5776.",6.621997,3.501457,Closed,13/02/2026 04:03,Sanitation failure,Igbogbo-Baiyeku LCDA,Badagry,Ojo
PP20100408174,04/08/2010,Adebayo Ibrahim,Male,2.34905E+12,adebayo.ibrahim51@outlook.com,28597036825,Badagry Division,Post,94115,Blocked drainage channel causing street-level flooding,6.467386,3.166385,Closed,13/02/2026 04:03,Blockage,Ikorodu North LCDA,Ikorodu,Ikorodu
PP20140107177,01/07/2014,Chinedu Yakubu,Male,2.34818E+12,chinedu.yakubu10@outlook.com,72588540223,Badagry Division,Dolores,94110,Bathroom floor drain completely clogged with wastewater backup,6.449339,3.23789,Closed,13/02/2026 04:03,Blockage,Ikorodu North LCDA,Ikorodu,Ikorodu
PP20160316790,03/16/2016,Kelechi Okafor,Male,2.34812E+12,kelechi.okafor16@hotmail.com,47869528908,Badagry Division,Ellis,94115,Major pipe burst near primary school disrupting access road,6.408482,2.885474,Closed,13/02/2026 04:03,Leak,Itire-Ikate LCDA,Badagry,Badagry
PP20130109292,01/09/2013,Obinna Bamidele,Male,2.34901E+12,obinna.bamidele67@yahoo.com,28907583458,Lagos Island Division,Mission,94105,"remodel restrooms, remodel bar and add new bar area (7 floor drains & 4 floor sinks, 2 hand sinks), (2) 3-compartment sinks.",6.445496,3.390854,Open,13/02/2026 04:03,Blockage,Ikotun-Ikosi LCDA,Lagos Island,Lagos Mainland
PP20081222842,12/22/2008,Chukwudi Ojo,Male,2.34812E+12,chukwudi.ojo59@yahoo.com,58132301393,Ikeja Division,Moraga,94122,Persistent dripping tap in kitchen wasting water daily,6.611863,3.345731,Open,13/02/2026 04:03,Sanitation failure,Ifako-Ijaiye LCDA,Badagry,Badagry
PP20181220698,12/20/2018,Chisom Ekanem,Female,2.34807E+12,chisom.ekanem60@hotmail.com,48072877834,Ikorodu Division,Lombard,94123,Blocked drainage channel causing street-level flooding,6.627757,3.499203,Closed,13/02/2026 04:03,Blockage,Lekki LCDA,Ikeja,Oshodi-Isolo
PP20151120757,11/20/2015,Bola Mohammed,Female,2.34907E+12,bola.mohammed19@outlook.com,61625559187,Ikorodu Division,Addison,94131,Septic tank backflow causing strong sewage odor indoors,6.624698,3.524916,Closed,13/02/2026 04:03,Sanitation failure,Ojodu LCDA,Lagos Island,Eti-Osa
PP20110311637,03/11/2011,Femi Ibrahim,Male,2.34906E+12,femi.ibrahim35@hotmail.com,68313921174,Ikorodu Division,Linda,94110,Low water pressure affecting entire household supply,6.594684,3.502531,Closed,13/02/2026 04:03,Sanitation failure,Ojodu LCDA,Lagos Island,Eti-Osa
PP20161121851,11/21/2016,Chinedu Bamidele,Male,2.34814E+12,chinedu.bamidele51@outlook.com,57666670207,Epe Division,Pacific,94115,Open manhole with visible sewage leakage on street,6.589771,3.98157,Closed,13/02/2026 04:03,Leak,Oriade LCDA,Lagos Island,Lagos Island
PP20190812370,08/12/2019,Yetunde Mohammed,Female,2.34907E+12,yetunde.mohammed71@hotmail.com,16505826306,Lagos Island Division,27th,94116,Open manhole with visible sewage leakage on street,6.528111,3.37316,Closed,13/02/2026 04:03,Leak,Agboyi-Ketu LCDA,Lagos Island,Surulere
PP20081231033,12/31/2008,Chinedu Nwosu,Male,2.34818E+12,chinedu.nwosu49@outlook.com,3846627039,Lagos Island Division,Pierce,94123,Severe shower pipe rupture flooding entire bathroom,6.449666,3.357443,Closed,13/02/2026 04:03,Sanitation failure,Iba LCDA,Ikeja,Agege
PP20180223117,02/23/2018,Aisha Akinyemi,Female,2.34812E+12,aisha.akinyemi87@yahoo.com,31502895181,Badagry Division,Grant,94133,Persistent dripping tap in kitchen wasting water daily,6.478378,3.335844,Closed,13/02/2026 04:03,Sanitation failure,Itire-Ikate LCDA,Badagry,Badagry
PP20080429232,04/29/2008,Bola Afolabi,Female,2.34904E+12,bola.afolabi90@yahoo.com,60462342527,Badagry Division,Noriega,94122,Water pipeline rupture near highway causing erosion,6.464376,3.178881,Closed,13/02/2026 04:03,Sanitation failure,Ojokoro LCDA,Badagry,Amuwo-Odofin
PP20140520860,05/20/2014,Amaka Ajayi,Female,2.34905E+12,amaka.ajayi36@hotmail.com,60134933833,Badagry Division,19th,94110,Minor kitchen sink pipe leakage under cabinet,6.461824,3.328974,Closed,13/02/2026 04:03,Leak,Itire-Ikate LCDA,Badagry,Badagry
PP20150914925,09/14/2015,Obinna Ibrahim,Male,2.34818E+12,obinna.ibrahim56@gmail.com,31734734456,Badagry Division,Spear,94105,Major pipe burst near primary school disrupting access road,6.464945,3.17879,Closed,13/02/2026 04:03,Leak,Ikotun-Ikosi LCDA,Lagos Island,Lagos Mainland
PP20100817214,08/17/2010,Kelechi Okoye,Male,2.34819E+12,kelechi.okoye35@gmail.com,29280979242,Ikorodu Division,Pine,94109,Cracked underground pipe slowly flooding compound,6.622298,3.531254,Closed,13/02/2026 04:03,Sanitation failure,Ifako-Ijaiye LCDA,Badagry,Badagry
PP20090219315,02/19/2009,Tunde Danladi,Male,2.34908E+12,tunde.danladi16@yahoo.com,90947438040,Ikeja Division,Church,94114,Underground water pipe burst near hospital entrance,6.536011,3.35134,Closed,13/02/2026 04:03,Leak,Ikotun-Ikosi LCDA,Lagos Island,Lagos Mainland
PP20090706481,07/06/2009,Ayomide Ogunleye,Male,2.3491E+12,ayomide.ogunleye97@gmail.com,59813726619,Lagos Island Division,20th,94114,Flooding due to collapsed drainage system after rainfall,6.508912,3.356719,Closed,13/02/2026 04:03,Blockage,Ebute-Metta LCDA,Lagos Island,Eti-Osa
PP20120607160,06/07/2012,Obinna Akinyemi,Male,2.34809E+12,obinna.akinyemi35@outlook.com,30799806008,Ikeja Division,Ritch,94107,Water pipeline rupture near highway causing erosion,6.506919,3.344519,Closed,13/02/2026 04:03,Sanitation failure,Apapa-Iganmu LCDA,Ikeja,Ifako-Ijaiye
PP20110909893,09/09/2011,Adebayo Umeh,Male,2.34909E+12,adebayo.umeh78@hotmail.com,99506293370,Lagos Island Division,Larkin,94109,remodel existing bath at basement,6.414392,3.418385,Closed,13/02/2026 04:03,Sanitation failure,Ikotun-Ikosi LCDA,Lagos Island,Lagos Mainland
PP20140417003,04/17/2014,Ayomide Owolabi,Male,2.34814E+12,ayomide.owolabi56@yahoo.com,78606544053,Ikeja Division,46th,94116,Sudden burst water pipe inside bathroom wall causing flooding,6.609184,3.311764,Open,13/02/2026 04:03,Leak,Eredo LCDA,Ikeja,Mushin
PP20091105161,11/05/2009,Ayomide Oladipo,Male,2.34816E+12,ayomide.oladipo44@yahoo.com,7736276448,Lagos Island Division,41st,94122,Flooding due to collapsed drainage system after rainfall,6.457369,3.392509,Closed,13/02/2026 04:03,Blockage,Ikorodu West LCDA,Ikorodu,Ikorodu
PP20150529052,05/29/2015,Amaka Chukwu,Female,2.34906E+12,amaka.chukwu59@gmail.com,55143928638,Lagos Island Division,Clarendon,94131,Flooding due to collapsed drainage system after rainfall,6.457094,3.336889,Closed,13/02/2026 04:03,Blockage,Ikosi-Isheri LCDA,Ikeja,Somolu
PP20120717080,07/17/2012,Uche Ogunleye,Male,2.34803E+12,uche.ogunleye33@yahoo.com,86486828041,Ikeja Division,Lakeshore,94132,Major pipe burst near primary school disrupting access road,6.672156,3.336309,Closed,13/02/2026 04:03,Leak,Epe LCDA,Badagry,Ajeromi-Ifelodun
PP20170811786,08/11/2017,Aisha Adebisi,Female,2.34904E+12,aisha.adebisi93@yahoo.com,2629982517,Lagos Island Division,Franklin,94109,Toilet overflow due to heavily blocked drain system,6.509614,3.390638,Closed,13/02/2026 04:03,Blockage,Apapa-Iganmu LCDA,Ikeja,Ifako-Ijaiye
PP20191203639,12/03/2019,Oluwaseun Ibrahim,Male,2.34907E+12,oluwaseun.ibrahim76@hotmail.com,94162480143,Ikeja Division,Monterey,94127,Underground water pipe burst near hospital entrance,6.556985,3.303947,Closed,13/02/2026 04:03,Leak,Oriade LCDA,Lagos Island,Lagos Island
PP20191122438,11/22/2019,Ijeoma Adeyemi,Female,2.34816E+12,ijeoma.adeyemi17@outlook.com,6807810561,Ikeja Division,Elsie,94110,Persistent dripping tap in kitchen wasting water daily,6.559928,3.330807,Closed,13/02/2026 04:03,Sanitation failure,Ikeja LCDA,Epe,Epe
PP20190709351,07/09/2019,Ayomide Akinyemi,Male,2.34804E+12,ayomide.akinyemi59@outlook.com,44609742826,Ikorodu Division,Waller,94117,Public tap pipe severely damaged in residential community,6.621219,3.512982,Closed,13/02/2026 04:03,Sanitation failure,Egbe-Idimu LCDA,Ikeja,Ikeja
PP20130709249,07/09/2013,Aisha Abiola,Female,2.34805E+12,aisha.abiola96@yahoo.com,96979730359,Lagos Island Division,Hickory,94102,remodel (e) kitchen and (e) two bathrooms at 2/f. add two floor drains and bathroom at g/f (n) floor drain @ yard. 1 shower pan.,6.428506,3.413402,Closed,13/02/2026 04:03,Blockage,Oto-Awori LCDA,Lagos Island,Lagos Mainland
PP20140417017,04/17/2014,Adaeze Danladi,Female,2.34904E+12,adaeze.danladi89@outlook.com,55609063558,Ikeja Division,Burnett,94131,Sewer overflow spreading wastewater near market area,6.535603,3.346039,Closed,13/02/2026 04:03,Sanitation failure,Ojodu LCDA,Lagos Island,Eti-Osa
PP20110823493,08/23/2011,Opeyemi Danladi,Female,2.34908E+12,opeyemi.danladi70@gmail.com,13360431487,Lagos Island Division,25th,94121,Severe shower pipe rupture flooding entire bathroom,6.454816,3.389923,Closed,13/02/2026 04:03,Sanitation failure,Epe LCDA,Badagry,Ajeromi-Ifelodun
PP20200114690,01/14/2020,Ngozi Nwosu,Female,2.34819E+12,ngozi.nwosu88@outlook.com,86961297165,Badagry Division,South Van Ness,94110,Flooding due to collapsed drainage system after rainfall,6.41979,2.888337,Closed,13/02/2026 04:03,Blockage,Yaba LCDA,Ikeja,Alimosho
PP20101013483,10/13/2010,Femi Yakubu,Male,2.34817E+12,femi.yakubu72@hotmail.com,93325283311,Ikeja Division,Mission,94105,Sewer overflow spreading wastewater near market area,6.680175,3.3235,Closed,13/02/2026 04:03,Sanitation failure,Ikorodu North LCDA,Ikorodu,Ikorodu
PP20170119294,01/19/2017,Femi Adebisi,Male,2.34908E+12,femi.adebisi43@gmail.com,64255024637,Badagry Division,Sutter,94104,Minor kitchen sink pipe leakage under cabinet,6.447301,3.240212,Open,13/02/2026 04:03,Leak,Ebute-Metta LCDA,Lagos Island,Eti-Osa
PP20170809739,08/09/2017,Oluwaseun Akinyemi,Male,2.34906E+12,oluwaseun.akinyemi53@outlook.com,25583690013,Ikeja Division,03rd,94118,Major pipe burst near primary school disrupting access road,6.549157,3.311873,Closed,13/02/2026 04:03,Leak,Agbado-Oke Odo LCDA,Lagos Island,Apapa
PP20190723786,07/23/2019,Opeyemi Eze,Female,2.34908E+12,opeyemi.eze52@yahoo.com,53518260734,Ikeja Division,Larkin,94109,Bathroom floor drain completely clogged with wastewater backup,6.59087,3.407478,Closed,13/02/2026 04:03,Blockage,Surulere LCDA,Lagos Island,Apapa
PP20161201067,12/01/2016,Chukwudi Nwosu,Male,2.34906E+12,chukwudi.nwosu59@gmail.com,62887011210,Lagos Island Division,Gates,94110,install tankless gas water heater,6.441796,3.435456,Closed,13/02/2026 04:03,Sanitation failure,Oto-Awori LCDA,Lagos Island,Lagos Mainland
PP20170324021,03/24/2017,Chioma Balogun,Female,2.34906E+12,chioma.balogun55@gmail.com,45696161155,Lagos Island Division,Market,94103,Water heater pipe leakage soaking utility area,6.501034,3.379568,Closed,13/02/2026 04:03,Leak,Agbado-Oke Odo LCDA,Lagos Island,Apapa
PP20080813297,08/13/2008,Obinna Abiola,Male,2.34811E+12,obinna.abiola85@outlook.com,74490309470,Badagry Division,Winding,94112,Flooding due to collapsed drainage system after rainfall,6.458962,3.320853,Closed,13/02/2026 04:03,Blockage,Coker-Aguda LCDA,Ikeja,Agege
PP20190110087,01/10/2019,Obinna Chukwu,Male,2.34809E+12,obinna.chukwu96@gmail.com,20590924412,Badagry Division,Circular,94131,Underground water pipe burst near hospital entrance,6.432213,3.26496,Closed,13/02/2026 04:03,Leak,Lekki LCDA,Ikeja,Oshodi-Isolo
PP20130213228,02/13/2013,Tunde Eze,Male,2.34814E+12,tunde.eze72@hotmail.com,80017536585,Epe Division,Carmel,94117,Blocked drainage channel causing street-level flooding,6.476544,3.584444,Closed,13/02/2026 04:03,Blockage,Eredo LCDA,Ikeja,Mushin
PP20191104920,11/04/2019,Ifeanyi Danladi,Male,2.3491E+12,ifeanyi.danladi11@hotmail.com,12865423046,Lagos Island Division,Irving,94122,Public tap pipe severely damaged in residential community,6.4359,3.410645,Closed,13/02/2026 04:03,Sanitation failure,Iba LCDA,Ikeja,Agege
PP20161228762,12/28/2016,Chinedu Nwosu,Male,2.34909E+12,chinedu.nwosu32@hotmail.com,17959217366,Ikeja Division,Inca,94115,Flooding due to collapsed drainage system after rainfall,6.639958,3.337292,Closed,13/02/2026 04:03,Blockage,Lekki LCDA,Ikeja,Oshodi-Isolo
PP20151130873,11/30/2015,Tunde Mohammed,Male,2.34814E+12,tunde.mohammed68@gmail.com,98977694862,Badagry Division,Precita,94110,Blocked drainage channel causing street-level flooding,6.451094,3.257258,Closed,13/02/2026 04:03,Blockage,Oriade LCDA,Lagos Island,Lagos Island
PP20081014048,10/14/2008,Adebayo Adebisi,Male,2.34811E+12,adebayo.adebisi43@yahoo.com,52578152634,Ikeja Division,Mission,94105,Open manhole with visible sewage leakage on street,6.53211,3.356839,Closed,13/02/2026 04:03,Leak,Ikorodu West LCDA,Ikorodu,Ikorodu
PP20130422126,04/22/2013,Uche Okoye,Male,2.34814E+12,uche.okoye36@outlook.com,95713353447,Lagos Island Division,Sutter,94108,Toilet overflow due to heavily blocked drain system,6.425195,3.426615,Closed,13/02/2026 04:03,Blockage,Eredo LCDA,Ikeja,Mushin
PP20150206845,02/06/2015,Ifeanyi Danladi,Male,2.34902E+12,ifeanyi.danladi13@hotmail.com,35678973394,Ikeja Division,Lower,94114,Severe shower pipe rupture flooding entire bathroom,6.68862,3.342054,Closed,13/02/2026 04:03,Sanitation failure,Coker-Aguda LCDA,Ikeja,Agege
PP20100507886,05/07/2010,Zainab Ekanem,Female,2.34905E+12,zainab.ekanem81@yahoo.com,21187584907,Ikeja Division,35th,94122,Underground water pipe burst near hospital entrance,6.543232,3.349488,Closed,13/02/2026 04:03,Leak,Agbado-Oke Odo LCDA,Lagos Island,Apapa
PP20131231041,12/31/2013,Obinna Umeh,Male,2.34903E+12,obinna.umeh98@outlook.com,28020053934,Epe Division,Kearny,94133,Underground water pipe burst near hospital entrance,6.460104,3.583742,Closed,13/02/2026 04:03,Leak,Itire-Ikate LCDA,Badagry,Badagry
PP20090210096,02/10/2009,Bola Ojo,Female,2.34818E+12,bola.ojo56@yahoo.com,21976931873,Ikorodu Division,Lobos,94112,Public tap pipe severely damaged in residential community,6.619957,3.521442,Closed,13/02/2026 04:03,Sanitation failure,Ojodu LCDA,Lagos Island,Eti-Osa
PP20100510931,05/10/2010,Bola Abiola,Female,2.34903E+12,bola.abiola49@hotmail.com,49531406825,Badagry Division,Kansas,94107,Low water pressure affecting entire household supply,6.398075,2.900296,Closed,13/02/2026 04:03,Sanitation failure,Agboyi-Ketu LCDA,Lagos Island,Surulere
PP20090804129,08/04/2009,Opeyemi Adeyemi,Female,2.34804E+12,opeyemi.adeyemi36@outlook.com,83528663575,Lagos Island Division,17th,94114,Septic tank backflow causing strong sewage odor indoors,6.45252,3.390431,Closed,13/02/2026 04:03,Sanitation failure,Ojokoro LCDA,Badagry,Amuwo-Odofin
PP20170627569,06/27/2017,Ifeanyi Okoye,Male,2.34902E+12,ifeanyi.okoye32@hotmail.com,53797851337,Ikeja Division,Broderick,94123,install new water services for sprinker system,6.517179,3.338051,Closed,13/02/2026 04:03,Sanitation failure,Oto-Awori LCDA,Lagos Island,Lagos Mainland
PP20191028720,10/28/2019,Emeka Oladipo,Male,2.34907E+12,emeka.oladipo73@gmail.com,43721300403,Ikeja Division,Alvarado,94114,Bathroom floor drain completely clogged with wastewater backup,6.623732,3.336733,Closed,13/02/2026 04:03,Blockage,Surulere LCDA,Lagos Island,Apapa
PP20110823478,08/23/2011,Zainab Balogun,Female,2.34813E+12,zainab.balogun38@gmail.com,77122027549,Ikeja Division,The Embarcadero,94107,Persistent dripping tap in kitchen wasting water daily,6.5889,3.338549,Open,13/02/2026 04:03,Sanitation failure,Agbado-Oke Odo LCDA,Lagos Island,Apapa
PP20130612547,06/12/2013,Aisha Balogun,Female,2.34813E+12,aisha.balogun53@outlook.com,86544989533,Lagos Island Division,Minna,94103,Toilet overflow due to heavily blocked drain system,6.429742,3.43859,Closed,13/02/2026 04:03,Blockage,Ikosi-Isheri LCDA,Ikeja,Somolu
PP20160928375,09/28/2016,Abdulrahman Abiola,Male,2.34808E+12,abdulrahman.abiola78@outlook.com,35081143246,Badagry Division,20th,94122,Underground water pipe burst near hospital entrance,6.464104,3.318269,Closed,13/02/2026 04:03,Leak,Amuwo-Odofin LCDA,Ikeja,Ifako-Ijaiye
PP20121121230,11/21/2012,Chinedu Chukwu,Male,2.34819E+12,chinedu.chukwu21@gmail.com,91531074917,Badagry Division,Howard,94103,Severe shower pipe rupture flooding entire bathroom,6.412543,2.882273,Closed,13/02/2026 04:03,Sanitation failure,Ojodu LCDA,Lagos Island,Eti-Osa
PP20150729686,07/29/2015,Ifeanyi Afolabi,Male,2.34808E+12,ifeanyi.afolabi46@yahoo.com,26163904370,Ikeja Division,Hattie,94114,Bathroom floor drain completely clogged with wastewater backup,6.574831,3.350957,Closed,13/02/2026 04:03,Blockage,Iba LCDA,Ikeja,Agege
PP20120907375,09/07/2012,Opeyemi Mohammed,Female,2.3481E+12,opeyemi.mohammed45@yahoo.com,14991059342,Epe Division,32nd,94116,Open manhole with visible sewage leakage on street,6.467691,3.591962,Closed,13/02/2026 04:03,Leak,Agbado-Oke Odo LCDA,Lagos Island,Apapa
PP20131118074,11/18/2013,Uche Nwosu,Male,2.34909E+12,uche.nwosu41@gmail.com,95354131425,Badagry Division,Bosworth,94131,Persistent dripping tap in kitchen wasting water daily,6.46849,3.261266,Closed,13/02/2026 04:03,Sanitation failure,Badagry West LCDA,Ikeja,Kosofe
PP20190916428,09/16/2019,Kelechi Abiola,Male,2.34809E+12,kelechi.abiola31@yahoo.com,41975823767,Lagos Island Division,Castro,94114,Cracked underground pipe slowly flooding compound,6.521711,3.368135,Closed,13/02/2026 04:03,Sanitation failure,Amuwo-Odofin LCDA,Ikeja,Ifako-Ijaiye
PP20190423154,04/23/2019,Ngozi Afolabi,Female,2.34808E+12,ngozi.afolabi38@outlook.com,87751632332,Badagry Division,Mission,94112,Cracked underground pipe slowly flooding compound,6.475734,3.250592,Closed,13/02/2026 04:03,Sanitation failure,Itire-Ikate LCDA,Badagry,Badagry
PP20141008809,10/08/2014,Chukwudi Nnamdi,Male,2.34807E+12,chukwudi.nnamdi75@hotmail.com,82100448345,Lagos Island Division,Sweeny,94134,Severe shower pipe rupture flooding entire bathroom,6.497039,3.360559,Closed,13/02/2026 04:03,Sanitation failure,Agbado-Oke Odo LCDA,Lagos Island,Apapa
PP20140410820,04/10/2014,Abdulrahman Okoye,Male,2.34907E+12,abdulrahman.okoye94@hotmail.com,96850718669,Ikeja Division,20th,94132,Open manhole with visible sewage leakage on street,6.617481,3.334556,Closed,13/02/2026 04:03,Leak,Iba LCDA,Ikeja,Agege
PP20171213141,12/13/2017,Seyi Chukwu,Male,2.34805E+12,seyi.chukwu67@gmail.com,94790280759,Lagos Island Division,Ocean,94112,ada bathroom remodel - relocate toilet,6.448363,3.389231,Closed,13/02/2026 04:03,Sanitation failure,Badagry West LCDA,Ikeja,Kosofe
PP20080215087,02/15/2008,Adaeze Danladi,Female,2.34803E+12,adaeze.danladi61@gmail.com,45481953241,Badagry Division,Alvarado,94114,Public tap pipe severely damaged in residential community,6.466372,3.327866,Closed,13/02/2026 04:03,Sanitation failure,Onigbongbo LCDA,Epe,Ibeju-Lekki
PP20090420717,04/20/2009,Tunde Ojo,Male,2.34905E+12,tunde.ojo26@outlook.com,26012963770,Ikeja Division,Douglass,94114,Persistent dripping tap in kitchen wasting water daily,6.662672,3.329664,Closed,13/02/2026 04:03,Sanitation failure,Badagry Central LCDA,Badagry,Ajeromi-Ifelodun
PP20160613233,06/13/2016,Olamide Umeh,Male,2.34819E+12,olamide.umeh39@gmail.com,40637785664,Ikeja Division,Balboa,94121,Minor kitchen sink pipe leakage under cabinet,6.59925,3.36654,Closed,13/02/2026 04:03,Leak,Ikeja LCDA,Epe,Epe
PP20140904822,09/04/2014,Kunle Akinyemi,Male,2.34811E+12,kunle.akinyemi81@gmail.com,68317656259,Ikeja Division,Divisadero,94115,Sewer overflow spreading wastewater near market area,6.58899,3.346915,Closed,13/02/2026 04:03,Sanitation failure,Amuwo-Odofin LCDA,Ikeja,Ifako-Ijaiye
PP20170918812,09/18/2017,Chioma Ibrahim,Female,2.34804E+12,chioma.ibrahim14@yahoo.com,66421631715,Ikeja Division,Lupine,94118,address correction. orig scope of work: remodel bathroom and kitchen,6.614261,3.330766,Closed,13/02/2026 04:03,Sanitation failure,Agboyi-Ketu LCDA,Lagos Island,Surulere
PP20170320846,03/20/2017,Ifeanyi Ogunleye,Male,2.34903E+12,ifeanyi.ogunleye79@hotmail.com,38437287794,Ikorodu Division,Van Ness,94109,Open manhole with visible sewage leakage on street,6.615973,3.506786,Closed,13/02/2026 04:03,Leak,Odi-Olowo/Ojuwoye LCDA,Lagos Island,Lagos Island
PP20191023614,10/23/2019,Bola Okafor,Female,2.34907E+12,bola.okafor10@gmail.com,9810509996,Badagry Division,King,94107,2nd flr fire sprinklers modification. addition of 2 fire sprinkler heads in guest room 200,6.452625,3.325522,Open,13/02/2026 04:03,Sanitation failure,Ojokoro LCDA,Badagry,Amuwo-Odofin
PP20150909786,09/09/2015,Chukwudi Ogunleye,Male,2.34902E+12,chukwudi.ogunleye94@outlook.com,60942144156,Lagos Island Division,Madison,94134,Flooding due to collapsed drainage system after rainfall,6.485794,3.378323,Closed,13/02/2026 04:03,Blockage,Yaba LCDA,Ikeja,Alimosho
PP20101018580,10/18/2010,Ijeoma Chukwu,Female,2.34815E+12,ijeoma.chukwu73@outlook.com,2319431071,Ikeja Division,Jackson,94109,Persistent dripping tap in kitchen wasting water daily,6.592657,3.429416,Closed,13/02/2026 04:03,Sanitation failure,Ojokoro LCDA,Badagry,Amuwo-Odofin
PP20131121197,11/21/2013,Adaeze Ekanem,Female,2.34812E+12,adaeze.ekanem33@gmail.com,39419815653,Lagos Island Division,Sacramento,94115,Underground water pipe burst near hospital entrance,6.456017,3.347709,Closed,13/02/2026 04:03,Leak,Lekki LCDA,Ikeja,Oshodi-Isolo
PP20170410442,04/10/2017,Ijeoma Adebisi,Female,2.34806E+12,ijeoma.adebisi60@yahoo.com,1995726836,Lagos Island Division,15th,94118,Water heater pipe leakage soaking utility area,6.427855,3.426794,Closed,13/02/2026 04:03,Leak,Bariga LCDA,Badagry,Amuwo-Odofin
PP20140820377,08/20/2014,Chisom Nwosu,Female,2.34811E+12,chisom.nwosu38@yahoo.com,69820731430,Ikeja Division,Peralta,94110,Low water pressure affecting entire household supply,6.515079,3.36173,Closed,13/02/2026 04:03,Sanitation failure,Ifako-Agege LCDA,Ikeja,Mushin
PP20150715319,07/15/2015,Abdulrahman Ajayi,Male,2.34807E+12,abdulrahman.ajayi61@gmail.com,63787074088,Lagos Island Division,Jackson,94109,Severe shower pipe rupture flooding entire bathroom,6.451697,3.390952,Closed,13/02/2026 04:03,Sanitation failure,Ikosi-Isheri LCDA,Ikeja,Somolu
PP20120612278,06/12/2012,Uche Mohammed,Male,2.34807E+12,uche.mohammed55@outlook.com,66080688451,Lagos Island Division,20th,94107,Cracked underground pipe slowly flooding compound,6.46121,3.399143,Closed,13/02/2026 04:03,Sanitation failure,Ayobo-Ipaja LCDA,Badagry,Ojo
PP20140428270,04/28/2014,Opeyemi Okafor,Female,2.34814E+12,opeyemi.okafor77@outlook.com,19809469555,Badagry Division,Brighton,94112,Major pipe burst near primary school disrupting access road,6.44639,3.261593,Closed,13/02/2026 04:03,Leak,Ojodu LCDA,Lagos Island,Eti-Osa
PP20160721321,07/21/2016,Chukwudi Bamidele,Male,2.34803E+12,chukwudi.bamidele19@yahoo.com,76491959439,Badagry Division,Fair Oaks,94110,Toilet overflow due to heavily blocked drain system,6.439189,3.256159,Closed,13/02/2026 04:03,Blockage,Ikorodu North LCDA,Ikorodu,Ikorodu
PP20120507376,05/07/2012,Seyi Adebisi,Male,2.34814E+12,seyi.adebisi13@hotmail.com,48158945934,Ikeja Division,Church,94114,Sewer overflow spreading wastewater near market area,6.614931,3.291905,Closed,13/02/2026 04:03,Sanitation failure,Badagry West LCDA,Ikeja,Kosofe
PP20130809130,08/09/2013,Temitope Nwosu,Female,2.34818E+12,temitope.nwosu83@gmail.com,70093924970,Lagos Island Division,27th,94122,Toilet overflow due to heavily blocked drain system,6.500161,3.348289,Closed,13/02/2026 04:03,Blockage,Igbogbo-Baiyeku LCDA,Badagry,Ojo
PP20080904303,09/04/2008,Seyi Balogun,Male,2.34811E+12,seyi.balogun27@hotmail.com,44147961590,Badagry Division,26th,94131,Minor kitchen sink pipe leakage under cabinet,6.47594,3.331451,Closed,13/02/2026 04:03,Leak,Odi-Olowo/Ojuwoye LCDA,Lagos Island,Lagos Island
PP20100910764,09/10/2010,Femi Akinyemi,Male,2.34817E+12,femi.akinyemi60@outlook.com,99258051812,Lagos Island Division,Harrison,94110,Bathroom floor drain completely clogged with wastewater backup,6.448873,3.40519,Closed,13/02/2026 04:03,Blockage,Epe LCDA,Badagry,Ajeromi-Ifelodun
PP20081107166,11/07/2008,Chioma Adeyemi,Female,2.3481E+12,chioma.adeyemi34@hotmail.com,13390747516,Ikorodu Division,Rockdale,94127,Toilet overflow due to heavily blocked drain system,6.612357,3.496415,Closed,13/02/2026 04:03,Blockage,Lekki LCDA,Ikeja,Oshodi-Isolo
PP20170105931,01/05/2017,Yetunde Adebisi,Female,2.34906E+12,yetunde.adebisi46@hotmail.com,98643754628,Badagry Division,Howard,94103,High-pressure pipe burst affecting multiple residential buildings,6.451134,3.33936,Closed,13/02/2026 04:03,Leak,Lekki LCDA,Ikeja,Oshodi-Isolo
PP20080603223,06/03/2008,Abdulrahman Yakubu,Male,2.34806E+12,abdulrahman.yakubu86@yahoo.com,33750185682,Ikeja Division,Cresta Vista,94127,Persistent dripping tap in kitchen wasting water daily,6.656996,3.346148,Open,13/02/2026 04:03,Sanitation failure,Badagry West LCDA,Ikeja,Kosofe
PP20160318909,03/18/2016,Yetunde Nwosu,Female,2.34905E+12,yetunde.nwosu38@hotmail.com,44961337921,Ikeja Division,16th,94118,Persistent dripping tap in kitchen wasting water daily,6.588181,3.311965,Closed,13/02/2026 04:03,Sanitation failure,Oshodi-Bolade LCDA,Ikeja,Alimosho
PP20080314900,03/14/2008,Kelechi Eze,Male,2.34809E+12,kelechi.eze39@hotmail.com,83850268747,Badagry Division,11th,94103,Sudden burst water pipe inside bathroom wall causing flooding,6.41711,2.884033,Closed,13/02/2026 04:03,Leak,Surulere LCDA,Lagos Island,Apapa
PP20090909865,09/09/2009,Aisha Yakubu,Female,2.34902E+12,aisha.yakubu16@hotmail.com,12789735438,Ikeja Division,California,94111,"rough in & trim out of kitchen equipment, 1 toilet, 1 lavatory.",6.664351,3.332591,Closed,13/02/2026 04:03,Sanitation failure,Odi-Olowo/Ojuwoye LCDA,Lagos Island,Lagos Island
PP20150611457,06/11/2015,Tunde Bamidele,Male,2.34807E+12,tunde.bamidele50@yahoo.com,92069722515,Lagos Island Division,Van Ness,94102,Toilet overflow due to heavily blocked drain system,6.496524,3.371833,Closed,13/02/2026 04:03,Blockage,Odi-Olowo/Ojuwoye LCDA,Lagos Island,Lagos Island
PP20121210664,12/10/2012,Ijeoma Owolabi,Female,2.34807E+12,ijeoma.owolabi46@outlook.com,46880623109,Epe Division,Amethyst,94131,Persistent dripping tap in kitchen wasting water daily,6.471142,3.586503,Closed,13/02/2026 04:03,Sanitation failure,Yaba LCDA,Ikeja,Alimosho
PP20091119448,11/19/2009,Olamide Umeh,Male,2.34816E+12,olamide.umeh30@hotmail.com,29802423305,Lagos Island Division,Minerva,94112,Major pipe burst near primary school disrupting access road,6.429464,3.421331,Closed,13/02/2026 04:03,Leak,Ifako-Ijaiye LCDA,Badagry,Badagry
PP20080416798,04/16/2008,Ayomide Danladi,Male,2.34814E+12,ayomide.danladi52@outlook.com,66562469491,Lagos Island Division,Daniel Burnham,94109,Minor kitchen sink pipe leakage under cabinet,6.457178,3.377598,Closed,13/02/2026 04:03,Leak,Onigbongbo LCDA,Epe,Ibeju-Lekki
PP20090226506,02/26/2009,Uche Okoye,Male,2.34903E+12,uche.okoye80@gmail.com,56197472164,Badagry Division,Bryant,94110,Septic tank backflow causing strong sewage odor indoors,6.436518,3.257433,Closed,13/02/2026 04:03,Sanitation failure,Surulere LCDA,Lagos Island,Apapa
PP20130506512,05/06/2013,Adaeze Chukwu,Female,2.34907E+12,adaeze.chukwu62@outlook.com,47879196462,Lagos Island Division,Santa Rosa,94112,Water pipeline rupture near highway causing erosion,6.455809,3.39286,Closed,13/02/2026 04:03,Sanitation failure,Eredo LCDA,Ikeja,Mushin
PP20140929503,09/29/2014,Chisom Ojo,Female,2.34816E+12,chisom.ojo72@yahoo.com,36110005497,Lagos Island Division,Mission,94112,Low water pressure affecting entire household supply,6.448984,3.362476,Closed,13/02/2026 04:03,Sanitation failure,Eredo LCDA,Ikeja,Mushin
PP20190603317,06/03/2019,Uche Ojo,Male,2.34814E+12,uche.ojo66@gmail.com,40757197500,Epe Division,Broadway,94123,Cracked underground pipe slowly flooding compound,6.464602,3.577217,Closed,13/02/2026 04:03,Sanitation failure,Oriade LCDA,Lagos Island,Lagos Island
PP20160428015,04/28/2016,Adaeze Adebisi,Female,2.34905E+12,adaeze.adebisi22@gmail.com,94639492114,Lagos Island Division,Washington,94115,Sudden burst water pipe inside bathroom wall causing flooding,6.526358,3.369416,Closed,13/02/2026 04:03,Leak,Onigbongbo LCDA,Epe,Ibeju-Lekki
PP20181107415,11/07/2018,Amaka Mohammed,Female,2.3481E+12,amaka.mohammed39@yahoo.com,31498788783,Epe Division,Seacliff,94121,Water main leakage along roadside causing traffic obstruction,6.474083,3.567974,Closed,13/02/2026 04:03,Leak,Oriade LCDA,Lagos Island,Lagos Island
PP20131223922,12/23/2013,Bola Eze,Female,2.3481E+12,bola.eze21@gmail.com,71882562402,Epe Division,28th,94122,Open manhole with visible sewage leakage on street,6.480292,3.589726,Closed,13/02/2026 04:03,Leak,Ikotun-Ikosi LCDA,Lagos Island,Lagos Mainland
PP20090915011,09/15/2009,Seyi Nwosu,Male,2.34803E+12,seyi.nwosu74@yahoo.com,72785657690,Ikeja Division,Grant,94133,Flooding due to collapsed drainage system after rainfall,6.61156,3.304827,Closed,13/02/2026 04:03,Blockage,Badagry Central LCDA,Badagry,Ajeromi-Ifelodun
PP20181119760,11/19/2018,Abdulrahman Mohammed,Male,2.34906E+12,abdulrahman.mohammed94@gmail.com,22230145818,Ikeja Division,Locust,94118,renew permit # pw20171113300,6.599955,3.426844,Closed,13/02/2026 04:03,Sanitation failure,Ojodu LCDA,Lagos Island,Eti-Osa
PP20100708272,07/08/2010,Adaeze Okafor,Female,2.34902E+12,adaeze.okafor71@hotmail.com,68360766198,Ikeja Division,Corona,94127,Water heater pipe leakage soaking utility area,6.583391,3.338704,Closed,13/02/2026 04:03,Leak,Lekki LCDA,Ikeja,Oshodi-Isolo
PP20081027616,10/27/2008,Chinedu Umeh,Male,2.34904E+12,chinedu.umeh69@gmail.com,70041097314,Ikeja Division,Fell,94117,Sewer overflow spreading wastewater near market area,6.663552,3.328861,Closed,13/02/2026 04:03,Sanitation failure,Igbogbo-Baiyeku LCDA,Badagry,Ojo
PP20180131399,01/31/2018,Emeka Abiola,Male,2.34808E+12,emeka.abiola69@gmail.com,57660226196,Ikeja Division,Dwight,94134,Toilet overflow due to heavily blocked drain system,6.606977,3.344243,Closed,13/02/2026 04:03,Blockage,Oriade LCDA,Lagos Island,Lagos Island
PP20191212967,12/12/2019,Seyi Danladi,Male,2.34904E+12,seyi.danladi61@hotmail.com,80151146352,Badagry Division,Beideman,94115,Low water pressure affecting entire household supply,6.468568,3.325746,Closed,13/02/2026 04:03,Sanitation failure,Eredo LCDA,Ikeja,Mushin
PP20081121726,11/21/2008,Obinna Umeh,Male,2.34814E+12,obinna.umeh24@gmail.com,33303358955,Ikeja Division,College,94110,Septic tank backflow causing strong sewage odor indoors,6.595685,3.337433,Closed,13/02/2026 04:03,Sanitation failure,Bariga LCDA,Badagry,Amuwo-Odofin
PP20150316847,03/16/2015,Aisha Oladipo,Female,2.34803E+12,aisha.oladipo37@gmail.com,66070838785,Ikeja Division,Market,94114,Flooding due to collapsed drainage system after rainfall,6.544368,3.294583,Closed,13/02/2026 04:03,Blockage,Badagry Central LCDA,Badagry,Ajeromi-Ifelodun
PP20190529183,05/29/2019,Chioma Okoye,Female,2.34809E+12,chioma.okoye90@yahoo.com,83227158877,Ikorodu Division,Francisco,94133,Sewer overflow spreading wastewater near market area,6.609641,3.521036,Closed,13/02/2026 04:03,Sanitation failure,Ifako-Ijaiye LCDA,Badagry,Badagry
PP20080905339,09/05/2008,Oluwaseun Ibrahim,Male,2.34815E+12,oluwaseun.ibrahim18@hotmail.com,6082076164,Ikeja Division,Hidalgo,94103,Bathroom floor drain completely clogged with wastewater backup,6.573806,3.443024,Closed,13/02/2026 04:03,Blockage,Coker-Aguda LCDA,Ikeja,Agege
PP20120126988,01/26/2012,Emeka Afolabi,Male,2.34905E+12,emeka.afolabi94@yahoo.com,69611623611,Ikorodu Division,Baker,94117,"change order for installing of four tankless water heaters for apts #1, 2, 3 & 4. all above gas lines and water lines.",6.624333,3.512348,Closed,13/02/2026 04:03,Sanitation failure,Amuwo-Odofin LCDA,Ikeja,Ifako-Ijaiye
PP20121227017,12/27/2012,Uche Mohammed,Male,2.34807E+12,uche.mohammed84@yahoo.com,80293428466,Ikeja Division,Market,94114,relocate 1 sprinkler in new 2nd consult room,6.661216,3.335603,Closed,13/02/2026 04:03,Sanitation failure,Ikoyi-Obalende LCDA,Epe,Ibeju-Lekki
PP20180403231,04/03/2018,Opeyemi Danladi,Female,2.34901E+12,opeyemi.danladi45@hotmail.com,81237084378,Ikeja Division,Langton,94103,Toilet overflow due to heavily blocked drain system,6.521544,3.35582,Closed,13/02/2026 04:03,Blockage,Ikoyi-Obalende LCDA,Epe,Ibeju-Lekki
PP20080602160,06/02/2008,Chinedu Owolabi,Male,2.34909E+12,chinedu.owolabi65@gmail.com,23029470028,Badagry Division,Chestnut,94123,Severe shower pipe rupture flooding entire bathroom,6.475601,3.249039,Closed,13/02/2026 04:03,Sanitation failure,Oto-Awori LCDA,Lagos Island,Lagos Mainland
PP20190829950,08/29/2019,Ifeanyi Adeyemi,Male,2.34907E+12,ifeanyi.adeyemi80@hotmail.com,80371366465,Badagry Division,Laguna,94123,Water pipeline rupture near highway causing erosion,6.426493,2.877968,Closed,13/02/2026 04:03,Sanitation failure,Ikoyi-Obalende LCDA,Epe,Ibeju-Lekki
PP20080722691,07/22/2008,Abdulrahman Ekanem,Male,2.34806E+12,abdulrahman.ekanem64@yahoo.com,18415941996,Ikorodu Division,King,94158,Persistent dripping tap in kitchen wasting water daily,6.61905,3.528208,Closed,13/02/2026 04:03,Sanitation failure,Surulere LCDA,Lagos Island,Apapa
PP20190429287,04/29/2019,Kunle Ibrahim,Male,2.34905E+12,kunle.ibrahim69@outlook.com,91653358955,Badagry Division,Natoma,94103,Water main leakage along roadside causing traffic obstruction,6.46043,3.351424,Closed,13/02/2026 04:03,Leak,Badagry West LCDA,Ikeja,Kosofe
PP20110324959,03/24/2011,Ifeanyi Abiola,Male,2.34811E+12,ifeanyi.abiola83@outlook.com,4089318592,Ikorodu Division,08th,94122,Sudden burst water pipe inside bathroom wall causing flooding,6.626478,3.504875,Closed,13/02/2026 04:03,Leak,Amuwo-Odofin LCDA,Ikeja,Ifako-Ijaiye
PP20080617677,06/17/2008,Temitope Owolabi,Female,2.34812E+12,temitope.owolabi10@yahoo.com,15958484108,Ikeja Division,Turk,94118,High-pressure pipe burst affecting multiple residential buildings,6.608124,3.361226,Closed,13/02/2026 04:03,Leak,Amuwo-Odofin LCDA,Ikeja,Ifako-Ijaiye
PP20111213057,12/13/2011,Zainab Oladipo,Female,2.34817E+12,zainab.oladipo54@gmail.com,96259381306,Ikeja Division,California,94109,Sewer overflow spreading wastewater near market area,6.676018,3.312898,Open,13/02/2026 04:03,Sanitation failure,Ikorodu West LCDA,Ikorodu,Ikorodu
PP20100108334,01/08/2010,Amaka Abiola,Female,2.34902E+12,amaka.abiola49@hotmail.com,34013109051,Badagry Division,Market,94103,Sudden burst water pipe inside bathroom wall causing flooding,6.442729,3.247525,Closed,13/02/2026 04:03,Leak,Ebute-Metta LCDA,Lagos Island,Eti-Osa
PP20140814249,08/14/2014,Femi Eze,Male,2.34903E+12,femi.eze47@hotmail.com,24256951815,Ikorodu Division,30th,94116,Sudden burst water pipe inside bathroom wall causing flooding,6.618656,3.516707,Closed,13/02/2026 04:03,Leak,Ikoyi-Obalende LCDA,Epe,Ibeju-Lekki
PP20180425835,04/25/2018,Obinna Adebisi,Male,2.34903E+12,obinna.adebisi33@hotmail.com,88187679708,Epe Division,19th,94121,Persistent dripping tap in kitchen wasting water daily,6.585777,3.970247,Closed,13/02/2026 04:03,Sanitation failure,Epe LCDA,Badagry,Ajeromi-Ifelodun
PP20171003192,10/03/2017,Olamide Chukwu,Male,2.34819E+12,olamide.chukwu78@outlook.com,50069154495,Lagos Island Division,Hyde,94109,1 shower pan waterproofing,6.452602,3.365106,Closed,13/02/2026 04:03,Sanitation failure,Ifako-Agege LCDA,Ikeja,Mushin
PP20090720771,07/20/2009,Ngozi Okoye,Female,2.34813E+12,ngozi.okoye22@hotmail.com,74749571628,Lagos Island Division,Geneva,94112,replace house trap.,6.438698,3.432708,Closed,13/02/2026 04:03,Sanitation failure,Bariga LCDA,Badagry,Amuwo-Odofin
PP20160216954,02/16/2016,Ayomide Mohammed,Male,2.34907E+12,ayomide.mohammed30@gmail.com,96279197643,Badagry Division,24th,94121,Water main leakage along roadside causing traffic obstruction,6.469339,3.187592,Open,13/02/2026 04:03,Leak,Agboyi-Ketu LCDA,Lagos Island,Surulere
PP20150224288,02/24/2015,Femi Owolabi,Male,2.34904E+12,femi.owolabi41@yahoo.com,99035518033,Ikeja Division,Summit,94132,High-pressure pipe burst affecting multiple residential buildings,6.608298,3.27839,Closed,13/02/2026 04:03,Leak,Igbogbo-Baiyeku LCDA,Badagry,Ojo
PP20170928114,09/28/2017,Adaeze Chukwu,Female,2.34906E+12,adaeze.chukwu41@outlook.com,17111043100,Epe Division,06th,94122,"remodel kitchen and laundry rooms, replace sionk, faucet, dishwasher, and gas stove.",6.588296,3.985677,Closed,13/02/2026 04:03,Sanitation failure,Ojodu LCDA,Lagos Island,Eti-Osa
PP20160818192,08/18/2016,Temitope Akinyemi,Female,2.34806E+12,temitope.akinyemi66@hotmail.com,10812847651,Ikorodu Division,08th,94122,"remodel kid bathroom, remove (e) tub, sink, toilet and install new shower pan, new floating sink & new toilet. relocate (e) laundry area in 3/f, add new master bathroom, new shower pan, new toilet & new floating sink, replace old water heater with new tankless in the garage.",6.622116,3.497733,Closed,13/02/2026 04:03,Sanitation failure,Amuwo-Odofin LCDA,Ikeja,Ifako-Ijaiye
PP20141124053,11/24/2014,Ayomide Nwosu,Male,2.34906E+12,ayomide.nwosu39@outlook.com,38625777795,Lagos Island Division,Ellis,94109,unit 208: install plumbing to new kitchen & bathroom remodel ::note existing unit already demo::,6.513589,3.389732,Closed,13/02/2026 04:03,Sanitation failure,Ikosi-Isheri LCDA,Ikeja,Somolu
PP20130514699,05/14/2013,Adebayo Nnamdi,Male,2.34906E+12,adebayo.nnamdi80@yahoo.com,92823901508,Badagry Division,O'farrell,94109,Water pipeline rupture near highway causing erosion,6.414604,2.891815,Closed,13/02/2026 04:03,Sanitation failure,Badagry West LCDA,Ikeja,Kosofe
PP20090511265,05/11/2009,Seyi Chukwu,Male,2.34802E+12,seyi.chukwu53@yahoo.com,71177041022,Badagry Division,19th,94121,install one kitchen sink & one lav. drain.,6.461283,3.183298,Closed,13/02/2026 04:03,Blockage,Amuwo-Odofin LCDA,Ikeja,Ifako-Ijaiye
PP20120509475,05/09/2012,Olamide Ibrahim,Male,2.34815E+12,olamide.ibrahim11@outlook.com,98901848599,Ikeja Division,Masonic,94117,installation of c.i. peerless boilers 63055 s/n 63-667446.,6.611183,3.34634,Closed,13/02/2026 04:03,Sanitation failure,Surulere LCDA,Lagos Island,Apapa
PP20110217137,02/17/2011,Aisha Owolabi,Female,2.34809E+12,aisha.owolabi52@outlook.com,27818374534,Epe Division,27th,94122,Low water pressure affecting entire household supply,6.470961,3.580377,Closed,13/02/2026 04:03,Sanitation failure,Igbogbo-Baiyeku LCDA,Badagry,Ojo
PP20100714421,07/14/2010,Amaka Yakubu,Female,2.34803E+12,amaka.yakubu82@yahoo.com,2302382238,Lagos Island Division,Foote,94112,Water main leakage along roadside causing traffic obstruction,6.449755,3.391608,Closed,13/02/2026 04:03,Leak,Oto-Awori LCDA,Lagos Island,Lagos Mainland
PP20090205998,02/05/2009,Chukwudi Abiola,Male,2.34809E+12,chukwudi.abiola57@gmail.com,80790194519,Ikorodu Division,Lawton,94122,install the fire sprinkler for entire church,6.621621,3.505713,Closed,13/02/2026 04:03,Sanitation failure,Mosan-Okunola LCDA,Epe,Epe
PP20121213780,12/13/2012,Ifeanyi Owolabi,Male,2.34803E+12,ifeanyi.owolabi85@outlook.com,42604212931,Ikeja Division,Fillmore,94115,Sudden burst water pipe inside bathroom wall causing flooding,6.595858,3.407754,Closed,13/02/2026 04:03,Leak,Eredo LCDA,Ikeja,Mushin
PP20151014740,10/14/2015,Zainab Abiola,Female,2.3491E+12,zainab.abiola25@outlook.com,12151079313,Ikorodu Division,Buena Vista East,94117,Underground water pipe burst near hospital entrance,6.617531,3.506103,Closed,13/02/2026 04:03,Leak,Coker-Aguda LCDA,Ikeja,Agege
PP20170404272,04/04/2017,Ijeoma Chukwu,Female,2.34816E+12,ijeoma.chukwu58@hotmail.com,14651376630,Lagos Island Division,25th,94121,Septic tank backflow causing strong sewage odor indoors,6.51137,3.362766,Closed,13/02/2026 04:03,Sanitation failure,Ifako-Agege LCDA,Ikeja,Mushin
PP20080711403,07/11/2008,Adebayo Adeyemi,Male,2.34903E+12,adebayo.adeyemi60@outlook.com,65747978025,Ikeja Division,Lincoln,94122,Water main leakage along roadside causing traffic obstruction,6.593618,3.401844,Closed,13/02/2026 04:03,Leak,Ikotun-Ikosi LCDA,Lagos Island,Lagos Mainland
PP20090406415,04/06/2009,Chinedu Mohammed,Male,2.34817E+12,chinedu.mohammed91@outlook.com,37904309592,Epe Division,Irving,94122,Open manhole with visible sewage leakage on street,6.472671,3.593896,Closed,13/02/2026 04:03,Leak,Surulere LCDA,Lagos Island,Apapa
PP20160211829,02/11/2016,Olamide Ekanem,Male,2.34805E+12,olamide.ekanem73@gmail.com,45399561661,Ikeja Division,24th,94110,Severe shower pipe rupture flooding entire bathroom,6.609823,3.305655,Closed,13/02/2026 04:03,Sanitation failure,Ebute-Metta LCDA,Lagos Island,Eti-Osa
PP20120511554,05/11/2012,Ayomide Adeyemi,Male,2.34908E+12,ayomide.adeyemi22@yahoo.com,22009588065,Ikeja Division,Keith,94124,Water main leakage along roadside causing traffic obstruction,6.664627,3.342693,Closed,13/02/2026 04:03,Leak,Ikeja LCDA,Epe,Epe
PP20170209847,02/09/2017,Chioma Yakubu,Female,2.34817E+12,chioma.yakubu35@yahoo.com,32894733552,Epe Division,Sutter,94115,High-pressure pipe burst affecting multiple residential buildings,6.606989,3.979972,Closed,13/02/2026 04:03,Leak,Ojokoro LCDA,Badagry,Amuwo-Odofin
PP20170908548,09/08/2017,Opeyemi Adebisi,Female,2.34808E+12,opeyemi.adebisi12@outlook.com,18187964217,Epe Division,16th,94118,one new water main and fire sprinkler combo.,6.465545,3.599534,Closed,13/02/2026 04:03,Sanitation failure,Amuwo-Odofin LCDA,Ikeja,Ifako-Ijaiye
PP20160630757,06/30/2016,Kelechi Eze,Male,2.34904E+12,kelechi.eze21@gmail.com,17483767416,Lagos Island Division,Munich,94112,Sudden burst water pipe inside bathroom wall causing flooding,6.469896,3.389471,Closed,13/02/2026 04:03,Leak,Oshodi-Bolade LCDA,Ikeja,Alimosho
PP20120224707,02/24/2012,Ijeoma Umeh,Female,2.34805E+12,ijeoma.umeh88@gmail.com,29999123969,Badagry Division,Maywood,94127,Severe shower pipe rupture flooding entire bathroom,6.462498,3.330482,Closed,13/02/2026 04:03,Sanitation failure,Lekki LCDA,Ikeja,Oshodi-Isolo
PP20130823560,08/23/2013,Kunle Okafor,Male,2.34903E+12,kunle.okafor72@yahoo.com,5571102676,Lagos Island Division,Jones,94102,High-pressure pipe burst affecting multiple residential buildings,6.440655,3.385513,Closed,13/02/2026 04:03,Leak,Isolo LCDA,Ikeja,Ikeja
PP20130322312,03/22/2013,Olamide Ogunleye,Male,2.34903E+12,olamide.ogunleye56@hotmail.com,87710565671,Ikeja Division,Ulloa,94127,Cracked underground pipe slowly flooding compound,6.659759,3.320922,Closed,13/02/2026 04:03,Sanitation failure,Eredo LCDA,Ikeja,Mushin
PP20120912487,09/12/2012,Chinedu Afolabi,Male,2.34904E+12,chinedu.afolabi40@outlook.com,9777961387,Ikeja Division,06th,94103,amend pp20120508443 for shower pan.,6.669453,3.330942,Closed,13/02/2026 04:03,Sanitation failure,Epe LCDA,Badagry,Ajeromi-Ifelodun
PP20080421955,04/21/2008,Opeyemi Owolabi,Female,2.34816E+12,opeyemi.owolabi26@outlook.com,37958053249,Badagry Division,Eureka,94114,new gas line for lower unit.,6.476505,3.173016,Closed,13/02/2026 04:03,Sanitation failure,Isolo LCDA,Ikeja,Ikeja
PP20080728846,07/28/2008,Temitope Danladi,Female,2.3481E+12,temitope.danladi36@yahoo.com,79505652899,Badagry Division,Spruce,94118,Flooding due to collapsed drainage system after rainfall,6.424843,2.88286,Closed,13/02/2026 04:03,Blockage,Egbe-Idimu LCDA,Ikeja,Ikeja
PP20170112109,01/12/2017,Obinna Akinyemi,Male,2.34809E+12,obinna.akinyemi96@hotmail.com,34421764090,Badagry Division,Baker,94117,Sewer overflow spreading wastewater near market area,6.460505,3.189748,Closed,13/02/2026 04:03,Sanitation failure,Lekki LCDA,Ikeja,Oshodi-Isolo
PP20150508441,05/08/2015,Bola Ojo,Female,2.34808E+12,bola.ojo78@yahoo.com,73381455929,Badagry Division,21st,94132,Water heater pipe leakage soaking utility area,6.403773,2.888824,Closed,13/02/2026 04:03,Leak,Ifako-Ijaiye LCDA,Badagry,Badagry
PP20140221386,02/21/2014,Ijeoma Ibrahim,Female,2.34811E+12,ijeoma.ibrahim56@outlook.com,59947399259,Ikeja Division,10th,94122,Cracked underground pipe slowly flooding compound,6.555265,3.313025,Closed,13/02/2026 04:03,Sanitation failure,Ikorodu West LCDA,Ikorodu,Ikorodu
PP20141001579,10/01/2014,Obinna Ojo,Male,2.34807E+12,obinna.ojo66@outlook.com,87972022521,Lagos Island Division,Allston,94127,Sewer overflow spreading wastewater near market area,6.435992,3.446453,Closed,13/02/2026 04:03,Sanitation failure,Igbogbo-Baiyeku LCDA,Badagry,Ojo
PP20160301324,03/01/2016,Adaeze Ekanem,Female,2.3482E+12,adaeze.ekanem25@gmail.com,85426639117,Ikeja Division,Pacific,94133,Septic tank backflow causing strong sewage odor indoors,6.663423,3.32329,Closed,13/02/2026 04:03,Sanitation failure,Lekki LCDA,Ikeja,Oshodi-Isolo
PP20130125718,01/25/2013,Opeyemi Ojo,Female,2.34807E+12,opeyemi.ojo36@gmail.com,36289866097,Lagos Island Division,Valencia,94110,Bathroom floor drain completely clogged with wastewater backup,6.447869,3.389145,Closed,13/02/2026 04:03,Blockage,Surulere LCDA,Lagos Island,Apapa
PP20180611221,06/11/2018,Obinna Eze,Male,2.34816E+12,obinna.eze35@outlook.com,17107395990,Lagos Island Division,31st,94122,Persistent dripping tap in kitchen wasting water daily,6.442426,3.37089,Closed,13/02/2026 04:03,Sanitation failure,Isolo LCDA,Ikeja,Ikeja
PP20180320844,03/20/2018,Chioma Yakubu,Female,2.34808E+12,chioma.yakubu38@gmail.com,86452819009,Ikorodu Division,20th,94114,Toilet overflow due to heavily blocked drain system,6.633605,3.504793,Closed,13/02/2026 04:03,Blockage,Badagry West LCDA,Ikeja,Kosofe
PP20130205999,02/05/2013,Seyi Nnamdi,Male,2.34803E+12,seyi.nnamdi53@gmail.com,15589373230,Lagos Island Division,07th,94122,Major pipe burst near primary school disrupting access road,6.440476,3.363714,Closed,13/02/2026 04:03,Leak,Agboyi-Ketu LCDA,Lagos Island,Surulere
PP20130820440,08/20/2013,Adaeze Danladi,Female,2.34806E+12,adaeze.danladi38@gmail.com,84624936412,Ikeja Division,Pacific,94115,Blocked drainage channel causing street-level flooding,6.596278,3.357829,Closed,13/02/2026 04:03,Blockage,Eredo LCDA,Ikeja,Mushin
PP20140821452,08/21/2014,Bola Balogun,Female,2.34816E+12,bola.balogun11@yahoo.com,72646986503,Ikeja Division,West Portal,94127,Severe shower pipe rupture flooding entire bathroom,6.555629,3.292943,Closed,13/02/2026 04:03,Sanitation failure,Surulere LCDA,Lagos Island,Apapa
PP20160418696,04/18/2016,Yetunde Adebisi,Female,2.34903E+12,yetunde.adebisi18@outlook.com,70518788118,Badagry Division,Post,94109,Minor kitchen sink pipe leakage under cabinet,6.430475,2.902959,Closed,13/02/2026 04:03,Leak,Ikosi-Isheri LCDA,Ikeja,Somolu
PP20170526719,05/26/2017,Femi Ojo,Male,2.34804E+12,femi.ojo93@hotmail.com,13109642740,Badagry Division,Upper,94117,Open manhole with visible sewage leakage on street,6.443872,3.246123,Closed,13/02/2026 04:03,Leak,Agboyi-Ketu LCDA,Lagos Island,Surulere
PP20081202030,12/02/2008,Emeka Akinyemi,Male,2.34908E+12,emeka.akinyemi67@yahoo.com,84257126148,Ikeja Division,Stanyan,94117,Minor kitchen sink pipe leakage under cabinet,6.611859,3.298345,Closed,13/02/2026 04:03,Leak,Coker-Aguda LCDA,Ikeja,Agege
PP20161012727,10/12/2016,Ifeanyi Bamidele,Male,2.34813E+12,ifeanyi.bamidele12@outlook.com,62198889208,Ikeja Division,Beach,94109,Flooding due to collapsed drainage system after rainfall,6.676385,3.348702,Closed,13/02/2026 04:03,Blockage,Ikorodu North LCDA,Ikorodu,Ikorodu
PP20080404480,04/04/2008,Chisom Adeyemi,Female,2.34809E+12,chisom.adeyemi61@outlook.com,61587557870,Badagry Division,25th,94114,Flooding due to collapsed drainage system after rainfall,6.413231,2.877017,Open,13/02/2026 04:03,Blockage,Orile-Agege LCDA,Ikeja,Kosofe
PP20170807645,08/07/2017,Adebayo Okafor,Male,2.34811E+12,adebayo.okafor62@yahoo.com,15733190986,Ikeja Division,Potrero,94103,Major pipe burst near primary school disrupting access road,6.656007,3.321291,Closed,13/02/2026 04:03,Leak,Isolo LCDA,Ikeja,Ikeja
PP20180730546,07/30/2018,Ayomide Ogunleye,Male,2.34907E+12,ayomide.ogunleye81@hotmail.com,81941968203,Ikorodu Division,Saint Charles,94132,Cracked underground pipe slowly flooding compound,6.619069,3.528446,Closed,13/02/2026 04:03,Sanitation failure,Surulere LCDA,Lagos Island,Apapa
PP20150812102,08/12/2015,Ngozi Balogun,Female,2.34803E+12,ngozi.balogun94@outlook.com,35448077729,Badagry Division,Pierce,94117,Underground water pipe burst near hospital entrance,6.444824,3.252238,Closed,13/02/2026 04:03,Leak,Ikeja LCDA,Epe,Epe
PP20080709284,07/09/2008,Ijeoma Afolabi,Female,2.34804E+12,ijeoma.afolabi52@yahoo.com,71772388989,Ikeja Division,Palou,94124,Bathroom floor drain completely clogged with wastewater backup,6.583136,3.428584,Closed,13/02/2026 04:03,Blockage,Agboyi-Ketu LCDA,Lagos Island,Surulere
PP20130417032,04/17/2013,Bola Balogun,Female,2.34818E+12,bola.balogun22@hotmail.com,50787058866,Ikeja Division,Pine,94108,Water heater pipe leakage soaking utility area,6.608569,3.411391,Closed,13/02/2026 04:03,Leak,Ikorodu West LCDA,Ikorodu,Ikorodu
PP20160621453,06/21/2016,Adebayo Okoye,Male,2.34812E+12,adebayo.okoye46@outlook.com,36949401819,Epe Division,Laguna,94102,Open manhole with visible sewage leakage on street,6.465106,3.595442,Closed,13/02/2026 04:03,Leak,Ojodu LCDA,Lagos Island,Eti-Osa
PP20161028221,10/28/2016,Chukwudi Oladipo,Male,2.34905E+12,chukwudi.oladipo41@yahoo.com,18216856227,Lagos Island Division,32nd,94121,Septic tank backflow causing strong sewage odor indoors,6.460919,3.413167,Closed,13/02/2026 04:03,Sanitation failure,Ikoyi-Obalende LCDA,Epe,Ibeju-Lekki
PP20190702238,07/02/2019,Chinedu Owolabi,Male,2.34816E+12,chinedu.owolabi74@outlook.com,64582257402,Lagos Island Division,18th,94116,Blocked drainage channel causing street-level flooding,6.438939,3.418307,Closed,13/02/2026 04:03,Blockage,Onigbongbo LCDA,Epe,Ibeju-Lekki
PP20120625570,06/25/2012,Femi Afolabi,Male,2.34819E+12,femi.afolabi33@outlook.com,73859339466,Ikorodu Division,Rousseau,94112,Water main leakage along roadside causing traffic obstruction,6.625307,3.521587,Closed,13/02/2026 04:03,Leak,Ebute-Metta LCDA,Lagos Island,Eti-Osa
PP20090107165,01/07/2009,Femi Afolabi,Male,2.34815E+12,femi.afolabi31@yahoo.com,96481797247,Epe Division,Julian,94103,Septic tank backflow causing strong sewage odor indoors,6.478205,3.590073,Closed,13/02/2026 04:03,Sanitation failure,Isolo LCDA,Ikeja,Ikeja
PP20160411544,04/11/2016,Tunde Owolabi,Male,2.34908E+12,tunde.owolabi54@hotmail.com,98633275959,Epe Division,Lyon,94117,Public tap pipe severely damaged in residential community,6.480667,3.596693,Closed,13/02/2026 04:03,Sanitation failure,Bariga LCDA,Badagry,Amuwo-Odofin
PP20120326396,03/26/2012,Emeka Okafor,Male,2.34808E+12,emeka.okafor76@hotmail.com,98232209584,Badagry Division,Judah,94122,Water main leakage along roadside causing traffic obstruction,6.428822,2.891487,Closed,13/02/2026 04:03,Leak,Ayobo-Ipaja LCDA,Badagry,Ojo
PP20180907650,09/07/2018,Oluwaseun Okafor,Male,2.34802E+12,oluwaseun.okafor56@gmail.com,91935663994,Lagos Island Division,20th,94121,Blocked drainage channel causing street-level flooding,6.522729,3.380667,Closed,13/02/2026 04:03,Blockage,Agboyi-Ketu LCDA,Lagos Island,Surulere
PP20140113347,01/13/2014,Kelechi Adebisi,Male,2.34902E+12,kelechi.adebisi41@hotmail.com,39561927603,Ikeja Division,Market,94102,Major pipe burst near primary school disrupting access road,6.539365,3.346431,Closed,13/02/2026 04:03,Leak,Eredo LCDA,Ikeja,Mushin
PP20140328460,03/28/2014,Emeka Afolabi,Male,2.34908E+12,emeka.afolabi54@hotmail.com,42399967813,Badagry Division,14th,94122,Public tap pipe severely damaged in residential community,6.464687,3.179067,Closed,13/02/2026 04:03,Sanitation failure,Lekki LCDA,Ikeja,Oshodi-Isolo
PP20120502278,05/02/2012,Chisom Ojo,Female,2.34904E+12,chisom.ojo50@hotmail.com,2767549848,Lagos Island Division,Valencia,94103,Low water pressure affecting entire household supply,6.524687,3.391985,Closed,13/02/2026 04:03,Sanitation failure,Itire-Ikate LCDA,Badagry,Badagry
PP20160520641,05/20/2016,Olamide Mohammed,Male,2.34815E+12,olamide.mohammed61@hotmail.com,34052915084,Lagos Island Division,Bush,94109,site survey only- per complaint #201603321,6.435011,3.422364,Closed,13/02/2026 04:03,Sanitation failure,Epe LCDA,Badagry,Ajeromi-Ifelodun
PP20131016118,10/16/2013,Uche Akinyemi,Male,2.34905E+12,uche.akinyemi20@gmail.com,69886336769,Epe Division,Divisadero,94117,Underground water pipe burst near hospital entrance,6.456401,3.592463,Closed,13/02/2026 04:03,Leak,Ikosi-Isheri LCDA,Ikeja,Somolu
PP20160304442,03/04/2016,Tunde Okafor,Male,2.34904E+12,tunde.okafor94@yahoo.com,33786290458,Ikeja Division,Lafayette,94103,Water heater pipe leakage soaking utility area,6.560055,3.329733,Closed,13/02/2026 04:03,Leak,Ikosi-Isheri LCDA,Ikeja,Somolu
PP20081007748,10/07/2008,Chinedu Danladi,Male,2.34906E+12,chinedu.danladi20@outlook.com,40313682236,Lagos Island Division,Sloat,94132,"new master bathroom, new bathroom on 2nd floor, remodel two existing bathroom, remodel existing kitchen.",6.521322,3.381392,Closed,13/02/2026 04:03,Sanitation failure,Onigbongbo LCDA,Epe,Ibeju-Lekki
PP20190822740,08/22/2019,Oluwaseun Bamidele,Male,2.34817E+12,oluwaseun.bamidele52@yahoo.com,54373261373,Ikeja Division,Trumbull,94112,Toilet overflow due to heavily blocked drain system,6.529794,3.370375,Closed,13/02/2026 04:03,Blockage,Ikorodu North LCDA,Ikorodu,Ikorodu
PP20080902193,09/02/2008,Femi Akinyemi,Male,2.34808E+12,femi.akinyemi74@yahoo.com,96143868961,Lagos Island Division,09th,94118,Water main leakage along roadside causing traffic obstruction,6.523447,3.38199,Closed,13/02/2026 04:03,Leak,Apapa-Iganmu LCDA,Ikeja,Ifako-Ijaiye
PP20171201798,12/01/2017,Femi Nwosu,Male,2.34903E+12,femi.nwosu38@gmail.com,11406138791,Ikeja Division,Geary,94108,Bathroom floor drain completely clogged with wastewater backup,6.533379,3.356466,Closed,13/02/2026 04:03,Blockage,Yaba LCDA,Ikeja,Alimosho
PP20110210962,02/10/2011,Tunde Mohammed,Male,2.34808E+12,tunde.mohammed38@gmail.com,33114373740,Ikeja Division,Carmel,94117,install (1) shower pan,6.604536,3.296941,Closed,13/02/2026 04:03,Sanitation failure,Ikosi-Isheri LCDA,Ikeja,Somolu
PP20120323332,03/23/2012,Opeyemi Ajayi,Female,2.34807E+12,opeyemi.ajayi70@yahoo.com,87022460095,Ikeja Division,Mason,94108,Major pipe burst near primary school disrupting access road,6.626236,3.325735,Closed,13/02/2026 04:03,Leak,Epe LCDA,Badagry,Ajeromi-Ifelodun
PP20131010930,10/10/2013,Tunde Balogun,Male,2.34908E+12,tunde.balogun80@yahoo.com,42239183929,Badagry Division,Coleridge,94110,Cracked underground pipe slowly flooding compound,6.46233,3.175999,Closed,13/02/2026 04:03,Sanitation failure,Apapa-Iganmu LCDA,Ikeja,Ifako-Ijaiye
PP20081031883,10/31/2008,Obinna Ajayi,Male,2.34806E+12,obinna.ajayi14@gmail.com,68154060983,Badagry Division,Hampshire,94110,Public tap pipe severely damaged in residential community,6.47295,3.167768,Closed,13/02/2026 04:03,Sanitation failure,Ebute-Metta LCDA,Lagos Island,Eti-Osa
PP20090122601,01/22/2009,Amaka Adebisi,Female,2.34808E+12,amaka.adebisi24@gmail.com,70423379920,Lagos Island Division,Liberty,94110,Sewer overflow spreading wastewater near market area,6.448511,3.398472,Closed,13/02/2026 04:03,Sanitation failure,Igbogbo-Baiyeku LCDA,Badagry,Ojo
PP20120410773,04/10/2012,Obinna Ogunleye,Male,2.34816E+12,obinna.ogunleye14@hotmail.com,41538616972,Epe Division,31st,94122,Underground water pipe burst near hospital entrance,6.485655,3.584342,Closed,13/02/2026 04:03,Leak,Igbogbo-Baiyeku LCDA,Badagry,Ojo
PP20150304547,03/04/2015,Chisom Ogunleye,Female,2.34811E+12,chisom.ogunleye90@yahoo.com,21029688554,Lagos Island Division,Miramar,94112,Severe shower pipe rupture flooding entire bathroom,6.448548,3.413512,Closed,13/02/2026 04:03,Sanitation failure,Isolo LCDA,Ikeja,Ikeja
PP20161212340,12/12/2016,Kelechi Eze,Male,2.34819E+12,kelechi.eze13@hotmail.com,16053205600,Ikeja Division,Berry,94158,"fire sprinkler t/1 - ""suite # 1600"" - lev 1, 195 added sprinklers",6.58732,3.329512,Open,13/02/2026 04:03,Sanitation failure,Badagry West LCDA,Ikeja,Kosofe
PP20130314070,03/14/2013,Tunde Ekanem,Male,2.34808E+12,tunde.ekanem94@outlook.com,65677886858,Ikorodu Division,29th,94131,Water main leakage along roadside causing traffic obstruction,6.6238,3.505479,Closed,13/02/2026 04:03,Leak,Ikorodu West LCDA,Ikorodu,Ikorodu
PP20111101130,11/01/2011,Kunle Nwosu,Male,2.34818E+12,kunle.nwosu43@hotmail.com,11521767588,Ikeja Division,Carmel,94117,Water main leakage along roadside causing traffic obstruction,6.598788,3.302084,Open,13/02/2026 04:03,Leak,Egbe-Idimu LCDA,Ikeja,Ikeja
PP20190618809,06/18/2019,Chisom Ojo,Female,2.34901E+12,chisom.ojo78@hotmail.com,19482471535,Epe Division,Waterville,94124,remodel kitchen & 4 bathroom including 1 shower pan.,6.472438,3.579359,Closed,13/02/2026 04:03,Sanitation failure,Orile-Agege LCDA,Ikeja,Kosofe
PP20150227390,02/27/2015,Emeka Umeh,Male,2.34803E+12,emeka.umeh31@outlook.com,25692471606,Ikeja Division,Hyde,94109,Water main leakage along roadside causing traffic obstruction,6.514497,3.363325,Closed,13/02/2026 04:03,Leak,Egbe-Idimu LCDA,Ikeja,Ikeja
PP20110801950,08/01/2011,Chioma Afolabi,Female,2.34802E+12,chioma.afolabi23@hotmail.com,3341557903,Epe Division,Laguna,94123,Sudden burst water pipe inside bathroom wall causing flooding,6.590502,3.982608,Closed,13/02/2026 04:03,Leak,Igbogbo-Baiyeku LCDA,Badagry,Ojo
PP20150730726,07/30/2015,Opeyemi Akinyemi,Female,2.34812E+12,opeyemi.akinyemi17@hotmail.com,17371384598,Ikeja Division,Jackson,94115,Minor kitchen sink pipe leakage under cabinet,6.633966,3.325299,Closed,13/02/2026 04:03,Leak,Apapa-Iganmu LCDA,Ikeja,Ifako-Ijaiye
PP20190802127,08/02/2019,Ayomide Ajayi,Male,2.3482E+12,ayomide.ajayi76@yahoo.com,86168166257,Ikorodu Division,31st,94122,Underground water pipe burst near hospital entrance,6.604145,3.503581,Closed,13/02/2026 04:03,Leak,Ikeja LCDA,Epe,Epe
PP20190809309,08/09/2019,Ayomide Ogunleye,Male,2.34813E+12,ayomide.ogunleye38@yahoo.com,97251179443,Lagos Island Division,20th,94110,"strom drain-sump pump system. isntall sump-basin. runnig drain pipes underground running roof drain pipes to basin, install trench drain.",6.523944,3.381633,Closed,13/02/2026 04:03,Blockage,Eredo LCDA,Ikeja,Mushin
PP20090126699,01/26/2009,Yetunde Oladipo,Female,2.34819E+12,yetunde.oladipo21@outlook.com,93722721425,Epe Division,Ora,94131,Toilet overflow due to heavily blocked drain system,6.581588,3.987121,Closed,13/02/2026 04:03,Blockage,Lekki LCDA,Ikeja,Oshodi-Isolo
PP20080219122,02/19/2008,Uche Nwosu,Male,2.3482E+12,uche.nwosu61@yahoo.com,62890636880,Ikeja Division,Hyde,94109,Water pipeline rupture near highway causing erosion,6.602985,3.350438,Closed,13/02/2026 04:03,Sanitation failure,Ikorodu North LCDA,Ikorodu,Ikorodu
PP20091016688,10/16/2009,Kelechi Umeh,Male,2.34815E+12,kelechi.umeh11@gmail.com,93695862694,Lagos Island Division,Eddy,94102,Public tap pipe severely damaged in residential community,6.453278,3.405873,Closed,13/02/2026 04:03,Sanitation failure,Epe LCDA,Badagry,Ajeromi-Ifelodun
PP20090409526,04/09/2009,Adebayo Ibrahim,Male,2.34809E+12,adebayo.ibrahim64@outlook.com,19255658447,Epe Division,17th,94110,Blocked drainage channel causing street-level flooding,6.473427,3.589568,Closed,13/02/2026 04:03,Blockage,Igbogbo-Baiyeku LCDA,Badagry,Ojo
PP20100913804,09/13/2010,Chinedu Balogun,Male,2.34817E+12,chinedu.balogun43@hotmail.com,70255019609,Lagos Island Division,Holladay,94110,Water heater pipe leakage soaking utility area,6.454498,3.363477,Closed,13/02/2026 04:03,Leak,Igbogbo-Baiyeku LCDA,Badagry,Ojo
PP20120413860,04/13/2012,Abdulrahman Bamidele,Male,2.34902E+12,abdulrahman.bamidele77@yahoo.com,40567220245,Badagry Division,05th,94122,Water pipeline rupture near highway causing erosion,6.473127,3.346592,Closed,13/02/2026 04:03,Sanitation failure,Igbogbo-Baiyeku LCDA,Badagry,Ojo
PP20140127708,01/27/2014,Adaeze Eze,Female,2.34903E+12,adaeze.eze21@yahoo.com,23448701426,Badagry Division,Ocean,94127,Flooding due to collapsed drainage system after rainfall,6.462965,3.19009,Closed,13/02/2026 04:03,Blockage,Ikosi-Isheri LCDA,Ikeja,Somolu
PP20130806008,08/06/2013,Ijeoma Adeyemi,Female,2.34816E+12,ijeoma.adeyemi30@yahoo.com,51745759263,Lagos Island Division,06th,94118,Toilet overflow due to heavily blocked drain system,6.453203,3.409101,Closed,13/02/2026 04:03,Blockage,Ikorodu North LCDA,Ikorodu,Ikorodu
PP20130220402,02/20/2013,Femi Bamidele,Male,2.34813E+12,femi.bamidele94@hotmail.com,55407913250,Badagry Division,Mission,94103,Sewer overflow spreading wastewater near market area,6.459936,3.351309,Closed,13/02/2026 04:03,Sanitation failure,Igbogbo-Baiyeku LCDA,Badagry,Ojo
PP20130328487,03/28/2013,Opeyemi Ojo,Female,2.34904E+12,opeyemi.ojo98@yahoo.com,84433088399,Lagos Island Division,West Portal,94127,Water pipeline rupture near highway causing erosion,6.448398,3.344692,Closed,13/02/2026 04:03,Sanitation failure,Ikeja LCDA,Epe,Epe
PP20161213407,12/13/2016,Emeka Balogun,Male,2.34813E+12,emeka.balogun90@outlook.com,36308143756,Epe Division,22nd,94110,Public tap pipe severely damaged in residential community,6.471281,3.578189,Closed,13/02/2026 04:03,Sanitation failure,Ebute-Metta LCDA,Lagos Island,Eti-Osa
PP20081014995,10/14/2008,Oluwaseun Okoye,Male,2.34816E+12,oluwaseun.okoye79@yahoo.com,13319387078,Ikeja Division,Folsom,94107,Sudden burst water pipe inside bathroom wall causing flooding,6.610206,3.344974,Closed,13/02/2026 04:03,Leak,Bariga LCDA,Badagry,Amuwo-Odofin
PP20090508224,05/08/2009,Chisom Ekanem,Female,2.34904E+12,chisom.ekanem49@hotmail.com,79074885262,Ikeja Division,Guerrero,94110,"complete job in reference to permit #487857. install 10 bathrooms, 3 kitchen, 3 water heaters, trench repair, new 2"" water service.",6.549138,3.289205,Closed,13/02/2026 04:03,Sanitation failure,Bariga LCDA,Badagry,Amuwo-Odofin
PP20121101761,11/01/2012,Opeyemi Afolabi,Female,2.34817E+12,opeyemi.afolabi91@yahoo.com,67443275513,Epe Division,Grant,94108,install toilets and lav - mop sink in the basement & first floor (ok per sp).,6.465477,3.560761,Closed,13/02/2026 04:03,Sanitation failure,Iba LCDA,Ikeja,Agege
PP20090105066,01/05/2009,Chukwudi Adebisi,Male,2.34909E+12,chukwudi.adebisi82@yahoo.com,49429441422,Ikorodu Division,Grove,94117,Major pipe burst near primary school disrupting access road,6.603561,3.518104,Closed,13/02/2026 04:03,Leak,Apapa-Iganmu LCDA,Ikeja,Ifako-Ijaiye
PP20140612448,06/12/2014,Bola Ekanem,Female,2.34908E+12,bola.ekanem61@yahoo.com,48182600782,Lagos Island Division,21st,94114,Sewer overflow spreading wastewater near market area,6.504758,3.365055,Closed,13/02/2026 04:03,Sanitation failure,Oriade LCDA,Lagos Island,Lagos Island
PP20101202511,12/02/2010,Kunle Akinyemi,Male,2.34818E+12,kunle.akinyemi26@yahoo.com,52564274082,Badagry Division,Bannan,94133,Flooding due to collapsed drainage system after rainfall,6.44033,3.249523,Closed,13/02/2026 04:03,Blockage,Ikeja LCDA,Epe,Epe
PP20110404238,04/04/2011,Aisha Danladi,Female,2.34816E+12,aisha.danladi31@gmail.com,12697164860,Ikeja Division,Cerritos,94127,"install gas line for range, water to fridge, install new sink, re-route 4"" waste line which is now in wall to be removed, this line serves the upstairs bathroom.",6.527264,3.343016,Closed,13/02/2026 04:03,Sanitation failure,Iba LCDA,Ikeja,Agege
PP20131104664,11/04/2013,Ifeanyi Ibrahim,Male,2.34905E+12,ifeanyi.ibrahim41@hotmail.com,5802430933,Ikeja Division,Church,94114,Septic tank backflow causing strong sewage odor indoors,6.542334,3.363374,Closed,13/02/2026 04:03,Sanitation failure,Ikeja LCDA,Epe,Epe
PP20200109591,01/09/2020,Aisha Ojo,Female,2.34802E+12,aisha.ojo64@gmail.com,93260103494,Lagos Island Division,Polk,94109,Cracked underground pipe slowly flooding compound,6.49469,3.361069,Closed,13/02/2026 04:03,Sanitation failure,Igbogbo-Baiyeku LCDA,Badagry,Ojo
PP20130618717,06/18/2013,Opeyemi Ogunleye,Female,2.34804E+12,opeyemi.ogunleye89@hotmail.com,12395511811,Lagos Island Division,Rausch,94103,Water main leakage along roadside causing traffic obstruction,6.526484,3.358783,Closed,13/02/2026 04:03,Leak,Ikosi-Isheri LCDA,Ikeja,Somolu
PP20161206199,12/06/2016,Chukwudi Abiola,Male,2.34909E+12,chukwudi.abiola31@yahoo.com,28559463992,Lagos Island Division,Green,94123,"kitchen remodel, ref pp20161103389",6.521928,3.37238,Closed,13/02/2026 04:03,Sanitation failure,Igbogbo-Baiyeku LCDA,Badagry,Ojo
PP20170829308,08/29/2017,Tunde Afolabi,Male,2.34815E+12,tunde.afolabi59@outlook.com,69051172835,Ikeja Division,Broadway,94109,Underground water pipe burst near hospital entrance,6.517284,3.351789,Closed,13/02/2026 04:03,Leak,Ayobo-Ipaja LCDA,Badagry,Ojo
PP20111219225,12/19/2011,Adebayo Ajayi,Male,2.34905E+12,adebayo.ajayi75@gmail.com,9923403439,Epe Division,Roosevelt,94114,Septic tank backflow causing strong sewage odor indoors,6.601977,3.990008,Closed,13/02/2026 04:03,Sanitation failure,Badagry Central LCDA,Badagry,Ajeromi-Ifelodun
PP20160427956,04/27/2016,Temitope Umeh,Female,2.34817E+12,temitope.umeh17@hotmail.com,96772497689,Epe Division,Chestnut,94109,"replace bath tub, kitchen sink and faucet.",6.464288,3.590726,Closed,13/02/2026 04:03,Sanitation failure,Bariga LCDA,Badagry,Amuwo-Odofin
PP20181030196,10/30/2018,Ijeoma Chukwu,Female,2.34808E+12,ijeoma.chukwu74@gmail.com,61378640851,Badagry Division,Laidley,94131,Underground water pipe burst near hospital entrance,6.463994,3.259246,Closed,13/02/2026 04:03,Leak,Oshodi-Bolade LCDA,Ikeja,Alimosho
PP20090327201,03/27/2009,Temitope Ajayi,Female,2.34818E+12,temitope.ajayi49@gmail.com,99190391981,Lagos Island Division,Buchanan,94102,Severe shower pipe rupture flooding entire bathroom,6.454696,3.388231,Closed,13/02/2026 04:03,Sanitation failure,Igbogbo-Baiyeku LCDA,Badagry,Ojo
PP20190820613,08/20/2019,Ijeoma Umeh,Female,2.34811E+12,ijeoma.umeh14@gmail.com,80655109771,Ikeja Division,Ofarrell,94115,"install new fire sprinkler system in the new 1st fl adu and 3gress paths per nfpa 13. including a 2"" dedicated fire underground. total 23 heads",6.622482,3.339935,Closed,13/02/2026 04:03,Sanitation failure,Ifako-Ijaiye LCDA,Badagry,Badagry
PP20170331172,03/31/2017,Aisha Ibrahim,Female,2.34811E+12,aisha.ibrahim55@hotmail.com,33183334973,Ikorodu Division,Lunado,94127,Persistent dripping tap in kitchen wasting water daily,6.628352,3.516852,Closed,13/02/2026 04:03,Sanitation failure,Agbado-Oke Odo LCDA,Lagos Island,Apapa
PP20151210200,12/10/2015,Chisom Owolabi,Female,2.34905E+12,chisom.owolabi26@gmail.com,20138055929,Badagry Division,Haight,94117,t.i. add (4) sprinklers.,6.460496,3.244648,Closed,13/02/2026 04:03,Sanitation failure,Igbogbo-Baiyeku LCDA,Badagry,Ojo
PP20121003045,10/03/2012,Kunle Ibrahim,Male,2.34819E+12,kunle.ibrahim39@hotmail.com,89201331955,Ikeja Division,16th,94103,Water heater pipe leakage soaking utility area,6.566774,3.310076,Closed,13/02/2026 04:03,Leak,Badagry Central LCDA,Badagry,Ajeromi-Ifelodun
PP20110712496,07/12/2011,Uche Nnamdi,Male,2.34816E+12,uche.nnamdi88@hotmail.com,20983846227,Epe Division,08th,94122,Water pipeline rupture near highway causing erosion,6.604753,3.976708,Closed,13/02/2026 04:03,Sanitation failure,Eredo LCDA,Ikeja,Mushin
PP20131211628,12/11/2013,Adaeze Ajayi,Female,2.34803E+12,adaeze.ajayi45@hotmail.com,7720836824,Ikorodu Division,San Gabriel,94112,Cracked underground pipe slowly flooding compound,6.63676,3.512479,Closed,13/02/2026 04:03,Sanitation failure,Ayobo-Ipaja LCDA,Badagry,Ojo
PP20090305661,03/05/2009,Aisha Nnamdi,Female,2.34816E+12,aisha.nnamdi75@hotmail.com,92413124829,Epe Division,Kansas,94107,Major pipe burst near primary school disrupting access road,6.463486,3.580161,Closed,13/02/2026 04:03,Leak,Ikorodu West LCDA,Ikorodu,Ikorodu
PP20150616562,06/16/2015,Olamide Umeh,Male,2.34909E+12,olamide.umeh54@hotmail.com,53399463788,Badagry Division,47th,94121,Open manhole with visible sewage leakage on street,6.457797,3.187242,Closed,13/02/2026 04:03,Leak,Ikorodu West LCDA,Ikorodu,Ikorodu
PP20160908779,09/08/2016,Temitope Nwosu,Female,2.34908E+12,temitope.nwosu59@hotmail.com,81240348702,Badagry Division,14th,94118,kitchen remodel.,6.466228,3.177263,Closed,13/02/2026 04:03,Sanitation failure,Badagry Central LCDA,Badagry,Ajeromi-Ifelodun
PP20150522906,05/22/2015,Chisom Nnamdi,Female,2.3482E+12,chisom.nnamdi64@outlook.com,25330930429,Lagos Island Division,Tennessee,94107,Sudden burst water pipe inside bathroom wall causing flooding,6.453856,3.416123,Closed,13/02/2026 04:03,Leak,Yaba LCDA,Ikeja,Alimosho
PP20120223665,02/23/2012,Seyi Danladi,Male,2.34815E+12,seyi.danladi51@yahoo.com,42438591000,Epe Division,Douglass,94114,1st floor: hook up cold and hot water (sink) and washer machine. hook up gas stove; hook up drain ( kitchen remodel),6.487275,3.589363,Closed,13/02/2026 04:03,Blockage,Lekki LCDA,Ikeja,Oshodi-Isolo
PP20180327085,03/27/2018,Tunde Danladi,Male,2.34809E+12,tunde.danladi55@yahoo.com,84394822176,Ikorodu Division,Moscow,94112,Cracked underground pipe slowly flooding compound,6.61978,3.5117,Closed,13/02/2026 04:03,Sanitation failure,Oto-Awori LCDA,Lagos Island,Lagos Mainland
PP20110304452,03/04/2011,Bola Eze,Female,2.34809E+12,bola.eze59@gmail.com,13600751990,Ikeja Division,17th,94114,Severe shower pipe rupture flooding entire bathroom,6.621635,3.325772,Closed,13/02/2026 04:03,Sanitation failure,Ikosi-Isheri LCDA,Ikeja,Somolu
PP20080519773,05/19/2008,Ngozi Nnamdi,Female,2.34803E+12,ngozi.nnamdi22@yahoo.com,23492468439,Ikeja Division,University,94134,remove exsiting kitchen water and waste pipe etc.,6.551026,3.291414,Closed,13/02/2026 04:03,Sanitation failure,Surulere LCDA,Lagos Island,Apapa
PP20170602892,06/02/2017,Adaeze Yakubu,Female,2.34819E+12,adaeze.yakubu31@gmail.com,87488054592,Lagos Island Division,Rausch,94103,Sewer overflow spreading wastewater near market area,6.437092,3.428372,Closed,13/02/2026 04:03,Sanitation failure,Iba LCDA,Ikeja,Agege
PP20140407729,04/07/2014,Zainab Ojo,Female,2.34817E+12,zainab.ojo68@gmail.com,29463541054,Ikorodu Division,19th,94110,Major pipe burst near primary school disrupting access road,6.614568,3.52624,Closed,13/02/2026 04:03,Leak,Ikoyi-Obalende LCDA,Epe,Ibeju-Lekki
PP20171024790,10/24/2017,Adaeze Adeyemi,Female,2.34908E+12,adaeze.adeyemi95@outlook.com,86095628109,Epe Division,Berry,94158,Minor kitchen sink pipe leakage under cabinet,6.457742,3.570356,Closed,13/02/2026 04:03,Leak,Orile-Agege LCDA,Ikeja,Kosofe
PP20151218469,12/18/2015,Abdulrahman Akinyemi,Male,2.34908E+12,abdulrahman.akinyemi79@hotmail.com,98690392648,Ikeja Division,18th,94110,High-pressure pipe burst affecting multiple residential buildings,6.585545,3.427171,Closed,13/02/2026 04:03,Leak,Lekki LCDA,Ikeja,Oshodi-Isolo
PP20080519766,05/19/2008,Chinedu Mohammed,Male,2.34806E+12,chinedu.mohammed12@yahoo.com,25912350537,Lagos Island Division,Sanchez,94131,Septic tank backflow causing strong sewage odor indoors,6.470939,3.390111,Closed,13/02/2026 04:03,Sanitation failure,Oriade LCDA,Lagos Island,Lagos Island
PP20080228446,02/28/2008,Ayomide Ojo,Male,2.34902E+12,ayomide.ojo79@gmail.com,87719154589,Lagos Island Division,Moneta,94112,Septic tank backflow causing strong sewage odor indoors,6.459587,3.358615,Closed,13/02/2026 04:03,Sanitation failure,Eredo LCDA,Ikeja,Mushin
PP20111026009,10/26/2011,Temitope Okoye,Female,2.34907E+12,temitope.okoye58@outlook.com,64967096341,Epe Division,Seward,94114,Major pipe burst near primary school disrupting access road,6.468274,3.593837,Closed,13/02/2026 04:03,Leak,Eredo LCDA,Ikeja,Mushin
PP20180817083,08/17/2018,Emeka Nnamdi,Male,2.34816E+12,emeka.nnamdi59@gmail.com,94802381689,Ikorodu Division,Rockdale,94127,Water heater pipe leakage soaking utility area,6.625923,3.494736,Closed,13/02/2026 04:03,Leak,Oto-Awori LCDA,Lagos Island,Lagos Mainland
PP20190610541,06/10/2019,Emeka Umeh,Male,2.34906E+12,emeka.umeh44@outlook.com,34936772150,Ikorodu Division,Taylor,94133,"kitchen and bathroom remodel. new cabinets, countertop, sink, appliances, replace tub and shower fixtures. remove & re-install vanity sink & toilet. new shower",6.634165,3.524301,Closed,13/02/2026 04:03,Sanitation failure,Agboyi-Ketu LCDA,Lagos Island,Surulere
PP20090323067,03/23/2009,Aisha Ekanem,Female,2.34907E+12,aisha.ekanem81@outlook.com,86764466116,Lagos Island Division,Naples,94112,Blocked drainage channel causing street-level flooding,6.490644,3.364758,Closed,13/02/2026 04:03,Blockage,Apapa-Iganmu LCDA,Ikeja,Ifako-Ijaiye
PP20130129838,01/29/2013,Bola Abiola,Female,2.34814E+12,bola.abiola59@yahoo.com,41087112385,Lagos Island Division,Polk,94109,Sudden burst water pipe inside bathroom wall causing flooding,6.50184,3.363407,Closed,13/02/2026 04:03,Leak,Isolo LCDA,Ikeja,Ikeja
PP20160222116,02/22/2016,Ngozi Okafor,Female,2.34818E+12,ngozi.okafor64@yahoo.com,27579174932,Ikeja Division,Sansome,94111,Water main leakage along roadside causing traffic obstruction,6.577797,3.409984,Closed,13/02/2026 04:03,Leak,Isolo LCDA,Ikeja,Ikeja
PP20160505185,05/05/2016,Aisha Ajayi,Female,2.34805E+12,aisha.ajayi28@outlook.com,89665820685,Ikeja Division,Market,94114,Major pipe burst near primary school disrupting access road,6.527044,3.366327,Closed,13/02/2026 04:03,Leak,Ifako-Agege LCDA,Ikeja,Mushin
PP20160804820,08/04/2016,Ijeoma Okoye,Female,2.3482E+12,ijeoma.okoye73@gmail.com,91789780228,Ikorodu Division,Summit,94132,Septic tank backflow causing strong sewage odor indoors,6.624836,3.506794,Closed,13/02/2026 04:03,Sanitation failure,Oto-Awori LCDA,Lagos Island,Lagos Mainland
PP20101021684,10/21/2010,Uche Bamidele,Male,2.34815E+12,uche.bamidele75@hotmail.com,29021801086,Ikorodu Division,Page,94117,Sewer overflow spreading wastewater near market area,6.627117,3.482015,Closed,13/02/2026 04:03,Sanitation failure,Coker-Aguda LCDA,Ikeja,Agege
PP20140121567,01/21/2014,Oluwaseun Eze,Male,2.34903E+12,oluwaseun.eze18@gmail.com,9549432764,Epe Division,Cesar Chavez,94131,Bathroom floor drain completely clogged with wastewater backup,6.481488,3.567603,Closed,13/02/2026 04:03,Blockage,Ikotun-Ikosi LCDA,Lagos Island,Lagos Mainland
PP20171211052,12/11/2017,Abdulrahman Ogunleye,Male,2.34902E+12,abdulrahman.ogunleye38@outlook.com,86916637363,Epe Division,Stockton,94133,Water heater pipe leakage soaking utility area,6.466376,3.573803,Closed,13/02/2026 04:03,Leak,Badagry Central LCDA,Badagry,Ajeromi-Ifelodun
PP20110302370,03/02/2011,Olamide Abiola,Male,2.34906E+12,olamide.abiola27@yahoo.com,72195665755,Lagos Island Division,Monterey,94127,Water heater pipe leakage soaking utility area,6.435853,3.370608,Closed,13/02/2026 04:03,Leak,Ojokoro LCDA,Badagry,Amuwo-Odofin
PP20150804844,08/04/2015,Ngozi Umeh,Female,2.34901E+12,ngozi.umeh80@yahoo.com,21650110243,Badagry Division,Tacoma,94118,Sewer overflow spreading wastewater near market area,6.462023,3.336765,Closed,13/02/2026 04:03,Sanitation failure,Odi-Olowo/Ojuwoye LCDA,Lagos Island,Lagos Island
PP20160719253,07/19/2016,Chisom Ogunleye,Female,2.34901E+12,chisom.ogunleye38@yahoo.com,17876915348,Epe Division,Vallejo,94133,Septic tank backflow causing strong sewage odor indoors,6.469531,3.58977,Closed,13/02/2026 04:03,Sanitation failure,Eredo LCDA,Ikeja,Mushin
PP20140820416,08/20/2014,Aisha Okoye,Female,2.34803E+12,aisha.okoye92@gmail.com,83748132612,Ikorodu Division,Union,94109,Water heater pipe leakage soaking utility area,6.620168,3.49767,Open,13/02/2026 04:03,Leak,Odi-Olowo/Ojuwoye LCDA,Lagos Island,Lagos Island
PP20131213712,12/13/2013,Chioma Akinyemi,Female,2.34814E+12,chioma.akinyemi14@gmail.com,87152549369,Ikeja Division,Polk,94109,kitchen remodel.,6.563563,3.303162,Closed,13/02/2026 04:03,Sanitation failure,Ikorodu West LCDA,Ikorodu,Ikorodu
PP20170517465,05/17/2017,Femi Akinyemi,Male,2.34817E+12,femi.akinyemi78@hotmail.com,63231334017,Lagos Island Division,Fulton,94117,Public tap pipe severely damaged in residential community,6.417534,3.417619,Closed,13/02/2026 04:03,Sanitation failure,Ojodu LCDA,Lagos Island,Eti-Osa
PP20130403624,04/03/2013,Temitope Abiola,Female,2.34811E+12,temitope.abiola61@outlook.com,77478336490,Ikeja Division,Sutter,94115,Water heater pipe leakage soaking utility area,6.542308,3.363102,Closed,13/02/2026 04:03,Leak,Agbado-Oke Odo LCDA,Lagos Island,Apapa
PP20151009645,10/09/2015,Emeka Afolabi,Male,2.34906E+12,emeka.afolabi97@outlook.com,73713149976,Epe Division,Texas,94107,new fire sprinkler system.,6.466513,3.581507,Closed,13/02/2026 04:03,Sanitation failure,Ikorodu North LCDA,Ikorodu,Ikorodu
PP20181113604,11/13/2018,Tunde Balogun,Male,2.3482E+12,tunde.balogun29@outlook.com,46463393709,Badagry Division,21st,94122,Septic tank backflow causing strong sewage odor indoors,6.463484,3.354067,Closed,13/02/2026 04:03,Sanitation failure,Oshodi-Bolade LCDA,Ikeja,Alimosho
PP20100923067,09/23/2010,Chinedu Okoye,Male,2.34807E+12,chinedu.okoye82@gmail.com,49193471117,Ikeja Division,Vallejo,94123,Severe shower pipe rupture flooding entire bathroom,6.587119,3.421,Closed,13/02/2026 04:03,Sanitation failure,Coker-Aguda LCDA,Ikeja,Agege
PP20190301592,03/01/2019,Obinna Nnamdi,Male,2.34817E+12,obinna.nnamdi25@outlook.com,24159513193,Badagry Division,16th,94103,Underground water pipe burst near hospital entrance,6.471303,3.185388,Closed,13/02/2026 04:03,Leak,Oto-Awori LCDA,Lagos Island,Lagos Mainland
PP20180718267,07/18/2018,Chisom Okafor,Female,2.3481E+12,chisom.okafor34@hotmail.com,64939925137,Badagry Division,Cumberland,94114,Major pipe burst near primary school disrupting access road,6.46411,3.331337,Closed,13/02/2026 04:03,Leak,Mosan-Okunola LCDA,Epe,Epe
PP20191029758,10/29/2019,Chinedu Balogun,Male,2.34808E+12,chinedu.balogun66@gmail.com,18177695016,Lagos Island Division,Montgomery,94104,Public tap pipe severely damaged in residential community,6.523684,3.378828,Open,13/02/2026 04:03,Sanitation failure,Oshodi-Bolade LCDA,Ikeja,Alimosho
PP20110621069,06/21/2011,Kelechi Umeh,Male,2.34819E+12,kelechi.umeh14@outlook.com,38232619113,Ikeja Division,12th,94116,"remodel bathroom, re-do drains and copper.",6.560876,3.308619,Closed,13/02/2026 04:03,Blockage,Ikoyi-Obalende LCDA,Epe,Ibeju-Lekki
PP20190828887,08/28/2019,Emeka Nwosu,Male,2.34807E+12,emeka.nwosu18@outlook.com,77776564714,Badagry Division,Topaz,94131,High-pressure pipe burst affecting multiple residential buildings,6.457326,3.249193,Closed,13/02/2026 04:03,Leak,Yaba LCDA,Ikeja,Alimosho
PP20171129727,11/29/2017,Chioma Okoye,Female,2.34805E+12,chioma.okoye74@outlook.com,68908206271,Lagos Island Division,Howth,94112,Underground water pipe burst near hospital entrance,6.454886,3.374718,Closed,13/02/2026 04:03,Leak,Surulere LCDA,Lagos Island,Apapa
PP20190515825,05/15/2019,Adebayo Mohammed,Male,2.34806E+12,adebayo.mohammed35@yahoo.com,31309428358,Badagry Division,Hayes,94117,Severe shower pipe rupture flooding entire bathroom,6.475863,3.336765,Closed,13/02/2026 04:03,Sanitation failure,Orile-Agege LCDA,Ikeja,Kosofe
PP20150415762,04/15/2015,Ijeoma Balogun,Female,2.34808E+12,ijeoma.balogun28@hotmail.com,16208838631,Lagos Island Division,Ellsworth,94110,replacing house trap.,6.44308,3.392937,Closed,13/02/2026 04:03,Sanitation failure,Agbado-Oke Odo LCDA,Lagos Island,Apapa
PP20120229802,02/29/2012,Seyi Oladipo,Male,2.34904E+12,seyi.oladipo65@gmail.com,47995435210,Ikorodu Division,Fillmore,94115,Underground water pipe burst near hospital entrance,6.640284,3.509104,Closed,13/02/2026 04:03,Leak,Ifako-Agege LCDA,Ikeja,Mushin
PP20120621505,06/21/2012,Zainab Okafor,Female,2.3491E+12,zainab.okafor77@yahoo.com,80358366589,Lagos Island Division,Ramsell,94132,Toilet overflow due to heavily blocked drain system,6.507982,3.350401,Closed,13/02/2026 04:03,Blockage,Oto-Awori LCDA,Lagos Island,Lagos Mainland
PP20081027580,10/27/2008,Kunle Adeyemi,Male,2.34905E+12,kunle.adeyemi39@outlook.com,62566525190,Lagos Island Division,Folsom,94110,Water heater pipe leakage soaking utility area,6.530528,3.368666,Closed,13/02/2026 04:03,Leak,Epe LCDA,Badagry,Ajeromi-Ifelodun
PP20141027329,10/27/2014,Femi Yakubu,Male,2.3482E+12,femi.yakubu21@hotmail.com,72721727138,Ikorodu Division,09th,94103,Low water pressure affecting entire household supply,6.613162,3.52964,Closed,13/02/2026 04:03,Sanitation failure,Badagry West LCDA,Ikeja,Kosofe
PP20160408478,04/08/2016,Ijeoma Bamidele,Female,2.34816E+12,ijeoma.bamidele31@outlook.com,1189439936,Lagos Island Division,Gough,94123,Water main leakage along roadside causing traffic obstruction,6.522493,3.381374,Closed,13/02/2026 04:03,Leak,Ikeja LCDA,Epe,Epe
PP20190514780,05/14/2019,Olamide Ajayi,Male,2.34903E+12,olamide.ajayi39@hotmail.com,28480971731,Ikeja Division,Webster,94123,Severe shower pipe rupture flooding entire bathroom,6.592001,3.421657,Closed,13/02/2026 04:03,Sanitation failure,Ikosi-Isheri LCDA,Ikeja,Somolu
PP20130410818,04/10/2013,Ifeanyi Okafor,Male,2.3491E+12,ifeanyi.okafor48@hotmail.com,15292846417,Ikeja Division,Miley,94123,Persistent dripping tap in kitchen wasting water daily,6.617004,3.33965,Closed,13/02/2026 04:03,Sanitation failure,Ifako-Agege LCDA,Ikeja,Mushin
PP20100414329,04/14/2010,Chinedu Eze,Male,2.34805E+12,chinedu.eze35@gmail.com,81137446383,Badagry Division,Banks,94110,Low water pressure affecting entire household supply,6.439034,2.884424,Closed,13/02/2026 04:03,Sanitation failure,Epe LCDA,Badagry,Ajeromi-Ifelodun
PP20100512992,05/12/2010,Amaka Ekanem,Female,2.34806E+12,amaka.ekanem78@hotmail.com,72506614398,Badagry Division,47th,94116,replace sewer lateral,6.463011,3.193507,Closed,13/02/2026 04:03,Sanitation failure,Ikosi-Isheri LCDA,Ikeja,Somolu
PP20140602189,06/02/2014,Chinedu Ibrahim,Male,2.34903E+12,chinedu.ibrahim51@yahoo.com,12094233596,Badagry Division,Clay,94108,Flooding due to collapsed drainage system after rainfall,6.461055,3.26187,Closed,13/02/2026 04:03,Blockage,Yaba LCDA,Ikeja,Alimosho
PP20161220600,12/20/2016,Adaeze Nnamdi,Female,2.34906E+12,adaeze.nnamdi62@yahoo.com,67249557440,Ikeja Division,11th,94122,Severe shower pipe rupture flooding entire bathroom,6.533687,3.34317,Closed,13/02/2026 04:03,Sanitation failure,Egbe-Idimu LCDA,Ikeja,Ikeja
PP20151106358,11/06/2015,Temitope Eze,Female,2.34808E+12,temitope.eze78@yahoo.com,5994958766,Ikeja Division,Corbett,94131,"replace body shower & vanity, sink faucet",6.618134,3.340037,Closed,13/02/2026 04:03,Sanitation failure,Ikeja LCDA,Epe,Epe
PP20190925714,09/25/2019,Amaka Ajayi,Female,2.34901E+12,amaka.ajayi37@outlook.com,55064657276,Ikeja Division,Buchanan,94115,bathroom and kitchen remodel,6.672826,3.321057,Closed,13/02/2026 04:03,Sanitation failure,Orile-Agege LCDA,Ikeja,Kosofe
PP20090429954,04/29/2009,Obinna Nnamdi,Male,2.3491E+12,obinna.nnamdi86@hotmail.com,2938564246,Lagos Island Division,La Playa,94121,Bathroom floor drain completely clogged with wastewater backup,6.448159,3.362288,Closed,13/02/2026 04:03,Blockage,Surulere LCDA,Lagos Island,Apapa
PP20120425137,04/25/2012,Adaeze Mohammed,Female,2.34819E+12,adaeze.mohammed75@yahoo.com,88746394320,Lagos Island Division,Richland,94110,Water heater pipe leakage soaking utility area,6.457314,3.398919,Closed,13/02/2026 04:03,Leak,Isolo LCDA,Ikeja,Ikeja
PP20160511361,05/11/2016,Zainab Afolabi,Female,2.34815E+12,zainab.afolabi44@hotmail.com,41541741010,Lagos Island Division,25th,94121,Minor kitchen sink pipe leakage under cabinet,6.540537,3.383735,Closed,13/02/2026 04:03,Leak,Ifako-Agege LCDA,Ikeja,Mushin
PP20180308495,03/08/2018,Abdulrahman Nwosu,Male,2.34901E+12,abdulrahman.nwosu71@hotmail.com,99229069684,Lagos Island Division,Hugo,94122,Major pipe burst near primary school disrupting access road,6.521958,3.388841,Closed,13/02/2026 04:03,Leak,Badagry West LCDA,Ikeja,Kosofe
PP20150605309,06/05/2015,Yetunde Yakubu,Female,2.34814E+12,yetunde.yakubu56@yahoo.com,34773733713,Epe Division,Vicente,94116,Flooding due to collapsed drainage system after rainfall,6.595895,3.971324,Closed,13/02/2026 04:03,Blockage,Eredo LCDA,Ikeja,Mushin
PP20170228315,02/28/2017,Oluwaseun Bamidele,Male,2.34812E+12,oluwaseun.bamidele37@gmail.com,735495336,Ikeja Division,Mission Bay Blvd South,94158,add 1 ssp to meet and exceed coverage per new wall condition,6.533274,3.361612,Closed,13/02/2026 04:03,Sanitation failure,Ebute-Metta LCDA,Lagos Island,Eti-Osa
PP20190107979,01/07/2019,Temitope Ajayi,Female,2.34808E+12,temitope.ajayi32@outlook.com,8923843509,Lagos Island Division,21st,94110,Low water pressure affecting entire household supply,6.521424,3.392957,Closed,13/02/2026 04:03,Sanitation failure,Iba LCDA,Ikeja,Agege
PP20150902639,09/02/2015,Uche Ibrahim,Male,2.34813E+12,uche.ibrahim96@outlook.com,4480223669,Badagry Division,44th,94116,Septic tank backflow causing strong sewage odor indoors,6.465199,3.334556,Closed,13/02/2026 04:03,Sanitation failure,Agboyi-Ketu LCDA,Lagos Island,Surulere
PP20150127574,01/27/2015,Seyi Ogunleye,Male,2.34811E+12,seyi.ogunleye41@yahoo.com,48612646882,Lagos Island Division,Bay,94123,Sewer overflow spreading wastewater near market area,6.452369,3.394856,Closed,13/02/2026 04:03,Sanitation failure,Ayobo-Ipaja LCDA,Badagry,Ojo
PP20141216530,12/16/2014,Kunle Bamidele,Male,2.34904E+12,kunle.bamidele25@hotmail.com,75333651445,Badagry Division,16th,94122,Open manhole with visible sewage leakage on street,6.455737,3.318899,Closed,13/02/2026 04:03,Leak,Yaba LCDA,Ikeja,Alimosho
PP20150127558,01/27/2015,Chukwudi Balogun,Male,2.34802E+12,chukwudi.balogun60@outlook.com,67974197523,Ikorodu Division,Casitas,94127,gas houseline extension,6.635345,3.50203,Closed,13/02/2026 04:03,Sanitation failure,Ikorodu North LCDA,Ikorodu,Ikorodu
PP20171114370,11/14/2017,Oluwaseun Nnamdi,Male,2.34808E+12,oluwaseun.nnamdi63@hotmail.com,2315759283,Epe Division,Powell,94133,Bathroom floor drain completely clogged with wastewater backup,6.574086,3.962066,Closed,13/02/2026 04:03,Blockage,Oshodi-Bolade LCDA,Ikeja,Alimosho
PP20130717485,07/17/2013,Chukwudi Ajayi,Male,2.34907E+12,chukwudi.ajayi42@yahoo.com,53319111793,Ikeja Division,Brunswick,94112,Water heater pipe leakage soaking utility area,6.57691,3.403469,Closed,13/02/2026 04:03,Leak,Ikosi-Isheri LCDA,Ikeja,Somolu
PP20191227290,12/27/2019,Adebayo Owolabi,Male,2.34907E+12,adebayo.owolabi17@hotmail.com,39924369656,Epe Division,Clement,94121,Water heater pipe leakage soaking utility area,6.60042,3.993698,Closed,13/02/2026 04:03,Leak,Lekki LCDA,Ikeja,Oshodi-Isolo
PP20170203669,02/03/2017,Emeka Nnamdi,Male,2.34816E+12,emeka.nnamdi33@gmail.com,67022496953,Lagos Island Division,Buchanan,94102,Water pipeline rupture near highway causing erosion,6.441918,3.381524,Closed,13/02/2026 04:03,Sanitation failure,Odi-Olowo/Ojuwoye LCDA,Lagos Island,Lagos Island
PP20081203067,12/03/2008,Seyi Okafor,Male,2.34806E+12,seyi.okafor73@yahoo.com,56374210312,Ikeja Division,California,94118,Water main leakage along roadside causing traffic obstruction,6.537118,3.351352,Closed,13/02/2026 04:03,Leak,Ikoyi-Obalende LCDA,Epe,Ibeju-Lekki
PP20200114717,01/14/2020,Chinedu Chukwu,Male,2.34818E+12,chinedu.chukwu46@hotmail.com,5347352726,Lagos Island Division,Gardenside,94131,"unit 304: installation of ice maker box. installation of bath tub, reconfirgured sink vent line",6.423806,3.381909,Closed,13/02/2026 04:03,Sanitation failure,Eredo LCDA,Ikeja,Mushin
PP20080623831,06/23/2008,Bola Mohammed,Female,2.34818E+12,bola.mohammed21@hotmail.com,62299721467,Epe Division,Powell,94133,Sewer overflow spreading wastewater near market area,6.456104,3.568546,Closed,13/02/2026 04:03,Sanitation failure,Ikoyi-Obalende LCDA,Epe,Ibeju-Lekki
PP20190404662,04/04/2019,Tunde Chukwu,Male,2.34904E+12,tunde.chukwu93@hotmail.com,1682792318,Lagos Island Division,19th,94114,Open manhole with visible sewage leakage on street,6.459026,3.383398,Closed,13/02/2026 04:03,Leak,Ikotun-Ikosi LCDA,Lagos Island,Lagos Mainland
PP20090812308,08/12/2009,Chinedu Abiola,Male,2.34816E+12,chinedu.abiola40@yahoo.com,44340995334,Ikeja Division,Ulloa,94127,Public tap pipe severely damaged in residential community,6.541143,3.360239,Closed,13/02/2026 04:03,Sanitation failure,Agbado-Oke Odo LCDA,Lagos Island,Apapa
PP20141020120,10/20/2014,Chinedu Ibrahim,Male,2.34906E+12,chinedu.ibrahim88@yahoo.com,3924947024,Badagry Division,29th,94122,Severe shower pipe rupture flooding entire bathroom,6.455948,3.258534,Closed,13/02/2026 04:03,Sanitation failure,Badagry Central LCDA,Badagry,Ajeromi-Ifelodun
PP20190225404,02/25/2019,Uche Oladipo,Male,2.34905E+12,uche.oladipo46@hotmail.com,25925737632,Ikeja Division,09th,94122,Open manhole with visible sewage leakage on street,6.677389,3.331412,Closed,13/02/2026 04:03,Leak,Epe LCDA,Badagry,Ajeromi-Ifelodun
PP20191115242,11/15/2019,Tunde Danladi,Male,2.34807E+12,tunde.danladi84@yahoo.com,44608188262,Ikeja Division,Embarcadero Center,94111,"existing fire sprinkler syst. t.i. 4 added, 74 relocated & 3 removed spkrs (11tth floor)",6.616542,3.335374,Closed,13/02/2026 04:03,Sanitation failure,Agboyi-Ketu LCDA,Lagos Island,Surulere
PP20120726347,07/26/2012,Opeyemi Okafor,Female,2.3481E+12,opeyemi.okafor84@hotmail.com,77246020166,Ikeja Division,Scott,94115,Open manhole with visible sewage leakage on street,6.60146,3.292193,Closed,13/02/2026 04:03,Leak,Coker-Aguda LCDA,Ikeja,Agege
PP20140314011,03/14/2014,Chioma Nnamdi,Female,2.34902E+12,chioma.nnamdi82@hotmail.com,25518713836,Ikeja Division,20th,94110,Open manhole with visible sewage leakage on street,6.56637,3.415717,Closed,13/02/2026 04:03,Leak,Isolo LCDA,Ikeja,Ikeja
PP20110121530,01/21/2011,Aisha Ajayi,Female,2.34909E+12,aisha.ajayi19@yahoo.com,49503455421,Ikeja Division,Octavia,94102,Cracked underground pipe slowly flooding compound,6.543714,3.297064,Closed,13/02/2026 04:03,Sanitation failure,Bariga LCDA,Badagry,Amuwo-Odofin
PP20120521746,05/21/2012,Temitope Ibrahim,Female,2.34905E+12,temitope.ibrahim52@gmail.com,60436178904,Ikeja Division,Bright,94132,Open manhole with visible sewage leakage on street,6.603599,3.36542,Closed,13/02/2026 04:03,Leak,Mosan-Okunola LCDA,Epe,Epe
PP20131025408,10/25/2013,Olamide Adeyemi,Male,2.34819E+12,olamide.adeyemi46@yahoo.com,34820231007,Badagry Division,Mariner,94130,Major pipe burst near primary school disrupting access road,6.424183,2.869295,Closed,13/02/2026 04:03,Leak,Ojodu LCDA,Lagos Island,Eti-Osa
PP20110204841,02/04/2011,Kunle Umeh,Male,2.34811E+12,kunle.umeh41@hotmail.com,31927579425,Ikeja Division,Rolph,94112,Major pipe burst near primary school disrupting access road,6.543704,3.317508,Closed,13/02/2026 04:03,Leak,Badagry West LCDA,Ikeja,Kosofe
PP20130531239,05/31/2013,Chisom Nwosu,Female,2.34806E+12,chisom.nwosu23@yahoo.com,97442270385,Ikeja Division,Revere,94124,Persistent dripping tap in kitchen wasting water daily,6.659975,3.326354,Closed,13/02/2026 04:03,Sanitation failure,Ikosi-Isheri LCDA,Ikeja,Somolu
PP20170829286,08/29/2017,Ngozi Adebisi,Female,2.3482E+12,ngozi.adebisi13@hotmail.com,59665877160,Ikorodu Division,Turk,94102,Blocked drainage channel causing street-level flooding,6.624901,3.500817,Closed,13/02/2026 04:03,Blockage,Eredo LCDA,Ikeja,Mushin
PP20110518263,05/18/2011,Emeka Danladi,Male,2.34814E+12,emeka.danladi19@yahoo.com,97284668137,Lagos Island Division,Francisco,94133,replace sewer house trap.,6.449854,3.34566,Closed,13/02/2026 04:03,Sanitation failure,Oshodi-Bolade LCDA,Ikeja,Alimosho
PP20101027798,10/27/2010,Chukwudi Umeh,Male,2.34909E+12,chukwudi.umeh25@outlook.com,44246375553,Badagry Division,Whitfield,94124,Low water pressure affecting entire household supply,6.443986,3.253198,Closed,13/02/2026 04:03,Sanitation failure,Agboyi-Ketu LCDA,Lagos Island,Surulere
PP20111028064,10/28/2011,Chukwudi Oladipo,Male,2.34809E+12,chukwudi.oladipo27@gmail.com,29551983397,Ikeja Division,Waterville,94124,Flooding due to collapsed drainage system after rainfall,6.58587,3.355905,Closed,13/02/2026 04:03,Blockage,Ayobo-Ipaja LCDA,Badagry,Ojo
PP20110902751,09/02/2011,Chisom Ajayi,Female,2.34815E+12,chisom.ajayi16@hotmail.com,29661231895,Ikeja Division,Mission,94110,Low water pressure affecting entire household supply,6.553404,3.313625,Open,13/02/2026 04:03,Sanitation failure,Ojokoro LCDA,Badagry,Amuwo-Odofin
PP20180525734,05/25/2018,Ayomide Danladi,Male,2.34807E+12,ayomide.danladi56@outlook.com,759651273,Ikeja Division,Leland,94134,Flooding due to collapsed drainage system after rainfall,6.555839,3.321741,Closed,13/02/2026 04:03,Blockage,Eredo LCDA,Ikeja,Mushin
PP20170926063,09/26/2017,Opeyemi Afolabi,Female,2.34818E+12,opeyemi.afolabi91@outlook.com,72160214194,Ikeja Division,Mountain Spring,94114,"repipe kitchen, 4 bathrooms, 1 laundry. install 1 water heater",6.554852,3.303806,Closed,13/02/2026 04:03,Sanitation failure,Badagry Central LCDA,Badagry,Ajeromi-Ifelodun
PP20151015785,10/15/2015,Femi Bamidele,Male,2.34906E+12,femi.bamidele91@outlook.com,28987496121,Ikeja Division,Cotter,94112,Water heater pipe leakage soaking utility area,6.671023,3.334033,Closed,13/02/2026 04:03,Leak,Epe LCDA,Badagry,Ajeromi-Ifelodun
PP20110928349,09/28/2011,Chioma Ojo,Female,2.34812E+12,chioma.ojo10@gmail.com,90238180857,Ikeja Division,Vicente,94127,Open manhole with visible sewage leakage on street,6.583789,3.417106,Closed,13/02/2026 04:03,Leak,Ifako-Ijaiye LCDA,Badagry,Badagry
PP20080625951,06/25/2008,Uche Eze,Male,2.34816E+12,uche.eze80@yahoo.com,27863551140,Ikeja Division,Teresita,94127,Water pipeline rupture near highway causing erosion,6.66278,3.321971,Closed,13/02/2026 04:03,Sanitation failure,Ikorodu North LCDA,Ikorodu,Ikorodu
PP20110518272,05/18/2011,Zainab Ojo,Female,2.34809E+12,zainab.ojo68@hotmail.com,49227220799,Ikeja Division,Leavenworth,94102,Sudden burst water pipe inside bathroom wall causing flooding,6.601474,3.353496,Closed,13/02/2026 04:03,Leak,Ojokoro LCDA,Badagry,Amuwo-Odofin
PP20170508135,05/08/2017,Chinedu Adeyemi,Male,2.34902E+12,chinedu.adeyemi41@outlook.com,57251238367,Lagos Island Division,Fulton,94102,Water pipeline rupture near highway causing erosion,6.511961,3.372271,Closed,13/02/2026 04:03,Sanitation failure,Ikosi-Isheri LCDA,Ikeja,Somolu
PP20170131581,01/31/2017,Temitope Ibrahim,Female,2.34903E+12,temitope.ibrahim26@yahoo.com,41744652603,Ikeja Division,Wisconsin,94107,"5 bathrooms remodel, new underground sewer & storm drain line, new main water line, kitchen & laundry remodel, radiant floor heating, boiler installation.",6.576116,3.425649,Closed,13/02/2026 04:03,Blockage,Ikosi-Isheri LCDA,Ikeja,Somolu
PP20191101878,11/01/2019,Yetunde Akinyemi,Female,2.34818E+12,yetunde.akinyemi26@gmail.com,35597063598,Lagos Island Division,Jones,94102,Water heater pipe leakage soaking utility area,6.493951,3.373277,Closed,13/02/2026 04:03,Leak,Mosan-Okunola LCDA,Epe,Epe
PP20120810722,08/10/2012,Bola Owolabi,Female,2.34808E+12,bola.owolabi30@outlook.com,27251814536,Lagos Island Division,Precita,94110,"bathtub swap r&r toilet, r&r sink.",6.447365,3.39749,Closed,13/02/2026 04:03,Sanitation failure,Badagry West LCDA,Ikeja,Kosofe
PP20110204823,02/04/2011,Kelechi Afolabi,Male,2.34817E+12,kelechi.afolabi15@hotmail.com,66699814981,Badagry Division,Homestead,94114,Blocked drainage channel causing street-level flooding,6.452647,3.204451,Closed,13/02/2026 04:03,Blockage,Epe LCDA,Badagry,Ajeromi-Ifelodun
PP20141209381,12/09/2014,Uche Okoye,Male,2.34806E+12,uche.okoye58@hotmail.com,26829773578,Ikeja Division,Winding,94112,Cracked underground pipe slowly flooding compound,6.541724,3.311198,Closed,13/02/2026 04:03,Sanitation failure,Agboyi-Ketu LCDA,Lagos Island,Surulere
PP20080320055,03/20/2008,Olamide Okoye,Male,2.34904E+12,olamide.okoye35@hotmail.com,10492503517,Badagry Division,03rd,94124,Septic tank backflow causing strong sewage odor indoors,6.421338,2.889138,Closed,13/02/2026 04:03,Sanitation failure,Bariga LCDA,Badagry,Amuwo-Odofin
PP20120807600,08/07/2012,Obinna Ogunleye,Male,2.34906E+12,obinna.ogunleye81@gmail.com,31079066579,Badagry Division,Westwood,94112,Major pipe burst near primary school disrupting access road,6.448147,3.248702,Closed,13/02/2026 04:03,Leak,Ebute-Metta LCDA,Lagos Island,Eti-Osa
PP20160317849,03/17/2016,Olamide Balogun,Male,2.34815E+12,olamide.balogun53@outlook.com,56989408,Ikeja Division,Great,94121,High-pressure pipe burst affecting multiple residential buildings,6.615938,3.33453,Closed,13/02/2026 04:03,Leak,Oto-Awori LCDA,Lagos Island,Lagos Mainland
PP20100602467,06/02/2010,Kelechi Adeyemi,Male,2.34808E+12,kelechi.adeyemi38@gmail.com,45812621678,Ikorodu Division,Orizaba,94112,Open manhole with visible sewage leakage on street,6.629039,3.532605,Closed,13/02/2026 04:03,Leak,Ebute-Metta LCDA,Lagos Island,Eti-Osa
PP20170929152,09/29/2017,Aisha Balogun,Female,2.34809E+12,aisha.balogun27@hotmail.com,11634059701,Epe Division,Bonview,94110,Blocked drainage channel causing street-level flooding,6.464425,3.571302,Closed,13/02/2026 04:03,Blockage,Igbogbo-Baiyeku LCDA,Badagry,Ojo
PP20180314648,03/14/2018,Chioma Bamidele,Female,2.34807E+12,chioma.bamidele72@yahoo.com,61854697854,Ikeja Division,Glenbrook,94114,final for all work completed under pp20160413623 and pp20161229810.,6.552717,3.333897,Closed,13/02/2026 04:03,Sanitation failure,Ikosi-Isheri LCDA,Ikeja,Somolu
PP20140311904,03/11/2014,Kelechi Abiola,Male,2.34902E+12,kelechi.abiola84@gmail.com,61730283992,Ikeja Division,Eddy,94109,Water heater pipe leakage soaking utility area,6.575263,3.433091,Closed,13/02/2026 04:03,Leak,Agboyi-Ketu LCDA,Lagos Island,Surulere
PP20131202374,12/02/2013,Ifeanyi Mohammed,Male,2.34811E+12,ifeanyi.mohammed85@outlook.com,32215959375,Ikorodu Division,37th,94116,Low water pressure affecting entire household supply,6.636177,3.504964,Closed,13/02/2026 04:03,Sanitation failure,Epe LCDA,Badagry,Ajeromi-Ifelodun
PP20100805950,08/05/2010,Chukwudi Ogunleye,Male,2.34815E+12,chukwudi.ogunleye12@outlook.com,75822195664,Badagry Division,Persia,94112,Bathroom floor drain completely clogged with wastewater backup,6.47239,3.349584,Closed,13/02/2026 04:03,Blockage,Amuwo-Odofin LCDA,Ikeja,Ifako-Ijaiye
PP20170425818,04/25/2017,Olamide Umeh,Male,2.34907E+12,olamide.umeh47@outlook.com,56196057005,Ikeja Division,Market,94114,Severe shower pipe rupture flooding entire bathroom,6.611709,3.333964,Closed,13/02/2026 04:03,Sanitation failure,Oshodi-Bolade LCDA,Ikeja,Alimosho
PP20191217052,12/17/2019,Temitope Afolabi,Female,2.34813E+12,temitope.afolabi82@outlook.com,42996665388,Ikeja Division,Bancroft,94124,Severe shower pipe rupture flooding entire bathroom,6.663983,3.318452,Closed,13/02/2026 04:03,Sanitation failure,Amuwo-Odofin LCDA,Ikeja,Ifako-Ijaiye
PP20181011623,10/11/2018,Adaeze Akinyemi,Female,2.34902E+12,adaeze.akinyemi49@hotmail.com,66748566862,Lagos Island Division,Chenery,94131,Severe shower pipe rupture flooding entire bathroom,6.517907,3.366961,Closed,13/02/2026 04:03,Sanitation failure,Lekki LCDA,Ikeja,Oshodi-Isolo
PP20151102254,11/02/2015,Temitope Afolabi,Female,2.34812E+12,temitope.afolabi63@hotmail.com,55653520047,Lagos Island Division,Divisadero,94115,"remodel 3 bathrooms, install two shower pans.,",6.524741,3.3715,Closed,13/02/2026 04:03,Sanitation failure,Ikotun-Ikosi LCDA,Lagos Island,Lagos Mainland
PP20111004473,10/04/2011,Obinna Ajayi,Male,2.34906E+12,obinna.ajayi29@outlook.com,21788171670,Badagry Division,Mission,94112,Water heater pipe leakage soaking utility area,6.452338,3.234441,Closed,13/02/2026 04:03,Leak,Lekki LCDA,Ikeja,Oshodi-Isolo
PP20100922018,09/22/2010,Emeka Balogun,Male,2.34817E+12,emeka.balogun14@outlook.com,72069278107,Lagos Island Division,Monterey,94131,remove and replace roof drain.,6.527709,3.387535,Closed,13/02/2026 04:03,Blockage,Oriade LCDA,Lagos Island,Lagos Island
PP20130107215,01/07/2013,Chioma Ekanem,Female,2.34816E+12,chioma.ekanem49@outlook.com,95902885275,Lagos Island Division,Bay,94133,Sudden burst water pipe inside bathroom wall causing flooding,6.434163,3.398441,Open,13/02/2026 04:03,Leak,Ikorodu West LCDA,Ikorodu,Ikorodu
PP20090422779,04/22/2009,Oluwaseun Danladi,Male,2.34902E+12,oluwaseun.danladi81@hotmail.com,5471650752,Badagry Division,Eddy,94109,"install new mop sink, waste line and new hot and cold water line",6.478977,3.321204,Closed,13/02/2026 04:03,Sanitation failure,Onigbongbo LCDA,Epe,Ibeju-Lekki
PP20160205704,02/05/2016,Amaka Abiola,Female,2.34908E+12,amaka.abiola42@yahoo.com,46831267420,Ikeja Division,Ingerson,94124,Cracked underground pipe slowly flooding compound,6.600026,3.42089,Open,13/02/2026 04:03,Sanitation failure,Bariga LCDA,Badagry,Amuwo-Odofin
PP20171127613,11/27/2017,Adaeze Ojo,Female,2.34908E+12,adaeze.ojo46@hotmail.com,90142611201,Ikeja Division,Sutter,94109,Sudden burst water pipe inside bathroom wall causing flooding,6.57625,3.416142,Closed,13/02/2026 04:03,Leak,Yaba LCDA,Ikeja,Alimosho
PP20190128644,01/28/2019,Aisha Okafor,Female,2.34907E+12,aisha.okafor52@outlook.com,42951732478,Badagry Division,Market,94105,Water heater pipe leakage soaking utility area,6.472283,3.33406,Closed,13/02/2026 04:03,Leak,Agboyi-Ketu LCDA,Lagos Island,Surulere
PP20160226266,02/26/2016,Temitope Akinyemi,Female,2.34906E+12,temitope.akinyemi45@yahoo.com,3558049058,Ikorodu Division,21st,94110,Septic tank backflow causing strong sewage odor indoors,6.624788,3.501293,Closed,13/02/2026 04:03,Sanitation failure,Ebute-Metta LCDA,Lagos Island,Eti-Osa
PP20150323034,03/23/2015,Olamide Nwosu,Male,2.34904E+12,olamide.nwosu58@gmail.com,39982649067,Lagos Island Division,05th,94118,Sewer overflow spreading wastewater near market area,6.526094,3.365063,Closed,13/02/2026 04:03,Sanitation failure,Ojodu LCDA,Lagos Island,Eti-Osa
PP20141126119,11/26/2014,Adaeze Adeyemi,Female,2.34905E+12,adaeze.adeyemi75@gmail.com,50865323081,Lagos Island Division,15th,94114,kitchen and bathroom reodel adding one powder room.,6.452988,3.385661,Closed,13/02/2026 04:03,Sanitation failure,Ayobo-Ipaja LCDA,Badagry,Ojo
PP20171108252,11/08/2017,Ijeoma Okafor,Female,2.34809E+12,ijeoma.okafor27@yahoo.com,12092384502,Ikeja Division,Steiner,94123,Water main leakage along roadside causing traffic obstruction,6.662445,3.340961,Closed,13/02/2026 04:03,Leak,Badagry Central LCDA,Badagry,Ajeromi-Ifelodun
PP20150309634,03/09/2015,Amaka Ojo,Female,2.34804E+12,amaka.ojo24@outlook.com,66908061888,Lagos Island Division,California,94111,"fire sprinkler t/i ""sales center"" 181 fremont: suite #4225.",6.444013,3.427991,Closed,13/02/2026 04:03,Sanitation failure,Bariga LCDA,Badagry,Amuwo-Odofin
PP20160208722,02/08/2016,Bola Umeh,Female,2.34816E+12,bola.umeh22@yahoo.com,35125061746,Lagos Island Division,45th,94121,Underground water pipe burst near hospital entrance,6.485977,3.357636,Closed,13/02/2026 04:03,Leak,Lekki LCDA,Ikeja,Oshodi-Isolo
PP20130923355,09/23/2013,Adaeze Danladi,Female,2.34809E+12,adaeze.danladi45@hotmail.com,72583960689,Ikeja Division,04th,94107,Water pipeline rupture near highway causing erosion,6.681931,3.330017,Closed,13/02/2026 04:03,Sanitation failure,Ikosi-Isheri LCDA,Ikeja,Somolu
PP20190724843,07/24/2019,Amaka Nnamdi,Female,2.34906E+12,amaka.nnamdi50@gmail.com,73260706597,Ikeja Division,Silver,94134,Major pipe burst near primary school disrupting access road,6.638693,3.339933,Closed,13/02/2026 04:03,Leak,Yaba LCDA,Ikeja,Alimosho
PP20140724647,07/24/2014,Tunde Bamidele,Male,2.34811E+12,tunde.bamidele37@yahoo.com,54836595413,Lagos Island Division,North Point,94109,unit 601 - 6th floor: install mix valve in two bathrooms and raise shower head 60-10 inches fromoriginal position. replace existing sink(s) fixtures. replace (e) fixtures at kitchen,6.43502,3.418809,Closed,13/02/2026 04:03,Sanitation failure,Ikotun-Ikosi LCDA,Lagos Island,Lagos Mainland
PP20160128441,01/28/2016,Ifeanyi Nwosu,Male,2.34818E+12,ifeanyi.nwosu92@gmail.com,8873403341,Ikeja Division,Habitat,94112,to obtain final inspections for work approved for previous permit pp20150108932.,6.671135,3.327075,Closed,13/02/2026 04:03,Sanitation failure,Amuwo-Odofin LCDA,Ikeja,Ifako-Ijaiye
PP20111102171,11/02/2011,Oluwaseun Adebisi,Male,2.34902E+12,oluwaseun.adebisi74@gmail.com,11715170145,Ikeja Division,35th,94116,install new shower base.,6.608881,3.361067,Closed,13/02/2026 04:03,Sanitation failure,Oshodi-Bolade LCDA,Ikeja,Alimosho
PP20090608882,06/08/2009,Obinna Okafor,Male,2.34818E+12,obinna.okafor45@outlook.com,85760130736,Ikeja Division,15th,94116,Sudden burst water pipe inside bathroom wall causing flooding,6.59394,3.338188,Closed,13/02/2026 04:03,Leak,Yaba LCDA,Ikeja,Alimosho
PP20190912358,09/12/2019,Ngozi Adebisi,Female,2.34904E+12,ngozi.adebisi67@yahoo.com,67886849325,Ikeja Division,Mason,94133,Water main leakage along roadside causing traffic obstruction,6.564938,3.42178,Closed,13/02/2026 04:03,Leak,Surulere LCDA,Lagos Island,Apapa
PP20080613599,06/13/2008,Ijeoma Ogunleye,Female,2.34808E+12,ijeoma.ogunleye29@gmail.com,98312218329,Ikeja Division,California,94115,Toilet overflow due to heavily blocked drain system,6.597966,3.273471,Closed,13/02/2026 04:03,Blockage,Badagry West LCDA,Ikeja,Kosofe
PP20111214102,12/14/2011,Ngozi Akinyemi,Female,2.34808E+12,ngozi.akinyemi61@yahoo.com,57795462917,Ikorodu Division,Del Monte,94112,Sewer overflow spreading wastewater near market area,6.623286,3.53543,Closed,13/02/2026 04:03,Sanitation failure,Oshodi-Bolade LCDA,Ikeja,Alimosho
PP20120409736,04/09/2012,Ijeoma Ajayi,Female,2.34901E+12,ijeoma.ajayi32@yahoo.com,85356725959,Lagos Island Division,Sutter,94102,third floor bathroom: two floor drains w/ trap primary.,6.433039,3.430285,Closed,13/02/2026 04:03,Blockage,Isolo LCDA,Ikeja,Ikeja
PP20091013596,10/13/2009,Ngozi Ojo,Female,2.34808E+12,ngozi.ojo33@hotmail.com,63517287591,Badagry Division,Mission,94105,Public tap pipe severely damaged in residential community,6.415818,2.884011,Closed,13/02/2026 04:03,Sanitation failure,Onigbongbo LCDA,Epe,Ibeju-Lekki
PP20101112134,11/12/2010,Emeka Akinyemi,Male,2.34814E+12,emeka.akinyemi14@hotmail.com,75054503645,Badagry Division,20th,94121,"replace 50'4"" building sewer line",6.475891,3.330397,Closed,13/02/2026 04:03,Sanitation failure,Yaba LCDA,Ikeja,Alimosho
PP20150512546,05/12/2015,Zainab Abiola,Female,2.34808E+12,zainab.abiola55@gmail.com,17935287589,Lagos Island Division,Judah,94122,Minor kitchen sink pipe leakage under cabinet,6.435774,3.425117,Closed,13/02/2026 04:03,Leak,Ojodu LCDA,Lagos Island,Eti-Osa
PP20180116915,01/16/2018,Temitope Okoye,Female,2.34815E+12,temitope.okoye84@outlook.com,81871848230,Ikeja Division,Mendosa,94116,Minor kitchen sink pipe leakage under cabinet,6.595119,3.36142,Closed,13/02/2026 04:03,Leak,Orile-Agege LCDA,Ikeja,Kosofe
PP20151214318,12/14/2015,Zainab Owolabi,Female,2.34817E+12,zainab.owolabi77@outlook.com,46655798337,Lagos Island Division,Parnassus,94117,Water main leakage along roadside causing traffic obstruction,6.45235,3.387143,Closed,13/02/2026 04:03,Leak,Ebute-Metta LCDA,Lagos Island,Eti-Osa
PP20081030813,10/30/2008,Olamide Danladi,Male,2.34903E+12,olamide.danladi96@gmail.com,49858303865,Lagos Island Division,Vienna,94112,replace 50 gal water heater,6.529765,3.370215,Closed,13/02/2026 04:03,Sanitation failure,Odi-Olowo/Ojuwoye LCDA,Lagos Island,Lagos Island
PP20160519586,05/19/2016,Chioma Balogun,Female,2.34808E+12,chioma.balogun43@gmail.com,13021338626,Badagry Division,Stillman,94107,Underground water pipe burst near hospital entrance,6.450282,3.249909,Closed,13/02/2026 04:03,Leak,Isolo LCDA,Ikeja,Ikeja
PP20090730004,07/30/2009,Emeka Ekanem,Male,2.34904E+12,emeka.ekanem31@gmail.com,76780953019,Lagos Island Division,Panorama,94131,Low water pressure affecting entire household supply,6.507759,3.365547,Closed,13/02/2026 04:03,Sanitation failure,Orile-Agege LCDA,Ikeja,Kosofe
PP20140718494,07/18/2014,Abdulrahman Umeh,Male,2.34904E+12,abdulrahman.umeh41@yahoo.com,30508920556,Ikeja Division,Vallejo,94123,Toilet overflow due to heavily blocked drain system,6.58305,3.424878,Closed,13/02/2026 04:03,Blockage,Badagry Central LCDA,Badagry,Ajeromi-Ifelodun
PP20080826692,08/26/2008,Abdulrahman Nwosu,Male,2.34904E+12,abdulrahman.nwosu37@yahoo.com,69342568843,Ikeja Division,Polk,94109,"kitchen and bathroom sinks faucets, toilet",6.597202,3.422278,Closed,13/02/2026 04:03,Sanitation failure,Ikotun-Ikosi LCDA,Lagos Island,Lagos Mainland
PP20150810016,08/10/2015,Adaeze Akinyemi,Female,2.34906E+12,adaeze.akinyemi16@yahoo.com,62384961844,Lagos Island Division,Revere,94124,Bathroom floor drain completely clogged with wastewater backup,6.497004,3.347682,Closed,13/02/2026 04:03,Blockage,Eredo LCDA,Ikeja,Mushin
PP20170420716,04/20/2017,Adaeze Ajayi,Female,2.34809E+12,adaeze.ajayi79@yahoo.com,37314232651,Badagry Division,Encanto,94115,remodel one bathroom on main floor,6.439349,3.246948,Closed,13/02/2026 04:03,Sanitation failure,Oshodi-Bolade LCDA,Ikeja,Alimosho
PP20091204759,12/04/2009,Seyi Okoye,Male,2.34811E+12,seyi.okoye64@yahoo.com,74576212737,Lagos Island Division,19th,94107,"plumbing: 7 bathrooms, 3 kitchens, 3 laundry, 4 floor drain. 4 shower pan. new install and catch basin",6.518305,3.37733,Closed,13/02/2026 04:03,Blockage,Ojodu LCDA,Lagos Island,Eti-Osa
PP20180209703,02/09/2018,Olamide Akinyemi,Male,2.34804E+12,olamide.akinyemi53@yahoo.com,36590751419,Lagos Island Division,Greenwich,94123,Water heater pipe leakage soaking utility area,6.449366,3.364297,Closed,13/02/2026 04:03,Leak,Agboyi-Ketu LCDA,Lagos Island,Surulere
PP20110308506,03/08/2011,Zainab Owolabi,Female,2.34816E+12,zainab.owolabi23@hotmail.com,69565902910,Epe Division,19th,94114,Public tap pipe severely damaged in residential community,6.583295,3.988465,Closed,13/02/2026 04:03,Sanitation failure,Oto-Awori LCDA,Lagos Island,Lagos Mainland
PP20160711996,07/11/2016,Ijeoma Adebisi,Female,2.34908E+12,ijeoma.adebisi50@gmail.com,3010537494,Badagry Division,California,94108,Water main leakage along roadside causing traffic obstruction,6.461645,3.163245,Closed,13/02/2026 04:03,Leak,Igbogbo-Baiyeku LCDA,Badagry,Ojo
PP20181002384,10/02/2018,Opeyemi Ogunleye,Female,2.34818E+12,opeyemi.ogunleye11@yahoo.com,79552596125,Ikeja Division,35th,94121,"install 1/2 gas line for fire place from (e) 1"" gas line.",6.599607,3.293559,Closed,13/02/2026 04:03,Sanitation failure,Ojodu LCDA,Lagos Island,Eti-Osa
PP20151117639,11/17/2015,Chinedu Ekanem,Male,2.34812E+12,chinedu.ekanem14@yahoo.com,98877889845,Ikeja Division,Pine,94108,Open manhole with visible sewage leakage on street,6.515203,3.360599,Closed,13/02/2026 04:03,Leak,Onigbongbo LCDA,Epe,Ibeju-Lekki
PP20170926022,09/26/2017,Chukwudi Umeh,Male,2.3481E+12,chukwudi.umeh96@hotmail.com,40300260699,Ikeja Division,Godeus,94110,Persistent dripping tap in kitchen wasting water daily,6.617108,3.363688,Closed,13/02/2026 04:03,Sanitation failure,Orile-Agege LCDA,Ikeja,Kosofe
PP20150922147,09/22/2015,Ijeoma Umeh,Female,2.34908E+12,ijeoma.umeh87@hotmail.com,8458224623,Ikeja Division,Sloat,94132,Major pipe burst near primary school disrupting access road,6.613366,3.350907,Closed,13/02/2026 04:03,Leak,Badagry Central LCDA,Badagry,Ajeromi-Ifelodun
PP20150930391,09/30/2015,Ayomide Okafor,Male,2.34808E+12,ayomide.okafor86@outlook.com,18981407599,Ikeja Division,Bocana,94110,Public tap pipe severely damaged in residential community,6.584787,3.413329,Closed,13/02/2026 04:03,Sanitation failure,Iba LCDA,Ikeja,Agege
PP20080806114,08/06/2008,Uche Oladipo,Male,2.34802E+12,uche.oladipo56@outlook.com,11946885150,Ikeja Division,Lake,94121,Major pipe burst near primary school disrupting access road,6.609366,3.332975,Closed,13/02/2026 04:03,Leak,Ikosi-Isheri LCDA,Ikeja,Somolu
PP20170117193,01/17/2017,Tunde Mohammed,Male,2.34803E+12,tunde.mohammed44@hotmail.com,12490944326,Ikeja Division,Capp,94110,Sewer overflow spreading wastewater near market area,6.611618,3.337704,Closed,13/02/2026 04:03,Sanitation failure,Ifako-Agege LCDA,Ikeja,Mushin
PP20160816130,08/16/2016,Ayomide Adeyemi,Male,2.34902E+12,ayomide.adeyemi28@outlook.com,60622553422,Ikeja Division,Mission,94110,Underground water pipe burst near hospital entrance,6.617106,3.33603,Closed,13/02/2026 04:03,Leak,Ifako-Agege LCDA,Ikeja,Mushin
PP20190911308,09/11/2019,Seyi Mohammed,Male,2.34817E+12,seyi.mohammed72@outlook.com,84089586996,Ikorodu Division,Hoffman,94114,High-pressure pipe burst affecting multiple residential buildings,6.623769,3.522406,Closed,13/02/2026 04:03,Leak,Odi-Olowo/Ojuwoye LCDA,Lagos Island,Lagos Island
PP20100208944,02/08/2010,Chioma Balogun,Female,2.34811E+12,chioma.balogun17@outlook.com,46935192191,Ikeja Division,Shrader,94117,High-pressure pipe burst affecting multiple residential buildings,6.563096,3.293251,Closed,13/02/2026 04:03,Leak,Agboyi-Ketu LCDA,Lagos Island,Surulere
PP20171110304,11/10/2017,Zainab Okafor,Female,2.34903E+12,zainab.okafor22@outlook.com,64529443937,Lagos Island Division,20th,94121,Public tap pipe severely damaged in residential community,6.498861,3.388543,Closed,13/02/2026 04:03,Sanitation failure,Odi-Olowo/Ojuwoye LCDA,Lagos Island,Lagos Island
PP20180809851,08/09/2018,Adaeze Nnamdi,Female,2.34803E+12,adaeze.nnamdi40@yahoo.com,51115020308,Lagos Island Division,03rd,94107,Flooding due to collapsed drainage system after rainfall,6.419431,3.419652,Closed,13/02/2026 04:03,Blockage,Mosan-Okunola LCDA,Epe,Epe
PP20130911050,09/11/2013,Chioma Nnamdi,Female,2.34907E+12,chioma.nnamdi51@yahoo.com,57153675070,Epe Division,Hyde,94109,"rough & trim kitchen, 1/2 bathroom & master bathroom.",6.572299,3.96558,Closed,13/02/2026 04:03,Sanitation failure,Coker-Aguda LCDA,Ikeja,Agege
PP20110124580,01/24/2011,Chukwudi Ojo,Male,2.34903E+12,chukwudi.ojo20@gmail.com,81957414077,Ikeja Division,Fulton,94118,Major pipe burst near primary school disrupting access road,6.532715,3.362192,Closed,13/02/2026 04:03,Leak,Egbe-Idimu LCDA,Ikeja,Ikeja
PP20100811091,08/11/2010,Chioma Abiola,Female,2.34817E+12,chioma.abiola38@yahoo.com,15797623089,Lagos Island Division,Oak,94117,Persistent dripping tap in kitchen wasting water daily,6.491135,3.33489,Closed,13/02/2026 04:03,Sanitation failure,Orile-Agege LCDA,Ikeja,Kosofe
PP20161027184,10/27/2016,Amaka Nwosu,Female,2.34812E+12,amaka.nwosu28@gmail.com,91967390499,Epe Division,Cole,94117,Major pipe burst near primary school disrupting access road,6.464538,3.588918,Closed,13/02/2026 04:03,Leak,Onigbongbo LCDA,Epe,Ibeju-Lekki
PP20150121345,01/21/2015,Adaeze Adebisi,Female,2.34807E+12,adaeze.adebisi50@yahoo.com,56034463967,Ikorodu Division,Cesar Chavez,94131,Water main leakage along roadside causing traffic obstruction,6.604611,3.512334,Closed,13/02/2026 04:03,Leak,Orile-Agege LCDA,Ikeja,Kosofe
PP20140327413,03/27/2014,Seyi Oladipo,Male,2.3481E+12,seyi.oladipo38@yahoo.com,10990083866,Ikorodu Division,Dolores,94110,High-pressure pipe burst affecting multiple residential buildings,6.619247,3.516293,Closed,13/02/2026 04:03,Leak,Ojodu LCDA,Lagos Island,Eti-Osa
PP20170814816,08/14/2017,Amaka Ojo,Female,2.34908E+12,amaka.ojo31@hotmail.com,11490667672,Ikeja Division,Joost,94131,install new tankless water heater.,6.584496,3.406969,Closed,13/02/2026 04:03,Sanitation failure,Agbado-Oke Odo LCDA,Lagos Island,Apapa
PP20180206582,02/06/2018,Ifeanyi Okafor,Male,2.34902E+12,ifeanyi.okafor17@outlook.com,27893701999,Ikeja Division,Princeton,94134,Cracked underground pipe slowly flooding compound,6.627466,3.334415,Closed,13/02/2026 04:03,Sanitation failure,Ikotun-Ikosi LCDA,Lagos Island,Lagos Mainland
PP20081124775,11/24/2008,Chukwudi Bamidele,Male,2.34817E+12,chukwudi.bamidele15@outlook.com,81174457789,Badagry Division,24th,94121,replace water heater and install per code.,6.414727,2.875667,Closed,13/02/2026 04:03,Sanitation failure,Badagry West LCDA,Ikeja,Kosofe
PP20170214953,02/14/2017,Adaeze Oladipo,Female,2.34811E+12,adaeze.oladipo93@gmail.com,28204628055,Epe Division,Haight,94117,"amend permit pp20160523685. total scope of work: remodel 5 residential units, 1 commercial unit, 5 kitches, 6 bathrooms, gutter, sinks, toilets, gas lines, tubs, etc.",6.579567,3.974752,Closed,13/02/2026 04:03,Sanitation failure,Mosan-Okunola LCDA,Epe,Epe
PP20090924224,09/24/2009,Opeyemi Ajayi,Female,2.34803E+12,opeyemi.ajayi45@hotmail.com,72494762697,Lagos Island Division,22nd,94110,Sewer overflow spreading wastewater near market area,6.447071,3.376117,Closed,13/02/2026 04:03,Sanitation failure,Ikeja LCDA,Epe,Epe
PP20130115444,01/15/2013,Zainab Okoye,Female,2.34903E+12,zainab.okoye86@hotmail.com,44075544221,Lagos Island Division,Evans,94124,Water heater pipe leakage soaking utility area,6.483181,3.344664,Closed,13/02/2026 04:03,Leak,Ojodu LCDA,Lagos Island,Eti-Osa
PP20180823229,08/23/2018,Aisha Abiola,Female,2.34902E+12,aisha.abiola55@yahoo.com,87249475640,Ikeja Division,Banks,94110,Water pipeline rupture near highway causing erosion,6.616512,3.349407,Closed,13/02/2026 04:03,Sanitation failure,Iba LCDA,Ikeja,Agege
PP20141114784,11/14/2014,Adaeze Ogunleye,Female,2.3491E+12,adaeze.ogunleye73@outlook.com,73402110572,Badagry Division,Eddy,94102,Minor kitchen sink pipe leakage under cabinet,6.408309,2.895399,Closed,13/02/2026 04:03,Leak,Ikosi-Isheri LCDA,Ikeja,Somolu
PP20171130753,11/30/2017,Chinedu Okafor,Male,2.34903E+12,chinedu.okafor32@gmail.com,9125280697,Ikeja Division,Buchanan,94115,Sewer overflow spreading wastewater near market area,6.577244,3.43496,Closed,13/02/2026 04:03,Sanitation failure,Ikorodu North LCDA,Ikorodu,Ikorodu
PP20121220949,12/20/2012,Ifeanyi Ibrahim,Male,2.34811E+12,ifeanyi.ibrahim90@yahoo.com,87400764928,Ikeja Division,Urbano,94127,Bathroom floor drain completely clogged with wastewater backup,6.608579,3.346621,Closed,13/02/2026 04:03,Blockage,Oshodi-Bolade LCDA,Ikeja,Alimosho
PP20120516673,05/16/2012,Aisha Owolabi,Female,2.34907E+12,aisha.owolabi55@hotmail.com,35383727240,Lagos Island Division,Fremont,94105,Water heater pipe leakage soaking utility area,6.518473,3.354743,Closed,13/02/2026 04:03,Leak,Coker-Aguda LCDA,Ikeja,Agege
PP20141002613,10/02/2014,Seyi Ekanem,Male,2.34907E+12,seyi.ekanem52@yahoo.com,51205491782,Lagos Island Division,Ofarrell,94115,Septic tank backflow causing strong sewage odor indoors,6.531821,3.382193,Closed,13/02/2026 04:03,Sanitation failure,Ifako-Agege LCDA,Ikeja,Mushin
PP20100201815,02/01/2010,Oluwaseun Mohammed,Male,2.34808E+12,oluwaseun.mohammed29@hotmail.com,55957499726,Ikeja Division,Irving,94122,Public tap pipe severely damaged in residential community,6.596317,3.432315,Open,13/02/2026 04:03,Sanitation failure,Lekki LCDA,Ikeja,Oshodi-Isolo
PP20150723544,07/23/2015,Adaeze Abiola,Female,2.34806E+12,adaeze.abiola87@outlook.com,3465511197,Ikeja Division,Sacramento,94115,Water heater pipe leakage soaking utility area,6.60212,3.343966,Closed,13/02/2026 04:03,Leak,Odi-Olowo/Ojuwoye LCDA,Lagos Island,Lagos Island
PP20131219843,12/19/2013,Zainab Eze,Female,2.34905E+12,zainab.eze39@yahoo.com,60878344879,Badagry Division,Union,94133,Sewer overflow spreading wastewater near market area,6.4713,3.326523,Closed,13/02/2026 04:03,Sanitation failure,Egbe-Idimu LCDA,Ikeja,Ikeja
PP20150805899,08/05/2015,Emeka Owolabi,Male,2.34811E+12,emeka.owolabi68@yahoo.com,59906833474,Ikeja Division,Van Ness,94102,Persistent dripping tap in kitchen wasting water daily,6.629134,3.296365,Closed,13/02/2026 04:03,Sanitation failure,Iba LCDA,Ikeja,Agege
PP20121109985,11/09/2012,Yetunde Mohammed,Female,2.34819E+12,yetunde.mohammed93@outlook.com,37470260450,Lagos Island Division,Sutter,94108,Sewer overflow spreading wastewater near market area,6.450447,3.396547,Closed,13/02/2026 04:03,Sanitation failure,Epe LCDA,Badagry,Ajeromi-Ifelodun
PP20150413661,04/13/2015,Tunde Umeh,Male,2.34812E+12,tunde.umeh28@yahoo.com,68823034647,Ikeja Division,Maddux,94124,remodel bathroom & kitchen.,6.595529,3.285284,Closed,13/02/2026 04:03,Sanitation failure,Odi-Olowo/Ojuwoye LCDA,Lagos Island,Lagos Island
PP20090610919,06/10/2009,Yetunde Owolabi,Female,2.34807E+12,yetunde.owolabi44@hotmail.com,60162189772,Lagos Island Division,Hoff,94110,remove and replace water heater,6.508904,3.354231,Closed,13/02/2026 04:03,Sanitation failure,Ikosi-Isheri LCDA,Ikeja,Somolu
PP20100524224,05/24/2010,Chioma Danladi,Female,2.3491E+12,chioma.danladi81@gmail.com,98716768660,Lagos Island Division,Mission,94110,Water main leakage along roadside causing traffic obstruction,6.513931,3.384567,Closed,13/02/2026 04:03,Leak,Onigbongbo LCDA,Epe,Ibeju-Lekki
PP20080609384,06/09/2008,Ayomide Mohammed,Male,2.34818E+12,ayomide.mohammed66@gmail.com,14096447890,Ikeja Division,Clementina,94103,Major pipe burst near primary school disrupting access road,6.613657,3.35869,Closed,13/02/2026 04:03,Leak,Oshodi-Bolade LCDA,Ikeja,Alimosho
PP20130516782,05/16/2013,Kelechi Adebisi,Male,2.34908E+12,kelechi.adebisi58@yahoo.com,93188029711,Ikeja Division,Baker,94117,"install (2) toilets, (2) lavatory, (3) hand sinks, (1) utility sink, (1) floor drain. (ref. pm20130516784)",6.53726,3.347032,Closed,13/02/2026 04:03,Blockage,Apapa-Iganmu LCDA,Ikeja,Ifako-Ijaiye
PP20110505991,05/05/2011,Emeka Danladi,Male,2.34803E+12,emeka.danladi94@gmail.com,14866114668,Ikeja Division,Rae,94112,"two new bathroom on g/f. relocate water heater. new water sewer line, washer/dryer.",6.513082,3.369613,Closed,13/02/2026 04:03,Sanitation failure,Oriade LCDA,Lagos Island,Lagos Island
PP20190215201,02/15/2019,Chisom Mohammed,Female,2.34806E+12,chisom.mohammed38@outlook.com,20807476818,Ikeja Division,Mission,94103,Bathroom floor drain completely clogged with wastewater backup,6.550373,3.305592,Closed,13/02/2026 04:03,Blockage,Oriade LCDA,Lagos Island,Lagos Island
PP20081113413,11/13/2008,Ifeanyi Bamidele,Male,2.34909E+12,ifeanyi.bamidele80@yahoo.com,94405999929,Epe Division,Bryant,94107,Sudden burst water pipe inside bathroom wall causing flooding,6.483282,3.590562,Closed,13/02/2026 04:03,Leak,Oriade LCDA,Lagos Island,Lagos Island
PP20140123652,01/23/2014,Ijeoma Umeh,Female,2.34807E+12,ijeoma.umeh77@gmail.com,22387577080,Ikeja Division,Newhall,94124,Flooding due to collapsed drainage system after rainfall,6.587859,3.43835,Closed,13/02/2026 04:03,Blockage,Ojodu LCDA,Lagos Island,Eti-Osa
PP20160728543,07/28/2016,Ngozi Yakubu,Female,2.34814E+12,ngozi.yakubu98@yahoo.com,18690204378,Ikorodu Division,Golden Gate,94115,Public tap pipe severely damaged in residential community,6.612965,3.519778,Closed,13/02/2026 04:03,Sanitation failure,Itire-Ikate LCDA,Badagry,Badagry
PP20190604393,06/04/2019,Adebayo Oladipo,Male,2.34909E+12,adebayo.oladipo33@outlook.com,32325017230,Ikeja Division,Golden Gate,94115,Minor kitchen sink pipe leakage under cabinet,6.67037,3.331286,Closed,13/02/2026 04:03,Leak,Oriade LCDA,Lagos Island,Lagos Island
PP20120109601,01/09/2012,Ifeanyi Owolabi,Male,2.34817E+12,ifeanyi.owolabi48@hotmail.com,20940867897,Badagry Division,Wawona,94116,"rough / finish: dwv system, hot & cold water supply, and gas supply.",6.430285,2.890078,Closed,13/02/2026 04:03,Sanitation failure,Odi-Olowo/Ojuwoye LCDA,Lagos Island,Lagos Island
PP20161108522,11/08/2016,Uche Okafor,Male,2.3482E+12,uche.okafor34@outlook.com,26667351684,Badagry Division,Carroll,94124,Minor kitchen sink pipe leakage under cabinet,6.455383,3.260725,Closed,13/02/2026 04:03,Leak,Ikorodu West LCDA,Ikorodu,Ikorodu
PP20170613129,06/13/2017,Ifeanyi Abiola,Male,2.34803E+12,ifeanyi.abiola77@yahoo.com,31611819221,Lagos Island Division,Dolores,94103,Major pipe burst near primary school disrupting access road,6.44515,3.350608,Closed,13/02/2026 04:03,Leak,Apapa-Iganmu LCDA,Ikeja,Ifako-Ijaiye
PP20190520930,05/20/2019,Bola Nnamdi,Female,2.34901E+12,bola.nnamdi98@outlook.com,92824600910,Lagos Island Division,Post,94109,Open manhole with visible sewage leakage on street,6.443652,3.375036,Closed,13/02/2026 04:03,Leak,Eredo LCDA,Ikeja,Mushin
PP20190208991,02/08/2019,Bola Okoye,Female,2.34811E+12,bola.okoye95@gmail.com,9392020237,Lagos Island Division,Gambier,94134,"kitchen remodel, re pp20170818024.",6.453662,3.410868,Closed,13/02/2026 04:03,Sanitation failure,Ebute-Metta LCDA,Lagos Island,Eti-Osa
PP20140505446,05/05/2014,Zainab Ekanem,Female,2.34818E+12,zainab.ekanem64@outlook.com,22885939480,Ikeja Division,Valdez,94112,Water pipeline rupture near highway causing erosion,6.599587,3.348732,Closed,13/02/2026 04:03,Sanitation failure,Ayobo-Ipaja LCDA,Badagry,Ojo
PP20110707383,07/07/2011,Oluwaseun Ogunleye,Male,2.3491E+12,oluwaseun.ogunleye62@yahoo.com,66900863842,Epe Division,37th,94116,Toilet overflow due to heavily blocked drain system,6.473074,3.593157,Closed,13/02/2026 04:03,Blockage,Oto-Awori LCDA,Lagos Island,Lagos Mainland
PP20181019899,10/19/2018,Amaka Adebisi,Female,2.34819E+12,amaka.adebisi16@outlook.com,18360889555,Ikorodu Division,26th,94132,Flooding due to collapsed drainage system after rainfall,6.628005,3.504669,Closed,13/02/2026 04:03,Blockage,Odi-Olowo/Ojuwoye LCDA,Lagos Island,Lagos Island
PP20120801485,08/01/2012,Ijeoma Ajayi,Female,2.34907E+12,ijeoma.ajayi84@yahoo.com,40390437077,Epe Division,Seal Cove,94134,thorpe design to install new service underground.,6.582329,3.986426,Closed,13/02/2026 04:03,Sanitation failure,Agboyi-Ketu LCDA,Lagos Island,Surulere
PP20120307986,03/07/2012,Amaka Nwosu,Female,2.34809E+12,amaka.nwosu20@outlook.com,8850668077,Ikeja Division,Vernon,94132,Minor kitchen sink pipe leakage under cabinet,6.599313,3.367573,Closed,13/02/2026 04:03,Leak,Isolo LCDA,Ikeja,Ikeja
PP20190415892,04/15/2019,Tunde Okafor,Male,2.34812E+12,tunde.okafor18@outlook.com,65097434492,Badagry Division,Molimo,94127,Underground water pipe burst near hospital entrance,6.46591,3.190349,Closed,13/02/2026 04:03,Leak,Lekki LCDA,Ikeja,Oshodi-Isolo
PP20170307543,03/07/2017,Emeka Chukwu,Male,2.3481E+12,emeka.chukwu96@gmail.com,33745918779,Epe Division,Folsom,94110,Blocked drainage channel causing street-level flooding,6.476629,3.596735,Closed,13/02/2026 04:03,Blockage,Agboyi-Ketu LCDA,Lagos Island,Surulere
PP20080828812,08/28/2008,Yetunde Bamidele,Female,2.34817E+12,yetunde.bamidele74@hotmail.com,44218573494,Ikeja Division,Buchanan,94102,High-pressure pipe burst affecting multiple residential buildings,6.60361,3.338532,Closed,13/02/2026 04:03,Leak,Ikorodu West LCDA,Ikorodu,Ikorodu
PP20190206928,02/06/2019,Kelechi Yakubu,Male,2.34909E+12,kelechi.yakubu14@gmail.com,93153392758,Ikeja Division,Masonic,94117,High-pressure pipe burst affecting multiple residential buildings,6.557597,3.301586,Closed,13/02/2026 04:03,Leak,Ikosi-Isheri LCDA,Ikeja,Somolu
PP20160506237,05/06/2016,Uche Ekanem,Male,2.34903E+12,uche.ekanem35@outlook.com,45839699555,Badagry Division,California,94115,Underground water pipe burst near hospital entrance,6.409714,2.890864,Open,13/02/2026 04:03,Leak,Agboyi-Ketu LCDA,Lagos Island,Surulere
PP20190409760,04/09/2019,Femi Afolabi,Male,2.34812E+12,femi.afolabi47@outlook.com,39561862996,Lagos Island Division,Scott,94123,Low water pressure affecting entire household supply,6.445483,3.422113,Closed,13/02/2026 04:03,Sanitation failure,Bariga LCDA,Badagry,Amuwo-Odofin
PP20200109552,01/09/2020,Opeyemi Adebisi,Female,2.34806E+12,opeyemi.adebisi94@outlook.com,99485631382,Ikorodu Division,Lawton,94122,Major pipe burst near primary school disrupting access road,6.622488,3.527522,Closed,13/02/2026 04:03,Leak,Amuwo-Odofin LCDA,Ikeja,Ifako-Ijaiye
PP20190730019,07/30/2019,Chisom Oladipo,Female,2.34813E+12,chisom.oladipo22@outlook.com,63241936195,Ikeja Division,Steuart,94105,Sudden burst water pipe inside bathroom wall causing flooding,6.611408,3.321017,Closed,13/02/2026 04:03,Leak,Ikoyi-Obalende LCDA,Epe,Ibeju-Lekki
PP20081205226,12/05/2008,Ayomide Yakubu,Male,2.34811E+12,ayomide.yakubu90@outlook.com,42496276349,Badagry Division,Sacramento,94118,Sudden burst water pipe inside bathroom wall causing flooding,6.420655,2.867392,Closed,13/02/2026 04:03,Leak,Oshodi-Bolade LCDA,Ikeja,Alimosho
PP20140303639,03/03/2014,Ayomide Ibrahim,Male,2.34816E+12,ayomide.ibrahim96@outlook.com,31807382629,Ikeja Division,Curtis,94112,remodel one kitchen and one bathroom. replace a wall furance and a water heater.,6.677333,3.332412,Closed,13/02/2026 04:03,Sanitation failure,Lekki LCDA,Ikeja,Oshodi-Isolo
PP20160303417,03/03/2016,Ijeoma Oladipo,Female,2.34813E+12,ijeoma.oladipo62@outlook.com,61276278116,Ikeja Division,Sutter,94115,Flooding due to collapsed drainage system after rainfall,6.682698,3.335332,Closed,13/02/2026 04:03,Blockage,Ikotun-Ikosi LCDA,Lagos Island,Lagos Mainland
PP20110606631,06/06/2011,Zainab Okoye,Female,2.34905E+12,zainab.okoye54@yahoo.com,74194281810,Ikeja Division,Stanyan,94122,Low water pressure affecting entire household supply,6.581915,3.404457,Closed,13/02/2026 04:03,Sanitation failure,Ikosi-Isheri LCDA,Ikeja,Somolu
PP20120420037,04/20/2012,Kelechi Ogunleye,Male,2.3482E+12,kelechi.ogunleye76@hotmail.com,95531925348,Ikorodu Division,Broadway,94115,Sewer overflow spreading wastewater near market area,6.61731,3.501995,Closed,13/02/2026 04:03,Sanitation failure,Egbe-Idimu LCDA,Ikeja,Ikeja
PP20130909957,09/09/2013,Ayomide Okafor,Male,2.34904E+12,ayomide.okafor53@gmail.com,49715545414,Badagry Division,03rd,94118,remodel 2 bathrooms,6.409195,2.890886,Closed,13/02/2026 04:03,Sanitation failure,Ebute-Metta LCDA,Lagos Island,Eti-Osa
PP20171017634,10/17/2017,Ngozi Ekanem,Female,2.34802E+12,ngozi.ekanem82@hotmail.com,2637261725,Lagos Island Division,Edinburgh,94112,Open manhole with visible sewage leakage on street,6.449799,3.425847,Closed,13/02/2026 04:03,Leak,Itire-Ikate LCDA,Badagry,Badagry
PP20120521773,05/21/2012,Aisha Abiola,Female,2.34807E+12,aisha.abiola77@yahoo.com,16351223055,Lagos Island Division,Pacific,94133,Major pipe burst near primary school disrupting access road,6.484941,3.365246,Closed,13/02/2026 04:03,Leak,Lekki LCDA,Ikeja,Oshodi-Isolo
PP20150813138,08/13/2015,Adebayo Adebisi,Male,2.34812E+12,adebayo.adebisi34@hotmail.com,37493699710,Ikorodu Division,Sansome,94111,Severe shower pipe rupture flooding entire bathroom,6.631366,3.504402,Closed,13/02/2026 04:03,Sanitation failure,Agbado-Oke Odo LCDA,Lagos Island,Apapa
PP20130520879,05/20/2013,Adebayo Ogunleye,Male,2.34813E+12,adebayo.ogunleye59@yahoo.com,51741415715,Lagos Island Division,Broadway,94109,Septic tank backflow causing strong sewage odor indoors,6.45276,3.394847,Closed,13/02/2026 04:03,Sanitation failure,Ikoyi-Obalende LCDA,Epe,Ibeju-Lekki
PP20100222196,02/22/2010,Temitope Akinyemi,Female,2.34803E+12,temitope.akinyemi10@outlook.com,50873637911,Ikorodu Division,Manor,94127,High-pressure pipe burst affecting multiple residential buildings,6.611551,3.516983,Closed,13/02/2026 04:03,Leak,Oriade LCDA,Lagos Island,Lagos Island
PP20121116140,11/16/2012,Ifeanyi Ibrahim,Male,2.34905E+12,ifeanyi.ibrahim61@hotmail.com,23549965398,Lagos Island Division,Fulton,94102,Water main leakage along roadside causing traffic obstruction,6.495691,3.364995,Closed,13/02/2026 04:03,Leak,Itire-Ikate LCDA,Badagry,Badagry
PP20100422502,04/22/2010,Zainab Yakubu,Female,2.34805E+12,zainab.yakubu49@hotmail.com,60736120141,Lagos Island Division,28th,94116,Major pipe burst near primary school disrupting access road,6.488025,3.356425,Open,13/02/2026 04:03,Leak,Oriade LCDA,Lagos Island,Lagos Island
PP20140804949,08/04/2014,Chinedu Chukwu,Male,2.34905E+12,chinedu.chukwu69@hotmail.com,55522963572,Lagos Island Division,Henry,94114,relocate gas house line for pge.,6.440324,3.418172,Closed,13/02/2026 04:03,Sanitation failure,Itire-Ikate LCDA,Badagry,Badagry
PP20091005446,10/05/2009,Chukwudi Nnamdi,Male,2.34812E+12,chukwudi.nnamdi82@yahoo.com,88254379884,Ikeja Division,Turk,94118,Septic tank backflow causing strong sewage odor indoors,6.63277,3.332004,Closed,13/02/2026 04:03,Sanitation failure,Ojokoro LCDA,Badagry,Amuwo-Odofin
PP20171227499,12/27/2017,Amaka Danladi,Female,2.34812E+12,amaka.danladi93@gmail.com,42802664537,Badagry Division,Cortland,94110,Minor kitchen sink pipe leakage under cabinet,6.452247,3.259326,Closed,13/02/2026 04:03,Leak,Badagry West LCDA,Ikeja,Kosofe
PP20081119639,11/19/2008,Aisha Umeh,Female,2.34904E+12,aisha.umeh29@gmail.com,39549522960,Lagos Island Division,19th,94116,Sudden burst water pipe inside bathroom wall causing flooding,6.434616,3.341392,Closed,13/02/2026 04:03,Leak,Agbado-Oke Odo LCDA,Lagos Island,Apapa
PP20080801993,08/01/2008,Bola Yakubu,Female,2.34818E+12,bola.yakubu11@gmail.com,535033107,Ikeja Division,02nd,94118,Water heater pipe leakage soaking utility area,6.568043,3.429326,Closed,13/02/2026 04:03,Leak,Oto-Awori LCDA,Lagos Island,Lagos Mainland
PP20111014728,10/14/2011,Femi Oladipo,Male,2.34803E+12,femi.oladipo97@gmail.com,53148634745,Ikorodu Division,14th,94118,Sewer overflow spreading wastewater near market area,6.613881,3.536082,Closed,13/02/2026 04:03,Sanitation failure,Epe LCDA,Badagry,Ajeromi-Ifelodun
PP20170822080,08/22/2017,Emeka Umeh,Male,2.34809E+12,emeka.umeh48@outlook.com,95740321667,Lagos Island Division,Grattan,94117,Toilet overflow due to heavily blocked drain system,6.427458,3.423746,Closed,13/02/2026 04:03,Blockage,Ayobo-Ipaja LCDA,Badagry,Ojo
PP20190104939,01/04/2019,Chisom Adebisi,Female,2.34807E+12,chisom.adebisi39@yahoo.com,94055791850,Lagos Island Division,Moss,94103,renew permit # pp201781107207,6.512321,3.380861,Closed,13/02/2026 04:03,Sanitation failure,Isolo LCDA,Ikeja,Ikeja
PP20130508558,05/08/2013,Chinedu Yakubu,Male,2.34907E+12,chinedu.yakubu91@yahoo.com,87907645388,Epe Division,15th,94116,Persistent dripping tap in kitchen wasting water daily,6.604615,3.995684,Closed,13/02/2026 04:03,Sanitation failure,Ifako-Agege LCDA,Ikeja,Mushin
PP20090629324,06/29/2009,Opeyemi Ekanem,Female,2.34902E+12,opeyemi.ekanem53@outlook.com,90821338345,Badagry Division,Faxon,94112,Cracked underground pipe slowly flooding compound,6.476941,3.339225,Closed,13/02/2026 04:03,Sanitation failure,Ifako-Ijaiye LCDA,Badagry,Badagry
PP20160217986,02/17/2016,Oluwaseun Ibrahim,Male,2.34814E+12,oluwaseun.ibrahim19@gmail.com,30123499207,Ikeja Division,Larkin,94109,"unit #402, 5th floor: remodel extg bathroom. add bath and relocate extg kitchen. add washer and dryer.",6.616784,3.289488,Closed,13/02/2026 04:03,Sanitation failure,Oto-Awori LCDA,Lagos Island,Lagos Mainland
PP20090727910,07/27/2009,Temitope Chukwu,Female,2.34808E+12,temitope.chukwu57@yahoo.com,73632650812,Epe Division,04th,94118,Bathroom floor drain completely clogged with wastewater backup,6.575818,3.983566,Closed,13/02/2026 04:03,Blockage,Iba LCDA,Ikeja,Agege
PP20110722760,07/22/2011,Oluwaseun Danladi,Male,2.34907E+12,oluwaseun.danladi94@yahoo.com,42273914197,Badagry Division,Stockton,94108,Public tap pipe severely damaged in residential community,6.464998,3.328768,Closed,13/02/2026 04:03,Sanitation failure,Ikosi-Isheri LCDA,Ikeja,Somolu
PP20160617385,06/17/2016,Temitope Okafor,Female,2.34816E+12,temitope.okafor26@hotmail.com,21220223780,Ikeja Division,Dorchester,94127,(1) shower pan,6.590264,3.426253,Closed,13/02/2026 04:03,Sanitation failure,Igbogbo-Baiyeku LCDA,Badagry,Ojo
PP20141024256,10/24/2014,Ngozi Mohammed,Female,2.3482E+12,ngozi.mohammed14@yahoo.com,5040745378,Ikeja Division,California,94104,Bathroom floor drain completely clogged with wastewater backup,6.528184,3.369375,Closed,13/02/2026 04:03,Blockage,Oriade LCDA,Lagos Island,Lagos Island
PP20100211039,02/11/2010,Ayomide Ojo,Male,2.34818E+12,ayomide.ojo83@hotmail.com,80639760001,Badagry Division,Clay,94115,Major pipe burst near primary school disrupting access road,6.455283,3.331363,Closed,13/02/2026 04:03,Leak,Ebute-Metta LCDA,Lagos Island,Eti-Osa
PP20150625800,06/25/2015,Adebayo Oladipo,Male,2.34806E+12,adebayo.oladipo75@outlook.com,91840691232,Badagry Division,Green,94123,Septic tank backflow causing strong sewage odor indoors,6.407832,2.866335,Closed,13/02/2026 04:03,Sanitation failure,Odi-Olowo/Ojuwoye LCDA,Lagos Island,Lagos Island
PP20190730003,07/30/2019,Zainab Ojo,Female,2.34814E+12,zainab.ojo13@gmail.com,28370504608,Lagos Island Division,Folsom,94103,Toilet overflow due to heavily blocked drain system,6.447973,3.357783,Closed,13/02/2026 04:03,Blockage,Ikosi-Isheri LCDA,Ikeja,Somolu
PP20180411467,04/11/2018,Yetunde Ajayi,Female,2.34901E+12,yetunde.ajayi92@gmail.com,85118359131,Ikorodu Division,Spear,94105,Water heater pipe leakage soaking utility area,6.634534,3.516808,Closed,13/02/2026 04:03,Leak,Odi-Olowo/Ojuwoye LCDA,Lagos Island,Lagos Island
PP20170915731,09/15/2017,Ijeoma Adeyemi,Female,2.34812E+12,ijeoma.adeyemi37@hotmail.com,21744776460,Badagry Division,Webster,94115,Sudden burst water pipe inside bathroom wall causing flooding,6.404758,2.903541,Closed,13/02/2026 04:03,Leak,Oto-Awori LCDA,Lagos Island,Lagos Mainland
PP20131024359,10/24/2013,Aisha Ojo,Female,2.34806E+12,aisha.ojo47@yahoo.com,22152326346,Ikeja Division,Admiral,94112,Underground water pipe burst near hospital entrance,6.62771,3.341821,Closed,13/02/2026 04:03,Leak,Ojodu LCDA,Lagos Island,Eti-Osa
PP20110223237,02/23/2011,Yetunde Mohammed,Female,2.34807E+12,yetunde.mohammed76@hotmail.com,35854074429,Ikeja Division,Buchanan,94102,Water heater pipe leakage soaking utility area,6.613235,3.326406,Closed,13/02/2026 04:03,Leak,Orile-Agege LCDA,Ikeja,Kosofe
PP20090429998,04/29/2009,Kunle Ogunleye,Male,2.34805E+12,kunle.ogunleye56@yahoo.com,10849363187,Ikeja Division,Parker,94118,Water main leakage along roadside causing traffic obstruction,6.523578,3.365487,Closed,13/02/2026 04:03,Leak,Surulere LCDA,Lagos Island,Apapa
PP20081208346,12/08/2008,Chisom Umeh,Female,2.34802E+12,chisom.umeh34@yahoo.com,37813564996,Badagry Division,Steiner,94115,unit #3: replace kitchen sink and stove,6.479846,3.198432,Closed,13/02/2026 04:03,Sanitation failure,Agboyi-Ketu LCDA,Lagos Island,Surulere
PP20190111135,01/11/2019,Ifeanyi Ajayi,Male,2.34815E+12,ifeanyi.ajayi88@outlook.com,37224529149,Ikeja Division,Mission,94112,Bathroom floor drain completely clogged with wastewater backup,6.522412,3.343404,Closed,13/02/2026 04:03,Blockage,Ikosi-Isheri LCDA,Ikeja,Somolu
PP20101022691,10/22/2010,Ifeanyi Umeh,Male,2.34907E+12,ifeanyi.umeh78@yahoo.com,52621932672,Lagos Island Division,Edinburgh,94112,Septic tank backflow causing strong sewage odor indoors,6.525809,3.361516,Closed,13/02/2026 04:03,Sanitation failure,Oto-Awori LCDA,Lagos Island,Lagos Mainland
PP20140815295,08/15/2014,Kunle Bamidele,Male,2.34907E+12,kunle.bamidele49@hotmail.com,50410693417,Badagry Division,15th,94114,relocate houseline to new gas meter location.,6.418232,2.883524,Closed,13/02/2026 04:03,Sanitation failure,Oriade LCDA,Lagos Island,Lagos Island
PP20121115121,11/15/2012,Seyi Mohammed,Male,2.34807E+12,seyi.mohammed59@outlook.com,92609060887,Ikorodu Division,26th,94116,Low water pressure affecting entire household supply,6.61474,3.494553,Closed,13/02/2026 04:03,Sanitation failure,Odi-Olowo/Ojuwoye LCDA,Lagos Island,Lagos Island
PP20120117722,01/17/2012,Femi Akinyemi,Male,2.3491E+12,femi.akinyemi49@outlook.com,73348239464,Ikeja Division,19th,94114,Sewer overflow spreading wastewater near market area,6.614136,3.289673,Closed,13/02/2026 04:03,Sanitation failure,Ikosi-Isheri LCDA,Ikeja,Somolu
PP20080814339,08/14/2008,Abdulrahman Okafor,Male,2.34811E+12,abdulrahman.okafor46@outlook.com,85255906200,Ikorodu Division,Hill,94110,remodel 1 full bathroom.,6.607701,3.481777,Closed,13/02/2026 04:03,Sanitation failure,Odi-Olowo/Ojuwoye LCDA,Lagos Island,Lagos Island
PP20080912647,09/12/2008,Ngozi Ajayi,Female,2.34903E+12,ngozi.ajayi78@gmail.com,49911396796,Ikeja Division,Broadway,94133,Toilet overflow due to heavily blocked drain system,6.527025,3.372323,Closed,13/02/2026 04:03,Blockage,Ikosi-Isheri LCDA,Ikeja,Somolu
PP20140205950,02/05/2014,Adebayo Ojo,Male,2.34814E+12,adebayo.ojo71@yahoo.com,86388297017,Ikorodu Division,Douglass,94114,Cracked underground pipe slowly flooding compound,6.636013,3.505929,Closed,13/02/2026 04:03,Sanitation failure,Coker-Aguda LCDA,Ikeja,Agege
PP20110318822,03/18/2011,Seyi Umeh,Male,2.3491E+12,seyi.umeh50@hotmail.com,75771262151,Ikeja Division,Paris,94112,Low water pressure affecting entire household supply,6.577278,3.421388,Closed,13/02/2026 04:03,Sanitation failure,Amuwo-Odofin LCDA,Ikeja,Ifako-Ijaiye
PP20170816910,08/16/2017,Kelechi Okafor,Male,2.34904E+12,kelechi.okafor85@yahoo.com,11365431717,Lagos Island Division,Tehama,94105,amend description to add: storm water harvesting and treatment.,6.423116,3.424918,Closed,13/02/2026 04:03,Sanitation failure,Badagry West LCDA,Ikeja,Kosofe
PP20150819267,08/19/2015,Chioma Adeyemi,Female,2.34805E+12,chioma.adeyemi40@gmail.com,93401702194,Badagry Division,Mississippi,94107,Open manhole with visible sewage leakage on street,6.457661,3.262269,Closed,13/02/2026 04:03,Leak,Ebute-Metta LCDA,Lagos Island,Eti-Osa
PP20111227338,12/27/2011,Amaka Adebisi,Female,2.34809E+12,amaka.adebisi52@gmail.com,33333513660,Ikeja Division,Bush,94115,kitchen and laundry remodel,6.614498,3.333963,Closed,13/02/2026 04:03,Sanitation failure,Lekki LCDA,Ikeja,Oshodi-Isolo
PP20120924776,09/24/2012,Temitope Okafor,Female,2.34816E+12,temitope.okafor76@yahoo.com,98651548042,Ikeja Division,Grove,94102,Sewer overflow spreading wastewater near market area,6.51852,3.346331,Closed,13/02/2026 04:03,Sanitation failure,Isolo LCDA,Ikeja,Ikeja
PP20110415513,04/15/2011,Oluwaseun Nnamdi,Male,2.34804E+12,oluwaseun.nnamdi50@yahoo.com,80520219726,Badagry Division,21st,94116,Septic tank backflow causing strong sewage odor indoors,6.464435,3.336974,Closed,13/02/2026 04:03,Sanitation failure,Oriade LCDA,Lagos Island,Lagos Island
PP20160802688,08/02/2016,Ngozi Ekanem,Female,2.34802E+12,ngozi.ekanem72@hotmail.com,95669033494,Badagry Division,Vallejo,94109,Persistent dripping tap in kitchen wasting water daily,6.424136,2.876968,Closed,13/02/2026 04:03,Sanitation failure,Oriade LCDA,Lagos Island,Lagos Island
PP20140619651,06/19/2014,Ayomide Ogunleye,Male,2.34803E+12,ayomide.ogunleye39@outlook.com,73040279460,Badagry Division,20th,94114,"install radiant heat system. install 3"" flue to roof",6.475927,3.180289,Closed,13/02/2026 04:03,Sanitation failure,Ikosi-Isheri LCDA,Ikeja,Somolu
PP20090317938,03/17/2009,Ayomide Bamidele,Male,2.3482E+12,ayomide.bamidele31@yahoo.com,57537757535,Badagry Division,St Marys,94112,Persistent dripping tap in kitchen wasting water daily,6.460786,3.175528,Closed,13/02/2026 04:03,Sanitation failure,Onigbongbo LCDA,Epe,Ibeju-Lekki
PP20100405085,04/05/2010,Kelechi Okoye,Male,2.34905E+12,kelechi.okoye64@outlook.com,87646074667,Lagos Island Division,Topaz,94131,Minor kitchen sink pipe leakage under cabinet,6.472658,3.36964,Closed,13/02/2026 04:03,Leak,Apapa-Iganmu LCDA,Ikeja,Ifako-Ijaiye
PP20140404690,04/04/2014,Chisom Adebisi,Female,2.34804E+12,chisom.adebisi70@yahoo.com,65544362427,Ikeja Division,19th,94114,High-pressure pipe burst affecting multiple residential buildings,6.609168,3.348687,Closed,13/02/2026 04:03,Leak,Ayobo-Ipaja LCDA,Badagry,Ojo
PP20140710254,07/10/2014,Tunde Okoye,Male,2.34809E+12,tunde.okoye41@outlook.com,49503840356,Ikeja Division,Illinois,94158,Underground water pipe burst near hospital entrance,6.58397,3.421859,Closed,13/02/2026 04:03,Leak,Itire-Ikate LCDA,Badagry,Badagry
PP20170710818,07/10/2017,Amaka Ogunleye,Female,2.3481E+12,amaka.ogunleye13@gmail.com,67451912355,Ikeja Division,Masonic,94117,amend permit pp20170602888 to include the remodel of master bathroom.,6.537975,3.302809,Closed,13/02/2026 04:03,Sanitation failure,Ojodu LCDA,Lagos Island,Eti-Osa
PP20180214847,02/14/2018,Kelechi Okoye,Male,2.34811E+12,kelechi.okoye54@hotmail.com,20238973681,Epe Division,Minna,94105,Public tap pipe severely damaged in residential community,6.591943,3.971057,Closed,13/02/2026 04:03,Sanitation failure,Ikorodu North LCDA,Ikorodu,Ikorodu
PP20170223222,02/23/2017,Chisom Ekanem,Female,2.34806E+12,chisom.ekanem29@outlook.com,20716621278,Lagos Island Division,De Haro,94107,Cracked underground pipe slowly flooding compound,6.451736,3.345434,Closed,13/02/2026 04:03,Sanitation failure,Oto-Awori LCDA,Lagos Island,Lagos Mainland
PP20190919552,09/19/2019,Chinedu Okoye,Male,2.34817E+12,chinedu.okoye80@gmail.com,71851845010,Lagos Island Division,Broadway,94123,Blocked drainage channel causing street-level flooding,6.529064,3.378844,Closed,13/02/2026 04:03,Blockage,Lekki LCDA,Ikeja,Oshodi-Isolo
PP20180831494,08/31/2018,Kunle Okoye,Male,2.34806E+12,kunle.okoye69@gmail.com,31023321791,Lagos Island Division,Turk,94102,Open manhole with visible sewage leakage on street,6.437949,3.406347,Closed,13/02/2026 04:03,Leak,Igbogbo-Baiyeku LCDA,Badagry,Ojo
PP20100729810,07/29/2010,Adaeze Balogun,Female,2.34806E+12,adaeze.balogun35@gmail.com,46820807162,Epe Division,Van Ness,94109,Flooding due to collapsed drainage system after rainfall,6.462654,3.576897,Closed,13/02/2026 04:03,Blockage,Amuwo-Odofin LCDA,Ikeja,Ifako-Ijaiye
PP20150320017,03/20/2015,Bola Mohammed,Female,2.34811E+12,bola.mohammed32@hotmail.com,55374643525,Ikeja Division,Mission,94103,Persistent dripping tap in kitchen wasting water daily,6.611006,3.306486,Closed,13/02/2026 04:03,Sanitation failure,Ikorodu West LCDA,Ikorodu,Ikorodu
PP20080918915,09/18/2008,Zainab Nnamdi,Female,2.34813E+12,zainab.nnamdi11@yahoo.com,55273167357,Lagos Island Division,Kansas,94107,replace gas line from meter to house.,6.514242,3.379817,Closed,13/02/2026 04:03,Sanitation failure,Igbogbo-Baiyeku LCDA,Badagry,Ojo
PP20200106434,01/06/2020,Aisha Danladi,Female,2.3491E+12,aisha.danladi87@yahoo.com,48551684440,Lagos Island Division,10th,94103,Flooding due to collapsed drainage system after rainfall,6.528688,3.386131,Closed,13/02/2026 04:03,Blockage,Orile-Agege LCDA,Ikeja,Kosofe
PP20141104508,11/04/2014,Yetunde Akinyemi,Female,2.34819E+12,yetunde.akinyemi53@outlook.com,49728853309,Badagry Division,Hampshire,94110,Septic tank backflow causing strong sewage odor indoors,6.416764,2.88133,Closed,13/02/2026 04:03,Sanitation failure,Ikorodu West LCDA,Ikorodu,Ikorodu
PP20110113350,01/13/2011,Opeyemi Bamidele,Female,2.3481E+12,opeyemi.bamidele35@outlook.com,44400910735,Ikeja Division,Geary,94118,Underground water pipe burst near hospital entrance,6.575024,3.417561,Closed,13/02/2026 04:03,Leak,Oto-Awori LCDA,Lagos Island,Lagos Mainland
PP20161024081,10/24/2016,Chinedu Danladi,Male,2.34815E+12,chinedu.danladi92@yahoo.com,74535523576,Ikorodu Division,Sacramento,94109,move water and drain lines to new kitchen location per plans,6.608679,3.481286,Closed,13/02/2026 04:03,Blockage,Onigbongbo LCDA,Epe,Ibeju-Lekki
PP20160115075,01/15/2016,Ayomide Akinyemi,Male,2.34809E+12,ayomide.akinyemi14@gmail.com,32757889890,Epe Division,Paris,94112,Underground water pipe burst near hospital entrance,6.588366,3.992639,Closed,13/02/2026 04:03,Leak,Ojokoro LCDA,Badagry,Amuwo-Odofin
PP20190201780,02/01/2019,Adebayo Chukwu,Male,2.34907E+12,adebayo.chukwu79@outlook.com,28391043447,Lagos Island Division,16th,94118,plumbing for remodel of (4) bathrooms and kitchen. shower pan test required,6.409471,3.411803,Closed,13/02/2026 04:03,Sanitation failure,Iba LCDA,Ikeja,Agege
PP20130610453,06/10/2013,Amaka Danladi,Female,2.34817E+12,amaka.danladi25@outlook.com,52878372460,Badagry Division,Broderick,94117,Water heater pipe leakage soaking utility area,6.472892,3.353875,Closed,13/02/2026 04:03,Leak,Ikeja LCDA,Epe,Epe
PP20131121181,11/21/2013,Aisha Ogunleye,Female,2.34811E+12,aisha.ogunleye91@yahoo.com,2307145550,Epe Division,26th,94121,Low water pressure affecting entire household supply,6.470208,3.57772,Closed,13/02/2026 04:03,Sanitation failure,Ikoyi-Obalende LCDA,Epe,Ibeju-Lekki
PP20161215449,12/15/2016,Amaka Ajayi,Female,2.3491E+12,amaka.ajayi34@outlook.com,22751030479,Badagry Division,43rd,94122,Minor kitchen sink pipe leakage under cabinet,6.413171,2.898749,Closed,13/02/2026 04:03,Leak,Isolo LCDA,Ikeja,Ikeja
PP20181023954,10/23/2018,Chioma Akinyemi,Female,2.34904E+12,chioma.akinyemi84@gmail.com,17757167385,Ikeja Division,Mission,94103,Blocked drainage channel causing street-level flooding,6.59534,3.343508,Closed,13/02/2026 04:03,Blockage,Ikoyi-Obalende LCDA,Epe,Ibeju-Lekki
PP20121126270,11/26/2012,Amaka Mohammed,Female,2.34905E+12,amaka.mohammed80@yahoo.com,23309003051,Lagos Island Division,Ellis,94115,Septic tank backflow causing strong sewage odor indoors,6.492073,3.351267,Closed,13/02/2026 04:03,Sanitation failure,Isolo LCDA,Ikeja,Ikeja
PP20130918273,09/18/2013,Tunde Oladipo,Male,2.34814E+12,tunde.oladipo59@hotmail.com,6509851626,Badagry Division,Noriega,94122,High-pressure pipe burst affecting multiple residential buildings,6.416227,2.901247,Closed,13/02/2026 04:03,Leak,Ikosi-Isheri LCDA,Ikeja,Somolu
PP20081010928,10/10/2008,Kunle Eze,Male,2.34819E+12,kunle.eze65@yahoo.com,84047723776,Lagos Island Division,Townsend,94103,"fire sprinkler tenant improvement @ 03rd floor, spec. suite. ar&b #4211",6.457331,3.392176,Closed,13/02/2026 04:03,Sanitation failure,Agboyi-Ketu LCDA,Lagos Island,Surulere
PP20130517838,05/17/2013,Chioma Ajayi,Female,2.3491E+12,chioma.ajayi35@outlook.com,53981102232,Badagry Division,Sydney,94127,Low water pressure affecting entire household supply,6.412082,2.869368,Closed,13/02/2026 04:03,Sanitation failure,Igbogbo-Baiyeku LCDA,Badagry,Ojo
PP20131204460,12/04/2013,Ayomide Nnamdi,Male,2.34809E+12,ayomide.nnamdi41@gmail.com,95875779514,Epe Division,26th,94116,Severe shower pipe rupture flooding entire bathroom,6.478831,3.584222,Closed,13/02/2026 04:03,Sanitation failure,Ebute-Metta LCDA,Lagos Island,Eti-Osa
PP20191204718,12/04/2019,Chioma Eze,Female,2.34817E+12,chioma.eze22@gmail.com,35137023115,Epe Division,Mission,94110,Water main leakage along roadside causing traffic obstruction,6.468195,3.616931,Closed,13/02/2026 04:03,Leak,Igbogbo-Baiyeku LCDA,Badagry,Ojo
PP20151112492,11/12/2015,Temitope Abiola,Female,2.34811E+12,temitope.abiola98@yahoo.com,52721460117,Lagos Island Division,Valencia,94110,Major pipe burst near primary school disrupting access road,6.499888,3.353282,Closed,13/02/2026 04:03,Leak,Badagry Central LCDA,Badagry,Ajeromi-Ifelodun
PP20090710617,07/10/2009,Obinna Umeh,Male,2.34814E+12,obinna.umeh95@outlook.com,95334233660,Ikeja Division,Bay,94123,Water pipeline rupture near highway causing erosion,6.523036,3.366084,Closed,13/02/2026 04:03,Sanitation failure,Isolo LCDA,Ikeja,Ikeja
PP20150203752,02/03/2015,Aisha Eze,Female,2.34803E+12,aisha.eze26@yahoo.com,28553982751,Epe Division,39th,94116,Water pipeline rupture near highway causing erosion,6.585133,3.969217,Closed,13/02/2026 04:03,Sanitation failure,Coker-Aguda LCDA,Ikeja,Agege
PP20130424231,04/24/2013,Emeka Umeh,Male,2.34903E+12,emeka.umeh47@yahoo.com,20235962630,Ikorodu Division,Lexington,94110,Low water pressure affecting entire household supply,6.628592,3.503819,Closed,13/02/2026 04:03,Sanitation failure,Ikotun-Ikosi LCDA,Lagos Island,Lagos Mainland
PP20190228553,02/28/2019,Yetunde Afolabi,Female,2.34819E+12,yetunde.afolabi23@hotmail.com,7963059655,Ikeja Division,Robinhood,94127,High-pressure pipe burst affecting multiple residential buildings,6.602033,3.4275,Closed,13/02/2026 04:03,Leak,Coker-Aguda LCDA,Ikeja,Agege
PP20100712331,07/12/2010,Aisha Okoye,Female,2.34901E+12,aisha.okoye78@gmail.com,75169327943,Epe Division,Ocean,94112,Severe shower pipe rupture flooding entire bathroom,6.465527,3.59781,Closed,13/02/2026 04:03,Sanitation failure,Egbe-Idimu LCDA,Ikeja,Ikeja
PP20080506456,05/06/2008,Femi Owolabi,Male,2.34809E+12,femi.owolabi77@outlook.com,34323941648,Ikorodu Division,Myra,94127,Cracked underground pipe slowly flooding compound,6.620079,3.519028,Closed,13/02/2026 04:03,Sanitation failure,Ebute-Metta LCDA,Lagos Island,Eti-Osa
PP20160128457,01/28/2016,Chioma Adebisi,Female,2.34904E+12,chioma.adebisi72@gmail.com,50848012454,Lagos Island Division,Corona,94127,"remodeling existing bathroom, 1 toilet, shower pan.",6.437947,3.413436,Closed,13/02/2026 04:03,Sanitation failure,Surulere LCDA,Lagos Island,Apapa
PP20171122587,11/22/2017,Femi Danladi,Male,2.34811E+12,femi.danladi98@gmail.com,3533474675,Lagos Island Division,Larkin,94109,Severe shower pipe rupture flooding entire bathroom,6.517965,3.3895,Closed,13/02/2026 04:03,Sanitation failure,Ayobo-Ipaja LCDA,Badagry,Ojo
PP20140418058,04/18/2014,Ijeoma Ojo,Female,2.34816E+12,ijeoma.ojo13@yahoo.com,51940861598,Lagos Island Division,Folsom,94110,Low water pressure affecting entire household supply,6.521052,3.375164,Closed,13/02/2026 04:03,Sanitation failure,Apapa-Iganmu LCDA,Ikeja,Ifako-Ijaiye
PP20150430177,04/30/2015,Femi Balogun,Male,2.34812E+12,femi.balogun25@yahoo.com,42932096717,Ikeja Division,Lake,94121,Flooding due to collapsed drainage system after rainfall,6.599449,3.299236,Closed,13/02/2026 04:03,Blockage,Itire-Ikate LCDA,Badagry,Badagry
PP20180926222,09/26/2018,Adebayo Balogun,Male,2.34813E+12,adebayo.balogun75@outlook.com,86036575959,Ikeja Division,Geary,94121,Blocked drainage channel causing street-level flooding,6.547925,3.343925,Closed,13/02/2026 04:03,Blockage,Itire-Ikate LCDA,Badagry,Badagry
PP20120306954,03/06/2012,Temitope Oladipo,Female,2.3482E+12,temitope.oladipo77@hotmail.com,56486085781,Ikorodu Division,Wilmot,94115,Septic tank backflow causing strong sewage odor indoors,6.619642,3.524622,Closed,13/02/2026 04:03,Sanitation failure,Badagry Central LCDA,Badagry,Ajeromi-Ifelodun
PP20110421641,04/21/2011,Opeyemi Yakubu,Female,2.34803E+12,opeyemi.yakubu26@hotmail.com,14499193830,Ikeja Division,Jackson,94118,Bathroom floor drain completely clogged with wastewater backup,6.552804,3.312624,Closed,13/02/2026 04:03,Blockage,Ojodu LCDA,Lagos Island,Eti-Osa
PP20140516806,05/16/2014,Ijeoma Afolabi,Female,2.34802E+12,ijeoma.afolabi15@yahoo.com,41506638244,Ikeja Division,35th,94116,Low water pressure affecting entire household supply,6.598376,3.299283,Closed,13/02/2026 04:03,Sanitation failure,Oto-Awori LCDA,Lagos Island,Lagos Mainland
PP20090817368,08/17/2009,Adaeze Mohammed,Female,2.34902E+12,adaeze.mohammed93@outlook.com,79930402509,Lagos Island Division,Steiner,94115,bring 5 bathrooms (existing) upto ada standards.,6.446929,3.368857,Closed,13/02/2026 04:03,Sanitation failure,Lekki LCDA,Ikeja,Oshodi-Isolo
PP20150623748,06/23/2015,Ayomide Mohammed,Male,2.34806E+12,ayomide.mohammed48@gmail.com,26156149902,Lagos Island Division,18th,94114,Sewer overflow spreading wastewater near market area,6.460674,3.384896,Closed,13/02/2026 04:03,Sanitation failure,Surulere LCDA,Lagos Island,Apapa
PP20170512302,05/12/2017,Chioma Okoye,Female,2.34806E+12,chioma.okoye43@hotmail.com,2343388844,Epe Division,Larkin,94109,install (1) shower pan.,6.475796,3.588258,Closed,13/02/2026 04:03,Sanitation failure,Ikoyi-Obalende LCDA,Epe,Ibeju-Lekki
PP20160525727,05/25/2016,Aisha Adeyemi,Female,2.34812E+12,aisha.adeyemi63@hotmail.com,15194434691,Ikeja Division,Jackson,94109,Minor kitchen sink pipe leakage under cabinet,6.671744,3.325068,Closed,13/02/2026 04:03,Leak,Bariga LCDA,Badagry,Amuwo-Odofin
PP20160712036,07/12/2016,Femi Bamidele,Male,2.34816E+12,femi.bamidele91@yahoo.com,3603550645,Ikeja Division,Franklin,94109,Septic tank backflow causing strong sewage odor indoors,6.556985,3.305146,Closed,13/02/2026 04:03,Sanitation failure,Yaba LCDA,Ikeja,Alimosho
PP20080623866,06/23/2008,Aisha Nwosu,Female,2.34813E+12,aisha.nwosu74@outlook.com,6323844762,Badagry Division,Dolores,94110,final inspection per e200304297225,6.462685,3.196176,Closed,13/02/2026 04:03,Sanitation failure,Igbogbo-Baiyeku LCDA,Badagry,Ojo
PP20190815498,08/15/2019,Opeyemi Akinyemi,Female,2.34901E+12,opeyemi.akinyemi38@gmail.com,1200771714,Lagos Island Division,Green,94123,Water pipeline rupture near highway causing erosion,6.486835,3.372199,Closed,13/02/2026 04:03,Sanitation failure,Ikosi-Isheri LCDA,Ikeja,Somolu
PP20190807254,08/07/2019,Zainab Ibrahim,Female,2.34909E+12,zainab.ibrahim72@hotmail.com,8391057300,Ikeja Division,Minerva,94112,sewer line and house trap replacement,6.682971,3.327419,Closed,13/02/2026 04:03,Sanitation failure,Odi-Olowo/Ojuwoye LCDA,Lagos Island,Lagos Island
PP20081210440,12/10/2008,Chisom Afolabi,Female,2.34902E+12,chisom.afolabi75@hotmail.com,51418143098,Lagos Island Division,09th,94118,Septic tank backflow causing strong sewage odor indoors,6.427581,3.352922,Closed,13/02/2026 04:03,Sanitation failure,Lekki LCDA,Ikeja,Oshodi-Isolo
PP20080324134,03/24/2008,Chinedu Balogun,Male,2.34806E+12,chinedu.balogun54@gmail.com,29738417315,Ikeja Division,Chestnut,94133,Toilet overflow due to heavily blocked drain system,6.54027,3.354371,Closed,13/02/2026 04:03,Blockage,Lekki LCDA,Ikeja,Oshodi-Isolo
PP20160516468,05/16/2016,Tunde Ajayi,Male,2.34902E+12,tunde.ajayi52@outlook.com,7868106397,Ikeja Division,Gladstone,94134,replace house - trap and main line,6.591807,3.346452,Closed,13/02/2026 04:03,Sanitation failure,Ebute-Metta LCDA,Lagos Island,Eti-Osa
PP20150421915,04/21/2015,Yetunde Ogunleye,Female,2.34812E+12,yetunde.ogunleye75@hotmail.com,26698390695,Lagos Island Division,Tillman,94108,Sudden burst water pipe inside bathroom wall causing flooding,6.462506,3.400167,Closed,13/02/2026 04:03,Leak,Ikorodu West LCDA,Ikorodu,Ikorodu
PP20171101056,11/01/2017,Yetunde Akinyemi,Female,2.34908E+12,yetunde.akinyemi43@gmail.com,8979347159,Lagos Island Division,Stockton,94108,relocate and add heads on 3 floors and add 1 preaction system,6.430711,3.418232,Closed,13/02/2026 04:03,Sanitation failure,Itire-Ikate LCDA,Badagry,Badagry
PP20090928265,09/28/2009,Yetunde Abiola,Female,2.34909E+12,yetunde.abiola32@yahoo.com,17492137092,Epe Division,California,94104,Septic tank backflow causing strong sewage odor indoors,6.580082,3.974376,Closed,13/02/2026 04:03,Sanitation failure,Itire-Ikate LCDA,Badagry,Badagry
PP20170818007,08/18/2017,Femi Okoye,Male,2.34804E+12,femi.okoye25@yahoo.com,1960870901,Lagos Island Division,Canyon,94112,"reinstall shower pan, toilet, sink",6.513054,3.357577,Closed,13/02/2026 04:03,Sanitation failure,Agbado-Oke Odo LCDA,Lagos Island,Apapa
PP20180423776,04/23/2018,Ayomide Yakubu,Male,2.34812E+12,ayomide.yakubu85@outlook.com,15036892344,Lagos Island Division,Clay,94115,High-pressure pipe burst affecting multiple residential buildings,6.466272,3.409913,Closed,13/02/2026 04:03,Leak,Itire-Ikate LCDA,Badagry,Badagry
PP20190808269,08/08/2019,Amaka Ekanem,Female,2.34818E+12,amaka.ekanem28@hotmail.com,14906458207,Badagry Division,Spear,94105,Flooding due to collapsed drainage system after rainfall,6.459983,3.245684,Closed,13/02/2026 04:03,Blockage,Agboyi-Ketu LCDA,Lagos Island,Surulere
PP20180620494,06/20/2018,Zainab Nwosu,Female,2.34809E+12,zainab.nwosu44@outlook.com,11934027526,Ikeja Division,Grove,94102,Water pipeline rupture near highway causing erosion,6.673837,3.328358,Closed,13/02/2026 04:03,Sanitation failure,Badagry Central LCDA,Badagry,Ajeromi-Ifelodun
PP20120914556,09/14/2012,Zainab Ibrahim,Female,2.34907E+12,zainab.ibrahim77@gmail.com,54772798927,Badagry Division,Munich,94112,Major pipe burst near primary school disrupting access road,6.405963,2.888244,Closed,13/02/2026 04:03,Leak,Ikotun-Ikosi LCDA,Lagos Island,Lagos Mainland
PP20140512664,05/12/2014,Bola Danladi,Female,2.34904E+12,bola.danladi16@gmail.com,76702566534,Ikeja Division,28th,94116,Septic tank backflow causing strong sewage odor indoors,6.59001,3.363377,Closed,13/02/2026 04:03,Sanitation failure,Apapa-Iganmu LCDA,Ikeja,Ifako-Ijaiye
PP20150213023,02/13/2015,Kunle Ojo,Male,2.34909E+12,kunle.ojo34@gmail.com,80144679554,Epe Division,Farallones,94112,Sudden burst water pipe inside bathroom wall causing flooding,6.465354,3.587012,Closed,13/02/2026 04:03,Leak,Egbe-Idimu LCDA,Ikeja,Ikeja
PP20090129780,01/29/2009,Yetunde Ojo,Female,2.34819E+12,yetunde.ojo50@gmail.com,47452482763,Ikeja Division,Funston,94116,Public tap pipe severely damaged in residential community,6.604633,3.348911,Closed,13/02/2026 04:03,Sanitation failure,Onigbongbo LCDA,Epe,Ibeju-Lekki
PP20180628753,06/28/2018,Femi Adebisi,Male,2.34907E+12,femi.adebisi71@gmail.com,47969917781,Lagos Island Division,Hill,94110,Flooding due to collapsed drainage system after rainfall,6.454667,3.354251,Closed,13/02/2026 04:03,Blockage,Badagry Central LCDA,Badagry,Ajeromi-Ifelodun
PP20081112313,11/12/2008,Adaeze Danladi,Female,2.34806E+12,adaeze.danladi23@gmail.com,31326461354,Ikeja Division,Moss,94103,Sewer overflow spreading wastewater near market area,6.562313,3.29464,Closed,13/02/2026 04:03,Sanitation failure,Ifako-Ijaiye LCDA,Badagry,Badagry
PP20080916789,09/16/2008,Ayomide Eze,Male,2.34907E+12,ayomide.eze63@yahoo.com,16186254821,Epe Division,Lake,94118,Minor kitchen sink pipe leakage under cabinet,6.471264,3.604389,Closed,13/02/2026 04:03,Leak,Ikorodu West LCDA,Ikorodu,Ikorodu
PP20180710978,07/10/2018,Seyi Eze,Male,2.34902E+12,seyi.eze97@outlook.com,13082417246,Lagos Island Division,43rd,94122,High-pressure pipe burst affecting multiple residential buildings,6.486897,3.354023,Closed,13/02/2026 04:03,Leak,Ikosi-Isheri LCDA,Ikeja,Somolu
PP20110817351,08/17/2011,Femi Adeyemi,Male,2.34906E+12,femi.adeyemi57@outlook.com,12797296187,Lagos Island Division,24th,94114,Bathroom floor drain completely clogged with wastewater backup,6.453939,3.360796,Closed,13/02/2026 04:03,Blockage,Epe LCDA,Badagry,Ajeromi-Ifelodun
PP20110614841,06/14/2011,Yetunde Ojo,Female,2.34814E+12,yetunde.ojo64@hotmail.com,88634649744,Ikeja Division,Laguna,94115,install new toilet & lavy.,6.586806,3.421592,Closed,13/02/2026 04:03,Sanitation failure,Ifako-Ijaiye LCDA,Badagry,Badagry
PP20190712512,07/12/2019,Yetunde Mohammed,Female,2.34816E+12,yetunde.mohammed92@hotmail.com,43619329762,Badagry Division,25th,94110,unit# 1: new plumbing for 1 1/2 bathroom 1 kitchen.,6.421347,2.896097,Closed,13/02/2026 04:03,Sanitation failure,Odi-Olowo/Ojuwoye LCDA,Lagos Island,Lagos Island
PP20121128396,11/28/2012,Abdulrahman Nnamdi,Male,2.34909E+12,abdulrahman.nnamdi78@gmail.com,33967370863,Ikeja Division,Hollister,94124,Water heater pipe leakage soaking utility area,6.531398,3.352187,Closed,13/02/2026 04:03,Leak,Eredo LCDA,Ikeja,Mushin
PP20091229152,12/29/2009,Chinedu Adeyemi,Male,2.34811E+12,chinedu.adeyemi68@gmail.com,79179566113,Ikorodu Division,Webster,94117,install vented trap and section of ci pipe.,6.626126,3.529499,Closed,13/02/2026 04:03,Sanitation failure,Ikorodu North LCDA,Ikorodu,Ikorodu
PP20140304691,03/04/2014,Chioma Chukwu,Female,2.3481E+12,chioma.chukwu43@gmail.com,53545855744,Ikeja Division,Sacramento,94115,remodel two existing bathrooms - shower pan,6.581974,3.406955,Closed,13/02/2026 04:03,Sanitation failure,Oto-Awori LCDA,Lagos Island,Lagos Mainland
PP20120628699,06/28/2012,Amaka Yakubu,Female,2.34904E+12,amaka.yakubu55@outlook.com,90507985818,Ikeja Division,Upper,94117,Water main leakage along roadside causing traffic obstruction,6.564671,3.306896,Closed,13/02/2026 04:03,Leak,Yaba LCDA,Ikeja,Alimosho
PP20090113344,01/13/2009,Oluwaseun Okoye,Male,2.34813E+12,oluwaseun.okoye75@outlook.com,32007101238,Ikeja Division,Castro,94114,Major pipe burst near primary school disrupting access road,6.561573,3.425174,Closed,13/02/2026 04:03,Leak,Yaba LCDA,Ikeja,Alimosho
PP20170418674,04/18/2017,Temitope Umeh,Female,2.34807E+12,temitope.umeh37@outlook.com,64450554989,Lagos Island Division,Ralston,94132,Bathroom floor drain completely clogged with wastewater backup,6.427747,3.420995,Closed,13/02/2026 04:03,Blockage,Epe LCDA,Badagry,Ajeromi-Ifelodun
PP20151215359,12/15/2015,Amaka Abiola,Female,2.34811E+12,amaka.abiola49@gmail.com,94896289638,Lagos Island Division,Bay,94133,Major pipe burst near primary school disrupting access road,6.50022,3.362705,Closed,13/02/2026 04:03,Leak,Ojodu LCDA,Lagos Island,Eti-Osa
PP20190506523,05/06/2019,Adebayo Okafor,Male,2.3481E+12,adebayo.okafor66@outlook.com,58391893166,Ikeja Division,Hermann,94102,Water main leakage along roadside causing traffic obstruction,6.590395,3.412345,Closed,13/02/2026 04:03,Leak,Ikoyi-Obalende LCDA,Epe,Ibeju-Lekki
PP20191113130,11/13/2019,Kunle Adebisi,Male,2.34807E+12,kunle.adebisi31@hotmail.com,44750304438,Badagry Division,Sloat,94116,"construct 2 bedroom, 2 full bath, and laundry rm at gr fl. removel e kitchen, bath rm, add 1 new bath and remove interior wall between lving rm/ dining rm 2nd fl. 4 shower pans total",6.471831,3.330705,Closed,13/02/2026 04:03,Sanitation failure,Ifako-Agege LCDA,Ikeja,Mushin
PP20140826547,08/26/2014,Yetunde Ekanem,Female,2.3482E+12,yetunde.ekanem17@hotmail.com,79245474799,Lagos Island Division,Rutland,94134,Toilet overflow due to heavily blocked drain system,6.440488,3.428054,Closed,13/02/2026 04:03,Blockage,Ikeja LCDA,Epe,Epe
PP20160725428,07/25/2016,Kelechi Oladipo,Male,2.34901E+12,kelechi.oladipo74@hotmail.com,24352933451,Lagos Island Division,Theresa,94112,Public tap pipe severely damaged in residential community,6.423746,3.43276,Closed,13/02/2026 04:03,Sanitation failure,Oshodi-Bolade LCDA,Ikeja,Alimosho
PP20130214285,02/14/2013,Femi Nwosu,Male,2.34807E+12,femi.nwosu80@gmail.com,97366916014,Lagos Island Division,22nd,94121,remodel kitchen & 2 bathrooms & gas stove,6.49154,3.368881,Closed,13/02/2026 04:03,Sanitation failure,Ojokoro LCDA,Badagry,Amuwo-Odofin
PP20161014850,10/14/2016,Chisom Danladi,Female,2.34816E+12,chisom.danladi38@gmail.com,76298426304,Lagos Island Division,Shotwell,94110,Toilet overflow due to heavily blocked drain system,6.457773,3.413082,Closed,13/02/2026 04:03,Blockage,Ayobo-Ipaja LCDA,Badagry,Ojo
PP20080725797,07/25/2008,Kelechi Ogunleye,Male,2.34812E+12,kelechi.ogunleye65@yahoo.com,73678845691,Lagos Island Division,Nevada,94110,Underground water pipe burst near hospital entrance,6.522165,3.375707,Closed,13/02/2026 04:03,Leak,Odi-Olowo/Ojuwoye LCDA,Lagos Island,Lagos Island
PP20130828689,08/28/2013,Bola Umeh,Female,2.34815E+12,bola.umeh13@hotmail.com,80556155874,Ikeja Division,Broadway,94123,Sewer overflow spreading wastewater near market area,6.527106,3.351568,Closed,13/02/2026 04:03,Sanitation failure,Egbe-Idimu LCDA,Ikeja,Ikeja
PP20190708307,07/08/2019,Ijeoma Yakubu,Female,2.34806E+12,ijeoma.yakubu81@outlook.com,66462655116,Ikeja Division,Duboce,94103,Water heater pipe leakage soaking utility area,6.609799,3.335337,Closed,13/02/2026 04:03,Leak,Agbado-Oke Odo LCDA,Lagos Island,Apapa
PP20101229032,12/29/2010,Chukwudi Abiola,Male,2.3481E+12,chukwudi.abiola59@outlook.com,8252896034,Ikorodu Division,Bay,94123,Water main leakage along roadside causing traffic obstruction,6.608863,3.499822,Closed,13/02/2026 04:03,Leak,Oshodi-Bolade LCDA,Ikeja,Alimosho
PP20160915993,09/15/2016,Opeyemi Afolabi,Female,2.34908E+12,opeyemi.afolabi44@gmail.com,66404435794,Epe Division,11th,94118,High-pressure pipe burst affecting multiple residential buildings,6.593503,4.000706,Closed,13/02/2026 04:03,Leak,Ifako-Ijaiye LCDA,Badagry,Badagry
PP20100402048,04/02/2010,Zainab Ibrahim,Female,2.34818E+12,zainab.ibrahim87@hotmail.com,74273225794,Lagos Island Division,Broderick,94117,2nd floor: remodel kitchen and bathroom,6.453056,3.393012,Closed,13/02/2026 04:03,Sanitation failure,Oshodi-Bolade LCDA,Ikeja,Alimosho
PP20170925006,09/25/2017,Emeka Chukwu,Male,2.34815E+12,emeka.chukwu56@hotmail.com,251061710,Ikeja Division,40th,94122,Underground water pipe burst near hospital entrance,6.584001,3.428319,Closed,13/02/2026 04:03,Leak,Ikorodu West LCDA,Ikorodu,Ikorodu
PP20150724587,07/24/2015,Ngozi Eze,Female,2.34811E+12,ngozi.eze40@gmail.com,91160246570,Badagry Division,07th,94122,conversion of nail spa to office; canceling floor drains & water lines,6.451726,3.185384,Closed,13/02/2026 04:03,Blockage,Ifako-Ijaiye LCDA,Badagry,Badagry
PP20141017080,10/17/2014,Ngozi Ibrahim,Female,2.34908E+12,ngozi.ibrahim90@gmail.com,68658395592,Lagos Island Division,Head,94132,Water main leakage along roadside causing traffic obstruction,6.442852,3.426911,Closed,13/02/2026 04:03,Leak,Mosan-Okunola LCDA,Epe,Epe
PP20120830212,08/30/2012,Temitope Abiola,Female,2.34901E+12,temitope.abiola83@outlook.com,60777835615,Ikeja Division,Vernon,94132,Sudden burst water pipe inside bathroom wall causing flooding,6.529196,3.36461,Closed,13/02/2026 04:03,Leak,Lekki LCDA,Ikeja,Oshodi-Isolo
PP20080828918,08/28/2008,Bola Balogun,Female,2.34817E+12,bola.balogun64@hotmail.com,73472503520,Ikeja Division,Bertha,94124,Toilet overflow due to heavily blocked drain system,6.574768,3.358279,Closed,13/02/2026 04:03,Blockage,Iba LCDA,Ikeja,Agege
PP20190308822,03/08/2019,Bola Bamidele,Female,2.34805E+12,bola.bamidele77@outlook.com,52766764977,Badagry Division,Cambridge,94134,"amend pp20190124555. new domestic service/waterline (domestic only, no fire) from building penetration, through breezeway, into building basement. waterline services buildings a (main school building), b (gym complex), c (chapel), d (cambridge hall), e (school building), f (school building). all buildings on 501 cambridge.",6.443459,3.231694,Closed,13/02/2026 04:03,Sanitation failure,Agbado-Oke Odo LCDA,Lagos Island,Apapa
PP20141230800,12/30/2014,Chioma Nnamdi,Female,2.34817E+12,chioma.nnamdi78@yahoo.com,79517908859,Badagry Division,Laguna,94102,"new kitchen waste, gas test for gas to stove. install new tub & plumbing fixtures.",6.471812,3.347037,Closed,13/02/2026 04:03,Sanitation failure,Eredo LCDA,Ikeja,Mushin
PP20170421759,04/21/2017,Temitope Bamidele,Female,2.34803E+12,temitope.bamidele50@yahoo.com,55300046005,Ikeja Division,Clement,94121,install handicapped ada bathroom,6.614126,3.345529,Closed,13/02/2026 04:03,Sanitation failure,Ikoyi-Obalende LCDA,Epe,Ibeju-Lekki
PP20110207864,02/07/2011,Adaeze Bamidele,Female,2.3491E+12,adaeze.bamidele93@yahoo.com,11687164939,Ikeja Division,15th,94122,Water pipeline rupture near highway causing erosion,6.569723,3.321249,Closed,13/02/2026 04:03,Sanitation failure,Ikosi-Isheri LCDA,Ikeja,Somolu
PP20160901628,09/01/2016,Seyi Ogunleye,Male,2.34815E+12,seyi.ogunleye84@gmail.com,33866387935,Ikeja Division,15th,94116,3 shower pans.,6.6862,3.336021,Closed,13/02/2026 04:03,Sanitation failure,Orile-Agege LCDA,Ikeja,Kosofe
PP20180531893,05/31/2018,Opeyemi Adebisi,Female,2.34904E+12,opeyemi.adebisi26@gmail.com,30492011732,Badagry Division,Chattanooga,94114,Major pipe burst near primary school disrupting access road,6.467454,3.31728,Closed,13/02/2026 04:03,Leak,Agbado-Oke Odo LCDA,Lagos Island,Apapa
PP20150317911,03/17/2015,Ifeanyi Owolabi,Male,2.34906E+12,ifeanyi.owolabi66@outlook.com,39004686427,Ikeja Division,Guerrero,94110,High-pressure pipe burst affecting multiple residential buildings,6.667339,3.320168,Closed,13/02/2026 04:03,Leak,Ifako-Agege LCDA,Ikeja,Mushin
PP20160714117,07/14/2016,Chioma Eze,Female,2.34803E+12,chioma.eze25@hotmail.com,63027183696,Ikeja Division,Waller,94102,Cracked underground pipe slowly flooding compound,6.605009,3.414941,Closed,13/02/2026 04:03,Sanitation failure,Ojokoro LCDA,Badagry,Amuwo-Odofin
PP20180912763,09/12/2018,Olamide Okafor,Male,2.34906E+12,olamide.okafor97@yahoo.com,76364962966,Badagry Division,Cervantes,94123,remodel of kitchen and bathroom,6.467932,3.338815,Closed,13/02/2026 04:03,Sanitation failure,Apapa-Iganmu LCDA,Ikeja,Ifako-Ijaiye
PP20080328281,03/28/2008,Ifeanyi Abiola,Male,2.34805E+12,ifeanyi.abiola43@hotmail.com,17683804963,Ikeja Division,Arbor,94131,Severe shower pipe rupture flooding entire bathroom,6.615936,3.352951,Closed,13/02/2026 04:03,Sanitation failure,Badagry West LCDA,Ikeja,Kosofe
PP20081016225,10/16/2008,Adaeze Afolabi,Female,2.34812E+12,adaeze.afolabi90@outlook.com,68441473173,Badagry Division,Baker,94123,Public tap pipe severely damaged in residential community,6.460474,3.335246,Closed,13/02/2026 04:03,Sanitation failure,Ikosi-Isheri LCDA,Ikeja,Somolu
PP20080522907,05/22/2008,Obinna Mohammed,Male,2.34904E+12,obinna.mohammed29@hotmail.com,46493639314,Ikeja Division,15th,94114,Open manhole with visible sewage leakage on street,6.662375,3.3154,Closed,13/02/2026 04:03,Leak,Coker-Aguda LCDA,Ikeja,Agege
PP20180122086,01/22/2018,Adaeze Ojo,Female,2.34907E+12,adaeze.ojo65@outlook.com,73185294584,Ikeja Division,Frederick,94117,Public tap pipe severely damaged in residential community,6.609382,3.33563,Closed,13/02/2026 04:03,Sanitation failure,Agboyi-Ketu LCDA,Lagos Island,Surulere
PP20140630923,06/30/2014,Adebayo Adebisi,Male,2.3481E+12,adebayo.adebisi62@gmail.com,80930119409,Ikeja Division,Mission,94110,Persistent dripping tap in kitchen wasting water daily,6.611207,3.329076,Closed,13/02/2026 04:03,Sanitation failure,Iba LCDA,Ikeja,Agege
PP20110124555,01/24/2011,Olamide Balogun,Male,2.34806E+12,olamide.balogun13@yahoo.com,25002815256,Badagry Division,Myra,94127,Open manhole with visible sewage leakage on street,6.452637,3.332469,Closed,13/02/2026 04:03,Leak,Odi-Olowo/Ojuwoye LCDA,Lagos Island,Lagos Island
PP20160204687,02/04/2016,Ngozi Balogun,Female,2.34818E+12,ngozi.balogun45@gmail.com,61237408016,Ikorodu Division,Beale,94105,Persistent dripping tap in kitchen wasting water daily,6.604353,3.518101,Closed,13/02/2026 04:03,Sanitation failure,Badagry Central LCDA,Badagry,Ajeromi-Ifelodun
PP20160711965,07/11/2016,Emeka Mohammed,Male,2.34905E+12,emeka.mohammed44@yahoo.com,25740921546,Ikorodu Division,Mission,94110,Sudden burst water pipe inside bathroom wall causing flooding,6.620224,3.495924,Closed,13/02/2026 04:03,Leak,Yaba LCDA,Ikeja,Alimosho
PP20081106084,11/06/2008,Adaeze Ekanem,Female,2.34817E+12,adaeze.ekanem72@yahoo.com,15454646085,Lagos Island Division,Oakdale,94124,Flooding due to collapsed drainage system after rainfall,6.521308,3.371678,Closed,13/02/2026 04:03,Blockage,Eredo LCDA,Ikeja,Mushin
PP20180103603,01/03/2018,Amaka Danladi,Female,2.34807E+12,amaka.danladi30@hotmail.com,80163904356,Badagry Division,28th,94121,relocate toilet and vanity in existing bathroom,6.469892,3.346705,Closed,13/02/2026 04:03,Sanitation failure,Apapa-Iganmu LCDA,Ikeja,Ifako-Ijaiye
PP20150312756,03/12/2015,Adaeze Nnamdi,Female,2.34904E+12,adaeze.nnamdi78@gmail.com,25193986153,Ikeja Division,Precita,94110,underground drain pipe. replacement in the driveway and house trap,6.651048,3.32975,Closed,13/02/2026 04:03,Blockage,Odi-Olowo/Ojuwoye LCDA,Lagos Island,Lagos Island
PP20130924443,09/24/2013,Tunde Balogun,Male,2.34819E+12,tunde.balogun50@yahoo.com,77079602422,Ikeja Division,Hermann,94102,176 hermann: install 2 new bathroom with 1 shower pan & water heater. 174 hermann: install 1 showr pan.,6.581699,3.423413,Closed,13/02/2026 04:03,Sanitation failure,Ikorodu North LCDA,Ikorodu,Ikorodu
PP20111011638,10/11/2011,Ifeanyi Abiola,Male,2.34909E+12,ifeanyi.abiola96@yahoo.com,7840080822,Ikorodu Division,Cayuga,94112,Underground water pipe burst near hospital entrance,6.621532,3.50298,Closed,13/02/2026 04:03,Leak,Lekki LCDA,Ikeja,Oshodi-Isolo
PP20180322919,03/22/2018,Abdulrahman Oladipo,Male,2.34808E+12,abdulrahman.oladipo65@outlook.com,34559808365,Ikeja Division,Golden Gate,94115,Major pipe burst near primary school disrupting access road,6.598609,3.34354,Closed,13/02/2026 04:03,Leak,Agbado-Oke Odo LCDA,Lagos Island,Apapa
PP20170727380,07/27/2017,Opeyemi Owolabi,Female,2.34809E+12,opeyemi.owolabi50@yahoo.com,81168467739,Ikeja Division,Cresta Vista,94127,Persistent dripping tap in kitchen wasting water daily,6.68056,3.328813,Closed,13/02/2026 04:03,Sanitation failure,Amuwo-Odofin LCDA,Ikeja,Ifako-Ijaiye
PP20190117341,01/17/2019,Chinedu Nwosu,Male,2.34903E+12,chinedu.nwosu30@hotmail.com,60349653259,Ikeja Division,Van Ness,94109,Open manhole with visible sewage leakage on street,6.628012,3.294393,Closed,13/02/2026 04:03,Leak,Ojodu LCDA,Lagos Island,Eti-Osa
PP20140811131,08/11/2014,Chisom Umeh,Female,2.34815E+12,chisom.umeh34@yahoo.com,42318692770,Ikeja Division,Sutter,94108,Blocked drainage channel causing street-level flooding,6.546516,3.292963,Closed,13/02/2026 04:03,Blockage,Onigbongbo LCDA,Epe,Ibeju-Lekki
PP20090427868,04/27/2009,Adaeze Balogun,Female,2.34907E+12,adaeze.balogun62@hotmail.com,44210391491,Ikeja Division,12th,94118,Water heater pipe leakage soaking utility area,6.509269,3.338759,Closed,13/02/2026 04:03,Leak,Ikeja LCDA,Epe,Epe
PP20101014533,10/14/2010,Adebayo Nnamdi,Male,2.3481E+12,adebayo.nnamdi79@hotmail.com,9999819320,Lagos Island Division,Magellan,94116,Toilet overflow due to heavily blocked drain system,6.456771,3.399787,Closed,13/02/2026 04:03,Blockage,Odi-Olowo/Ojuwoye LCDA,Lagos Island,Lagos Island
PP20080910511,09/10/2008,Bola Ekanem,Female,2.34812E+12,bola.ekanem13@hotmail.com,71705320906,Lagos Island Division,Post,94109,Open manhole with visible sewage leakage on street,6.438288,3.40365,Closed,13/02/2026 04:03,Leak,Ikorodu North LCDA,Ikorodu,Ikorodu
PP20080401360,04/01/2008,Femi Ojo,Male,2.34809E+12,femi.ojo40@outlook.com,52192766492,Ikorodu Division,43rd,94116,Toilet overflow due to heavily blocked drain system,6.614569,3.511968,Closed,13/02/2026 04:03,Blockage,Isolo LCDA,Ikeja,Ikeja
PP20160120182,01/20/2016,Amaka Nwosu,Female,2.34817E+12,amaka.nwosu84@gmail.com,536999056,Ikorodu Division,20th,94122,Bathroom floor drain completely clogged with wastewater backup,6.635522,3.519468,Closed,13/02/2026 04:03,Blockage,Ifako-Agege LCDA,Ikeja,Mushin
PP20131023310,10/23/2013,Femi Ajayi,Male,2.34908E+12,femi.ajayi14@yahoo.com,1885364231,Ikeja Division,North Point,94123,Toilet overflow due to heavily blocked drain system,6.599115,3.342588,Closed,13/02/2026 04:03,Blockage,Ifako-Agege LCDA,Ikeja,Mushin
PP20170427899,04/27/2017,Adaeze Adeyemi,Female,2.34903E+12,adaeze.adeyemi76@hotmail.com,52637082249,Ikeja Division,Peninsula,94134,Sudden burst water pipe inside bathroom wall causing flooding,6.561782,3.409508,Closed,13/02/2026 04:03,Leak,Igbogbo-Baiyeku LCDA,Badagry,Ojo
PP20120711958,07/11/2012,Kelechi Mohammed,Male,2.34814E+12,kelechi.mohammed84@gmail.com,2315930262,Lagos Island Division,Pacific,94115,Flooding due to collapsed drainage system after rainfall,6.494789,3.350928,Closed,13/02/2026 04:03,Blockage,Coker-Aguda LCDA,Ikeja,Agege
PP20191106972,11/06/2019,Uche Afolabi,Male,2.34811E+12,uche.afolabi92@gmail.com,55019511375,Lagos Island Division,Fulton,94117,Sudden burst water pipe inside bathroom wall causing flooding,6.447487,3.359769,Closed,13/02/2026 04:03,Leak,Ikeja LCDA,Epe,Epe
PP20090527606,05/27/2009,Amaka Yakubu,Female,2.34903E+12,amaka.yakubu98@hotmail.com,73266107256,Ikeja Division,Desmond,94134,Toilet overflow due to heavily blocked drain system,6.667551,3.3221,Closed,13/02/2026 04:03,Blockage,Yaba LCDA,Ikeja,Alimosho
PP20110727847,07/27/2011,Seyi Mohammed,Male,2.34817E+12,seyi.mohammed44@hotmail.com,75642167721,Badagry Division,Hyde,94109,Blocked drainage channel causing street-level flooding,6.468387,3.337719,Closed,13/02/2026 04:03,Blockage,Epe LCDA,Badagry,Ajeromi-Ifelodun
PP20190903995,09/03/2019,Chioma Yakubu,Female,2.34806E+12,chioma.yakubu56@yahoo.com,85924018992,Lagos Island Division,Eddy,94115,Sewer overflow spreading wastewater near market area,6.437896,3.373109,Closed,13/02/2026 04:03,Sanitation failure,Iba LCDA,Ikeja,Agege
PP20091026872,10/26/2009,Obinna Ibrahim,Male,2.34809E+12,obinna.ibrahim64@hotmail.com,79747113713,Lagos Island Division,Stanyan,94117,Sewer overflow spreading wastewater near market area,6.447814,3.359188,Closed,13/02/2026 04:03,Sanitation failure,Epe LCDA,Badagry,Ajeromi-Ifelodun
PP20170417629,04/17/2017,Abdulrahman Ibrahim,Male,2.34816E+12,abdulrahman.ibrahim78@outlook.com,72710578971,Lagos Island Division,Pacheco,94116,Flooding due to collapsed drainage system after rainfall,6.440182,3.424232,Closed,13/02/2026 04:03,Blockage,Oto-Awori LCDA,Lagos Island,Lagos Mainland
PP20170314728,03/14/2017,Adebayo Ekanem,Male,2.34809E+12,adebayo.ekanem47@gmail.com,6625680242,Ikeja Division,Buckingham,94132,Septic tank backflow causing strong sewage odor indoors,6.592831,3.419571,Closed,13/02/2026 04:03,Sanitation failure,Ayobo-Ipaja LCDA,Badagry,Ojo
PP20180521573,05/21/2018,Yetunde Owolabi,Female,2.34818E+12,yetunde.owolabi21@outlook.com,79510948980,Epe Division,06th,94118,Flooding due to collapsed drainage system after rainfall,6.463876,3.588615,Closed,13/02/2026 04:03,Blockage,Ebute-Metta LCDA,Lagos Island,Eti-Osa
PP20191031839,10/31/2019,Ijeoma Danladi,Female,2.34908E+12,ijeoma.danladi18@yahoo.com,25431341906,Badagry Division,Battery,94111,Water pipeline rupture near highway causing erosion,6.449563,3.184086,Open,13/02/2026 04:03,Sanitation failure,Odi-Olowo/Ojuwoye LCDA,Lagos Island,Lagos Island
PP20170516417,05/16/2017,Chinedu Ojo,Male,2.34817E+12,chinedu.ojo38@outlook.com,67950712734,Ikeja Division,Corbett,94131,Underground water pipe burst near hospital entrance,6.608668,3.292919,Closed,13/02/2026 04:03,Leak,Iba LCDA,Ikeja,Agege
PP20140211115,02/11/2014,Ijeoma Abiola,Female,2.34812E+12,ijeoma.abiola96@yahoo.com,86960079091,Ikorodu Division,Noe,94114,2 shower pans,6.618115,3.491682,Closed,13/02/2026 04:03,Sanitation failure,Oshodi-Bolade LCDA,Ikeja,Alimosho
PP20120201145,02/01/2012,Uche Oladipo,Male,2.34803E+12,uche.oladipo67@hotmail.com,38669640476,Lagos Island Division,15th,94114,Water heater pipe leakage soaking utility area,6.443313,3.359928,Closed,13/02/2026 04:03,Leak,Yaba LCDA,Ikeja,Alimosho
PP20101210677,12/10/2010,Olamide Mohammed,Male,2.34814E+12,olamide.mohammed62@gmail.com,61037016457,Ikorodu Division,Potrero,94110,Sewer overflow spreading wastewater near market area,6.620999,3.500223,Closed,13/02/2026 04:03,Sanitation failure,Lekki LCDA,Ikeja,Oshodi-Isolo
PP20160722386,07/22/2016,Femi Owolabi,Male,2.34815E+12,femi.owolabi13@gmail.com,87034855211,Badagry Division,Pierce,94115,Minor kitchen sink pipe leakage under cabinet,6.462657,3.241338,Closed,13/02/2026 04:03,Leak,Odi-Olowo/Ojuwoye LCDA,Lagos Island,Lagos Island
PP20110510097,05/10/2011,Olamide Yakubu,Male,2.34804E+12,olamide.yakubu63@gmail.com,64904087307,Lagos Island Division,San Jose,94112,Cracked underground pipe slowly flooding compound,6.463795,3.398972,Closed,13/02/2026 04:03,Sanitation failure,Ikeja LCDA,Epe,Epe
PP20091221050,12/21/2009,Ifeanyi Owolabi,Male,2.34807E+12,ifeanyi.owolabi37@hotmail.com,40148979781,Ikeja Division,Duncan,94131,Water main leakage along roadside causing traffic obstruction,6.609038,3.353753,Closed,13/02/2026 04:03,Leak,Ikeja LCDA,Epe,Epe
PP20160120161,01/20/2016,Seyi Yakubu,Male,2.34905E+12,seyi.yakubu22@hotmail.com,69429713443,Ikeja Division,Clay,94115,Persistent dripping tap in kitchen wasting water daily,6.603564,3.345192,Closed,13/02/2026 04:03,Sanitation failure,Ebute-Metta LCDA,Lagos Island,Eti-Osa
PP20110128685,01/28/2011,Olamide Ekanem,Male,2.34807E+12,olamide.ekanem65@gmail.com,22495039951,Lagos Island Division,16th,94107,Sewer overflow spreading wastewater near market area,6.534406,3.372494,Closed,13/02/2026 04:03,Sanitation failure,Badagry Central LCDA,Badagry,Ajeromi-Ifelodun
PP20121210690,12/10/2012,Yetunde Ibrahim,Female,2.34908E+12,yetunde.ibrahim57@hotmail.com,94822823834,Badagry Division,Steiner,94117,remove and replace water heater. (pm20121210691),6.463925,3.2475,Closed,13/02/2026 04:03,Sanitation failure,Igbogbo-Baiyeku LCDA,Badagry,Ojo
PP20140108238,01/08/2014,Chukwudi Akinyemi,Male,2.34805E+12,chukwudi.akinyemi34@yahoo.com,17893236019,Ikeja Division,Filbert,94109,Toilet overflow due to heavily blocked drain system,6.586187,3.419303,Closed,13/02/2026 04:03,Blockage,Agboyi-Ketu LCDA,Lagos Island,Surulere
PP20080930404,09/30/2008,Olamide Akinyemi,Male,2.34818E+12,olamide.akinyemi39@hotmail.com,48522629296,Ikeja Division,Northwood,94112,Bathroom floor drain completely clogged with wastewater backup,6.581957,3.424808,Closed,13/02/2026 04:03,Blockage,Ikeja LCDA,Epe,Epe
PP20191230331,12/30/2019,Temitope Ojo,Female,2.34818E+12,temitope.ojo12@outlook.com,88270713658,Ikorodu Division,Masonic,94117,Water main leakage along roadside causing traffic obstruction,6.627335,3.493015,Closed,13/02/2026 04:03,Leak,Oto-Awori LCDA,Lagos Island,Lagos Mainland
PP20130529108,05/29/2013,Ifeanyi Ajayi,Male,2.34804E+12,ifeanyi.ajayi38@gmail.com,71306371717,Epe Division,Market,94103,Severe shower pipe rupture flooding entire bathroom,6.597043,3.966975,Closed,13/02/2026 04:03,Sanitation failure,Epe LCDA,Badagry,Ajeromi-Ifelodun
PP20140523968,05/23/2014,Ngozi Ogunleye,Female,2.34814E+12,ngozi.ogunleye20@gmail.com,1404461159,Lagos Island Division,Castro,94114,bathroom remodel.,6.464425,3.405967,Closed,13/02/2026 04:03,Sanitation failure,Lekki LCDA,Ikeja,Oshodi-Isolo
PP20110408360,04/08/2011,Ijeoma Okafor,Female,2.34808E+12,ijeoma.okafor33@hotmail.com,27293600854,Ikeja Division,21st,94110,Low water pressure affecting entire household supply,6.54269,3.303992,Closed,13/02/2026 04:03,Sanitation failure,Badagry West LCDA,Ikeja,Kosofe
PP20100527316,05/27/2010,Abdulrahman Eze,Male,2.34813E+12,abdulrahman.eze74@gmail.com,11657224937,Ikeja Division,Guerrero,94110,Major pipe burst near primary school disrupting access road,6.590743,3.349351,Closed,13/02/2026 04:03,Leak,Amuwo-Odofin LCDA,Ikeja,Ifako-Ijaiye
PP20191230313,12/30/2019,Yetunde Danladi,Female,2.34818E+12,yetunde.danladi63@hotmail.com,57618551805,Ikeja Division,Jones,94109,Open manhole with visible sewage leakage on street,6.61242,3.343797,Closed,13/02/2026 04:03,Leak,Onigbongbo LCDA,Epe,Ibeju-Lekki
PP20150410624,04/10/2015,Ifeanyi Owolabi,Male,2.34817E+12,ifeanyi.owolabi43@hotmail.com,71299604596,Epe Division,Dolores,94110,Persistent dripping tap in kitchen wasting water daily,6.483103,3.598957,Closed,13/02/2026 04:03,Sanitation failure,Ifako-Ijaiye LCDA,Badagry,Badagry
PP20180220967,02/20/2018,Ngozi Oladipo,Female,2.34905E+12,ngozi.oladipo77@outlook.com,99626036630,Ikeja Division,Folsom,94110,Septic tank backflow causing strong sewage odor indoors,6.521678,3.352508,Closed,13/02/2026 04:03,Sanitation failure,Ikotun-Ikosi LCDA,Lagos Island,Lagos Mainland
PP20180319806,03/19/2018,Kunle Owolabi,Male,2.34819E+12,kunle.owolabi38@gmail.com,73137741625,Lagos Island Division,Ofarrell,94102,Public tap pipe severely damaged in residential community,6.437266,3.386641,Closed,13/02/2026 04:03,Sanitation failure,Odi-Olowo/Ojuwoye LCDA,Lagos Island,Lagos Island
PP20100827436,08/27/2010,Emeka Owolabi,Male,2.34808E+12,emeka.owolabi12@outlook.com,84838030877,Ikeja Division,Market,94103,Sewer overflow spreading wastewater near market area,6.618649,3.311156,Closed,13/02/2026 04:03,Sanitation failure,Amuwo-Odofin LCDA,Ikeja,Ifako-Ijaiye
PP20110511140,05/11/2011,Ayomide Okafor,Male,2.34906E+12,ayomide.okafor17@yahoo.com,68265483221,Lagos Island Division,Irving,94122,Minor kitchen sink pipe leakage under cabinet,6.436457,3.353075,Closed,13/02/2026 04:03,Leak,Mosan-Okunola LCDA,Epe,Epe
PP20160321952,03/21/2016,Chisom Mohammed,Female,2.34812E+12,chisom.mohammed42@hotmail.com,2751743003,Badagry Division,20th,94114,Septic tank backflow causing strong sewage odor indoors,6.460736,3.185802,Closed,13/02/2026 04:03,Sanitation failure,Egbe-Idimu LCDA,Ikeja,Ikeja
PP20111114434,11/14/2011,Abdulrahman Chukwu,Male,2.34805E+12,abdulrahman.chukwu34@hotmail.com,89950781560,Ikorodu Division,Dwight,94134,Bathroom floor drain completely clogged with wastewater backup,6.611304,3.514741,Closed,13/02/2026 04:03,Blockage,Agboyi-Ketu LCDA,Lagos Island,Surulere
PP20190605456,06/05/2019,Seyi Danladi,Male,2.34809E+12,seyi.danladi35@yahoo.com,44210561144,Ikeja Division,O'farrell,94109,Open manhole with visible sewage leakage on street,6.522562,3.354455,Closed,13/02/2026 04:03,Leak,Badagry West LCDA,Ikeja,Kosofe
PP20090817401,08/17/2009,Emeka Abiola,Male,2.34904E+12,emeka.abiola26@outlook.com,22028108473,Ikeja Division,Mason,94108,Open manhole with visible sewage leakage on street,6.607263,3.351564,Closed,13/02/2026 04:03,Leak,Badagry Central LCDA,Badagry,Ajeromi-Ifelodun
PP20130808093,08/08/2013,Adebayo Bamidele,Male,2.34904E+12,adebayo.bamidele38@outlook.com,74555199862,Ikeja Division,Winfield,94110,Low water pressure affecting entire household supply,6.549236,3.307004,Closed,13/02/2026 04:03,Sanitation failure,Lekki LCDA,Ikeja,Oshodi-Isolo
PP20131028448,10/28/2013,Zainab Adebisi,Female,2.34806E+12,zainab.adebisi82@yahoo.com,13789157283,Epe Division,Merced,94127,Sewer overflow spreading wastewater near market area,6.583116,3.9799,Closed,13/02/2026 04:03,Sanitation failure,Eredo LCDA,Ikeja,Mushin
PP20140709221,07/09/2014,Femi Adeyemi,Male,2.34817E+12,femi.adeyemi14@yahoo.com,46433428163,Ikorodu Division,09th,94122,Blocked drainage channel causing street-level flooding,6.616812,3.526486,Closed,13/02/2026 04:03,Blockage,Agbado-Oke Odo LCDA,Lagos Island,Apapa
PP20171012496,10/12/2017,Bola Okoye,Female,2.34908E+12,bola.okoye65@outlook.com,76731685651,Lagos Island Division,19th,94116,Severe shower pipe rupture flooding entire bathroom,6.438709,3.418945,Closed,13/02/2026 04:03,Sanitation failure,Apapa-Iganmu LCDA,Ikeja,Ifako-Ijaiye
PP20140522938,05/22/2014,Ifeanyi Adeyemi,Male,2.34903E+12,ifeanyi.adeyemi66@outlook.com,84233841567,Badagry Division,Funston,94122,Underground water pipe burst near hospital entrance,6.42197,2.881662,Closed,13/02/2026 04:03,Leak,Ikosi-Isheri LCDA,Ikeja,Somolu
PP20190328425,03/28/2019,Emeka Danladi,Male,2.34905E+12,emeka.danladi54@gmail.com,47736893830,Badagry Division,Mason,94102,High-pressure pipe burst affecting multiple residential buildings,6.426731,2.888696,Closed,13/02/2026 04:03,Leak,Itire-Ikate LCDA,Badagry,Badagry
PP20110630244,06/30/2011,Kelechi Mohammed,Male,2.34804E+12,kelechi.mohammed81@outlook.com,31575856471,Ikeja Division,Athens,94112,Toilet overflow due to heavily blocked drain system,6.600727,3.355977,Closed,13/02/2026 04:03,Blockage,Ifako-Agege LCDA,Ikeja,Mushin
PP20100129796,01/29/2010,Opeyemi Chukwu,Female,2.34811E+12,opeyemi.chukwu45@gmail.com,17515758528,Epe Division,21st,94114,house trap replacement,6.454291,3.573732,Closed,13/02/2026 04:03,Sanitation failure,Ikosi-Isheri LCDA,Ikeja,Somolu
PP20110922201,09/22/2011,Seyi Mohammed,Male,2.34802E+12,seyi.mohammed15@hotmail.com,94532942157,Lagos Island Division,36th,94116,new bathroom in ground floor,6.442161,3.396129,Closed,13/02/2026 04:03,Sanitation failure,Ikosi-Isheri LCDA,Ikeja,Somolu
PP20090625282,06/25/2009,Ifeanyi Afolabi,Male,2.34812E+12,ifeanyi.afolabi85@outlook.com,25802178952,Lagos Island Division,Magellan,94116,replace drain line from the front of the house to the back and 10' from main sewer,6.450425,3.444213,Closed,13/02/2026 04:03,Blockage,Yaba LCDA,Ikeja,Alimosho
PP20100301324,03/01/2010,Opeyemi Eze,Female,2.34906E+12,opeyemi.eze54@hotmail.com,97961607482,Lagos Island Division,San Jose,94112,install 2 half bathroom on groundfloor.,6.460481,3.399708,Closed,13/02/2026 04:03,Sanitation failure,Odi-Olowo/Ojuwoye LCDA,Lagos Island,Lagos Island
PP20081117495,11/17/2008,Kelechi Okoye,Male,2.34813E+12,kelechi.okoye16@gmail.com,67051752368,Ikeja Division,Brussels,94134,repair/replace water line from meter into bldg.,6.565289,3.411273,Closed,13/02/2026 04:03,Sanitation failure,Yaba LCDA,Ikeja,Alimosho
PP20130208112,02/08/2013,Ayomide Afolabi,Male,2.34807E+12,ayomide.afolabi74@gmail.com,91851737666,Ikeja Division,Harrison,94105,Water pipeline rupture near highway causing erosion,6.519422,3.348392,Closed,13/02/2026 04:03,Sanitation failure,Ikorodu North LCDA,Ikorodu,Ikorodu
PP20150518780,05/18/2015,Emeka Yakubu,Male,2.34908E+12,emeka.yakubu33@gmail.com,17129666346,Badagry Division,Polk,94109,"kitchen room remodeling: change sink, faucet.",6.459319,3.178279,Closed,13/02/2026 04:03,Sanitation failure,Ikosi-Isheri LCDA,Ikeja,Somolu
PP20190826802,08/26/2019,Adaeze Ogunleye,Female,2.34803E+12,adaeze.ogunleye70@outlook.com,72589438326,Ikeja Division,11th,94118,"remodel 1 bathroom, waste and vent piping",6.650007,3.336079,Closed,13/02/2026 04:03,Sanitation failure,Apapa-Iganmu LCDA,Ikeja,Ifako-Ijaiye
PP20100714447,07/14/2010,Adaeze Umeh,Female,2.34807E+12,adaeze.umeh41@yahoo.com,40708039380,Badagry Division,Haight,94117,Open manhole with visible sewage leakage on street,6.404273,2.887392,Closed,13/02/2026 04:03,Leak,Badagry Central LCDA,Badagry,Ajeromi-Ifelodun
PP20160202586,02/02/2016,Seyi Nnamdi,Male,2.34904E+12,seyi.nnamdi74@hotmail.com,98368615523,Ikeja Division,Harrison,94110,Public tap pipe severely damaged in residential community,6.604041,3.407506,Closed,13/02/2026 04:03,Sanitation failure,Ayobo-Ipaja LCDA,Badagry,Ojo
PP20190509663,05/09/2019,Adaeze Ekanem,Female,2.3482E+12,adaeze.ekanem66@hotmail.com,55097813516,Lagos Island Division,09th,94103,Persistent dripping tap in kitchen wasting water daily,6.423497,3.35614,Closed,13/02/2026 04:03,Sanitation failure,Badagry West LCDA,Ikeja,Kosofe
PP20081023485,10/23/2008,Chisom Bamidele,Female,2.34814E+12,chisom.bamidele94@outlook.com,57690994563,Ikeja Division,Hartford,94114,Persistent dripping tap in kitchen wasting water daily,6.56461,3.327683,Open,13/02/2026 04:03,Sanitation failure,Agboyi-Ketu LCDA,Lagos Island,Surulere
PP20190603356,06/03/2019,Ayomide Akinyemi,Male,2.34907E+12,ayomide.akinyemi39@outlook.com,80291102945,Lagos Island Division,Saint Charles,94132,Cracked underground pipe slowly flooding compound,6.420805,3.426867,Closed,13/02/2026 04:03,Sanitation failure,Orile-Agege LCDA,Ikeja,Kosofe
PP20161104445,11/04/2016,Adebayo Ajayi,Male,2.34909E+12,adebayo.ajayi68@yahoo.com,73082732233,Badagry Division,17th,94110,Persistent dripping tap in kitchen wasting water daily,6.410347,2.883941,Closed,13/02/2026 04:03,Sanitation failure,Ikorodu North LCDA,Ikorodu,Ikorodu
PP20150113074,01/13/2015,Ijeoma Ibrahim,Female,2.3491E+12,ijeoma.ibrahim71@outlook.com,61710735026,Ikeja Division,Shotwell,94110,Open manhole with visible sewage leakage on street,6.553743,3.33957,Closed,13/02/2026 04:03,Leak,Apapa-Iganmu LCDA,Ikeja,Ifako-Ijaiye
PP20100609658,06/09/2010,Zainab Okoye,Female,2.34803E+12,zainab.okoye40@yahoo.com,67163538004,Lagos Island Division,Haight,94117,Sewer overflow spreading wastewater near market area,6.451337,3.363677,Closed,13/02/2026 04:03,Sanitation failure,Egbe-Idimu LCDA,Ikeja,Ikeja
PP20110824521,08/24/2011,Chisom Eze,Female,2.34909E+12,chisom.eze63@yahoo.com,47627321864,Lagos Island Division,Francisco,94133,Sewer overflow spreading wastewater near market area,6.459658,3.35998,Closed,13/02/2026 04:03,Sanitation failure,Ikosi-Isheri LCDA,Ikeja,Somolu
PP20131031579,10/31/2013,Bola Oladipo,Female,2.34813E+12,bola.oladipo47@outlook.com,82578307925,Badagry Division,Pixley,94123,Flooding due to collapsed drainage system after rainfall,6.418081,2.881084,Closed,13/02/2026 04:03,Blockage,Ebute-Metta LCDA,Lagos Island,Eti-Osa
PP20100322804,03/22/2010,Emeka Ogunleye,Male,2.34809E+12,emeka.ogunleye40@gmail.com,35261424287,Epe Division,Gough,94109,replace faucet in kitchen,6.472691,3.581568,Closed,13/02/2026 04:03,Sanitation failure,Odi-Olowo/Ojuwoye LCDA,Lagos Island,Lagos Island
PP20180713150,07/13/2018,Tunde Yakubu,Male,2.34809E+12,tunde.yakubu34@hotmail.com,17792941951,Badagry Division,Rivera,94116,construction (1) new bathroom ground floor; remodel (e) kitchen & (e) bathroom 2/f,6.467216,3.179304,Closed,13/02/2026 04:03,Sanitation failure,Itire-Ikate LCDA,Badagry,Badagry
PP20090506169,05/06/2009,Obinna Okoye,Male,2.34809E+12,obinna.okoye26@outlook.com,32077050802,Ikeja Division,25th,94121,Sudden burst water pipe inside bathroom wall causing flooding,6.612771,3.294707,Closed,13/02/2026 04:03,Leak,Surulere LCDA,Lagos Island,Apapa
PP20161007617,10/07/2016,Chinedu Ojo,Male,2.34815E+12,chinedu.ojo54@gmail.com,80136700470,Ikeja Division,Sacramento,94109,Public tap pipe severely damaged in residential community,6.613061,3.350986,Closed,13/02/2026 04:03,Sanitation failure,Agboyi-Ketu LCDA,Lagos Island,Surulere
PP20150731767,07/31/2015,Amaka Oladipo,Female,2.34903E+12,amaka.oladipo96@yahoo.com,25020384296,Ikeja Division,Bay,94123,"kitchen & bath remodeling, 1 new bath, washer & dryer.",6.56557,3.429319,Closed,13/02/2026 04:03,Sanitation failure,Yaba LCDA,Ikeja,Alimosho
PP20181016759,10/16/2018,Olamide Adeyemi,Male,2.34906E+12,olamide.adeyemi84@outlook.com,58338191864,Lagos Island Division,Hayes,94117,Minor kitchen sink pipe leakage under cabinet,6.445043,3.388162,Closed,13/02/2026 04:03,Leak,Amuwo-Odofin LCDA,Ikeja,Ifako-Ijaiye
PP20110325003,03/25/2011,Oluwaseun Ogunleye,Male,2.34907E+12,oluwaseun.ogunleye61@hotmail.com,48948754440,Ikeja Division,University,94134,"new domestic hot water boiler -- 401,000 btu",6.547643,3.321844,Open,13/02/2026 04:03,Sanitation failure,Eredo LCDA,Ikeja,Mushin
PP20170106971,01/06/2017,Obinna Adeyemi,Male,2.34803E+12,obinna.adeyemi71@gmail.com,42582078939,Lagos Island Division,41st,94122,Minor kitchen sink pipe leakage under cabinet,6.432743,3.426077,Closed,13/02/2026 04:03,Leak,Ikosi-Isheri LCDA,Ikeja,Somolu
PP20180130353,01/30/2018,Adaeze Afolabi,Female,2.34809E+12,adaeze.afolabi97@outlook.com,42723961037,Lagos Island Division,Flood,94112,Open manhole with visible sewage leakage on street,6.443661,3.424132,Closed,13/02/2026 04:03,Leak,Ayobo-Ipaja LCDA,Badagry,Ojo
PP20190801103,08/01/2019,Chioma Abiola,Female,2.34813E+12,chioma.abiola93@outlook.com,9233226793,Ikeja Division,22nd,94110,install 39 new sprinkler heads per nfpa3.,6.582751,3.419556,Closed,13/02/2026 04:03,Sanitation failure,Epe LCDA,Badagry,Ajeromi-Ifelodun
PP20080226348,02/26/2008,Seyi Ojo,Male,2.34903E+12,seyi.ojo30@yahoo.com,77506645823,Badagry Division,48th,94122,Water heater pipe leakage soaking utility area,6.420211,2.891452,Closed,13/02/2026 04:03,Leak,Lekki LCDA,Ikeja,Oshodi-Isolo
PP20160722418,07/22/2016,Ayomide Afolabi,Male,2.34806E+12,ayomide.afolabi80@gmail.com,89184278048,Ikeja Division,Trumbull,94112,Water heater pipe leakage soaking utility area,6.675356,3.329496,Closed,13/02/2026 04:03,Leak,Ebute-Metta LCDA,Lagos Island,Eti-Osa
PP20170714017,07/14/2017,Abdulrahman Ibrahim,Male,2.34905E+12,abdulrahman.ibrahim62@outlook.com,10751240106,Ikeja Division,Stockton,94133,Cracked underground pipe slowly flooding compound,6.551627,3.306587,Closed,13/02/2026 04:03,Sanitation failure,Ikosi-Isheri LCDA,Ikeja,Somolu
PP20190725871,07/25/2019,Emeka Balogun,Male,2.34817E+12,emeka.balogun61@gmail.com,69495219810,Badagry Division,Turk,94115,Water main leakage along roadside causing traffic obstruction,6.413051,2.896338,Closed,13/02/2026 04:03,Leak,Ayobo-Ipaja LCDA,Badagry,Ojo
PP20180420718,04/20/2018,Tunde Eze,Male,2.34907E+12,tunde.eze95@gmail.com,87768270057,Lagos Island Division,Fulton,94121,Major pipe burst near primary school disrupting access road,6.460036,3.365296,Closed,13/02/2026 04:03,Leak,Apapa-Iganmu LCDA,Ikeja,Ifako-Ijaiye
PP20100901548,09/01/2010,Opeyemi Eze,Female,2.34802E+12,opeyemi.eze83@yahoo.com,79008860917,Badagry Division,Balboa,94118,Open manhole with visible sewage leakage on street,6.473259,3.335247,Closed,13/02/2026 04:03,Leak,Itire-Ikate LCDA,Badagry,Badagry
PP20120328468,03/28/2012,Yetunde Bamidele,Female,2.34908E+12,yetunde.bamidele84@outlook.com,74124290542,Lagos Island Division,Annapolis,94118,Public tap pipe severely damaged in residential community,6.524213,3.375315,Closed,13/02/2026 04:03,Sanitation failure,Amuwo-Odofin LCDA,Ikeja,Ifako-Ijaiye
PP20130726728,07/26/2013,Chisom Eze,Female,2.34906E+12,chisom.eze39@outlook.com,89761944552,Ikeja Division,Plymouth,94112,Water main leakage along roadside causing traffic obstruction,6.681041,3.338075,Closed,13/02/2026 04:03,Leak,Onigbongbo LCDA,Epe,Ibeju-Lekki
PP20091029968,10/29/2009,Olamide Oladipo,Male,2.34812E+12,olamide.oladipo68@outlook.com,30043663919,Ikorodu Division,Noriega,94122,Underground water pipe burst near hospital entrance,6.611671,3.514571,Closed,13/02/2026 04:03,Leak,Apapa-Iganmu LCDA,Ikeja,Ifako-Ijaiye
PP20170710856,07/10/2017,Opeyemi Bamidele,Female,2.34812E+12,opeyemi.bamidele47@yahoo.com,37146958136,Badagry Division,Sansome,94104,Sudden burst water pipe inside bathroom wall causing flooding,6.440283,3.236204,Closed,13/02/2026 04:03,Leak,Itire-Ikate LCDA,Badagry,Badagry
PP20190815541,08/15/2019,Obinna Ojo,Male,2.34812E+12,obinna.ojo55@hotmail.com,74438932868,Badagry Division,Sutter,94102,12 shower pans.,6.460433,3.341924,Closed,13/02/2026 04:03,Sanitation failure,Coker-Aguda LCDA,Ikeja,Agege
PP20191120364,11/20/2019,Chukwudi Okoye,Male,2.34817E+12,chukwudi.okoye41@hotmail.com,32973923136,Ikeja Division,17th,94117,"both units. correction inspector corrections to comply with nov 2019799331. reference survey pp20191114173, shower pan",6.536831,3.359731,Closed,13/02/2026 04:03,Sanitation failure,Ikorodu West LCDA,Ikorodu,Ikorodu
PP20081218757,12/18/2008,Emeka Adebisi,Male,2.34807E+12,emeka.adebisi48@gmail.com,20975275088,Lagos Island Division,Laguna,94115,Underground water pipe burst near hospital entrance,6.531651,3.384362,Closed,13/02/2026 04:03,Leak,Badagry Central LCDA,Badagry,Ajeromi-Ifelodun
PP20171010378,10/10/2017,Ayomide Nwosu,Male,2.34806E+12,ayomide.nwosu66@outlook.com,85537866119,Lagos Island Division,Gates,94110,Sewer overflow spreading wastewater near market area,6.517985,3.383519,Closed,13/02/2026 04:03,Sanitation failure,Ojokoro LCDA,Badagry,Amuwo-Odofin
PP20140715348,07/15/2014,Tunde Danladi,Male,2.34818E+12,tunde.danladi29@yahoo.com,13841364704,Ikeja Division,Cityview,94131,install overhead fire sprinkler system.,6.623504,3.343543,Closed,13/02/2026 04:03,Sanitation failure,Ikeja LCDA,Epe,Epe
PP20180306363,03/06/2018,Emeka Owolabi,Male,2.34806E+12,emeka.owolabi91@yahoo.com,32690571505,Epe Division,Edinburgh,94112,"1st floor - add a powder, laundry room. 2nd floor - add powder room. remodel (e) full bath & kitchen.",6.481889,3.592083,Closed,13/02/2026 04:03,Sanitation failure,Lekki LCDA,Ikeja,Oshodi-Isolo
PP20090220373,02/20/2009,Ayomide Abiola,Male,2.34813E+12,ayomide.abiola94@hotmail.com,54647154916,Ikeja Division,Greenwich,94123,Toilet overflow due to heavily blocked drain system,6.557114,3.318802,Closed,13/02/2026 04:03,Blockage,Oto-Awori LCDA,Lagos Island,Lagos Mainland
PP20121102787,11/02/2012,Abdulrahman Bamidele,Male,2.34806E+12,abdulrahman.bamidele43@yahoo.com,35431642579,Epe Division,Cayuga,94112,Bathroom floor drain completely clogged with wastewater backup,6.583735,3.974781,Closed,13/02/2026 04:03,Blockage,Igbogbo-Baiyeku LCDA,Badagry,Ojo
PP20170531811,05/31/2017,Opeyemi Yakubu,Female,2.34812E+12,opeyemi.yakubu20@outlook.com,91932697739,Lagos Island Division,Judah,94122,Persistent dripping tap in kitchen wasting water daily,6.431469,3.414451,Closed,13/02/2026 04:03,Sanitation failure,Agboyi-Ketu LCDA,Lagos Island,Surulere
PP20181107447,11/07/2018,Ifeanyi Adeyemi,Male,2.34814E+12,ifeanyi.adeyemi52@yahoo.com,15272188821,Ikeja Division,03rd,94124,Persistent dripping tap in kitchen wasting water daily,6.608748,3.334555,Closed,13/02/2026 04:03,Sanitation failure,Amuwo-Odofin LCDA,Ikeja,Ifako-Ijaiye
PP20151006553,10/06/2015,Chisom Mohammed,Female,2.34908E+12,chisom.mohammed17@outlook.com,31790158944,Lagos Island Division,12th,94122,Minor kitchen sink pipe leakage under cabinet,6.488976,3.35772,Closed,13/02/2026 04:03,Leak,Ojodu LCDA,Lagos Island,Eti-Osa
PP20130320221,03/20/2013,Obinna Oladipo,Male,2.34803E+12,obinna.oladipo81@outlook.com,27591439837,Ikorodu Division,Ulloa,94127,Public tap pipe severely damaged in residential community,6.600464,3.512633,Closed,13/02/2026 04:03,Sanitation failure,Ayobo-Ipaja LCDA,Badagry,Ojo
PP20101215792,12/15/2010,Bola Abiola,Female,2.34903E+12,bola.abiola74@outlook.com,4825955362,Badagry Division,Broderick,94117,Minor kitchen sink pipe leakage under cabinet,6.415012,2.876829,Closed,13/02/2026 04:03,Leak,Eredo LCDA,Ikeja,Mushin
PP20180814960,08/14/2018,Kelechi Eze,Male,2.34808E+12,kelechi.eze61@outlook.com,59421070440,Ikorodu Division,Van Ness,94109,Toilet overflow due to heavily blocked drain system,6.625992,3.519876,Closed,13/02/2026 04:03,Blockage,Mosan-Okunola LCDA,Epe,Epe
PP20120210391,02/10/2012,Opeyemi Balogun,Female,2.34909E+12,opeyemi.balogun62@hotmail.com,84856614132,Badagry Division,Dellbrook,94131,Blocked drainage channel causing street-level flooding,6.444924,3.175373,Closed,13/02/2026 04:03,Blockage,Agboyi-Ketu LCDA,Lagos Island,Surulere
PP20111021910,10/21/2011,Obinna Nnamdi,Male,2.34807E+12,obinna.nnamdi57@yahoo.com,54016803244,Badagry Division,21st,94122,Sewer overflow spreading wastewater near market area,6.459009,3.323901,Closed,13/02/2026 04:03,Sanitation failure,Bariga LCDA,Badagry,Amuwo-Odofin
PP20080821586,08/21/2008,Yetunde Yakubu,Female,2.34816E+12,yetunde.yakubu25@yahoo.com,99143000728,Ikorodu Division,Gaviota,94127,Sewer overflow spreading wastewater near market area,6.627695,3.508562,Closed,13/02/2026 04:03,Sanitation failure,Onigbongbo LCDA,Epe,Ibeju-Lekki
PP20090107193,01/07/2009,Ngozi Okafor,Female,2.34809E+12,ngozi.okafor37@hotmail.com,91883330453,Ikeja Division,Waller,94117,redo existing kitchen and add a new laundry,6.580655,3.396661,Open,13/02/2026 04:03,Sanitation failure,Badagry West LCDA,Ikeja,Kosofe
PP20180807762,08/07/2018,Chisom Ojo,Female,2.34907E+12,chisom.ojo60@gmail.com,72867681317,Lagos Island Division,Lakeview,94112,Sewer overflow spreading wastewater near market area,6.439454,3.409507,Closed,13/02/2026 04:03,Sanitation failure,Ikotun-Ikosi LCDA,Lagos Island,Lagos Mainland
PP20180427934,04/27/2018,Uche Yakubu,Male,2.34812E+12,uche.yakubu34@yahoo.com,17565830897,Ikeja Division,Fillmore,94115,Bathroom floor drain completely clogged with wastewater backup,6.602399,3.354274,Closed,13/02/2026 04:03,Blockage,Badagry West LCDA,Ikeja,Kosofe
PP20140512622,05/12/2014,Kelechi Ekanem,Male,2.34806E+12,kelechi.ekanem35@yahoo.com,9593128461,Epe Division,Jones,94109,High-pressure pipe burst affecting multiple residential buildings,6.597607,3.970512,Closed,13/02/2026 04:03,Leak,Amuwo-Odofin LCDA,Ikeja,Ifako-Ijaiye
PP20120104491,01/04/2012,Seyi Adeyemi,Male,2.34908E+12,seyi.adeyemi47@hotmail.com,72078706637,Epe Division,Seal Rock,94121,replace plumbing fixture for shower same location.,6.439805,3.586838,Closed,13/02/2026 04:03,Sanitation failure,Ojokoro LCDA,Badagry,Amuwo-Odofin
PP20141118909,11/18/2014,Uche Danladi,Male,2.34906E+12,uche.danladi76@outlook.com,43413976766,Ikeja Division,Egbert,94124,Minor kitchen sink pipe leakage under cabinet,6.545305,3.366989,Closed,13/02/2026 04:03,Leak,Ikorodu West LCDA,Ikorodu,Ikorodu
PP20131209547,12/09/2013,Femi Nnamdi,Male,2.34905E+12,femi.nnamdi15@yahoo.com,61201951078,Badagry Division,41st,94122,Severe shower pipe rupture flooding entire bathroom,6.452097,3.245084,Open,13/02/2026 04:03,Sanitation failure,Ikotun-Ikosi LCDA,Lagos Island,Lagos Mainland
PP20080805072,08/05/2008,Chioma Ajayi,Female,2.34813E+12,chioma.ajayi73@yahoo.com,62039221924,Epe Division,20th,94132,sewer line addition.,6.592071,3.973865,Closed,13/02/2026 04:03,Sanitation failure,Surulere LCDA,Lagos Island,Apapa
PP20181105349,11/05/2018,Yetunde Eze,Female,2.34904E+12,yetunde.eze89@hotmail.com,30009888933,Ikeja Division,Alta,94133,new shower pan and move toilet and sink,6.532064,3.359655,Closed,13/02/2026 04:03,Sanitation failure,Ikosi-Isheri LCDA,Ikeja,Somolu
PP20180605024,06/05/2018,Ngozi Umeh,Female,2.34817E+12,ngozi.umeh22@gmail.com,96292350243,Lagos Island Division,Kennedy,94124,Public tap pipe severely damaged in residential community,6.459402,3.386597,Closed,13/02/2026 04:03,Sanitation failure,Eredo LCDA,Ikeja,Mushin
PP20160111892,01/11/2016,Zainab Umeh,Female,2.34811E+12,zainab.umeh47@hotmail.com,78787906809,Epe Division,Page,94117,Toilet overflow due to heavily blocked drain system,6.587924,3.97851,Closed,13/02/2026 04:03,Blockage,Lekki LCDA,Ikeja,Oshodi-Isolo
PP20190906143,09/06/2019,Chisom Ogunleye,Female,2.3481E+12,chisom.ogunleye23@gmail.com,9147793668,Ikeja Division,Wool,94110,Underground water pipe burst near hospital entrance,6.553344,3.290409,Closed,13/02/2026 04:03,Leak,Ikoyi-Obalende LCDA,Epe,Ibeju-Lekki
PP20180510318,05/10/2018,Femi Okoye,Male,2.34909E+12,femi.okoye86@gmail.com,82744759903,Badagry Division,Laguna,94102,sewer repair at rear of building.,6.454053,3.178907,Closed,13/02/2026 04:03,Sanitation failure,Egbe-Idimu LCDA,Ikeja,Ikeja
PP20140514746,05/14/2014,Ayomide Akinyemi,Male,2.34811E+12,ayomide.akinyemi82@yahoo.com,84390872803,Ikeja Division,Dolores,94110,full installation of fire sprinkler,6.603759,3.296524,Closed,13/02/2026 04:03,Sanitation failure,Ikosi-Isheri LCDA,Ikeja,Somolu
PP20151020878,10/20/2015,Opeyemi Afolabi,Female,2.34811E+12,opeyemi.afolabi15@gmail.com,43384065839,Epe Division,Hollister,94124,Water main leakage along roadside causing traffic obstruction,6.575776,3.99481,Closed,13/02/2026 04:03,Leak,Ifako-Ijaiye LCDA,Badagry,Badagry
PP20170621430,06/21/2017,Kelechi Ekanem,Male,2.34805E+12,kelechi.ekanem46@gmail.com,59638002840,Epe Division,Pine,94115,Underground water pipe burst near hospital entrance,6.584002,3.983507,Closed,13/02/2026 04:03,Leak,Onigbongbo LCDA,Epe,Ibeju-Lekki
PP20190419061,04/19/2019,Oluwaseun Adebisi,Male,2.3482E+12,oluwaseun.adebisi62@yahoo.com,45362456914,Epe Division,El Camino Del Mar,94121,Bathroom floor drain completely clogged with wastewater backup,6.466721,3.586552,Closed,13/02/2026 04:03,Blockage,Iba LCDA,Ikeja,Agege
PP20090806183,08/06/2009,Aisha Chukwu,Female,2.34904E+12,aisha.chukwu87@hotmail.com,66270323873,Lagos Island Division,Amber,94131,Sewer overflow spreading wastewater near market area,6.505151,3.352129,Closed,13/02/2026 04:03,Sanitation failure,Ikosi-Isheri LCDA,Ikeja,Somolu
PP20080829061,08/29/2008,Yetunde Abiola,Female,2.34808E+12,yetunde.abiola43@yahoo.com,70791552417,Ikorodu Division,Harbor,94124,Sewer overflow spreading wastewater near market area,6.612819,3.507463,Closed,13/02/2026 04:03,Sanitation failure,Ikosi-Isheri LCDA,Ikeja,Somolu
PP20161005528,10/05/2016,Amaka Ogunleye,Female,2.34909E+12,amaka.ogunleye72@gmail.com,74673146333,Ikorodu Division,Lombard,94109,Toilet overflow due to heavily blocked drain system,6.605941,3.502307,Closed,13/02/2026 04:03,Blockage,Onigbongbo LCDA,Epe,Ibeju-Lekki
PP20110329082,03/29/2011,Uche Balogun,Male,2.34907E+12,uche.balogun90@yahoo.com,88977607300,Ikeja Division,Folsom,94110,install one tub.,6.610738,3.344744,Closed,13/02/2026 04:03,Sanitation failure,Ikeja LCDA,Epe,Epe
PP20180202463,02/02/2018,Ayomide Owolabi,Male,2.34807E+12,ayomide.owolabi87@hotmail.com,22907335887,Ikorodu Division,Valencia,94110,Sudden burst water pipe inside bathroom wall causing flooding,6.622026,3.512436,Closed,13/02/2026 04:03,Leak,Eredo LCDA,Ikeja,Mushin
PP20080527017,05/27/2008,Chisom Ogunleye,Female,2.34904E+12,chisom.ogunleye26@gmail.com,9912449711,Ikeja Division,Sanchez,94114,Persistent dripping tap in kitchen wasting water daily,6.562109,3.306726,Closed,13/02/2026 04:03,Sanitation failure,Oriade LCDA,Lagos Island,Lagos Island
PP20080221221,02/21/2008,Ijeoma Eze,Female,2.34812E+12,ijeoma.eze39@outlook.com,70814247758,Lagos Island Division,20th,94116,Major pipe burst near primary school disrupting access road,6.528305,3.378168,Closed,13/02/2026 04:03,Leak,Ikoyi-Obalende LCDA,Epe,Ibeju-Lekki
PP20140227551,02/27/2014,Femi Adebisi,Male,2.34908E+12,femi.adebisi16@gmail.com,61070780647,Ikeja Division,Castro,94114,Water heater pipe leakage soaking utility area,6.618154,3.330172,Open,13/02/2026 04:03,Leak,Yaba LCDA,Ikeja,Alimosho
PP20130530156,05/30/2013,Chinedu Okoye,Male,2.34807E+12,chinedu.okoye55@outlook.com,31667852429,Ikeja Division,Van Ness,94109,Underground water pipe burst near hospital entrance,6.591112,3.334657,Closed,13/02/2026 04:03,Leak,Oshodi-Bolade LCDA,Ikeja,Alimosho
PP20190624018,06/24/2019,Tunde Abiola,Male,2.34811E+12,tunde.abiola45@yahoo.com,84696693323,Ikeja Division,Clipper,94114,High-pressure pipe burst affecting multiple residential buildings,6.567827,3.317362,Closed,13/02/2026 04:03,Leak,Oriade LCDA,Lagos Island,Lagos Island
PP20150210909,02/10/2015,Adebayo Adebisi,Male,2.34813E+12,adebayo.adebisi29@hotmail.com,84530665397,Badagry Division,Union,94133,Sudden burst water pipe inside bathroom wall causing flooding,6.459654,3.262361,Closed,13/02/2026 04:03,Leak,Badagry West LCDA,Ikeja,Kosofe
PP20121129422,11/29/2012,Uche Oladipo,Male,2.34812E+12,uche.oladipo90@hotmail.com,70871839519,Ikeja Division,05th,94103,Severe shower pipe rupture flooding entire bathroom,6.609887,3.296973,Closed,13/02/2026 04:03,Sanitation failure,Apapa-Iganmu LCDA,Ikeja,Ifako-Ijaiye
PP20140731859,07/31/2014,Abdulrahman Danladi,Male,2.34907E+12,abdulrahman.danladi34@outlook.com,31884220723,Badagry Division,Van Ness,94102,Persistent dripping tap in kitchen wasting water daily,6.443823,3.246839,Open,13/02/2026 04:03,Sanitation failure,Isolo LCDA,Ikeja,Ikeja
PP20150602173,06/02/2015,Ijeoma Ogunleye,Female,2.34904E+12,ijeoma.ogunleye58@gmail.com,17210911300,Ikeja Division,Waller,94117,"fire sprinkler, new system - 6 heads",6.533458,3.366639,Closed,13/02/2026 04:03,Sanitation failure,Mosan-Okunola LCDA,Epe,Epe
PP20171220372,12/20/2017,Opeyemi Adebisi,Female,2.34817E+12,opeyemi.adebisi36@outlook.com,54057422188,Ikeja Division,Regent,94112,Bathroom floor drain completely clogged with wastewater backup,6.614106,3.331498,Closed,13/02/2026 04:03,Blockage,Agbado-Oke Odo LCDA,Lagos Island,Apapa
PP20120531995,05/31/2012,Adaeze Abiola,Female,2.34904E+12,adaeze.abiola55@outlook.com,60031210269,Lagos Island Division,Divisadero,94115,Water pipeline rupture near highway causing erosion,6.496905,3.366812,Closed,13/02/2026 04:03,Sanitation failure,Ikotun-Ikosi LCDA,Lagos Island,Lagos Mainland
PP20140829679,08/29/2014,Abdulrahman Abiola,Male,2.34809E+12,abdulrahman.abiola54@yahoo.com,89875077895,Badagry Division,29th,94116,Water main leakage along roadside causing traffic obstruction,6.400561,2.862038,Closed,13/02/2026 04:03,Leak,Epe LCDA,Badagry,Ajeromi-Ifelodun
PP20080924162,09/24/2008,Seyi Ekanem,Male,2.34817E+12,seyi.ekanem23@yahoo.com,25767274632,Ikeja Division,Los Palmos,94127,Sewer overflow spreading wastewater near market area,6.548095,3.295893,Closed,13/02/2026 04:03,Sanitation failure,Odi-Olowo/Ojuwoye LCDA,Lagos Island,Lagos Island
PP20080908409,09/08/2008,Kunle Balogun,Male,2.34817E+12,kunle.balogun57@hotmail.com,58382548513,Badagry Division,18th,94122,Bathroom floor drain completely clogged with wastewater backup,6.409919,2.883522,Closed,13/02/2026 04:03,Blockage,Ikosi-Isheri LCDA,Ikeja,Somolu
PP20120510511,05/10/2012,Obinna Balogun,Male,2.34809E+12,obinna.balogun94@hotmail.com,48089003510,Ikorodu Division,Stanyan,94118,Sudden burst water pipe inside bathroom wall causing flooding,6.614868,3.525025,Closed,13/02/2026 04:03,Leak,Isolo LCDA,Ikeja,Ikeja
PP20101007396,10/07/2010,Femi Danladi,Male,2.34909E+12,femi.danladi24@yahoo.com,37540269245,Badagry Division,29th,94121,new fire sprinklers on basement thru 3rd floor.,6.469967,3.336305,Closed,13/02/2026 04:03,Sanitation failure,Agboyi-Ketu LCDA,Lagos Island,Surulere
PP20160310640,03/10/2016,Chioma Nnamdi,Female,2.34901E+12,chioma.nnamdi98@outlook.com,82518868390,Ikeja Division,28th,94122,Toilet overflow due to heavily blocked drain system,6.533522,3.343212,Closed,13/02/2026 04:03,Blockage,Epe LCDA,Badagry,Ajeromi-Ifelodun
PP20150209868,02/09/2015,Ifeanyi Abiola,Male,2.34818E+12,ifeanyi.abiola63@outlook.com,1921372310,Ikeja Division,Noriega,94122,Water pipeline rupture near highway causing erosion,6.680191,3.327842,Closed,13/02/2026 04:03,Sanitation failure,Badagry Central LCDA,Badagry,Ajeromi-Ifelodun
PP20181203097,12/03/2018,Seyi Yakubu,Male,2.34811E+12,seyi.yakubu84@hotmail.com,76917926028,Ikorodu Division,Montgomery,94104,Flooding due to collapsed drainage system after rainfall,6.626105,3.499781,Closed,13/02/2026 04:03,Blockage,Ikosi-Isheri LCDA,Ikeja,Somolu
PP20110705350,07/05/2011,Seyi Abiola,Male,2.34909E+12,seyi.abiola64@gmail.com,30509012175,Ikeja Division,22nd,94114,Water heater pipe leakage soaking utility area,6.538062,3.316279,Closed,13/02/2026 04:03,Leak,Ikoyi-Obalende LCDA,Epe,Ibeju-Lekki
PP20081007783,10/07/2008,Amaka Ojo,Female,2.34907E+12,amaka.ojo81@yahoo.com,5082001506,Ikorodu Division,23rd,94121,Bathroom floor drain completely clogged with wastewater backup,6.623164,3.501479,Closed,13/02/2026 04:03,Blockage,Odi-Olowo/Ojuwoye LCDA,Lagos Island,Lagos Island
PP20160624580,06/24/2016,Amaka Chukwu,Female,2.34818E+12,amaka.chukwu79@hotmail.com,36333997179,Lagos Island Division,Golden Gate,94118,"renew permit pp20150305572, previous work descr: new plumbing throughout: 1 sump pump, new u/g plumbing, new radiant heating system, new fixtures including (e) . kitchen & all bathrooms - 2 shower pans.",6.515703,3.390454,Closed,13/02/2026 04:03,Sanitation failure,Coker-Aguda LCDA,Ikeja,Agege
PP20190417984,04/17/2019,Ngozi Ibrahim,Female,2.34816E+12,ngozi.ibrahim57@hotmail.com,6653401961,Epe Division,Clay,94109,Sewer overflow spreading wastewater near market area,6.572106,4.000027,Closed,13/02/2026 04:03,Sanitation failure,Ifako-Ijaiye LCDA,Badagry,Badagry
PP20190722744,07/22/2019,Kunle Afolabi,Male,2.34817E+12,kunle.afolabi21@yahoo.com,76973060684,Badagry Division,Howard,94103,Bathroom floor drain completely clogged with wastewater backup,6.405994,2.891384,Closed,13/02/2026 04:03,Blockage,Epe LCDA,Badagry,Ajeromi-Ifelodun
PP20130306841,03/06/2013,Uche Akinyemi,Male,2.34806E+12,uche.akinyemi86@outlook.com,10737122388,Epe Division,23rd,94121,Water heater pipe leakage soaking utility area,6.580714,3.989632,Closed,13/02/2026 04:03,Leak,Ojodu LCDA,Lagos Island,Eti-Osa
PP20160330225,03/30/2016,Abdulrahman Ekanem,Male,2.34817E+12,abdulrahman.ekanem70@yahoo.com,46801526497,Lagos Island Division,Mission,94110,Underground water pipe burst near hospital entrance,6.443359,3.357372,Closed,13/02/2026 04:03,Leak,Eredo LCDA,Ikeja,Mushin
PP20170922942,09/22/2017,Kelechi Afolabi,Male,2.34807E+12,kelechi.afolabi96@gmail.com,8954738407,Badagry Division,Lombard,94123,Blocked drainage channel causing street-level flooding,6.467109,3.323278,Closed,13/02/2026 04:03,Blockage,Ikorodu West LCDA,Ikorodu,Ikorodu
PP20140214225,02/14/2014,Chukwudi Danladi,Male,2.34809E+12,chukwudi.danladi90@gmail.com,84458412928,Lagos Island Division,03rd,94122,High-pressure pipe burst affecting multiple residential buildings,6.531808,3.374068,Closed,13/02/2026 04:03,Leak,Odi-Olowo/Ojuwoye LCDA,Lagos Island,Lagos Island
PP20191016340,10/16/2019,Emeka Adebisi,Male,2.34905E+12,emeka.adebisi69@gmail.com,75491897458,Lagos Island Division,Fulton,94118,Water main leakage along roadside causing traffic obstruction,6.451814,3.384757,Closed,13/02/2026 04:03,Leak,Oriade LCDA,Lagos Island,Lagos Island
PP20130816374,08/16/2013,Zainab Owolabi,Female,2.34905E+12,zainab.owolabi80@gmail.com,3484427673,Badagry Division,23rd,94121,2nd floor: remodel hall bath & add one full bath. 3rd floor: remodel master bathroom. 2 shower pans.,6.435377,3.18109,Closed,13/02/2026 04:03,Sanitation failure,Mosan-Okunola LCDA,Epe,Epe
PP20160419753,04/19/2016,Ngozi Afolabi,Female,2.34904E+12,ngozi.afolabi87@gmail.com,79303497959,Ikorodu Division,West Point,94124,"install on site storm drain, including area drains, drop inlets and catch bargains, approx 850 lf of storm drain total",6.643526,3.518346,Closed,13/02/2026 04:03,Blockage,Apapa-Iganmu LCDA,Ikeja,Ifako-Ijaiye
PP20080424092,04/24/2008,Emeka Adebisi,Male,2.34808E+12,emeka.adebisi90@yahoo.com,42355517753,Epe Division,Northgate,94127,Severe shower pipe rupture flooding entire bathroom,6.583807,3.980971,Closed,13/02/2026 04:03,Sanitation failure,Agbado-Oke Odo LCDA,Lagos Island,Apapa
PP20170125440,01/25/2017,Chinedu Danladi,Male,2.34815E+12,chinedu.danladi57@outlook.com,15592137424,Badagry Division,Howard,94103,"1st floor, 6 bathrooms: install shower valves and p-traps, also work that is referenced in n.o.v # 201649621",6.466925,3.338771,Closed,13/02/2026 04:03,Sanitation failure,Ikorodu North LCDA,Ikorodu,Ikorodu
PP20150706033,07/06/2015,Ijeoma Okafor,Female,2.34908E+12,ijeoma.okafor58@yahoo.com,87963182562,Lagos Island Division,Valmar,94112,Flooding due to collapsed drainage system after rainfall,6.485092,3.371943,Closed,13/02/2026 04:03,Blockage,Onigbongbo LCDA,Epe,Ibeju-Lekki
PP20130723614,07/23/2013,Chinedu Umeh,Male,2.34907E+12,chinedu.umeh67@gmail.com,22226435712,Lagos Island Division,Parker,94118,Bathroom floor drain completely clogged with wastewater backup,6.455954,3.366182,Closed,13/02/2026 04:03,Blockage,Ikoyi-Obalende LCDA,Epe,Ibeju-Lekki
PP20090306703,03/06/2009,Ngozi Bamidele,Female,2.34906E+12,ngozi.bamidele82@yahoo.com,16149877201,Badagry Division,Anza,94121,job location: work for ground floor & unit 3135 anza street; remove bath tub & toilet at ground floor. add bath at unit 3135 anza street.,6.465385,3.183196,Closed,13/02/2026 04:03,Sanitation failure,Apapa-Iganmu LCDA,Ikeja,Ifako-Ijaiye
PP20161227732,12/27/2016,Kelechi Eze,Male,2.34816E+12,kelechi.eze70@yahoo.com,63940185648,Ikeja Division,Mcallister,94115,to comply with physical inspection report cc-7478.,6.560329,3.314018,Closed,13/02/2026 04:03,Sanitation failure,Ikoyi-Obalende LCDA,Epe,Ibeju-Lekki
PP20110111302,01/11/2011,Chioma Adebisi,Female,2.34816E+12,chioma.adebisi48@yahoo.com,94598434440,Ikeja Division,Winfield,94110,Water heater pipe leakage soaking utility area,6.57976,3.410964,Closed,13/02/2026 04:03,Leak,Coker-Aguda LCDA,Ikeja,Agege
PP20090803096,08/03/2009,Chisom Oladipo,Female,2.34807E+12,chisom.oladipo36@hotmail.com,44037365487,Lagos Island Division,Joost,94127,Underground water pipe burst near hospital entrance,6.525419,3.39469,Closed,13/02/2026 04:03,Leak,Badagry West LCDA,Ikeja,Kosofe
PP20140902718,09/02/2014,Opeyemi Eze,Female,2.34816E+12,opeyemi.eze40@outlook.com,49686294887,Ikeja Division,Greenwich,94123,replace underground in residence sanitary sewer. install new residential sanitary sewer and domestic water system.,6.570909,3.402025,Closed,13/02/2026 04:03,Sanitation failure,Badagry West LCDA,Ikeja,Kosofe
PP20140521891,05/21/2014,Adaeze Umeh,Female,2.34817E+12,adaeze.umeh97@outlook.com,56607569916,Ikeja Division,Broadway,94123,Major pipe burst near primary school disrupting access road,6.555248,3.308609,Closed,13/02/2026 04:03,Leak,Badagry Central LCDA,Badagry,Ajeromi-Ifelodun
PP20190318081,03/18/2019,Adaeze Adebisi,Female,2.34901E+12,adaeze.adebisi63@yahoo.com,74052486758,Ikeja Division,O'farrell,94115,Persistent dripping tap in kitchen wasting water daily,6.610733,3.29744,Closed,13/02/2026 04:03,Sanitation failure,Oto-Awori LCDA,Lagos Island,Lagos Mainland
PP20090703451,07/03/2009,Chisom Ibrahim,Female,2.34813E+12,chisom.ibrahim20@yahoo.com,20937568163,Ikeja Division,Masonic,94117,Toilet overflow due to heavily blocked drain system,6.606768,3.309899,Closed,13/02/2026 04:03,Blockage,Surulere LCDA,Lagos Island,Apapa
PP20110906793,09/06/2011,Chinedu Nnamdi,Male,2.34903E+12,chinedu.nnamdi44@hotmail.com,67167094815,Ikeja Division,Lawrence,94112,Low water pressure affecting entire household supply,6.592991,3.286715,Closed,13/02/2026 04:03,Sanitation failure,Agbado-Oke Odo LCDA,Lagos Island,Apapa
PP20170123381,01/23/2017,Chukwudi Adeyemi,Male,2.34907E+12,chukwudi.adeyemi52@gmail.com,12543629681,Epe Division,Great,94122,Bathroom floor drain completely clogged with wastewater backup,6.582967,3.967168,Closed,13/02/2026 04:03,Blockage,Ikotun-Ikosi LCDA,Lagos Island,Lagos Mainland
PP20160428047,04/28/2016,Temitope Owolabi,Female,2.34903E+12,temitope.owolabi49@gmail.com,40614003667,Lagos Island Division,Mississippi,94107,Water pipeline rupture near highway causing erosion,6.452341,3.411315,Closed,13/02/2026 04:03,Sanitation failure,Oshodi-Bolade LCDA,Ikeja,Alimosho
PP20191203672,12/03/2019,Abdulrahman Okoye,Male,2.34818E+12,abdulrahman.okoye96@yahoo.com,83199287529,Lagos Island Division,Ora,94131,replace e boiler serial #0507238600 with a new boiler 399k btu at roof,6.433309,3.424207,Closed,13/02/2026 04:03,Sanitation failure,Coker-Aguda LCDA,Ikeja,Agege
PP20120716045,07/16/2012,Kunle Ogunleye,Male,2.34907E+12,kunle.ogunleye51@outlook.com,71338763607,Badagry Division,48th,94122,"ground floor #b - remodel shower, change toilet, vanity",6.448398,3.176836,Closed,13/02/2026 04:03,Sanitation failure,Agboyi-Ketu LCDA,Lagos Island,Surulere
PP20111107289,11/07/2011,Femi Owolabi,Male,2.34818E+12,femi.owolabi12@yahoo.com,78809605412,Ikeja Division,Gough,94102,Water main leakage along roadside causing traffic obstruction,6.666048,3.325423,Closed,13/02/2026 04:03,Leak,Ikosi-Isheri LCDA,Ikeja,Somolu
PP20090319030,03/19/2009,Femi Oladipo,Male,2.34904E+12,femi.oladipo87@outlook.com,71326735267,Epe Division,42nd,94121,Severe shower pipe rupture flooding entire bathroom,6.482816,3.590577,Closed,13/02/2026 04:03,Sanitation failure,Iba LCDA,Ikeja,Agege
PP20140926453,09/26/2014,Kunle Owolabi,Male,2.34909E+12,kunle.owolabi94@hotmail.com,63989751968,Badagry Division,Leavenworth,94109,Persistent dripping tap in kitchen wasting water daily,6.455585,3.335765,Closed,13/02/2026 04:03,Sanitation failure,Ikosi-Isheri LCDA,Ikeja,Somolu
PP20180503104,05/03/2018,Femi Mohammed,Male,2.34909E+12,femi.mohammed30@gmail.com,88850546709,Ikeja Division,10th,94103,"install new fire sprinkler system. per nfpa 13 included 2"" underground fire service.",6.606782,3.362901,Closed,13/02/2026 04:03,Sanitation failure,Igbogbo-Baiyeku LCDA,Badagry,Ojo
PP20110616952,06/16/2011,Bola Ekanem,Female,2.34814E+12,bola.ekanem86@gmail.com,33036531678,Lagos Island Division,O'farrell,94109,common area -to comply with nov#20033980.,6.448905,3.411749,Closed,13/02/2026 04:03,Sanitation failure,Igbogbo-Baiyeku LCDA,Badagry,Ojo
PP20130620808,06/20/2013,Ayomide Yakubu,Male,2.34814E+12,ayomide.yakubu62@hotmail.com,83245725468,Ikorodu Division,Broad,94112,Major pipe burst near primary school disrupting access road,6.611291,3.497924,Closed,13/02/2026 04:03,Leak,Ikosi-Isheri LCDA,Ikeja,Somolu
PP20130522962,05/22/2013,Ngozi Eze,Female,2.34909E+12,ngozi.eze55@gmail.com,65893075549,Epe Division,Sansome,94111,Major pipe burst near primary school disrupting access road,6.46766,3.589664,Closed,13/02/2026 04:03,Leak,Ojokoro LCDA,Badagry,Amuwo-Odofin
PP20130726754,07/26/2013,Amaka Afolabi,Female,2.34811E+12,amaka.afolabi47@gmail.com,25065427388,Lagos Island Division,York,94110,Water heater pipe leakage soaking utility area,6.442973,3.42114,Closed,13/02/2026 04:03,Leak,Agbado-Oke Odo LCDA,Lagos Island,Apapa
PP20090318976,03/18/2009,Abdulrahman Akinyemi,Male,2.34904E+12,abdulrahman.akinyemi97@yahoo.com,46553979240,Badagry Division,Hampshire,94110,Water heater pipe leakage soaking utility area,6.446802,3.251518,Closed,13/02/2026 04:03,Leak,Surulere LCDA,Lagos Island,Apapa
PP20090629339,06/29/2009,Ijeoma Ojo,Female,2.3481E+12,ijeoma.ojo20@gmail.com,8386978067,Ikeja Division,Lombard,94133,Public tap pipe severely damaged in residential community,6.574949,3.437595,Closed,13/02/2026 04:03,Sanitation failure,Ojokoro LCDA,Badagry,Amuwo-Odofin
PP20121010199,10/10/2012,Yetunde Ekanem,Female,2.34811E+12,yetunde.ekanem54@hotmail.com,19802803955,Epe Division,Funston,94122,Underground water pipe burst near hospital entrance,6.453923,3.586847,Closed,13/02/2026 04:03,Leak,Isolo LCDA,Ikeja,Ikeja
PP20130605353,06/05/2013,Chisom Afolabi,Female,2.34906E+12,chisom.afolabi53@yahoo.com,39999044223,Ikeja Division,Greenwich,94133,Major pipe burst near primary school disrupting access road,6.635736,3.336068,Closed,13/02/2026 04:03,Leak,Ikosi-Isheri LCDA,Ikeja,Somolu
PP20150916021,09/16/2015,Kunle Okafor,Male,2.34816E+12,kunle.okafor90@yahoo.com,22268079087,Epe Division,Prague,94112,Public tap pipe severely damaged in residential community,6.5821,3.980026,Closed,13/02/2026 04:03,Sanitation failure,Isolo LCDA,Ikeja,Ikeja
PP20160125311,01/25/2016,Aisha Afolabi,Female,2.34819E+12,aisha.afolabi70@yahoo.com,55967609338,Badagry Division,Friedell,94124,Public tap pipe severely damaged in residential community,6.459196,3.196728,Closed,13/02/2026 04:03,Sanitation failure,Ikorodu West LCDA,Ikorodu,Ikorodu
PP20180724399,07/24/2018,Aisha Danladi,Female,2.34818E+12,aisha.danladi21@yahoo.com,82845623407,Badagry Division,Athens,94112,"kitchen remodel, relocate kitchen sink and gas line for stove.",6.427881,3.265334,Closed,13/02/2026 04:03,Sanitation failure,Igbogbo-Baiyeku LCDA,Badagry,Ojo
PP20191010224,10/10/2019,Ngozi Chukwu,Female,2.34814E+12,ngozi.chukwu18@outlook.com,61684540564,Lagos Island Division,09th,94103,Sewer overflow spreading wastewater near market area,6.41886,3.419233,Open,13/02/2026 04:03,Sanitation failure,Ayobo-Ipaja LCDA,Badagry,Ojo
PP20190614719,06/14/2019,Amaka Mohammed,Female,2.34803E+12,amaka.mohammed83@outlook.com,25699862067,Ikeja Division,Lombard,94123,Flooding due to collapsed drainage system after rainfall,6.579008,3.422586,Closed,13/02/2026 04:03,Blockage,Agboyi-Ketu LCDA,Lagos Island,Surulere
PP20151118671,11/18/2015,Oluwaseun Nnamdi,Male,2.34809E+12,oluwaseun.nnamdi11@hotmail.com,4796135662,Ikeja Division,Sansome,94111,shower pan.,6.567319,3.421322,Closed,13/02/2026 04:03,Sanitation failure,Apapa-Iganmu LCDA,Ikeja,Ifako-Ijaiye
PP20150710173,07/10/2015,Uche Umeh,Male,2.3491E+12,uche.umeh52@yahoo.com,76393341857,Ikeja Division,Lexington,94110,Severe shower pipe rupture flooding entire bathroom,6.635743,3.322368,Closed,13/02/2026 04:03,Sanitation failure,Itire-Ikate LCDA,Badagry,Badagry
PP20100726690,07/26/2010,Obinna Okafor,Male,2.34805E+12,obinna.okafor61@outlook.com,5570425892,Ikeja Division,Cook,94118,Bathroom floor drain completely clogged with wastewater backup,6.671697,3.32198,Closed,13/02/2026 04:03,Blockage,Itire-Ikate LCDA,Badagry,Badagry
PP20181116723,11/16/2018,Femi Oladipo,Male,2.34903E+12,femi.oladipo40@yahoo.com,88013616496,Badagry Division,Scott,94123,Water main leakage along roadside causing traffic obstruction,6.465259,3.183191,Closed,13/02/2026 04:03,Leak,Oto-Awori LCDA,Lagos Island,Lagos Mainland
PP20171113333,11/13/2017,Uche Eze,Male,2.34814E+12,uche.eze73@outlook.com,88226444835,Lagos Island Division,Eddy,94109,Cracked underground pipe slowly flooding compound,6.442385,3.363879,Closed,13/02/2026 04:03,Sanitation failure,Igbogbo-Baiyeku LCDA,Badagry,Ojo
PP20120822988,08/22/2012,Seyi Chukwu,Male,2.34904E+12,seyi.chukwu53@hotmail.com,56158217074,Ikeja Division,Daniel Burnham,,Flooding due to collapsed drainage system after rainfall,6.571643,3.306191,Closed,13/02/2026 04:03,Blockage,Ifako-Ijaiye LCDA,Badagry,Badagry
PP20190215185,02/15/2019,Ngozi Mohammed,Female,2.34805E+12,ngozi.mohammed11@outlook.com,88304689885,Epe Division,Laidley,94131,Toilet overflow due to heavily blocked drain system,6.591198,3.970667,Closed,13/02/2026 04:03,Blockage,Ebute-Metta LCDA,Lagos Island,Eti-Osa
PP20130716456,07/16/2013,Seyi Ojo,Male,2.34812E+12,seyi.ojo41@hotmail.com,14254909914,Ikorodu Division,Andover,94110,Minor kitchen sink pipe leakage under cabinet,6.609836,3.515224,Closed,13/02/2026 04:03,Leak,Oto-Awori LCDA,Lagos Island,Lagos Mainland
PP20191210838,12/10/2019,Kunle Ajayi,Male,2.34812E+12,kunle.ajayi64@yahoo.com,50620669253,Epe Division,18th,94114,High-pressure pipe burst affecting multiple residential buildings,6.484841,3.588556,Open,13/02/2026 04:03,Leak,Ifako-Ijaiye LCDA,Badagry,Badagry
PP20150529085,05/29/2015,Olamide Ogunleye,Male,2.34903E+12,olamide.ogunleye96@outlook.com,38658238368,Epe Division,Fell,94117,Open manhole with visible sewage leakage on street,6.580869,3.983593,Closed,13/02/2026 04:03,Leak,Ebute-Metta LCDA,Lagos Island,Eti-Osa
PP20081211485,12/11/2008,Adaeze Okoye,Female,2.34908E+12,adaeze.okoye78@outlook.com,38632526062,Ikeja Division,Rondel,94110,Bathroom floor drain completely clogged with wastewater backup,6.570796,3.422745,Closed,13/02/2026 04:03,Blockage,Onigbongbo LCDA,Epe,Ibeju-Lekki
PP20090303599,03/03/2009,Chinedu Ekanem,Male,2.3482E+12,chinedu.ekanem89@hotmail.com,85685915516,Lagos Island Division,43rd,94121,Septic tank backflow causing strong sewage odor indoors,6.462923,3.390179,Closed,13/02/2026 04:03,Sanitation failure,Bariga LCDA,Badagry,Amuwo-Odofin
PP20160926301,09/26/2016,Tunde Eze,Male,2.34817E+12,tunde.eze33@gmail.com,89345078035,Badagry Division,Grove,94117,Underground water pipe burst near hospital entrance,6.462,3.335959,Closed,13/02/2026 04:03,Leak,Ayobo-Ipaja LCDA,Badagry,Ojo
PP20141007773,10/07/2014,Chukwudi Bamidele,Male,2.34815E+12,chukwudi.bamidele67@hotmail.com,90267740074,Badagry Division,Divisadero,94117,Underground water pipe burst near hospital entrance,6.456633,3.182339,Closed,13/02/2026 04:03,Leak,Ayobo-Ipaja LCDA,Badagry,Ojo
PP20081217709,12/17/2008,Temitope Danladi,Female,2.3482E+12,temitope.danladi37@yahoo.com,80139637646,Ikeja Division,Rivera,94116,Underground water pipe burst near hospital entrance,6.574597,3.30563,Closed,13/02/2026 04:03,Leak,Agbado-Oke Odo LCDA,Lagos Island,Apapa
PP20181217563,12/17/2018,Chioma Abiola,Female,2.34819E+12,chioma.abiola34@outlook.com,72213331692,Ikorodu Division,Precita,94110,Low water pressure affecting entire household supply,6.615817,3.504025,Closed,13/02/2026 04:03,Sanitation failure,Agbado-Oke Odo LCDA,Lagos Island,Apapa
PP20101231075,12/31/2010,Bola Adebisi,Female,2.34904E+12,bola.adebisi47@outlook.com,90148352817,Ikeja Division,Grove,94117,Blocked drainage channel causing street-level flooding,6.622942,3.334188,Closed,13/02/2026 04:03,Blockage,Ikotun-Ikosi LCDA,Lagos Island,Lagos Mainland
PP20110315688,03/15/2011,Amaka Danladi,Female,2.34815E+12,amaka.danladi95@yahoo.com,27237938850,Ikeja Division,Edgar,94112,Water heater pipe leakage soaking utility area,6.595306,3.364713,Closed,13/02/2026 04:03,Leak,Ifako-Ijaiye LCDA,Badagry,Badagry
PP20130110322,01/10/2013,Seyi Akinyemi,Male,2.34815E+12,seyi.akinyemi54@hotmail.com,88687886516,Lagos Island Division,Sutter,94102,Sewer overflow spreading wastewater near market area,6.538596,3.373196,Closed,13/02/2026 04:03,Sanitation failure,Agboyi-Ketu LCDA,Lagos Island,Surulere
PP20111206906,12/06/2011,Ngozi Balogun,Female,2.34907E+12,ngozi.balogun41@gmail.com,5561313211,Lagos Island Division,Bush,94109,Major pipe burst near primary school disrupting access road,6.430135,3.369075,Closed,13/02/2026 04:03,Leak,Eredo LCDA,Ikeja,Mushin
PP20180613275,06/13/2018,Adebayo Mohammed,Male,2.34903E+12,adebayo.mohammed83@gmail.com,29363632727,Lagos Island Division,Spruce,94118,bathroom and kitchen remodel.,6.426254,3.429806,Closed,13/02/2026 04:03,Sanitation failure,Egbe-Idimu LCDA,Ikeja,Ikeja
PP20161216534,12/16/2016,Opeyemi Okoye,Female,2.3481E+12,opeyemi.okoye73@hotmail.com,12325897319,Ikeja Division,Ellis,94109,Severe shower pipe rupture flooding entire bathroom,6.582099,3.360426,Closed,13/02/2026 04:03,Sanitation failure,Ikotun-Ikosi LCDA,Lagos Island,Lagos Mainland
PP20080425183,04/25/2008,Tunde Ajayi,Male,2.34906E+12,tunde.ajayi16@yahoo.com,3412327185,Ikorodu Division,Tiffany,94110,Open manhole with visible sewage leakage on street,6.607288,3.517808,Closed,13/02/2026 04:03,Leak,Oriade LCDA,Lagos Island,Lagos Island
PP20151202958,12/02/2015,Oluwaseun Eze,Male,2.34804E+12,oluwaseun.eze79@gmail.com,7953510574,Ikeja Division,Inverness,94132,Public tap pipe severely damaged in residential community,6.615643,3.326461,Closed,13/02/2026 04:03,Sanitation failure,Amuwo-Odofin LCDA,Ikeja,Ifako-Ijaiye
PP20180906620,09/06/2018,Amaka Ogunleye,Female,2.34814E+12,amaka.ogunleye84@outlook.com,72502342746,Ikeja Division,Teresita,94127,renew plumbing permit # pp20170710855,6.59773,3.358363,Closed,13/02/2026 04:03,Sanitation failure,Oto-Awori LCDA,Lagos Island,Lagos Mainland
PP20181231849,12/31/2018,Yetunde Okoye,Female,2.34809E+12,yetunde.okoye82@yahoo.com,47022992585,Ikorodu Division,Los Palmos,94127,Low water pressure affecting entire household supply,6.620459,3.516344,Closed,13/02/2026 04:03,Sanitation failure,Orile-Agege LCDA,Ikeja,Kosofe
PP20110818379,08/18/2011,Ifeanyi Ajayi,Male,2.34811E+12,ifeanyi.ajayi31@yahoo.com,40105245421,Epe Division,24th,94110,Public tap pipe severely damaged in residential community,6.603764,3.967958,Closed,13/02/2026 04:03,Sanitation failure,Itire-Ikate LCDA,Badagry,Badagry
PP20160720291,07/20/2016,Opeyemi Abiola,Female,2.34804E+12,opeyemi.abiola82@outlook.com,11933273721,Ikorodu Division,California,94111,12/f- relocate 8 and add 1 fire sprinklers.,6.635572,3.511544,Closed,13/02/2026 04:03,Sanitation failure,Ojokoro LCDA,Badagry,Amuwo-Odofin
PP20090901714,09/01/2009,Yetunde Adeyemi,Female,2.34905E+12,yetunde.adeyemi55@gmail.com,75169637284,Ikorodu Division,Post,94115,Sudden burst water pipe inside bathroom wall causing flooding,6.610412,3.497197,Closed,13/02/2026 04:03,Leak,Coker-Aguda LCDA,Ikeja,Agege
PP20190917464,09/17/2019,Ifeanyi Yakubu,Male,2.34811E+12,ifeanyi.yakubu35@hotmail.com,28112892489,Badagry Division,Jackson,94115,High-pressure pipe burst affecting multiple residential buildings,6.413109,2.894217,Closed,13/02/2026 04:03,Leak,Agboyi-Ketu LCDA,Lagos Island,Surulere
PP20170808682,08/08/2017,Bola Ajayi,Female,2.34806E+12,bola.ajayi89@gmail.com,55018714453,Lagos Island Division,18th,94116,Water pipeline rupture near highway causing erosion,6.431825,3.437012,Closed,13/02/2026 04:03,Sanitation failure,Ikoyi-Obalende LCDA,Epe,Ibeju-Lekki
PP20150610429,06/10/2015,Emeka Nwosu,Male,2.34817E+12,emeka.nwosu96@outlook.com,84381129398,Ikeja Division,Castro,94114,remove and replace domestic boiler (boiler is connected to 2 - 80 gallon tanks),6.512788,3.354479,Closed,13/02/2026 04:03,Sanitation failure,Agbado-Oke Odo LCDA,Lagos Island,Apapa
PP20190422117,04/22/2019,Ifeanyi Okoye,Male,2.34819E+12,ifeanyi.okoye28@yahoo.com,41275433754,Lagos Island Division,Harrison,94110,Sudden burst water pipe inside bathroom wall causing flooding,6.436276,3.362636,Closed,13/02/2026 04:03,Leak,Ifako-Ijaiye LCDA,Badagry,Badagry
PP20160629725,06/29/2016,Olamide Nwosu,Male,2.34904E+12,olamide.nwosu25@gmail.com,45260451181,Lagos Island Division,Peralta,94110,Open manhole with visible sewage leakage on street,6.462969,3.390492,Closed,13/02/2026 04:03,Leak,Badagry Central LCDA,Badagry,Ajeromi-Ifelodun
PP20150317896,03/17/2015,Kelechi Adebisi,Male,2.34819E+12,kelechi.adebisi60@gmail.com,20803617723,Ikeja Division,Francisco,94123,"change plumbing locations of waste and water to 1 wc & 1 lav. add shower, adjust existing lav. gas to fireplace.",6.589458,3.337989,Closed,13/02/2026 04:03,Sanitation failure,Onigbongbo LCDA,Epe,Ibeju-Lekki
PP20101029837,10/29/2010,Ijeoma Okoye,Female,2.34808E+12,ijeoma.okoye55@outlook.com,64415344170,Badagry Division,El Camino Del Mar,94121,guest bathroom remodeling at 3rd floor in hallway.,6.471067,3.337343,Closed,13/02/2026 04:03,Sanitation failure,Igbogbo-Baiyeku LCDA,Badagry,Ojo
PP20111110395,11/10/2011,Aisha Nwosu,Female,2.34813E+12,aisha.nwosu43@yahoo.com,16610900596,Lagos Island Division,Brookdale,94134,Minor kitchen sink pipe leakage under cabinet,6.466458,3.383989,Closed,13/02/2026 04:03,Leak,Eredo LCDA,Ikeja,Mushin
PP20090417685,04/17/2009,Chisom Oladipo,Female,2.34812E+12,chisom.oladipo87@outlook.com,15387714127,Ikeja Division,Presidio,94118,Minor kitchen sink pipe leakage under cabinet,6.608602,3.363425,Closed,13/02/2026 04:03,Leak,Eredo LCDA,Ikeja,Mushin
PP20090120502,01/20/2009,Adebayo Balogun,Male,2.34804E+12,adebayo.balogun32@gmail.com,43479651949,Ikeja Division,Tennessee,94107,Water pipeline rupture near highway causing erosion,6.591214,3.298197,Closed,13/02/2026 04:03,Sanitation failure,Ikorodu North LCDA,Ikorodu,Ikorodu
PP20141001595,10/01/2014,Kunle Eze,Male,2.34806E+12,kunle.eze22@yahoo.com,88828845699,Badagry Division,Sutter,94109,Open manhole with visible sewage leakage on street,6.409958,2.884185,Closed,13/02/2026 04:03,Leak,Ikosi-Isheri LCDA,Ikeja,Somolu
PP20150921125,09/21/2015,Opeyemi Okafor,Female,2.34808E+12,opeyemi.okafor36@yahoo.com,95403775276,Ikeja Division,Columbus,94133,Minor kitchen sink pipe leakage under cabinet,6.673277,3.323728,Closed,13/02/2026 04:03,Leak,Lekki LCDA,Ikeja,Oshodi-Isolo
PP20080501316,05/01/2008,Zainab Owolabi,Female,2.34811E+12,zainab.owolabi39@hotmail.com,82507145382,Ikorodu Division,42nd,94122,"new bathroom kitchen water heater, furnace for new extension & existing house.",6.612643,3.510842,Closed,13/02/2026 04:03,Sanitation failure,Ikorodu North LCDA,Ikorodu,Ikorodu
PP20110718619,07/18/2011,Ayomide Eze,Male,2.34907E+12,ayomide.eze76@yahoo.com,12409308214,Lagos Island Division,Hyde,94109,Open manhole with visible sewage leakage on street,6.513528,3.368342,Closed,13/02/2026 04:03,Leak,Ojokoro LCDA,Badagry,Amuwo-Odofin
PP20131122228,11/22/2013,Chinedu Chukwu,Male,2.34908E+12,chinedu.chukwu23@outlook.com,9680776936,Lagos Island Division,Kirkwood,94124,Blocked drainage channel causing street-level flooding,6.503694,3.349312,Closed,13/02/2026 04:03,Blockage,Epe LCDA,Badagry,Ajeromi-Ifelodun
PP20091006490,10/06/2009,Seyi Bamidele,Male,2.34908E+12,seyi.bamidele49@outlook.com,15447073955,Lagos Island Division,21st,94121,replace sewer from garage to sidewalk.,6.531063,3.383826,Closed,13/02/2026 04:03,Sanitation failure,Badagry Central LCDA,Badagry,Ajeromi-Ifelodun
PP20140403645,04/03/2014,Chioma Nwosu,Female,2.34807E+12,chioma.nwosu12@yahoo.com,7386308955,Ikorodu Division,Avocet,94124,"new residential - gas, water, waste, storm plumbing",6.602142,3.503724,Closed,13/02/2026 04:03,Sanitation failure,Odi-Olowo/Ojuwoye LCDA,Lagos Island,Lagos Island
PP20181212415,12/12/2018,Ifeanyi Chukwu,Male,2.34817E+12,ifeanyi.chukwu10@gmail.com,4306321749,Ikeja Division,Kearny,94108,install new fire sprinkler system,6.595241,3.406888,Closed,13/02/2026 04:03,Sanitation failure,Badagry West LCDA,Ikeja,Kosofe
PP20151120724,11/20/2015,Adaeze Akinyemi,Female,2.34903E+12,adaeze.akinyemi82@hotmail.com,84909447547,Badagry Division,Lisbon,94112,Underground water pipe burst near hospital entrance,6.456356,3.187621,Closed,13/02/2026 04:03,Leak,Ikotun-Ikosi LCDA,Lagos Island,Lagos Mainland
PP20080630058,06/30/2008,Opeyemi Chukwu,Female,2.3482E+12,opeyemi.chukwu85@gmail.com,4242381903,Lagos Island Division,Van Ness,94102,Flooding due to collapsed drainage system after rainfall,6.440934,3.419385,Closed,13/02/2026 04:03,Blockage,Isolo LCDA,Ikeja,Ikeja
PP20131113920,11/13/2013,Opeyemi Yakubu,Female,2.34909E+12,opeyemi.yakubu25@yahoo.com,74892801889,Ikeja Division,Bradford,94110,High-pressure pipe burst affecting multiple residential buildings,6.603025,3.309224,Closed,13/02/2026 04:03,Leak,Itire-Ikate LCDA,Badagry,Badagry
PP20120508416,05/08/2012,Aisha Adeyemi,Female,2.34803E+12,aisha.adeyemi81@yahoo.com,49389127014,Ikorodu Division,Belvedere,94117,Water main leakage along roadside causing traffic obstruction,6.636789,3.520289,Closed,13/02/2026 04:03,Leak,Ayobo-Ipaja LCDA,Badagry,Ojo
PP20150504280,05/04/2015,Adebayo Bamidele,Male,2.34907E+12,adebayo.bamidele55@yahoo.com,69823900038,Badagry Division,11th,94122,Toilet overflow due to heavily blocked drain system,6.450853,3.241917,Closed,13/02/2026 04:03,Blockage,Lekki LCDA,Ikeja,Oshodi-Isolo
PP20081212539,12/12/2008,Temitope Ojo,Female,2.34813E+12,temitope.ojo42@yahoo.com,73765912367,Badagry Division,08th,94122,reroute new water supply line from meter to the hosue approx 20 feet; install automatic gas shut off valve.,6.441696,3.255225,Closed,13/02/2026 04:03,Sanitation failure,Ifako-Ijaiye LCDA,Badagry,Badagry
PP20160415658,04/15/2016,Uche Afolabi,Male,2.34808E+12,uche.afolabi50@outlook.com,73874218066,Ikorodu Division,Fulton,94117,"install new kitchen sink, install (3) toilets, (1) shower pan, install (3) bathroom vanities/sinks.",6.623584,3.524516,Closed,13/02/2026 04:03,Sanitation failure,Igbogbo-Baiyeku LCDA,Badagry,Ojo
PP20150803806,08/03/2015,Ayomide Eze,Male,2.34818E+12,ayomide.eze31@hotmail.com,6018788349,Ikorodu Division,Clipper,94114,Septic tank backflow causing strong sewage odor indoors,6.625905,3.495469,Closed,13/02/2026 04:03,Sanitation failure,Lekki LCDA,Ikeja,Oshodi-Isolo
PP20170627542,06/27/2017,Kelechi Ajayi,Male,2.34816E+12,kelechi.ajayi92@outlook.com,65817112355,Badagry Division,California,94109,unit #7: replace shower valve,6.460519,3.240019,Closed,13/02/2026 04:03,Sanitation failure,Lekki LCDA,Ikeja,Oshodi-Isolo
PP20130708217,07/08/2013,Adebayo Bamidele,Male,2.34809E+12,adebayo.bamidele71@gmail.com,15740751671,Ikorodu Division,San Bruno,94134,Sudden burst water pipe inside bathroom wall causing flooding,6.61556,3.513002,Closed,13/02/2026 04:03,Leak,Agboyi-Ketu LCDA,Lagos Island,Surulere
PP20130916156,09/16/2013,Bola Balogun,Female,2.34815E+12,bola.balogun84@yahoo.com,5576799414,Badagry Division,Francisco,94133,1 shower pan in apt. #5.,6.469957,3.281099,Closed,13/02/2026 04:03,Sanitation failure,Igbogbo-Baiyeku LCDA,Badagry,Ojo
PP20151008608,10/08/2015,Zainab Nnamdi,Female,2.34903E+12,zainab.nnamdi68@yahoo.com,18408940889,Badagry Division,California,94109,replacing down spout.,6.467067,3.181168,Closed,13/02/2026 04:03,Sanitation failure,Coker-Aguda LCDA,Ikeja,Agege
PP20100309537,03/09/2010,Chinedu Umeh,Male,2.34813E+12,chinedu.umeh53@hotmail.com,98599161339,Badagry Division,19th,94114,install (2) new trench drains w/ trap primer and vents. move (3) drains and vents for washer and dryer.,6.455345,3.258877,Closed,13/02/2026 04:03,Blockage,Bariga LCDA,Badagry,Amuwo-Odofin
PP20191008084,10/08/2019,Adebayo Chukwu,Male,2.34816E+12,adebayo.chukwu93@outlook.com,65965032663,Badagry Division,Leavenworth,94109,"comply with nov 201965640. not sure what plumbing work consist of, investigative permit.",6.446793,3.267952,Closed,13/02/2026 04:03,Sanitation failure,Ebute-Metta LCDA,Lagos Island,Eti-Osa
PP20151130903,11/30/2015,Aisha Ekanem,Female,2.34804E+12,aisha.ekanem14@gmail.com,63829148208,Ikeja Division,Missouri,94107,install kitchen fauct,6.672101,3.333577,Closed,13/02/2026 04:03,Sanitation failure,Amuwo-Odofin LCDA,Ikeja,Ifako-Ijaiye
PP20191030798,10/30/2019,Yetunde Umeh,Female,2.34906E+12,yetunde.umeh20@outlook.com,41528212528,Ikorodu Division,Powell,94108,Open manhole with visible sewage leakage on street,6.626059,3.514716,Closed,13/02/2026 04:03,Leak,Agbado-Oke Odo LCDA,Lagos Island,Apapa
PP20180221025,02/21/2018,Oluwaseun Yakubu,Male,2.34813E+12,oluwaseun.yakubu19@gmail.com,88161047265,Ikorodu Division,Sacramento,94115,bathroom remodel. replace shower valve and bathtub.,6.627789,3.504327,Closed,13/02/2026 04:03,Sanitation failure,Badagry Central LCDA,Badagry,Ajeromi-Ifelodun
PP20180808807,08/08/2018,Chioma Afolabi,Female,2.34907E+12,chioma.afolabi54@outlook.com,6239104519,Ikeja Division,Maddux,94124,Major pipe burst near primary school disrupting access road,6.577717,3.405698,Closed,13/02/2026 04:03,Leak,Ojokoro LCDA,Badagry,Amuwo-Odofin
PP20100119515,01/19/2010,Obinna Yakubu,Male,2.34902E+12,obinna.yakubu43@yahoo.com,55775634552,Ikorodu Division,Dolores,94110,Blocked drainage channel causing street-level flooding,6.623795,3.518289,Closed,13/02/2026 04:03,Blockage,Ayobo-Ipaja LCDA,Badagry,Ojo
PP20150924258,09/24/2015,Emeka Yakubu,Male,2.34803E+12,emeka.yakubu22@hotmail.com,83735015260,Ikeja Division,Lawton,94122,High-pressure pipe burst affecting multiple residential buildings,6.620078,3.352745,Closed,13/02/2026 04:03,Leak,Ikosi-Isheri LCDA,Ikeja,Somolu
PP20120628677,06/28/2012,Chisom Nnamdi,Female,2.34802E+12,chisom.nnamdi98@outlook.com,22037664395,Ikeja Division,Page,94102,kitchen remodeling: reoute water & gasl ine. existing drain will remain.,6.615444,3.342687,Closed,13/02/2026 04:03,Blockage,Agboyi-Ketu LCDA,Lagos Island,Surulere
PP20120910400,09/10/2012,Chinedu Danladi,Male,2.34808E+12,chinedu.danladi45@outlook.com,10636589526,Badagry Division,Murray,94112,Open manhole with visible sewage leakage on street,6.450083,3.179129,Closed,13/02/2026 04:03,Leak,Ikorodu West LCDA,Ikorodu,Ikorodu
PP20150218122,02/18/2015,Uche Adeyemi,Male,2.34902E+12,uche.adeyemi85@outlook.com,89567343056,Ikeja Division,33rd,94122,Persistent dripping tap in kitchen wasting water daily,6.615955,3.303491,Closed,13/02/2026 04:03,Sanitation failure,Ikorodu West LCDA,Ikorodu,Ikorodu
PP20151224594,12/24/2015,Amaka Ekanem,Female,2.34815E+12,amaka.ekanem75@hotmail.com,15194023317,Ikorodu Division,Commercial,94111,Bathroom floor drain completely clogged with wastewater backup,6.61646,3.509784,Closed,13/02/2026 04:03,Blockage,Isolo LCDA,Ikeja,Ikeja
PP20090826585,08/26/2009,Aisha Afolabi,Female,2.34818E+12,aisha.afolabi89@yahoo.com,58521825916,Ikorodu Division,Levant,94114,"remodel kitchen sink, disp, dishwasher.",6.604221,3.50693,Closed,13/02/2026 04:03,Sanitation failure,Oriade LCDA,Lagos Island,Lagos Island
PP20100701166,07/01/2010,Chinedu Afolabi,Male,2.34906E+12,chinedu.afolabi62@yahoo.com,8080070723,Lagos Island Division,Page,94102,"new shower pan & change out, 2 water closets, 2 lavatories, 2 shower faucets.",6.442004,3.427652,Closed,13/02/2026 04:03,Sanitation failure,Onigbongbo LCDA,Epe,Ibeju-Lekki
PP20170908562,09/08/2017,Temitope Ekanem,Female,2.34811E+12,temitope.ekanem58@hotmail.com,15692826348,Ikeja Division,Powell,94108,Open manhole with visible sewage leakage on street,6.532307,3.355098,Closed,13/02/2026 04:03,Leak,Ojodu LCDA,Lagos Island,Eti-Osa
PP20160912887,09/12/2016,Kunle Okafor,Male,2.34815E+12,kunle.okafor77@outlook.com,22883008549,Ikeja Division,Golden Gate,94115,Sewer overflow spreading wastewater near market area,6.601871,3.344897,Closed,13/02/2026 04:03,Sanitation failure,Isolo LCDA,Ikeja,Ikeja
PP20090205965,02/05/2009,Emeka Abiola,Male,2.34903E+12,emeka.abiola86@yahoo.com,22168590577,Badagry Division,Noe,94131,Toilet overflow due to heavily blocked drain system,6.456988,3.25421,Closed,13/02/2026 04:03,Blockage,Eredo LCDA,Ikeja,Mushin
PP20170616299,06/16/2017,Femi Umeh,Male,2.34817E+12,femi.umeh74@gmail.com,92045981061,Epe Division,Folsom,94110,Toilet overflow due to heavily blocked drain system,6.58892,3.97834,Closed,13/02/2026 04:03,Blockage,Surulere LCDA,Lagos Island,Apapa
PP20090716732,07/16/2009,Zainab Oladipo,Female,2.34804E+12,zainab.oladipo30@yahoo.com,12360562214,Badagry Division,Holly Park,94110,Septic tank backflow causing strong sewage odor indoors,6.445167,3.344272,Closed,13/02/2026 04:03,Sanitation failure,Ayobo-Ipaja LCDA,Badagry,Ojo
PP20140113383,01/13/2014,Emeka Umeh,Male,2.34806E+12,emeka.umeh93@outlook.com,62672025082,Ikeja Division,46th,94116,Cracked underground pipe slowly flooding compound,6.610712,3.327372,Closed,13/02/2026 04:03,Sanitation failure,Agboyi-Ketu LCDA,Lagos Island,Surulere
PP20120125969,01/25/2012,Kunle Ekanem,Male,2.34808E+12,kunle.ekanem75@hotmail.com,26656479148,Badagry Division,Folsom,94110,Low water pressure affecting entire household supply,6.456935,3.24608,Closed,13/02/2026 04:03,Sanitation failure,Apapa-Iganmu LCDA,Ikeja,Ifako-Ijaiye
PP20100630117,06/30/2010,Opeyemi Ibrahim,Female,2.34816E+12,opeyemi.ibrahim16@yahoo.com,37257865559,Lagos Island Division,12th,94118,Bathroom floor drain completely clogged with wastewater backup,6.464699,3.40087,Closed,13/02/2026 04:03,Blockage,Surulere LCDA,Lagos Island,Apapa
PP20190828916,08/28/2019,Ifeanyi Okoye,Male,2.34908E+12,ifeanyi.okoye93@yahoo.com,82328497789,Badagry Division,26th,94122,Open manhole with visible sewage leakage on street,6.421836,2.87134,Closed,13/02/2026 04:03,Leak,Apapa-Iganmu LCDA,Ikeja,Ifako-Ijaiye
PP20190426256,04/26/2019,Adaeze Nnamdi,Female,2.34908E+12,adaeze.nnamdi13@hotmail.com,62421298876,Ikeja Division,Lake,94118,Sudden burst water pipe inside bathroom wall causing flooding,6.539419,3.357213,Closed,13/02/2026 04:03,Leak,Ojokoro LCDA,Badagry,Amuwo-Odofin
PP20111117553,11/17/2011,Yetunde Umeh,Female,2.34906E+12,yetunde.umeh29@outlook.com,8915945779,Badagry Division,Elizabeth,94114,Flooding due to collapsed drainage system after rainfall,6.457307,3.184434,Closed,13/02/2026 04:03,Blockage,Bariga LCDA,Badagry,Amuwo-Odofin
PP20180330197,03/30/2018,Chisom Nwosu,Female,2.34907E+12,chisom.nwosu68@gmail.com,16107863636,Lagos Island Division,Minnesota,94107,Minor kitchen sink pipe leakage under cabinet,6.506638,3.383287,Closed,13/02/2026 04:03,Leak,Ojodu LCDA,Lagos Island,Eti-Osa
PP20080530132,05/30/2008,Adaeze Owolabi,Female,2.34818E+12,adaeze.owolabi54@yahoo.com,38467403265,Epe Division,04th,94107,remodel kitchen & bathroom.,6.459706,3.571473,Closed,13/02/2026 04:03,Sanitation failure,Ikosi-Isheri LCDA,Ikeja,Somolu
PP20121228054,12/28/2012,Bola Balogun,Female,2.34903E+12,bola.balogun31@hotmail.com,51574816553,Ikeja Division,Francisco,94133,Severe shower pipe rupture flooding entire bathroom,6.654576,3.339727,Closed,13/02/2026 04:03,Sanitation failure,Ifako-Ijaiye LCDA,Badagry,Badagry
PP20090514355,05/14/2009,Temitope Eze,Female,2.34812E+12,temitope.eze57@yahoo.com,98577341351,Badagry Division,Revere,94124,Public tap pipe severely damaged in residential community,6.408707,2.900337,Closed,13/02/2026 04:03,Sanitation failure,Ebute-Metta LCDA,Lagos Island,Eti-Osa
PP20140224433,02/24/2014,Chukwudi Balogun,Male,2.34809E+12,chukwudi.balogun38@hotmail.com,19694226294,Epe Division,28th,94121,remove & reinstall one sink.,6.578642,3.966526,Closed,13/02/2026 04:03,Sanitation failure,Ikosi-Isheri LCDA,Ikeja,Somolu
PP20110811223,08/11/2011,Seyi Owolabi,Male,2.34803E+12,seyi.owolabi51@gmail.com,12303329821,Ikeja Division,Green,94123,install new shower pan.,6.572135,3.429058,Closed,13/02/2026 04:03,Sanitation failure,Epe LCDA,Badagry,Ajeromi-Ifelodun
PP20191220184,12/20/2019,Zainab Afolabi,Female,2.34816E+12,zainab.afolabi16@hotmail.com,68540287870,Epe Division,Clay,94109,Water pipeline rupture near highway causing erosion,6.468441,3.579517,Closed,13/02/2026 04:03,Sanitation failure,Lekki LCDA,Ikeja,Oshodi-Isolo
PP20110811209,08/11/2011,Ngozi Eze,Female,2.34818E+12,ngozi.eze22@gmail.com,77451076361,Badagry Division,Van Ness,94109,Severe shower pipe rupture flooding entire bathroom,6.4166,2.890018,Closed,13/02/2026 04:03,Sanitation failure,Ikeja LCDA,Epe,Epe
PP20090923183,09/23/2009,Chisom Mohammed,Female,2.34904E+12,chisom.mohammed22@yahoo.com,16256693206,Ikeja Division,Vandewater,94133,Severe shower pipe rupture flooding entire bathroom,6.680974,3.343085,Closed,13/02/2026 04:03,Sanitation failure,Agbado-Oke Odo LCDA,Lagos Island,Apapa
PP20160308526,03/08/2016,Femi Ibrahim,Male,2.34819E+12,femi.ibrahim23@yahoo.com,80439166725,Ikeja Division,Duncan,94131,Sewer overflow spreading wastewater near market area,6.611902,3.32274,Closed,13/02/2026 04:03,Sanitation failure,Ifako-Ijaiye LCDA,Badagry,Badagry
PP20080225312,02/25/2008,Zainab Adebisi,Female,2.34906E+12,zainab.adebisi25@gmail.com,32306661081,Badagry Division,Bennington,94110,Water pipeline rupture near highway causing erosion,6.445865,3.252603,Closed,13/02/2026 04:03,Sanitation failure,Agboyi-Ketu LCDA,Lagos Island,Surulere
PP20130531198,05/31/2013,Bola Yakubu,Female,2.34907E+12,bola.yakubu61@hotmail.com,44706214380,Ikeja Division,Music Concourse,94118,Sewer overflow spreading wastewater near market area,6.592162,3.341928,Closed,13/02/2026 04:03,Sanitation failure,Egbe-Idimu LCDA,Ikeja,Ikeja
PP20181207287,12/07/2018,Tunde Bamidele,Male,2.34804E+12,tunde.bamidele94@gmail.com,22364952413,Lagos Island Division,Monticello,94132,add (2) bathrooms.,6.452238,3.358513,Closed,13/02/2026 04:03,Sanitation failure,Mosan-Okunola LCDA,Epe,Epe
PP20090623197,06/23/2009,Olamide Adebisi,Male,2.34811E+12,olamide.adebisi25@gmail.com,22377041952,Ikeja Division,California,94115,Open manhole with visible sewage leakage on street,6.615828,3.328415,Closed,13/02/2026 04:03,Leak,Surulere LCDA,Lagos Island,Apapa
PP20171222417,12/22/2017,Temitope Ibrahim,Female,2.34808E+12,temitope.ibrahim33@outlook.com,99887111498,Badagry Division,Ofarrell,94115,High-pressure pipe burst affecting multiple residential buildings,6.447696,3.240758,Closed,13/02/2026 04:03,Leak,Apapa-Iganmu LCDA,Ikeja,Ifako-Ijaiye
PP20181126922,11/26/2018,Aisha Nnamdi,Female,2.34802E+12,aisha.nnamdi74@yahoo.com,66229207168,Ikeja Division,Mission,94103,Water main leakage along roadside causing traffic obstruction,6.678702,3.338952,Closed,13/02/2026 04:03,Leak,Mosan-Okunola LCDA,Epe,Epe
PP20180712125,07/12/2018,Chioma Okafor,Female,2.34901E+12,chioma.okafor68@outlook.com,10494082164,Ikorodu Division,Newcomb,94124,Open manhole with visible sewage leakage on street,6.600938,3.501205,Closed,13/02/2026 04:03,Leak,Iba LCDA,Ikeja,Agege
PP20190626086,06/26/2019,Opeyemi Ajayi,Female,2.34906E+12,opeyemi.ajayi40@hotmail.com,33880967467,Epe Division,Cesar Chavez,94110,Blocked drainage channel causing street-level flooding,6.569035,3.9771,Closed,13/02/2026 04:03,Blockage,Ojodu LCDA,Lagos Island,Eti-Osa
PP20131107783,11/07/2013,Kunle Mohammed,Male,2.3481E+12,kunle.mohammed88@outlook.com,78415095226,Epe Division,Oakdale,94124,run water & gas to steam (pressure clear & one hose bib) install flue for steam cleaner.,6.469166,3.570504,Closed,13/02/2026 04:03,Sanitation failure,Orile-Agege LCDA,Ikeja,Kosofe
PP20160629702,06/29/2016,Obinna Chukwu,Male,2.34906E+12,obinna.chukwu18@yahoo.com,34595120273,Badagry Division,Carolina,94107,Minor kitchen sink pipe leakage under cabinet,6.451781,3.17296,Closed,13/02/2026 04:03,Leak,Coker-Aguda LCDA,Ikeja,Agege
PP20090202880,02/02/2009,Yetunde Ogunleye,Female,2.34819E+12,yetunde.ogunleye53@hotmail.com,13684449862,Ikeja Division,Pine,94115,Low water pressure affecting entire household supply,6.529373,3.355293,Closed,13/02/2026 04:03,Sanitation failure,Oto-Awori LCDA,Lagos Island,Lagos Mainland
PP20150403410,04/03/2015,Zainab Adebisi,Female,2.34814E+12,zainab.adebisi25@hotmail.com,18273474915,Badagry Division,43rd,94116,Water heater pipe leakage soaking utility area,6.459483,3.335068,Closed,13/02/2026 04:03,Leak,Oto-Awori LCDA,Lagos Island,Lagos Mainland
PP20081120691,11/20/2008,Olamide Eze,Male,2.34816E+12,olamide.eze57@gmail.com,60985318581,Ikeja Division,02nd,94105,Underground water pipe burst near hospital entrance,6.596333,3.348783,Closed,13/02/2026 04:03,Leak,Lekki LCDA,Ikeja,Oshodi-Isolo
PP20120508442,05/08/2012,Abdulrahman Danladi,Male,2.3482E+12,abdulrahman.danladi74@hotmail.com,45452811492,Ikeja Division,Franklin,94109,Water main leakage along roadside causing traffic obstruction,6.686535,3.342005,Closed,13/02/2026 04:03,Leak,Ojokoro LCDA,Badagry,Amuwo-Odofin
PP20090408508,04/08/2009,Yetunde Akinyemi,Female,2.34907E+12,yetunde.akinyemi79@yahoo.com,15563729045,Ikeja Division,34th,94116,Water main leakage along roadside causing traffic obstruction,6.596004,3.303297,Closed,13/02/2026 04:03,Leak,Agboyi-Ketu LCDA,Lagos Island,Surulere
PP20140702047,07/02/2014,Chukwudi Ekanem,Male,2.34805E+12,chukwudi.ekanem84@gmail.com,21226032960,Lagos Island Division,Fillmore,94123,Persistent dripping tap in kitchen wasting water daily,6.532514,3.367717,Closed,13/02/2026 04:03,Sanitation failure,Ikorodu North LCDA,Ikorodu,Ikorodu
PP20161107482,11/07/2016,Seyi Umeh,Male,2.34909E+12,seyi.umeh61@gmail.com,79677808026,Badagry Division,Fillmore,94115,"ground floor: renew expired permit #pp20141202217 (install a roof drain, a floor drain with a hose bib).",6.423188,2.900379,Closed,13/02/2026 04:03,Blockage,Badagry Central LCDA,Badagry,Ajeromi-Ifelodun
PP20120904280,09/04/2012,Oluwaseun Yakubu,Male,2.34902E+12,oluwaseun.yakubu64@outlook.com,74026118539,Badagry Division,Sears,94112,Minor kitchen sink pipe leakage under cabinet,6.403775,2.875825,Closed,13/02/2026 04:03,Leak,Agboyi-Ketu LCDA,Lagos Island,Surulere
PP20100315663,03/15/2010,Ijeoma Chukwu,Female,2.34802E+12,ijeoma.chukwu49@gmail.com,86672101247,Lagos Island Division,Cole,94117,Blocked drainage channel causing street-level flooding,6.507077,3.363515,Closed,13/02/2026 04:03,Blockage,Oriade LCDA,Lagos Island,Lagos Island
PP20191003964,10/03/2019,Chinedu Yakubu,Male,2.34817E+12,chinedu.yakubu72@outlook.com,26447949697,Ikeja Division,Ofarrell,94102,Water pipeline rupture near highway causing erosion,6.621015,3.339406,Closed,13/02/2026 04:03,Sanitation failure,Oto-Awori LCDA,Lagos Island,Lagos Mainland
PP20131008828,10/08/2013,Ifeanyi Eze,Male,2.34818E+12,ifeanyi.eze31@yahoo.com,72374062194,Epe Division,Harrison,94103,installation of 2 new boilers - (penthouse / mechanical room),6.473907,3.571735,Closed,13/02/2026 04:03,Sanitation failure,Badagry West LCDA,Ikeja,Kosofe
PP20140814216,08/14/2014,Bola Umeh,Female,2.34809E+12,bola.umeh47@gmail.com,8945684324,Lagos Island Division,Ashbury,94117,Public tap pipe severely damaged in residential community,6.534873,3.390896,Closed,13/02/2026 04:03,Sanitation failure,Ikosi-Isheri LCDA,Ikeja,Somolu
PP20150630913,06/30/2015,Chinedu Okafor,Male,2.34819E+12,chinedu.okafor46@gmail.com,99247137475,Lagos Island Division,Crescent,94110,Toilet overflow due to heavily blocked drain system,6.430806,3.421465,Closed,13/02/2026 04:03,Blockage,Yaba LCDA,Ikeja,Alimosho
PP20141222688,12/22/2014,Uche Ojo,Male,2.34908E+12,uche.ojo91@yahoo.com,4916931049,Ikeja Division,Funston,94122,install walk-in shower.,6.593689,3.300143,Closed,13/02/2026 04:03,Sanitation failure,Eredo LCDA,Ikeja,Mushin
PP20170217086,02/17/2017,Ifeanyi Ojo,Male,2.34803E+12,ifeanyi.ojo21@hotmail.com,77915690456,Badagry Division,Taylor,94102,Low water pressure affecting entire household supply,6.420721,2.884378,Closed,13/02/2026 04:03,Sanitation failure,Iba LCDA,Ikeja,Agege
PP20120319235,03/19/2012,Tunde Umeh,Male,2.34808E+12,tunde.umeh53@yahoo.com,82792878482,Badagry Division,Folsom,94110,"#100s- rough in show kitchen, drain, waste, vent, water with 30 gallon electric water heater.",6.472244,3.179659,Closed,13/02/2026 04:03,Blockage,Ayobo-Ipaja LCDA,Badagry,Ojo
PP20100120561,01/20/2010,Ngozi Danladi,Female,2.34802E+12,ngozi.danladi15@hotmail.com,62571703605,Ikeja Division,Wisconsin,94107,testing for gas leak only,6.588946,3.406503,Closed,13/02/2026 04:03,Leak,Ikorodu West LCDA,Ikorodu,Ikorodu
PP20081113360,11/13/2008,Ifeanyi Balogun,Male,2.34817E+12,ifeanyi.balogun36@outlook.com,95686230462,Ikeja Division,44th,94122,Cracked underground pipe slowly flooding compound,6.601564,3.349756,Closed,13/02/2026 04:03,Sanitation failure,Oto-Awori LCDA,Lagos Island,Lagos Mainland
PP20180921089,09/21/2018,Femi Nnamdi,Male,2.34908E+12,femi.nnamdi64@outlook.com,52345507237,Badagry Division,Aquavista,94131,r/r gas water heater 40gal.,6.417253,2.881305,Closed,13/02/2026 04:03,Sanitation failure,Bariga LCDA,Badagry,Amuwo-Odofin
PP20090311787,03/11/2009,Seyi Umeh,Male,2.34815E+12,seyi.umeh73@gmail.com,45074061525,Badagry Division,Page,94102,remove and reset kitchen sink,6.413685,2.89326,Closed,13/02/2026 04:03,Sanitation failure,Agbado-Oke Odo LCDA,Lagos Island,Apapa
PP20190321207,03/21/2019,Ngozi Okoye,Female,2.34815E+12,ngozi.okoye26@outlook.com,85052338764,Ikeja Division,Sutter,94115,3/f: remodel (e) kitchen & bathroom. add 1 bathroom.,6.549232,3.292034,Closed,13/02/2026 04:03,Sanitation failure,Ikorodu West LCDA,Ikorodu,Ikorodu
PP20090121566,01/21/2009,Ifeanyi Adebisi,Male,2.34806E+12,ifeanyi.adebisi19@outlook.com,93208701008,Epe Division,Divisadero,94117,Toilet overflow due to heavily blocked drain system,6.601496,3.997415,Closed,13/02/2026 04:03,Blockage,Agboyi-Ketu LCDA,Lagos Island,Surulere
PP20110429829,04/29/2011,Ngozi Abiola,Female,2.34802E+12,ngozi.abiola72@gmail.com,42177510505,Ikeja Division,Scott,94123,Sudden burst water pipe inside bathroom wall causing flooding,6.540677,3.314997,Closed,13/02/2026 04:03,Leak,Mosan-Okunola LCDA,Epe,Epe
PP20080221228,02/21/2008,Ngozi Nnamdi,Female,2.34813E+12,ngozi.nnamdi71@gmail.com,91691153579,Lagos Island Division,Ellis,94102,Sewer overflow spreading wastewater near market area,6.49187,3.363435,Closed,13/02/2026 04:03,Sanitation failure,Eredo LCDA,Ikeja,Mushin
PP20180126267,01/26/2018,Kunle Adebisi,Male,2.34905E+12,kunle.adebisi18@hotmail.com,24498687212,Epe Division,Geary,94118,Flooding due to collapsed drainage system after rainfall,6.472942,3.582656,Open,13/02/2026 04:03,Blockage,Surulere LCDA,Lagos Island,Apapa
PP20170608046,06/08/2017,Ifeanyi Balogun,Male,2.34818E+12,ifeanyi.balogun41@outlook.com,59309985020,Lagos Island Division,Broad,94112,Severe shower pipe rupture flooding entire bathroom,6.425262,3.414995,Closed,13/02/2026 04:03,Sanitation failure,Ikeja LCDA,Epe,Epe
PP20180828355,08/28/2018,Kunle Oladipo,Male,2.34803E+12,kunle.oladipo42@outlook.com,83131556883,Badagry Division,08th Ti,94130,Major pipe burst near primary school disrupting access road,6.451838,3.174682,Closed,13/02/2026 04:03,Leak,Orile-Agege LCDA,Ikeja,Kosofe
PP20081118583,11/18/2008,Abdulrahman Eze,Male,2.34815E+12,abdulrahman.eze21@gmail.com,87066936994,Lagos Island Division,Fillmore,94115,Water heater pipe leakage soaking utility area,6.453428,3.387542,Closed,13/02/2026 04:03,Leak,Oto-Awori LCDA,Lagos Island,Lagos Mainland
PP20161209307,12/09/2016,Temitope Adebisi,Female,2.34816E+12,temitope.adebisi94@outlook.com,44564886923,Ikeja Division,34th,94122,install new water service from meter to house.,6.534121,3.369472,Closed,13/02/2026 04:03,Sanitation failure,Mosan-Okunola LCDA,Epe,Epe
PP20110602590,06/02/2011,Chinedu Ekanem,Male,2.34819E+12,chinedu.ekanem41@hotmail.com,36143980925,Epe Division,Westgate,94127,Sewer overflow spreading wastewater near market area,6.578199,3.985994,Closed,13/02/2026 04:03,Sanitation failure,Amuwo-Odofin LCDA,Ikeja,Ifako-Ijaiye
PP20140923311,09/23/2014,Seyi Balogun,Male,2.34908E+12,seyi.balogun76@hotmail.com,32526089135,Lagos Island Division,Kissling,94103,Toilet overflow due to heavily blocked drain system,6.438097,3.42662,Closed,13/02/2026 04:03,Blockage,Ikosi-Isheri LCDA,Ikeja,Somolu
PP20120705816,07/05/2012,Yetunde Abiola,Female,2.34808E+12,yetunde.abiola26@yahoo.com,57735867716,Ikorodu Division,Congo,94131,Low water pressure affecting entire household supply,6.62016,3.517927,Closed,13/02/2026 04:03,Sanitation failure,Oriade LCDA,Lagos Island,Lagos Island
PP20150109020,01/09/2015,Tunde Danladi,Male,2.34907E+12,tunde.danladi90@outlook.com,26108990020,Ikeja Division,Jones,94133,Minor kitchen sink pipe leakage under cabinet,6.532122,3.342223,Closed,13/02/2026 04:03,Leak,Yaba LCDA,Ikeja,Alimosho
PP20130419090,04/19/2013,Kelechi Okoye,Male,2.34803E+12,kelechi.okoye13@gmail.com,66716894928,Ikeja Division,Chattanooga,94114,Septic tank backflow causing strong sewage odor indoors,6.591992,3.425573,Closed,13/02/2026 04:03,Sanitation failure,Ikoyi-Obalende LCDA,Epe,Ibeju-Lekki
PP20170719133,07/19/2017,Chisom Adeyemi,Female,2.34813E+12,chisom.adeyemi26@hotmail.com,2112965899,Ikeja Division,Union,94109,Bathroom floor drain completely clogged with wastewater backup,6.662167,3.328979,Closed,13/02/2026 04:03,Blockage,Oriade LCDA,Lagos Island,Lagos Island
PP20100720549,07/20/2010,Zainab Umeh,Female,2.3481E+12,zainab.umeh31@yahoo.com,24827865554,Badagry Division,Dolores,94110,Sudden burst water pipe inside bathroom wall causing flooding,6.473533,3.331207,Closed,13/02/2026 04:03,Leak,Isolo LCDA,Ikeja,Ikeja
PP20170321883,03/21/2017,Tunde Afolabi,Male,2.34814E+12,tunde.afolabi51@hotmail.com,66625883817,Lagos Island Division,Ripley,94110,Bathroom floor drain completely clogged with wastewater backup,6.53513,3.402839,Closed,13/02/2026 04:03,Blockage,Ifako-Ijaiye LCDA,Badagry,Badagry
PP20190918524,09/18/2019,Ifeanyi Abiola,Male,2.34808E+12,ifeanyi.abiola54@outlook.com,14518573230,Ikorodu Division,29th,94131,Toilet overflow due to heavily blocked drain system,6.61154,3.49669,Closed,13/02/2026 04:03,Blockage,Ikosi-Isheri LCDA,Ikeja,Somolu
PP20150424032,04/24/2015,Olamide Owolabi,Male,2.34817E+12,olamide.owolabi62@hotmail.com,7049829141,Lagos Island Division,Reddy,94124,Sewer overflow spreading wastewater near market area,6.499938,3.368016,Closed,13/02/2026 04:03,Sanitation failure,Coker-Aguda LCDA,Ikeja,Agege
PP20120403597,04/03/2012,Chioma Nwosu,Female,2.34907E+12,chioma.nwosu69@gmail.com,90898034188,Epe Division,Sacramento,94115,install new dishwasher & water line for icemaker & kitchen sink & drain.,6.467691,3.599533,Closed,13/02/2026 04:03,Blockage,Apapa-Iganmu LCDA,Ikeja,Ifako-Ijaiye
PP20121001932,10/01/2012,Chinedu Oladipo,Male,2.3481E+12,chinedu.oladipo29@gmail.com,87509473750,Ikeja Division,Waller,94117,Severe shower pipe rupture flooding entire bathroom,6.595614,3.301929,Closed,13/02/2026 04:03,Sanitation failure,Ikotun-Ikosi LCDA,Lagos Island,Lagos Mainland
PP20180611190,06/11/2018,Chisom Chukwu,Female,2.34803E+12,chisom.chukwu34@yahoo.com,2032686404,Ikorodu Division,Guerrero,94110,Sewer overflow spreading wastewater near market area,6.613341,3.527694,Closed,13/02/2026 04:03,Sanitation failure,Onigbongbo LCDA,Epe,Ibeju-Lekki
PP20170705741,07/05/2017,Chisom Umeh,Female,2.34808E+12,chisom.umeh21@hotmail.com,5760789105,Badagry Division,Spruce,94118,Public tap pipe severely damaged in residential community,6.486625,3.325633,Closed,13/02/2026 04:03,Sanitation failure,Itire-Ikate LCDA,Badagry,Badagry
PP20111228353,12/28/2011,Adebayo Mohammed,Male,2.34819E+12,adebayo.mohammed15@yahoo.com,36227642028,Badagry Division,Vermont,94107,Open manhole with visible sewage leakage on street,6.444504,3.258596,Closed,13/02/2026 04:03,Leak,Itire-Ikate LCDA,Badagry,Badagry
PP20130128752,01/28/2013,Yetunde Balogun,Female,2.34907E+12,yetunde.balogun28@hotmail.com,4351384718,Ikorodu Division,Sacramento,94115,shower valve; replace copper for lavy & shower on hot side.,6.615529,3.510046,Open,13/02/2026 04:03,Sanitation failure,Agboyi-Ketu LCDA,Lagos Island,Surulere
PP20130613579,06/13/2013,Ngozi Balogun,Female,2.34903E+12,ngozi.balogun34@gmail.com,66178942250,Badagry Division,Waller,94117,Blocked drainage channel causing street-level flooding,6.461254,3.163803,Closed,13/02/2026 04:03,Blockage,Apapa-Iganmu LCDA,Ikeja,Ifako-Ijaiye
PP20130123660,01/23/2013,Amaka Afolabi,Female,2.34813E+12,amaka.afolabi90@hotmail.com,98582929663,Badagry Division,Washington,94109,Open manhole with visible sewage leakage on street,6.460862,3.176103,Closed,13/02/2026 04:03,Leak,Badagry West LCDA,Ikeja,Kosofe
PP20090616038,06/16/2009,Emeka Balogun,Male,2.34903E+12,emeka.balogun12@hotmail.com,71001572578,Ikeja Division,Lisbon,94112,Cracked underground pipe slowly flooding compound,6.596869,3.365936,Closed,13/02/2026 04:03,Sanitation failure,Odi-Olowo/Ojuwoye LCDA,Lagos Island,Lagos Island
PP20151027091,10/27/2015,Ayomide Nnamdi,Male,2.34902E+12,ayomide.nnamdi17@hotmail.com,76326065221,Ikeja Division,04th,94103,Bathroom floor drain completely clogged with wastewater backup,6.541035,3.316232,Closed,13/02/2026 04:03,Blockage,Badagry Central LCDA,Badagry,Ajeromi-Ifelodun
PP20141015012,10/15/2014,Yetunde Eze,Female,2.34813E+12,yetunde.eze54@hotmail.com,4665956740,Epe Division,15th,94116,High-pressure pipe burst affecting multiple residential buildings,6.46721,3.582202,Closed,13/02/2026 04:03,Leak,Amuwo-Odofin LCDA,Ikeja,Ifako-Ijaiye
PP20190709379,07/09/2019,Opeyemi Okoye,Female,2.34812E+12,opeyemi.okoye10@outlook.com,61466845950,Badagry Division,Wanda,94112,Flooding due to collapsed drainage system after rainfall,6.468904,3.186401,Closed,13/02/2026 04:03,Blockage,Badagry Central LCDA,Badagry,Ajeromi-Ifelodun
PP20130325350,03/25/2013,Chisom Mohammed,Female,2.34905E+12,chisom.mohammed74@outlook.com,96963352953,Badagry Division,Cervantes,94123,Persistent dripping tap in kitchen wasting water daily,6.455706,3.259682,Closed,13/02/2026 04:03,Sanitation failure,Epe LCDA,Badagry,Ajeromi-Ifelodun
PP20120216523,02/16/2012,Oluwaseun Okafor,Male,2.34905E+12,oluwaseun.okafor59@hotmail.com,97478309664,Lagos Island Division,07th,94118,Water heater pipe leakage soaking utility area,6.450787,3.388578,Closed,13/02/2026 04:03,Leak,Yaba LCDA,Ikeja,Alimosho
PP20080721663,07/21/2008,Amaka Nwosu,Female,2.34907E+12,amaka.nwosu12@gmail.com,40206436858,Ikeja Division,Masonic,94117,Low water pressure affecting entire household supply,6.604648,3.327746,Closed,13/02/2026 04:03,Sanitation failure,Eredo LCDA,Ikeja,Mushin
PP20151021924,10/21/2015,Temitope Oladipo,Female,2.34905E+12,temitope.oladipo24@outlook.com,59858244976,Ikeja Division,Fremont,94105,Water heater pipe leakage soaking utility area,6.556791,3.367047,Closed,13/02/2026 04:03,Leak,Bariga LCDA,Badagry,Amuwo-Odofin
PP20160405384,04/05/2016,Tunde Nnamdi,Male,2.34902E+12,tunde.nnamdi63@hotmail.com,11699358936,Badagry Division,Palm,94118,Sewer overflow spreading wastewater near market area,6.436489,3.236775,Closed,13/02/2026 04:03,Sanitation failure,Oto-Awori LCDA,Lagos Island,Lagos Mainland
PP20190522047,05/22/2019,Ijeoma Eze,Female,2.34902E+12,ijeoma.eze46@gmail.com,80918436408,Lagos Island Division,Ellis,94102,Water heater pipe leakage soaking utility area,6.529219,3.384673,Closed,13/02/2026 04:03,Leak,Igbogbo-Baiyeku LCDA,Badagry,Ojo
PP20100820301,08/20/2010,Adaeze Nnamdi,Female,2.34814E+12,adaeze.nnamdi32@gmail.com,72922618367,Ikeja Division,Taylor,94133,Blocked drainage channel causing street-level flooding,6.614489,3.29245,Closed,13/02/2026 04:03,Blockage,Ojodu LCDA,Lagos Island,Eti-Osa
PP20180404283,04/04/2018,Yetunde Nnamdi,Female,2.34813E+12,yetunde.nnamdi27@gmail.com,47391259563,Lagos Island Division,Pacific,94133,"unit #8: remodel kitchen & bathroom, install angle stop/supply lines, add washer 7 dryer, new sinks, vanities & shower.",6.447545,3.362279,Closed,13/02/2026 04:03,Sanitation failure,Epe LCDA,Badagry,Ajeromi-Ifelodun
PP20080417868,04/17/2008,Kunle Nwosu,Male,2.34807E+12,kunle.nwosu40@hotmail.com,77622165613,Ikeja Division,03rd,94118,Water pipeline rupture near highway causing erosion,6.670659,3.306407,Closed,13/02/2026 04:03,Sanitation failure,Ikosi-Isheri LCDA,Ikeja,Somolu
PP20140324250,03/24/2014,Zainab Adebisi,Female,2.34816E+12,zainab.adebisi57@yahoo.com,1649212399,Lagos Island Division,Green,94123,Sewer overflow spreading wastewater near market area,6.446502,3.350486,Closed,13/02/2026 04:03,Sanitation failure,Ifako-Ijaiye LCDA,Badagry,Badagry
PP20190524089,05/24/2019,Oluwaseun Balogun,Male,2.34903E+12,oluwaseun.balogun31@gmail.com,47812365596,Ikeja Division,Chestnut,94123,Water main leakage along roadside causing traffic obstruction,6.555352,3.337953,Closed,13/02/2026 04:03,Leak,Ikorodu North LCDA,Ikorodu,Ikorodu
PP20190513749,05/13/2019,Ifeanyi Eze,Male,2.34817E+12,ifeanyi.eze54@hotmail.com,7810315287,Badagry Division,Pierce,94123,Toilet overflow due to heavily blocked drain system,6.464675,3.179865,Closed,13/02/2026 04:03,Blockage,Ikotun-Ikosi LCDA,Lagos Island,Lagos Mainland
PP20160407447,04/07/2016,Seyi Umeh,Male,2.34909E+12,seyi.umeh73@outlook.com,66647342214,Ikeja Division,23rd,94110,Water pipeline rupture near highway causing erosion,6.562818,3.312927,Closed,13/02/2026 04:03,Sanitation failure,Badagry West LCDA,Ikeja,Kosofe
PP20141014955,10/14/2014,Olamide Akinyemi,Male,2.34906E+12,olamide.akinyemi84@outlook.com,19390101305,Lagos Island Division,Green,94111,Flooding due to collapsed drainage system after rainfall,6.501101,3.366869,Closed,13/02/2026 04:03,Blockage,Ikotun-Ikosi LCDA,Lagos Island,Lagos Mainland
PP20181115694,11/15/2018,Chukwudi Adebisi,Male,2.3481E+12,chukwudi.adebisi91@outlook.com,2113825929,Ikeja Division,Bartlett,94110,Septic tank backflow causing strong sewage odor indoors,6.629565,3.283691,Closed,13/02/2026 04:03,Sanitation failure,Ojodu LCDA,Lagos Island,Eti-Osa
PP20150615532,06/15/2015,Oluwaseun Eze,Male,2.3481E+12,oluwaseun.eze77@gmail.com,48275718023,Ikeja Division,California,94104,Persistent dripping tap in kitchen wasting water daily,6.674536,3.319336,Closed,13/02/2026 04:03,Sanitation failure,Oriade LCDA,Lagos Island,Lagos Island
PP20161214439,12/14/2016,Chisom Bamidele,Female,2.34815E+12,chisom.bamidele79@yahoo.com,53122544338,Lagos Island Division,Market,94114,Water pipeline rupture near highway causing erosion,6.459655,3.385513,Closed,13/02/2026 04:03,Sanitation failure,Lekki LCDA,Ikeja,Oshodi-Isolo
PP20141118887,11/18/2014,Obinna Ajayi,Male,2.34904E+12,obinna.ajayi20@gmail.com,67320881330,Lagos Island Division,Franklin,94123,renewal of pp20130306812 for final,6.492726,3.357849,Closed,13/02/2026 04:03,Sanitation failure,Mosan-Okunola LCDA,Epe,Epe
PP20110721716,07/21/2011,Chisom Ojo,Female,2.34811E+12,chisom.ojo67@gmail.com,17506657413,Badagry Division,Uranus,94114,Water heater pipe leakage soaking utility area,6.424758,2.894185,Closed,13/02/2026 04:03,Leak,Ojokoro LCDA,Badagry,Amuwo-Odofin
PP20190909212,09/09/2019,Aisha Nnamdi,Female,2.34908E+12,aisha.nnamdi91@gmail.com,77458999148,Ikeja Division,Manor,94127,Flooding due to collapsed drainage system after rainfall,6.657343,3.329149,Closed,13/02/2026 04:03,Blockage,Ojokoro LCDA,Badagry,Amuwo-Odofin
PP20110816315,08/16/2011,Amaka Ojo,Female,2.34802E+12,amaka.ojo98@yahoo.com,25332907410,Badagry Division,Sanchez,94114,Sewer overflow spreading wastewater near market area,6.442904,3.237415,Closed,13/02/2026 04:03,Sanitation failure,Bariga LCDA,Badagry,Amuwo-Odofin
PP20130329512,03/29/2013,Ifeanyi Owolabi,Male,2.34814E+12,ifeanyi.owolabi89@yahoo.com,3356091283,Ikorodu Division,17th,94117,Severe shower pipe rupture flooding entire bathroom,6.61723,3.507415,Closed,13/02/2026 04:03,Sanitation failure,Iba LCDA,Ikeja,Agege
PP20120516665,05/16/2012,Oluwaseun Ibrahim,Male,2.34805E+12,oluwaseun.ibrahim83@hotmail.com,51114858584,Badagry Division,20th,94122,Low water pressure affecting entire household supply,6.439267,2.88933,Closed,13/02/2026 04:03,Sanitation failure,Eredo LCDA,Ikeja,Mushin
PP20181214515,12/14/2018,Bola Ogunleye,Female,2.34813E+12,bola.ogunleye94@hotmail.com,5385052261,Ikeja Division,Post,94109,Underground water pipe burst near hospital entrance,6.601724,3.330352,Closed,13/02/2026 04:03,Leak,Apapa-Iganmu LCDA,Ikeja,Ifako-Ijaiye
PP20100503737,05/03/2010,Obinna Adeyemi,Male,2.3482E+12,obinna.adeyemi23@hotmail.com,88685891455,Lagos Island Division,35th,94116,Open manhole with visible sewage leakage on street,6.459014,3.379884,Closed,13/02/2026 04:03,Leak,Ikorodu North LCDA,Ikorodu,Ikorodu
PP20080519801,05/19/2008,Olamide Adebisi,Male,2.34813E+12,olamide.adebisi10@hotmail.com,33457907163,Ikeja Division,Castenada,94116,roof top/garage: install solar hot water system on roof top and garage.,6.53774,3.289301,Closed,13/02/2026 04:03,Sanitation failure,Ojodu LCDA,Lagos Island,Eti-Osa
PP20090312827,03/12/2009,Chisom Ibrahim,Female,2.3491E+12,chisom.ibrahim35@gmail.com,75499432226,Ikeja Division,Pine,94111,Major pipe burst near primary school disrupting access road,6.62771,3.298896,Closed,13/02/2026 04:03,Leak,Badagry Central LCDA,Badagry,Ajeromi-Ifelodun
PP20160316773,03/16/2016,Temitope Bamidele,Female,2.34819E+12,temitope.bamidele51@yahoo.com,77121525399,Epe Division,Scott,94115,Septic tank backflow causing strong sewage odor indoors,6.575317,3.988946,Closed,13/02/2026 04:03,Sanitation failure,Orile-Agege LCDA,Ikeja,Kosofe
PP20101215785,12/15/2010,Zainab Oladipo,Female,2.34907E+12,zainab.oladipo75@gmail.com,52472886780,Ikeja Division,Haight,94102,Blocked drainage channel causing street-level flooding,6.643443,3.328634,Closed,13/02/2026 04:03,Blockage,Egbe-Idimu LCDA,Ikeja,Ikeja
PP20080227418,02/27/2008,Obinna Nwosu,Male,2.34808E+12,obinna.nwosu18@gmail.com,69258971349,Lagos Island Division,33rd,94122,Public tap pipe severely damaged in residential community,6.452078,3.368243,Closed,13/02/2026 04:03,Sanitation failure,Ikosi-Isheri LCDA,Ikeja,Somolu
PP20081009862,10/09/2008,Femi Yakubu,Male,2.34907E+12,femi.yakubu49@hotmail.com,56334880446,Badagry Division,Market,94105,High-pressure pipe burst affecting multiple residential buildings,6.439861,3.250857,Closed,13/02/2026 04:03,Leak,Ikosi-Isheri LCDA,Ikeja,Somolu
PP20081223909,12/23/2008,Temitope Ojo,Female,2.34807E+12,temitope.ojo14@hotmail.com,72015544865,Badagry Division,Anza,94118,Open manhole with visible sewage leakage on street,6.440746,3.252554,Closed,13/02/2026 04:03,Leak,Ikosi-Isheri LCDA,Ikeja,Somolu
PP20170112131,01/12/2017,Chioma Umeh,Female,2.34819E+12,chioma.umeh81@outlook.com,62627998267,Lagos Island Division,Lombard,94109,#305 - install new water line for new kitchen and bathroom,6.445147,3.390619,Closed,13/02/2026 04:03,Sanitation failure,Itire-Ikate LCDA,Badagry,Badagry
PP20080808178,08/08/2008,Seyi Akinyemi,Male,2.34819E+12,seyi.akinyemi14@gmail.com,25635660108,Ikeja Division,02nd,94118,Water pipeline rupture near highway causing erosion,6.543642,3.314611,Closed,13/02/2026 04:03,Sanitation failure,Agbado-Oke Odo LCDA,Lagos Island,Apapa
PP20111220262,12/20/2011,Tunde Ojo,Male,2.34808E+12,tunde.ojo61@gmail.com,66241479237,Ikeja Division,Lenox,94127,Public tap pipe severely damaged in residential community,6.624085,3.333654,Closed,13/02/2026 04:03,Sanitation failure,Agboyi-Ketu LCDA,Lagos Island,Surulere
PP20101129392,11/29/2010,Emeka Abiola,Male,2.34815E+12,emeka.abiola82@yahoo.com,10219135994,Lagos Island Division,Chenery,94131,Sewer overflow spreading wastewater near market area,6.524782,3.364714,Closed,13/02/2026 04:03,Sanitation failure,Surulere LCDA,Lagos Island,Apapa
PP20130731880,07/31/2013,Ayomide Bamidele,Male,2.34903E+12,ayomide.bamidele42@yahoo.com,37413635183,Ikeja Division,Harrison,94110,Flooding due to collapsed drainage system after rainfall,6.580303,3.416198,Closed,13/02/2026 04:03,Blockage,Odi-Olowo/Ojuwoye LCDA,Lagos Island,Lagos Island
PP20151029152,10/29/2015,Adaeze Balogun,Female,2.34806E+12,adaeze.balogun94@outlook.com,2698531876,Lagos Island Division,Dwight,94134,Septic tank backflow causing strong sewage odor indoors,6.550608,3.36808,Closed,13/02/2026 04:03,Sanitation failure,Oto-Awori LCDA,Lagos Island,Lagos Mainland
PP20120412829,04/12/2012,Kelechi Mohammed,Male,2.3482E+12,kelechi.mohammed24@gmail.com,11788704695,Ikeja Division,Sutter,94109,Flooding due to collapsed drainage system after rainfall,6.684442,3.338569,Closed,13/02/2026 04:03,Blockage,Onigbongbo LCDA,Epe,Ibeju-Lekki
PP20190820646,08/20/2019,Adaeze Okoye,Female,2.34816E+12,adaeze.okoye80@outlook.com,9532375848,Ikeja Division,Ofarrell,94109,High-pressure pipe burst affecting multiple residential buildings,6.618306,3.353586,Closed,13/02/2026 04:03,Leak,Egbe-Idimu LCDA,Ikeja,Ikeja
PP20110307477,03/07/2011,Ijeoma Nwosu,Female,2.34806E+12,ijeoma.nwosu15@hotmail.com,33596137845,Lagos Island Division,Pacific,94109,Persistent dripping tap in kitchen wasting water daily,6.452521,3.362892,Closed,13/02/2026 04:03,Sanitation failure,Ikosi-Isheri LCDA,Ikeja,Somolu
PP20191112098,11/12/2019,Ngozi Akinyemi,Female,2.34817E+12,ngozi.akinyemi67@yahoo.com,96621978771,Ikeja Division,Phelan,94112,install 2in water backflow.,6.614969,3.348236,Closed,13/02/2026 04:03,Sanitation failure,Epe LCDA,Badagry,Ajeromi-Ifelodun
PP20160715151,07/15/2016,Amaka Ibrahim,Female,2.3482E+12,amaka.ibrahim21@gmail.com,35717057766,Lagos Island Division,Illinois,94107,Low water pressure affecting entire household supply,6.507865,3.354543,Closed,13/02/2026 04:03,Sanitation failure,Igbogbo-Baiyeku LCDA,Badagry,Ojo
PP20180316717,03/16/2018,Temitope Bamidele,Female,2.34909E+12,temitope.bamidele86@yahoo.com,98101289644,Badagry Division,32nd,94121,Major pipe burst near primary school disrupting access road,6.401808,2.88297,Closed,13/02/2026 04:03,Leak,Agboyi-Ketu LCDA,Lagos Island,Surulere
PP20130604317,06/04/2013,Ifeanyi Balogun,Male,2.34807E+12,ifeanyi.balogun41@yahoo.com,51002089484,Ikorodu Division,Clay,94118,hose bib in backyard,6.6114,3.509865,Closed,13/02/2026 04:03,Sanitation failure,Ebute-Metta LCDA,Lagos Island,Eti-Osa
PP20101221922,12/21/2010,Ifeanyi Okafor,Male,2.34811E+12,ifeanyi.okafor70@outlook.com,6632064900,Ikeja Division,Folsom,94110,Persistent dripping tap in kitchen wasting water daily,6.539674,3.350027,Closed,13/02/2026 04:03,Sanitation failure,Oto-Awori LCDA,Lagos Island,Lagos Mainland
PP20170717029,07/17/2017,Ijeoma Danladi,Female,2.34811E+12,ijeoma.danladi77@yahoo.com,22177545016,Ikeja Division,11th,94122,"renewal for pp20151207090, which is a renewal of pp20091007519.",6.582872,3.41728,Closed,13/02/2026 04:03,Sanitation failure,Apapa-Iganmu LCDA,Ikeja,Ifako-Ijaiye
PP20160602924,06/02/2016,Ayomide Yakubu,Male,2.34815E+12,ayomide.yakubu89@outlook.com,7236961478,Ikeja Division,05th,94122,(1) shower pan,6.610284,3.329031,Closed,13/02/2026 04:03,Sanitation failure,Eredo LCDA,Ikeja,Mushin
PP20160318880,03/18/2016,Olamide Adebisi,Male,2.34814E+12,olamide.adebisi98@outlook.com,41345505904,Badagry Division,Sacramento,94115,Persistent dripping tap in kitchen wasting water daily,6.408933,2.887113,Closed,13/02/2026 04:03,Sanitation failure,Egbe-Idimu LCDA,Ikeja,Ikeja
PP20171006338,10/06/2017,Adaeze Ojo,Female,2.34811E+12,adaeze.ojo17@hotmail.com,67412693029,Badagry Division,28th,94122,Open manhole with visible sewage leakage on street,6.427001,2.880081,Closed,13/02/2026 04:03,Leak,Itire-Ikate LCDA,Badagry,Badagry
PP20120307005,03/07/2012,Adebayo Akinyemi,Male,2.34815E+12,adebayo.akinyemi24@gmail.com,18089455588,Ikeja Division,Peralta,94110,remodel kitchen & 3 bathrooms. new waste and vent piping for 3 bathrooms and kitchen. installing new copper line for kitchen and 3 bathrooms. [2 shower pans & 1 tub].,6.590234,3.301197,Closed,13/02/2026 04:03,Sanitation failure,Ojokoro LCDA,Badagry,Amuwo-Odofin
PP20170413546,04/13/2017,Obinna Chukwu,Male,2.34802E+12,obinna.chukwu28@yahoo.com,96264879549,Epe Division,Jerrold,94124,Underground water pipe burst near hospital entrance,6.577646,3.971703,Closed,13/02/2026 04:03,Leak,Epe LCDA,Badagry,Ajeromi-Ifelodun
PP20081125870,11/25/2008,Chisom Oladipo,Female,2.34903E+12,chisom.oladipo18@gmail.com,12232657110,Ikeja Division,Washington,94115,Cracked underground pipe slowly flooding compound,6.547357,3.306255,Closed,13/02/2026 04:03,Sanitation failure,Eredo LCDA,Ikeja,Mushin
PP20190924680,09/24/2019,Chinedu Owolabi,Male,2.34907E+12,chinedu.owolabi63@gmail.com,46840272692,Lagos Island Division,Thomas,94124,Sewer overflow spreading wastewater near market area,6.427053,3.399844,Closed,13/02/2026 04:03,Sanitation failure,Lekki LCDA,Ikeja,Oshodi-Isolo
PP20140902726,09/02/2014,Chinedu Akinyemi,Male,2.34907E+12,chinedu.akinyemi28@gmail.com,19519444529,Badagry Division,Sussex,94131,Sudden burst water pipe inside bathroom wall causing flooding,6.469971,3.195749,Closed,13/02/2026 04:03,Leak,Mosan-Okunola LCDA,Epe,Epe
PP20150226360,02/26/2015,Uche Yakubu,Male,2.34819E+12,uche.yakubu55@hotmail.com,47340071996,Ikorodu Division,Marietta,94127,Water pipeline rupture near highway causing erosion,6.625915,3.499123,Closed,13/02/2026 04:03,Sanitation failure,Iba LCDA,Ikeja,Agege
PP20101203551,12/03/2010,Kelechi Ajayi,Male,2.34901E+12,kelechi.ajayi89@yahoo.com,68010037978,Badagry Division,Harrison,94107,provide and install 2 sinks,6.447985,3.249935,Closed,13/02/2026 04:03,Sanitation failure,Epe LCDA,Badagry,Ajeromi-Ifelodun
PP20120416886,04/16/2012,Femi Umeh,Male,2.34815E+12,femi.umeh69@yahoo.com,16323328791,Ikorodu Division,Parker,94118,Sewer overflow spreading wastewater near market area,6.625388,3.517183,Closed,13/02/2026 04:03,Sanitation failure,Eredo LCDA,Ikeja,Mushin
PP20171023754,10/23/2017,Tunde Umeh,Male,2.34902E+12,tunde.umeh14@gmail.com,29640075328,Ikeja Division,Turquoise,94131,Bathroom floor drain completely clogged with wastewater backup,6.594458,3.35232,Closed,13/02/2026 04:03,Blockage,Agboyi-Ketu LCDA,Lagos Island,Surulere
PP20200110622,01/10/2020,Emeka Yakubu,Male,2.34803E+12,emeka.yakubu92@outlook.com,83737656556,Ikorodu Division,21st,94110,Underground water pipe burst near hospital entrance,6.623973,3.525058,Closed,13/02/2026 04:03,Leak,Odi-Olowo/Ojuwoye LCDA,Lagos Island,Lagos Island
PP20150107926,01/07/2015,Aisha Adeyemi,Female,2.34907E+12,aisha.adeyemi28@gmail.com,34818490642,Ikeja Division,Cortland,94110,High-pressure pipe burst affecting multiple residential buildings,6.590345,3.424591,Closed,13/02/2026 04:03,Leak,Egbe-Idimu LCDA,Ikeja,Ikeja
PP20170208810,02/08/2017,Opeyemi Nnamdi,Female,2.34809E+12,opeyemi.nnamdi97@outlook.com,20617334862,Ikorodu Division,Harrison,94107,Flooding due to collapsed drainage system after rainfall,6.620238,3.524605,Closed,13/02/2026 04:03,Blockage,Egbe-Idimu LCDA,Ikeja,Ikeja
PP20180820117,08/20/2018,Aisha Ojo,Female,2.34817E+12,aisha.ojo51@gmail.com,38077656933,Lagos Island Division,Montgomery,94104,suite 420: install one new kitchen sink and toilet in existing location. trim only. no new rough in.,6.500998,3.352189,Closed,13/02/2026 04:03,Sanitation failure,Agboyi-Ketu LCDA,Lagos Island,Surulere
PP20080219151,02/19/2008,Kunle Ojo,Male,2.34812E+12,kunle.ojo31@outlook.com,43385229723,Ikorodu Division,Tiffany,94110,Sewer overflow spreading wastewater near market area,6.633434,3.517479,Closed,13/02/2026 04:03,Sanitation failure,Agboyi-Ketu LCDA,Lagos Island,Surulere
PP20170403207,04/03/2017,Aisha Oladipo,Female,2.34818E+12,aisha.oladipo89@gmail.com,58525344244,Lagos Island Division,Fell,94117,Public tap pipe severely damaged in residential community,6.49247,3.356005,Closed,13/02/2026 04:03,Sanitation failure,Isolo LCDA,Ikeja,Ikeja
PP20140408744,04/08/2014,Kelechi Yakubu,Male,2.34901E+12,kelechi.yakubu36@hotmail.com,68484357349,Badagry Division,Minnesota,94107,Cracked underground pipe slowly flooding compound,6.463966,3.187632,Closed,13/02/2026 04:03,Sanitation failure,Agboyi-Ketu LCDA,Lagos Island,Surulere
PP20090410563,04/10/2009,Abdulrahman Akinyemi,Male,2.34906E+12,abdulrahman.akinyemi55@outlook.com,9076480250,Lagos Island Division,09th,94122,Open manhole with visible sewage leakage on street,6.450773,3.362113,Closed,13/02/2026 04:03,Leak,Agbado-Oke Odo LCDA,Lagos Island,Apapa
PP20200109575,01/09/2020,Uche Oladipo,Male,2.34808E+12,uche.oladipo37@hotmail.com,51949103182,Badagry Division,Bush,94108,Minor kitchen sink pipe leakage under cabinet,6.4837,3.344015,Closed,13/02/2026 04:03,Leak,Ikosi-Isheri LCDA,Ikeja,Somolu
PP20130221434,02/21/2013,Adebayo Afolabi,Male,2.34812E+12,adebayo.afolabi74@outlook.com,83966575842,Ikeja Division,Mason,94108,Sudden burst water pipe inside bathroom wall causing flooding,6.610906,3.304413,Closed,13/02/2026 04:03,Leak,Ikosi-Isheri LCDA,Ikeja,Somolu
PP20140516787,05/16/2014,Chioma Ojo,Female,2.34818E+12,chioma.ojo27@outlook.com,43207323052,Ikeja Division,18th,94121,Sewer overflow spreading wastewater near market area,6.591475,3.355479,Closed,13/02/2026 04:03,Sanitation failure,Ayobo-Ipaja LCDA,Badagry,Ojo
PP20130409781,04/09/2013,Adebayo Mohammed,Male,2.34806E+12,adebayo.mohammed31@hotmail.com,79488146692,Ikeja Division,19th,94122,Major pipe burst near primary school disrupting access road,6.633593,3.33382,Closed,13/02/2026 04:03,Leak,Ebute-Metta LCDA,Lagos Island,Eti-Osa
PP20110916041,09/16/2011,Olamide Ekanem,Male,2.34908E+12,olamide.ekanem20@yahoo.com,66367218609,Ikeja Division,10th,94103,Bathroom floor drain completely clogged with wastewater backup,6.661324,3.322079,Closed,13/02/2026 04:03,Blockage,Mosan-Okunola LCDA,Epe,Epe
PP20161222692,12/22/2016,Bola Danladi,Female,2.34802E+12,bola.danladi73@outlook.com,98416823813,Ikorodu Division,Hartford,94114,Public tap pipe severely damaged in residential community,6.608504,3.502652,Closed,13/02/2026 04:03,Sanitation failure,Oto-Awori LCDA,Lagos Island,Lagos Mainland
PP20100413292,04/13/2010,Chisom Yakubu,Female,2.34909E+12,chisom.yakubu80@gmail.com,43658380568,Ikeja Division,Polk,94109,Open manhole with visible sewage leakage on street,6.605295,3.280944,Closed,13/02/2026 04:03,Leak,Ayobo-Ipaja LCDA,Badagry,Ojo
PP20091210871,12/10/2009,Chinedu Adeyemi,Male,2.34819E+12,chinedu.adeyemi66@outlook.com,152519565,Epe Division,29th,94121,"remodel kitchen, sink and three baths (ref bldg. permit application # 200909287750)",6.584156,3.992623,Closed,13/02/2026 04:03,Sanitation failure,Ikoyi-Obalende LCDA,Epe,Ibeju-Lekki
PP20100804933,08/04/2010,Yetunde Ojo,Female,2.34812E+12,yetunde.ojo46@yahoo.com,14957846394,Ikeja Division,Ralston,94132,Low water pressure affecting entire household supply,6.592722,3.366693,Closed,13/02/2026 04:03,Sanitation failure,Agboyi-Ketu LCDA,Lagos Island,Surulere
PP20190916401,09/16/2019,Oluwaseun Danladi,Male,2.34815E+12,oluwaseun.danladi39@gmail.com,2158921159,Ikeja Division,30th,94116,Severe shower pipe rupture flooding entire bathroom,6.558708,3.318406,Closed,13/02/2026 04:03,Sanitation failure,Ikosi-Isheri LCDA,Ikeja,Somolu
PP20120406704,04/06/2012,Olamide Mohammed,Male,2.34817E+12,olamide.mohammed42@hotmail.com,54866099124,Badagry Division,Pacific,94109,"#304: kitchen remodel: relocation of water pipes, install sink, water angle stops.",6.460122,3.341845,Closed,13/02/2026 04:03,Sanitation failure,Ikosi-Isheri LCDA,Ikeja,Somolu
PP20170518502,05/18/2017,Ayomide Okoye,Male,2.34902E+12,ayomide.okoye24@gmail.com,37358174952,Badagry Division,Hill,94114,Water pipeline rupture near highway causing erosion,6.455781,3.342202,Closed,13/02/2026 04:03,Sanitation failure,Eredo LCDA,Ikeja,Mushin
PP20171016594,10/16/2017,Adebayo Owolabi,Male,2.34908E+12,adebayo.owolabi12@hotmail.com,71007141381,Lagos Island Division,22nd,94110,Septic tank backflow causing strong sewage odor indoors,6.450518,3.364533,Closed,13/02/2026 04:03,Sanitation failure,Ojokoro LCDA,Badagry,Amuwo-Odofin
PP20110901719,09/01/2011,Adebayo Ekanem,Male,2.34817E+12,adebayo.ekanem32@outlook.com,39499449917,Lagos Island Division,South Van Ness,94103,Water heater pipe leakage soaking utility area,6.421344,3.412949,Closed,13/02/2026 04:03,Leak,Surulere LCDA,Lagos Island,Apapa
PP20101122320,11/22/2010,Adaeze Nnamdi,Female,2.34906E+12,adaeze.nnamdi64@gmail.com,45779679695,Badagry Division,Encanto,94115,Cracked underground pipe slowly flooding compound,6.420972,2.875517,Closed,13/02/2026 04:03,Sanitation failure,Yaba LCDA,Ikeja,Alimosho
PP20160422855,04/22/2016,Ifeanyi Chukwu,Male,2.34906E+12,ifeanyi.chukwu41@gmail.com,44701096868,Ikeja Division,21st,94121,Blocked drainage channel causing street-level flooding,6.587932,3.403029,Closed,13/02/2026 04:03,Blockage,Lekki LCDA,Ikeja,Oshodi-Isolo
PP20140912024,09/12/2014,Adaeze Umeh,Female,2.34809E+12,adaeze.umeh69@hotmail.com,36996991171,Epe Division,Arguello,94118,Sewer overflow spreading wastewater near market area,6.478482,3.572675,Closed,13/02/2026 04:03,Sanitation failure,Bariga LCDA,Badagry,Amuwo-Odofin
PP20100916899,09/16/2010,Abdulrahman Nnamdi,Male,2.34819E+12,abdulrahman.nnamdi39@yahoo.com,54624188,Epe Division,Vallejo,94123,Sudden burst water pipe inside bathroom wall causing flooding,6.475523,3.591256,Closed,13/02/2026 04:03,Leak,Mosan-Okunola LCDA,Epe,Epe
PP20150924225,09/24/2015,Kelechi Chukwu,Male,2.34808E+12,kelechi.chukwu27@outlook.com,31973431507,Badagry Division,Laguna Honda,94127,Water pipeline rupture near highway causing erosion,6.454032,3.18882,Closed,13/02/2026 04:03,Sanitation failure,Ojodu LCDA,Lagos Island,Eti-Osa
PP20120202194,02/02/2012,Yetunde Adebisi,Female,2.3481E+12,yetunde.adebisi62@hotmail.com,4809664384,Ikeja Division,Funston,94116,Sudden burst water pipe inside bathroom wall causing flooding,6.611604,3.289612,Closed,13/02/2026 04:03,Leak,Ikeja LCDA,Epe,Epe
PP20171128698,11/28/2017,Ijeoma Ogunleye,Female,2.34902E+12,ijeoma.ogunleye39@yahoo.com,8487965834,Badagry Division,Dolores,94110,Flooding due to collapsed drainage system after rainfall,6.404914,2.865374,Closed,13/02/2026 04:03,Blockage,Surulere LCDA,Lagos Island,Apapa
PP20181031226,10/31/2018,Ifeanyi Adeyemi,Male,2.34908E+12,ifeanyi.adeyemi14@gmail.com,6560667100,Ikeja Division,Jones,94109,High-pressure pipe burst affecting multiple residential buildings,6.586797,3.401052,Closed,13/02/2026 04:03,Leak,Agboyi-Ketu LCDA,Lagos Island,Surulere
PP20160527804,05/27/2016,Kelechi Umeh,Male,2.3482E+12,kelechi.umeh17@gmail.com,76813751916,Ikeja Division,06th,94118,Bathroom floor drain completely clogged with wastewater backup,6.584253,3.414066,Closed,13/02/2026 04:03,Blockage,Surulere LCDA,Lagos Island,Apapa
PP20190125608,01/25/2019,Opeyemi Ogunleye,Female,2.34806E+12,opeyemi.ogunleye41@hotmail.com,87127351057,Ikeja Division,Oak,94117,Sudden burst water pipe inside bathroom wall causing flooding,6.615791,3.29198,Closed,13/02/2026 04:03,Leak,Badagry West LCDA,Ikeja,Kosofe
PP20080701093,07/01/2008,Chisom Oladipo,Female,2.34906E+12,chisom.oladipo23@gmail.com,40912189128,Lagos Island Division,Somerset,94134,Water heater pipe leakage soaking utility area,6.429806,3.429219,Open,13/02/2026 04:03,Leak,Ikorodu North LCDA,Ikorodu,Ikorodu
PP20140912040,09/12/2014,Abdulrahman Eze,Male,2.34806E+12,abdulrahman.eze27@hotmail.com,27729927234,Ikorodu Division,Haight,94117,Low water pressure affecting entire household supply,6.622751,3.513662,Closed,13/02/2026 04:03,Sanitation failure,Badagry Central LCDA,Badagry,Ajeromi-Ifelodun
PP20120622539,06/22/2012,Obinna Chukwu,Male,2.34813E+12,obinna.chukwu31@hotmail.com,60726928942,Badagry Division,32nd,94121,Underground water pipe burst near hospital entrance,6.465693,3.167644,Closed,13/02/2026 04:03,Leak,Lekki LCDA,Ikeja,Oshodi-Isolo
PP20150402376,04/02/2015,Femi Mohammed,Male,2.34817E+12,femi.mohammed24@outlook.com,23447954146,Badagry Division,Sacramento,94115,Septic tank backflow causing strong sewage odor indoors,6.468568,3.189125,Closed,13/02/2026 04:03,Sanitation failure,Ifako-Agege LCDA,Ikeja,Mushin
PP20170407366,04/07/2017,Chinedu Okoye,Male,2.34907E+12,chinedu.okoye86@yahoo.com,26050659084,Lagos Island Division,Ellis,94115,Severe shower pipe rupture flooding entire bathroom,6.486733,3.358359,Closed,13/02/2026 04:03,Sanitation failure,Mosan-Okunola LCDA,Epe,Epe
PP20200115746,01/15/2020,Opeyemi Nwosu,Female,2.34902E+12,opeyemi.nwosu39@gmail.com,60778159454,Ikeja Division,Yale,94134,"(b) unit: single unit- plumbing installation for new residential construction including water, gas waste and vent. approved site permit/architectural addenda # 2010-1222-7230.",6.601407,3.350155,Closed,13/02/2026 04:03,Sanitation failure,Ikotun-Ikosi LCDA,Lagos Island,Lagos Mainland
PP20180828347,08/28/2018,Tunde Eze,Male,2.34908E+12,tunde.eze10@hotmail.com,1269819003,Lagos Island Division,Market,94102,Cracked underground pipe slowly flooding compound,6.452139,3.373314,Closed,13/02/2026 04:03,Sanitation failure,Agboyi-Ketu LCDA,Lagos Island,Surulere
PP20180529757,05/29/2018,Tunde Nnamdi,Male,2.3481E+12,tunde.nnamdi40@outlook.com,83297841397,Epe Division,Sutter,94109,to obtain a final inspection for approved under expired permit pp20161122876,6.480818,3.571878,Open,13/02/2026 04:03,Sanitation failure,Ikeja LCDA,Epe,Epe
PP20110228337,02/28/2011,Ijeoma Danladi,Female,2.34818E+12,ijeoma.danladi29@outlook.com,18464212111,Ikeja Division,Bosworth,94112,Public tap pipe severely damaged in residential community,6.608021,3.364789,Closed,13/02/2026 04:03,Sanitation failure,Coker-Aguda LCDA,Ikeja,Agege
PP20130111365,01/11/2013,Yetunde Ibrahim,Female,2.34901E+12,yetunde.ibrahim73@yahoo.com,17484072991,Ikorodu Division,Columbus,94133,Water main leakage along roadside causing traffic obstruction,6.623268,3.52141,Closed,13/02/2026 04:03,Leak,Itire-Ikate LCDA,Badagry,Badagry
PP20120806568,08/06/2012,Kunle Yakubu,Male,2.34808E+12,kunle.yakubu73@gmail.com,53389728066,Lagos Island Division,Addison,94131,High-pressure pipe burst affecting multiple residential buildings,6.544523,3.389437,Closed,13/02/2026 04:03,Leak,Yaba LCDA,Ikeja,Alimosho
PP20120815827,08/15/2012,Ayomide Oladipo,Male,2.34818E+12,ayomide.oladipo19@gmail.com,16685998273,Lagos Island Division,North Point,94109,Toilet overflow due to heavily blocked drain system,6.435593,3.432351,Closed,13/02/2026 04:03,Blockage,Ikeja LCDA,Epe,Epe
PP20140206959,02/06/2014,Kelechi Ogunleye,Male,2.34805E+12,kelechi.ogunleye40@outlook.com,6232590969,Badagry Division,04th,94107,Sudden burst water pipe inside bathroom wall causing flooding,6.416449,2.885239,Closed,13/02/2026 04:03,Leak,Itire-Ikate LCDA,Badagry,Badagry
PP20131024370,10/24/2013,Ijeoma Ibrahim,Female,2.34907E+12,ijeoma.ibrahim96@yahoo.com,72819984514,Lagos Island Division,Cayuga,94112,gas houseline extension.,6.450586,3.410334,Closed,13/02/2026 04:03,Sanitation failure,Lekki LCDA,Ikeja,Oshodi-Isolo
PP20090511258,05/11/2009,Femi Balogun,Male,2.34816E+12,femi.balogun34@hotmail.com,54371013080,Ikorodu Division,Dewey,94116,Water pipeline rupture near highway causing erosion,6.611216,3.525824,Closed,13/02/2026 04:03,Sanitation failure,Ikoyi-Obalende LCDA,Epe,Ibeju-Lekki
PP20090106100,01/06/2009,Ijeoma Umeh,Female,2.34812E+12,ijeoma.umeh67@gmail.com,47887558125,Epe Division,Peninsula,94134,Water main leakage along roadside causing traffic obstruction,6.588999,3.969607,Closed,13/02/2026 04:03,Leak,Ikeja LCDA,Epe,Epe
PP20191007076,10/07/2019,Kunle Afolabi,Male,2.34907E+12,kunle.afolabi96@outlook.com,76748591534,Lagos Island Division,10th,94118,Severe shower pipe rupture flooding entire bathroom,6.457776,3.3737,Closed,13/02/2026 04:03,Sanitation failure,Agbado-Oke Odo LCDA,Lagos Island,Apapa
PP20160331249,03/31/2016,Adebayo Adebisi,Male,2.34905E+12,adebayo.adebisi72@gmail.com,40949877288,Ikeja Division,Sheldon,94122,Open manhole with visible sewage leakage on street,6.608055,3.360352,Closed,13/02/2026 04:03,Leak,Ikosi-Isheri LCDA,Ikeja,Somolu
PP20110516229,05/16/2011,Kelechi Ekanem,Male,2.34904E+12,kelechi.ekanem46@yahoo.com,96585251167,Lagos Island Division,Castro,94114,Minor kitchen sink pipe leakage under cabinet,6.448176,3.395935,Closed,13/02/2026 04:03,Leak,Ifako-Ijaiye LCDA,Badagry,Badagry
PP20180717233,07/17/2018,Ayomide Ibrahim,Male,2.34815E+12,ayomide.ibrahim37@outlook.com,64378603392,Epe Division,Broadway,94123,Water main leakage along roadside causing traffic obstruction,6.603542,3.978543,Closed,13/02/2026 04:03,Leak,Coker-Aguda LCDA,Ikeja,Agege
PP20140908894,09/08/2014,Adaeze Yakubu,Female,2.34805E+12,adaeze.yakubu79@yahoo.com,38016860650,Ikeja Division,42nd,94121,Cracked underground pipe slowly flooding compound,6.516711,3.369417,Closed,13/02/2026 04:03,Sanitation failure,Yaba LCDA,Ikeja,Alimosho
PP20100601424,06/01/2010,Emeka Afolabi,Male,2.34808E+12,emeka.afolabi46@yahoo.com,1533580177,Badagry Division,21st,94122,Cracked underground pipe slowly flooding compound,6.469626,3.250037,Closed,13/02/2026 04:03,Sanitation failure,Ikorodu North LCDA,Ikorodu,Ikorodu
PP20100628077,06/28/2010,Aisha Abiola,Female,2.34902E+12,aisha.abiola98@gmail.com,55711055516,Badagry Division,California,94115,"remodel kitchen, 2 bathrooms and laundry room in kind.",6.471115,3.196415,Closed,13/02/2026 04:03,Sanitation failure,Surulere LCDA,Lagos Island,Apapa
PP20120420029,04/20/2012,Abdulrahman Nwosu,Male,2.3491E+12,abdulrahman.nwosu71@gmail.com,20082796113,Badagry Division,Howard,94103,Severe shower pipe rupture flooding entire bathroom,6.453575,3.178147,Closed,13/02/2026 04:03,Sanitation failure,Oto-Awori LCDA,Lagos Island,Lagos Mainland
PP20150128605,01/28/2015,Oluwaseun Danladi,Male,2.34814E+12,oluwaseun.danladi42@gmail.com,14961801640,Ikeja Division,09th,94103,renew expired permit pw20120618730; for final inspection,6.595609,3.43355,Closed,13/02/2026 04:03,Sanitation failure,Amuwo-Odofin LCDA,Ikeja,Ifako-Ijaiye
PP20090724884,07/24/2009,Ayomide Nnamdi,Male,2.34809E+12,ayomide.nnamdi87@hotmail.com,37418009485,Badagry Division,Larkin,94109,Sewer overflow spreading wastewater near market area,6.472329,3.324502,Closed,13/02/2026 04:03,Sanitation failure,Eredo LCDA,Ikeja,Mushin
PP20190610572,06/10/2019,Chioma Ibrahim,Female,2.34817E+12,chioma.ibrahim50@outlook.com,45588430566,Epe Division,Capp,94110,units 4 & 5: provide 2 new gas line for central heater,6.489871,3.57969,Closed,13/02/2026 04:03,Sanitation failure,Agboyi-Ketu LCDA,Lagos Island,Surulere
PP20191119325,11/19/2019,Temitope Nwosu,Female,2.34803E+12,temitope.nwosu51@yahoo.com,5720634160,Ikeja Division,32nd,94122,Blocked drainage channel causing street-level flooding,6.605649,3.298423,Closed,13/02/2026 04:03,Blockage,Agbado-Oke Odo LCDA,Lagos Island,Apapa
PP20120301840,03/01/2012,Kunle Adebisi,Male,2.34812E+12,kunle.adebisi18@yahoo.com,37666492967,Ikeja Division,16th,94122,remodel kitchen & bathroom & install 1 shower pan in single family house.,6.542842,3.36314,Closed,13/02/2026 04:03,Sanitation failure,Orile-Agege LCDA,Ikeja,Kosofe
PP20160223148,02/23/2016,Adebayo Yakubu,Male,2.34819E+12,adebayo.yakubu24@hotmail.com,65854593534,Epe Division,Tompkins,94110,Water pipeline rupture near highway causing erosion,6.588149,3.988233,Open,13/02/2026 04:03,Sanitation failure,Badagry Central LCDA,Badagry,Ajeromi-Ifelodun
PP20090814343,08/14/2009,Chioma Adebisi,Female,2.34813E+12,chioma.adebisi43@yahoo.com,50550694749,Ikeja Division,Columbus,94133,Minor kitchen sink pipe leakage under cabinet,6.554035,3.313681,Closed,13/02/2026 04:03,Leak,Ikosi-Isheri LCDA,Ikeja,Somolu
PP20101228022,12/28/2010,Olamide Danladi,Male,2.34811E+12,olamide.danladi47@gmail.com,41339972068,Ikorodu Division,Alabama,94110,Water heater pipe leakage soaking utility area,6.594104,3.507534,Closed,13/02/2026 04:03,Leak,Lekki LCDA,Ikeja,Oshodi-Isolo
PP20080331353,03/31/2008,Ijeoma Danladi,Female,2.34905E+12,ijeoma.danladi80@hotmail.com,51105700094,Lagos Island Division,Powell,94108,Water main leakage along roadside causing traffic obstruction,6.435513,3.41039,Closed,13/02/2026 04:03,Leak,Isolo LCDA,Ikeja,Ikeja
PP20150922179,09/22/2015,Ijeoma Afolabi,Female,2.34812E+12,ijeoma.afolabi32@yahoo.com,63009244888,Ikeja Division,Bancroft,94124,Sewer overflow spreading wastewater near market area,6.531163,3.352555,Open,13/02/2026 04:03,Sanitation failure,Agbado-Oke Odo LCDA,Lagos Island,Apapa
PP20130823584,08/23/2013,Abdulrahman Nwosu,Male,2.34903E+12,abdulrahman.nwosu29@outlook.com,78777749238,Ikorodu Division,35th,94122,Toilet overflow due to heavily blocked drain system,6.636955,3.52623,Closed,13/02/2026 04:03,Blockage,Amuwo-Odofin LCDA,Ikeja,Ifako-Ijaiye
PP20170719112,07/19/2017,Aisha Ogunleye,Female,2.34908E+12,aisha.ogunleye65@gmail.com,68672735016,Lagos Island Division,17th,94122,Severe shower pipe rupture flooding entire bathroom,6.428442,3.420392,Closed,13/02/2026 04:03,Sanitation failure,Epe LCDA,Badagry,Ajeromi-Ifelodun
PP20180315678,03/15/2018,Amaka Ajayi,Female,2.34807E+12,amaka.ajayi11@gmail.com,59461934755,Lagos Island Division,Noriega,94122,Severe shower pipe rupture flooding entire bathroom,6.523661,3.374683,Closed,13/02/2026 04:03,Sanitation failure,Agboyi-Ketu LCDA,Lagos Island,Surulere
PP20160322976,03/22/2016,Temitope Abiola,Female,2.34817E+12,temitope.abiola85@yahoo.com,49403815184,Lagos Island Division,Sutter,94109,Severe shower pipe rupture flooding entire bathroom,6.49885,3.353217,Closed,13/02/2026 04:03,Sanitation failure,Itire-Ikate LCDA,Badagry,Badagry
PP20130826627,08/26/2013,Ijeoma Umeh,Female,2.34903E+12,ijeoma.umeh66@yahoo.com,89481672019,Lagos Island Division,Concord,94112,Minor kitchen sink pipe leakage under cabinet,6.437494,3.365227,Closed,13/02/2026 04:03,Leak,Badagry West LCDA,Ikeja,Kosofe
PP20150309642,03/09/2015,Abdulrahman Afolabi,Male,2.34908E+12,abdulrahman.afolabi58@outlook.com,48400107174,Ikeja Division,Lunado,94127,Minor kitchen sink pipe leakage under cabinet,6.608095,3.343457,Closed,13/02/2026 04:03,Leak,Ikosi-Isheri LCDA,Ikeja,Somolu
PP20150127567,01/27/2015,Uche Nwosu,Male,2.34813E+12,uche.nwosu19@hotmail.com,3154824968,Lagos Island Division,Mission,94110,Open manhole with visible sewage leakage on street,6.505854,3.354484,Closed,13/02/2026 04:03,Leak,Ebute-Metta LCDA,Lagos Island,Eti-Osa
PP20160705844,07/05/2016,Chioma Owolabi,Female,2.34905E+12,chioma.owolabi70@gmail.com,23012966082,Epe Division,Bush,94108,High-pressure pipe burst affecting multiple residential buildings,6.472532,3.593203,Closed,13/02/2026 04:03,Leak,Badagry Central LCDA,Badagry,Ajeromi-Ifelodun
PP20161101311,11/01/2016,Tunde Afolabi,Male,2.34808E+12,tunde.afolabi69@gmail.com,21259317097,Ikeja Division,Polk,94109,Water pipeline rupture near highway causing erosion,6.526964,3.359147,Closed,13/02/2026 04:03,Sanitation failure,Badagry West LCDA,Ikeja,Kosofe
PP20100518110,05/18/2010,Chisom Mohammed,Female,2.34808E+12,chisom.mohammed95@gmail.com,18336292392,Badagry Division,Bannock,94112,add one full bathrm and laundry rm at grnd flr,6.444836,3.248035,Closed,13/02/2026 04:03,Sanitation failure,Lekki LCDA,Ikeja,Oshodi-Isolo
PP20140131844,01/31/2014,Tunde Danladi,Male,2.34811E+12,tunde.danladi57@hotmail.com,97842625365,Ikeja Division,Turk,94102,Underground water pipe burst near hospital entrance,6.667741,3.321134,Closed,13/02/2026 04:03,Leak,Coker-Aguda LCDA,Ikeja,Agege
PP20090429985,04/29/2009,Kelechi Nwosu,Male,2.34905E+12,kelechi.nwosu72@hotmail.com,63596979824,Badagry Division,Edward,94118,Septic tank backflow causing strong sewage odor indoors,6.413232,2.869514,Closed,13/02/2026 04:03,Sanitation failure,Odi-Olowo/Ojuwoye LCDA,Lagos Island,Lagos Island
PP20101026767,10/26/2010,Femi Chukwu,Male,2.34906E+12,femi.chukwu90@hotmail.com,92412674232,Ikeja Division,Church,94114,Cracked underground pipe slowly flooding compound,6.548688,3.305251,Closed,13/02/2026 04:03,Sanitation failure,Itire-Ikate LCDA,Badagry,Badagry
PP20120906343,09/06/2012,Oluwaseun Adebisi,Male,2.34905E+12,oluwaseun.adebisi18@gmail.com,28352737181,Epe Division,Spear,94105,renew permit #pp20110506014 for final inspection.,6.581438,3.981185,Closed,13/02/2026 04:03,Sanitation failure,Iba LCDA,Ikeja,Agege
PP20180112884,01/12/2018,Kelechi Akinyemi,Male,2.34818E+12,kelechi.akinyemi60@gmail.com,22427960517,Lagos Island Division,14th,94127,Open manhole with visible sewage leakage on street,6.453482,3.399494,Closed,13/02/2026 04:03,Leak,Ikorodu West LCDA,Ikorodu,Ikorodu
PP20181010587,10/10/2018,Zainab Ogunleye,Female,2.34803E+12,zainab.ogunleye49@hotmail.com,97670702321,Ikeja Division,35th,94116,"installation of gas line for stove. installation of rough and finish plumbing for plumbing fixtures for kitchen, powder room, and bathroom. installation of finish plumbing fixtures for kitchen, powder room, and bathroom.",6.592045,3.410202,Closed,13/02/2026 04:03,Sanitation failure,Bariga LCDA,Badagry,Amuwo-Odofin
PP20191204728,12/04/2019,Emeka Ajayi,Male,2.34812E+12,emeka.ajayi82@hotmail.com,28142869211,Ikeja Division,Pierce,94117,Blocked drainage channel causing street-level flooding,6.571268,3.40628,Closed,13/02/2026 04:03,Blockage,Agboyi-Ketu LCDA,Lagos Island,Surulere
PP20150901608,09/01/2015,Kelechi Balogun,Male,2.34817E+12,kelechi.balogun79@hotmail.com,48117225554,Ikeja Division,Munich,94112,Cracked underground pipe slowly flooding compound,6.604128,3.291481,Closed,13/02/2026 04:03,Sanitation failure,Ayobo-Ipaja LCDA,Badagry,Ojo
PP20180703856,07/03/2018,Uche Ekanem,Male,2.34812E+12,uche.ekanem34@hotmail.com,38307728664,Lagos Island Division,Ocean,94112,Major pipe burst near primary school disrupting access road,6.4464,3.381739,Closed,13/02/2026 04:03,Leak,Iba LCDA,Ikeja,Agege
PP20090324105,03/24/2009,Femi Ajayi,Male,2.34907E+12,femi.ajayi19@gmail.com,29422038555,Ikeja Division,Cayuga,94112,Toilet overflow due to heavily blocked drain system,6.549039,3.309914,Closed,13/02/2026 04:03,Blockage,Itire-Ikate LCDA,Badagry,Badagry
PP20170130545,01/30/2017,Bola Adeyemi,Female,2.3481E+12,bola.adeyemi37@gmail.com,41492913986,Ikorodu Division,University,94134,Toilet overflow due to heavily blocked drain system,6.62535,3.504926,Closed,13/02/2026 04:03,Blockage,Iba LCDA,Ikeja,Agege
PP20160302386,03/02/2016,Adaeze Afolabi,Female,2.34909E+12,adaeze.afolabi45@outlook.com,98218593399,Lagos Island Division,King,94107,Water heater pipe leakage soaking utility area,6.49277,3.351533,Closed,13/02/2026 04:03,Leak,Surulere LCDA,Lagos Island,Apapa
PP20081201950,12/01/2008,Kelechi Adeyemi,Male,2.34818E+12,kelechi.adeyemi30@yahoo.com,56947900377,Ikeja Division,Victoria,94127,Water main leakage along roadside causing traffic obstruction,6.553286,3.299616,Closed,13/02/2026 04:03,Leak,Bariga LCDA,Badagry,Amuwo-Odofin
PP20141023223,10/23/2014,Chioma Bamidele,Female,2.34903E+12,chioma.bamidele35@yahoo.com,54991441794,Badagry Division,Geary,94109,Water pipeline rupture near highway causing erosion,6.466731,3.165141,Closed,13/02/2026 04:03,Sanitation failure,Agboyi-Ketu LCDA,Lagos Island,Surulere
PP20130710285,07/10/2013,Ngozi Nnamdi,Female,2.34803E+12,ngozi.nnamdi77@hotmail.com,40007917545,Badagry Division,Otsego,94112,Underground water pipe burst near hospital entrance,6.457404,3.186011,Closed,13/02/2026 04:03,Leak,Apapa-Iganmu LCDA,Ikeja,Ifako-Ijaiye
PP20160825400,08/25/2016,Ayomide Oladipo,Male,2.34904E+12,ayomide.oladipo50@outlook.com,32387704589,Ikeja Division,Green,94123,"firesprinkler installation, 5 heads, 1 st floor",6.585138,3.44363,Closed,13/02/2026 04:03,Sanitation failure,Mosan-Okunola LCDA,Epe,Epe
PP20111019834,10/19/2011,Chukwudi Ekanem,Male,2.34803E+12,chukwudi.ekanem32@gmail.com,95006264078,Ikeja Division,North Point,94109,Toilet overflow due to heavily blocked drain system,6.612498,3.284959,Closed,13/02/2026 04:03,Blockage,Onigbongbo LCDA,Epe,Ibeju-Lekki
PP20160127399,01/27/2016,Adaeze Bamidele,Female,2.34906E+12,adaeze.bamidele15@outlook.com,51815935327,Ikeja Division,Gough,94102,Bathroom floor drain completely clogged with wastewater backup,6.614545,3.318238,Closed,13/02/2026 04:03,Blockage,Ifako-Agege LCDA,Ikeja,Mushin
PP20190723810,07/23/2019,Chinedu Mohammed,Male,2.34817E+12,chinedu.mohammed80@gmail.com,40723824752,Badagry Division,Bertita,94112,Major pipe burst near primary school disrupting access road,6.414194,2.876669,Closed,13/02/2026 04:03,Leak,Amuwo-Odofin LCDA,Ikeja,Ifako-Ijaiye
PP20101020647,10/20/2010,Chisom Ekanem,Female,2.34815E+12,chisom.ekanem69@hotmail.com,74527384087,Badagry Division,Capp,94110,Water main leakage along roadside causing traffic obstruction,6.470154,3.177505,Closed,13/02/2026 04:03,Leak,Ikorodu North LCDA,Ikorodu,Ikorodu
PP20190509653,05/09/2019,Ijeoma Ogunleye,Female,2.34818E+12,ijeoma.ogunleye88@hotmail.com,42867253231,Lagos Island Division,Taylor,94108,Open manhole with visible sewage leakage on street,6.447632,3.352644,Closed,13/02/2026 04:03,Leak,Ikeja LCDA,Epe,Epe
PP20100506849,05/06/2010,Zainab Umeh,Female,2.34819E+12,zainab.umeh18@outlook.com,47416732791,Ikorodu Division,Howard,94105,Sewer overflow spreading wastewater near market area,6.636789,3.507288,Closed,13/02/2026 04:03,Sanitation failure,Ayobo-Ipaja LCDA,Badagry,Ojo
PP20141017087,10/17/2014,Chioma Chukwu,Female,2.34906E+12,chioma.chukwu39@hotmail.com,69746874325,Ikorodu Division,Gough,94109,Water pipeline rupture near highway causing erosion,6.637726,3.518642,Closed,13/02/2026 04:03,Sanitation failure,Itire-Ikate LCDA,Badagry,Badagry
PP20080807143,08/07/2008,Ngozi Okafor,Female,2.34814E+12,ngozi.okafor71@outlook.com,33694045025,Lagos Island Division,Duboce,94103,replace tub and valve,6.501721,3.364487,Closed,13/02/2026 04:03,Sanitation failure,Bariga LCDA,Badagry,Amuwo-Odofin
PP20171103106,11/03/2017,Olamide Okafor,Male,2.34808E+12,olamide.okafor37@yahoo.com,66681265096,Ikorodu Division,Tehama,94105,"new boiler / heater, 399,000 btu",6.623338,3.491223,Closed,13/02/2026 04:03,Sanitation failure,Ifako-Ijaiye LCDA,Badagry,Badagry
PP20191024655,10/24/2019,Abdulrahman Ekanem,Male,2.34903E+12,abdulrahman.ekanem17@outlook.com,13635842538,Ikeja Division,Cotter,94112,Open manhole with visible sewage leakage on street,6.580511,3.425152,Closed,13/02/2026 04:03,Leak,Eredo LCDA,Ikeja,Mushin
PP20150519806,05/19/2015,Zainab Ogunleye,Female,2.34815E+12,zainab.ogunleye60@outlook.com,19489647135,Ikeja Division,32nd,94116,Open manhole with visible sewage leakage on street,6.669311,3.314548,Closed,13/02/2026 04:03,Leak,Iba LCDA,Ikeja,Agege
PP20111116513,11/16/2011,Oluwaseun Ojo,Male,2.34813E+12,oluwaseun.ojo39@outlook.com,67386186428,Ikeja Division,San Benito,94127,Open manhole with visible sewage leakage on street,6.526776,3.371641,Closed,13/02/2026 04:03,Leak,Ikoyi-Obalende LCDA,Epe,Ibeju-Lekki
PP20150630922,06/30/2015,Seyi Nwosu,Male,2.34803E+12,seyi.nwosu20@yahoo.com,62422684332,Ikeja Division,Saint Charles,94132,Open manhole with visible sewage leakage on street,6.595769,3.41608,Closed,13/02/2026 04:03,Leak,Ojokoro LCDA,Badagry,Amuwo-Odofin
PP20140204915,02/04/2014,Obinna Ajayi,Male,2.34905E+12,obinna.ajayi29@yahoo.com,79021650239,Lagos Island Division,Mission,94103,Blocked drainage channel causing street-level flooding,6.458314,3.355335,Closed,13/02/2026 04:03,Blockage,Ikoyi-Obalende LCDA,Epe,Ibeju-Lekki
PP20171103124,11/03/2017,Kelechi Mohammed,Male,2.34905E+12,kelechi.mohammed40@yahoo.com,62363851072,Epe Division,45th,94121,"remodel (1) bathroom on second floor, replace vanity, light, toilet, tile, rebuild shower. replace exhaust fan. no alteration of wall, windows and door. new shower pan.",6.566961,3.974355,Closed,13/02/2026 04:03,Sanitation failure,Ikotun-Ikosi LCDA,Lagos Island,Lagos Mainland
PP20170822113,08/22/2017,Opeyemi Owolabi,Female,2.34802E+12,opeyemi.owolabi21@hotmail.com,63285552531,Ikeja Division,26th,94121,"bathroom remodel - relocate sink, toilet and shower",6.542929,3.35186,Closed,13/02/2026 04:03,Sanitation failure,Iba LCDA,Ikeja,Agege
PP20131101629,11/01/2013,Olamide Mohammed,Male,2.34808E+12,olamide.mohammed37@outlook.com,23064857856,Ikeja Division,Hill,94110,Cracked underground pipe slowly flooding compound,6.667366,3.325602,Closed,13/02/2026 04:03,Sanitation failure,Agbado-Oke Odo LCDA,Lagos Island,Apapa
PP20091215968,12/15/2009,Amaka Chukwu,Female,2.34803E+12,amaka.chukwu72@hotmail.com,55145943557,Lagos Island Division,Lexington,94110,Blocked drainage channel causing street-level flooding,6.515941,3.37706,Closed,13/02/2026 04:03,Blockage,Ikorodu West LCDA,Ikorodu,Ikorodu
PP20120606122,06/06/2012,Adebayo Ojo,Male,2.34904E+12,adebayo.ojo51@hotmail.com,79010967226,Epe Division,Clementina,94103,Flooding due to collapsed drainage system after rainfall,6.606188,3.98201,Closed,13/02/2026 04:03,Blockage,Ojodu LCDA,Lagos Island,Eti-Osa
PP20170605908,06/05/2017,Olamide Okoye,Male,2.34807E+12,olamide.okoye14@gmail.com,75716456860,Ikeja Division,Turk,94102,Minor kitchen sink pipe leakage under cabinet,6.618456,3.320834,Closed,13/02/2026 04:03,Leak,Ikosi-Isheri LCDA,Ikeja,Somolu
PP20181127961,11/27/2018,Temitope Adeyemi,Female,2.3482E+12,temitope.adeyemi21@outlook.com,43763257249,Lagos Island Division,Coleridge,94110,Water pipeline rupture near highway causing erosion,6.447869,3.410222,Closed,13/02/2026 04:03,Sanitation failure,Amuwo-Odofin LCDA,Ikeja,Ifako-Ijaiye
PP20171113340,11/13/2017,Ngozi Nnamdi,Female,2.34813E+12,ngozi.nnamdi74@hotmail.com,9976716318,Ikeja Division,Seal Rock,94121,Septic tank backflow causing strong sewage odor indoors,6.529468,3.343627,Closed,13/02/2026 04:03,Sanitation failure,Iba LCDA,Ikeja,Agege
PP20160712028,07/12/2016,Oluwaseun Danladi,Male,2.34909E+12,oluwaseun.danladi52@yahoo.com,46393201804,Ikeja Division,Sanchez,94131,Water pipeline rupture near highway causing erosion,6.603111,3.286627,Closed,13/02/2026 04:03,Sanitation failure,Ebute-Metta LCDA,Lagos Island,Eti-Osa
PP20080822607,08/22/2008,Ijeoma Abiola,Female,2.34906E+12,ijeoma.abiola92@gmail.com,13640298093,Epe Division,Orizaba,94112,Blocked drainage channel causing street-level flooding,6.577921,3.978209,Closed,13/02/2026 04:03,Blockage,Ikeja LCDA,Epe,Epe
PP20100922037,09/22/2010,Yetunde Ojo,Female,2.34901E+12,yetunde.ojo72@outlook.com,49220537526,Epe Division,Post,94109,Public tap pipe severely damaged in residential community,6.464517,3.593333,Closed,13/02/2026 04:03,Sanitation failure,Oto-Awori LCDA,Lagos Island,Lagos Mainland
PP20160506221,05/06/2016,Yetunde Ojo,Female,2.34808E+12,yetunde.ojo59@hotmail.com,28721232891,Ikeja Division,Santa Fe,94124,Low water pressure affecting entire household supply,6.658751,3.330805,Closed,13/02/2026 04:03,Sanitation failure,Agboyi-Ketu LCDA,Lagos Island,Surulere
PP20110602598,06/02/2011,Opeyemi Okafor,Female,2.34909E+12,opeyemi.okafor48@yahoo.com,76055897664,Epe Division,Milton,94112,Bathroom floor drain completely clogged with wastewater backup,6.48218,3.579868,Closed,13/02/2026 04:03,Blockage,Bariga LCDA,Badagry,Amuwo-Odofin
PP20160816100,08/16/2016,Opeyemi Akinyemi,Female,2.34807E+12,opeyemi.akinyemi98@hotmail.com,19409510003,Badagry Division,Larkin,94109,Water main leakage along roadside causing traffic obstruction,6.442821,3.247695,Closed,13/02/2026 04:03,Leak,Coker-Aguda LCDA,Ikeja,Agege
PP20180710986,07/10/2018,Temitope Ojo,Female,2.34907E+12,temitope.ojo26@hotmail.com,44052343390,Ikorodu Division,Normandie,94123,Public tap pipe severely damaged in residential community,6.631197,3.512441,Closed,13/02/2026 04:03,Sanitation failure,Ikorodu North LCDA,Ikorodu,Ikorodu
PP20160720283,07/20/2016,Bola Danladi,Female,2.34903E+12,bola.danladi52@hotmail.com,11190970709,Lagos Island Division,Mission,94110,Water main leakage along roadside causing traffic obstruction,6.427788,3.426739,Closed,13/02/2026 04:03,Leak,Ayobo-Ipaja LCDA,Badagry,Ojo
PP20130913092,09/13/2013,Ayomide Adebisi,Male,2.34818E+12,ayomide.adebisi58@gmail.com,28713786070,Lagos Island Division,Lombard,94111,Septic tank backflow causing strong sewage odor indoors,6.437777,3.365814,Closed,13/02/2026 04:03,Sanitation failure,Lekki LCDA,Ikeja,Oshodi-Isolo
PP20170117227,01/17/2017,Ifeanyi Afolabi,Male,2.34909E+12,ifeanyi.afolabi10@outlook.com,87393351337,Lagos Island Division,Wawona,94127,Sewer overflow spreading wastewater near market area,6.500986,3.357722,Closed,13/02/2026 04:03,Sanitation failure,Isolo LCDA,Ikeja,Ikeja
PP20170424801,04/24/2017,Oluwaseun Mohammed,Male,2.34806E+12,oluwaseun.mohammed33@gmail.com,17918859467,Badagry Division,Vallejo,94109,Severe shower pipe rupture flooding entire bathroom,6.441614,3.241133,Closed,13/02/2026 04:03,Sanitation failure,Egbe-Idimu LCDA,Ikeja,Ikeja
PP20120228773,02/28/2012,Adaeze Akinyemi,Female,2.3482E+12,adaeze.akinyemi24@hotmail.com,72244140660,Ikeja Division,Broad,94112,legalize one bathroom. remove kitche. convert to laundry room. all work at ground floor.,6.558948,3.32039,Closed,13/02/2026 04:03,Sanitation failure,Apapa-Iganmu LCDA,Ikeja,Ifako-Ijaiye
PP20161222684,12/22/2016,Ayomide Adeyemi,Male,2.34906E+12,ayomide.adeyemi53@gmail.com,27825554559,Ikeja Division,Noe,94114,Underground water pipe burst near hospital entrance,6.609127,3.340584,Closed,13/02/2026 04:03,Leak,Ikosi-Isheri LCDA,Ikeja,Somolu
PP20180808815,08/08/2018,Ayomide Adeyemi,Male,2.34816E+12,ayomide.adeyemi88@yahoo.com,57526583058,Ikeja Division,Lombard,94133,Water heater pipe leakage soaking utility area,6.53273,3.302254,Closed,13/02/2026 04:03,Leak,Ikosi-Isheri LCDA,Ikeja,Somolu
PP20110125612,01/25/2011,Obinna Eze,Male,2.34812E+12,obinna.eze97@hotmail.com,71278790270,Badagry Division,Green,94123,Severe shower pipe rupture flooding entire bathroom,6.460689,3.173903,Closed,13/02/2026 04:03,Sanitation failure,Oshodi-Bolade LCDA,Ikeja,Alimosho
PP20130603272,06/03/2013,Aisha Chukwu,Female,2.3481E+12,aisha.chukwu40@hotmail.com,63637599708,Ikeja Division,Green,94123,"replace toilets, sinks, bathtub, shower, in kids & guest bathroom",6.517935,3.347922,Closed,13/02/2026 04:03,Sanitation failure,Badagry West LCDA,Ikeja,Kosofe
PP20190708314,07/08/2019,Zainab Akinyemi,Female,2.34818E+12,zainab.akinyemi19@outlook.com,85855322138,Badagry Division,Shotwell,94110,"1 shower pan permit, per c/n pw20180906387.",6.452922,3.248127,Closed,13/02/2026 04:03,Sanitation failure,Agboyi-Ketu LCDA,Lagos Island,Surulere
PP20160325119,03/25/2016,Zainab Adeyemi,Female,2.34819E+12,zainab.adeyemi91@yahoo.com,62780088623,Epe Division,Cesar Chavez,94131,"relocate bathroom, 1 shower. pan.",6.447618,3.563793,Closed,13/02/2026 04:03,Sanitation failure,Agbado-Oke Odo LCDA,Lagos Island,Apapa
PP20091113335,11/13/2009,Ayomide Afolabi,Male,2.34818E+12,ayomide.afolabi37@yahoo.com,68770554023,Ikeja Division,28th,94121,Persistent dripping tap in kitchen wasting water daily,6.547531,3.312677,Closed,13/02/2026 04:03,Sanitation failure,Agboyi-Ketu LCDA,Lagos Island,Surulere
PP20180523628,05/23/2018,Chisom Adeyemi,Female,2.34803E+12,chisom.adeyemi89@hotmail.com,96412057313,Badagry Division,Jefferson,94123,Minor kitchen sink pipe leakage under cabinet,6.422525,3.245003,Closed,13/02/2026 04:03,Leak,Ikotun-Ikosi LCDA,Lagos Island,Lagos Mainland
PP20100607591,06/07/2010,Ngozi Ajayi,Female,2.34815E+12,ngozi.ajayi48@outlook.com,93428686934,Lagos Island Division,Larkin,94109,"re-pipe new 6"" sewer line on 2701 larkin st property for 2705-2707-2709 larkin st",6.491638,3.374683,Closed,13/02/2026 04:03,Sanitation failure,Mosan-Okunola LCDA,Epe,Epe
PP20190613688,06/13/2019,Yetunde Nwosu,Female,2.34903E+12,yetunde.nwosu60@hotmail.com,65827938043,Ikorodu Division,Burnett,94131,Sewer overflow spreading wastewater near market area,6.61555,3.51433,Open,13/02/2026 04:03,Sanitation failure,Eredo LCDA,Ikeja,Mushin
PP20150309620,03/09/2015,Opeyemi Danladi,Female,2.34907E+12,opeyemi.danladi59@yahoo.com,45072668673,Ikeja Division,Linda,94110,"install new house trap and sewer, install new building drain with floor drains & trap.",6.616913,3.314694,Closed,13/02/2026 04:03,Blockage,Surulere LCDA,Lagos Island,Apapa
PP20170926030,09/26/2017,Olamide Adeyemi,Male,2.3481E+12,olamide.adeyemi16@outlook.com,93973392231,Badagry Division,18th,94114,Water heater pipe leakage soaking utility area,6.422682,2.887154,Open,13/02/2026 04:03,Leak,Onigbongbo LCDA,Epe,Ibeju-Lekki
PP20140326379,03/26/2014,Abdulrahman Oladipo,Male,2.34802E+12,abdulrahman.oladipo90@gmail.com,21521874844,Ikorodu Division,Rose,94102,Cracked underground pipe slowly flooding compound,6.624483,3.549762,Closed,13/02/2026 04:03,Sanitation failure,Ojodu LCDA,Lagos Island,Eti-Osa
PP20160610194,06/10/2016,Chioma Umeh,Female,2.34815E+12,chioma.umeh77@gmail.com,32983646779,Epe Division,20th,94132,Underground water pipe burst near hospital entrance,6.449159,3.602247,Closed,13/02/2026 04:03,Leak,Ikeja LCDA,Epe,Epe
PP20080514681,05/14/2008,Yetunde Ibrahim,Female,2.34809E+12,yetunde.ibrahim46@gmail.com,54174757088,Badagry Division,Polk,94109,Sudden burst water pipe inside bathroom wall causing flooding,6.458126,3.185873,Closed,13/02/2026 04:03,Leak,Agboyi-Ketu LCDA,Lagos Island,Surulere
PP20140717456,07/17/2014,Obinna Afolabi,Male,2.34909E+12,obinna.afolabi92@yahoo.com,24676260481,Lagos Island Division,Jackson,94109,Low water pressure affecting entire household supply,6.523945,3.374958,Closed,13/02/2026 04:03,Sanitation failure,Ikosi-Isheri LCDA,Ikeja,Somolu
PP20140617579,06/17/2014,Femi Ogunleye,Male,2.34807E+12,femi.ogunleye64@outlook.com,28275649699,Badagry Division,Turk,94102,Water pipeline rupture near highway causing erosion,6.409302,2.888295,Closed,13/02/2026 04:03,Sanitation failure,Apapa-Iganmu LCDA,Ikeja,Ifako-Ijaiye
PP20150126461,01/26/2015,Opeyemi Ekanem,Female,2.34907E+12,opeyemi.ekanem40@gmail.com,24583779574,Ikorodu Division,Scott,94117,Flooding due to collapsed drainage system after rainfall,6.604228,3.518006,Closed,13/02/2026 04:03,Blockage,Isolo LCDA,Ikeja,Ikeja
PP20150811033,08/11/2015,Kelechi Oladipo,Male,2.34904E+12,kelechi.oladipo98@outlook.com,3583594895,Lagos Island Division,Summit,94132,Low water pressure affecting entire household supply,6.449938,3.383399,Closed,13/02/2026 04:03,Sanitation failure,Ifako-Agege LCDA,Ikeja,Mushin
PP20110323936,03/23/2011,Kunle Ibrahim,Male,2.34813E+12,kunle.ibrahim56@gmail.com,21259774006,Ikeja Division,Turk,94115,Open manhole with visible sewage leakage on street,6.5228,3.367171,Closed,13/02/2026 04:03,Leak,Ikosi-Isheri LCDA,Ikeja,Somolu
PP20130718523,07/18/2013,Oluwaseun Bamidele,Male,2.34803E+12,oluwaseun.bamidele27@outlook.com,13947980843,Epe Division,Brussels,94134,Sudden burst water pipe inside bathroom wall causing flooding,6.464647,3.588585,Closed,13/02/2026 04:03,Leak,Ikeja LCDA,Epe,Epe
PP20170321908,03/21/2017,Kunle Adeyemi,Male,2.34818E+12,kunle.adeyemi27@yahoo.com,94879494082,Badagry Division,California,94104,Water heater pipe leakage soaking utility area,6.45939,3.340879,Closed,13/02/2026 04:03,Leak,Onigbongbo LCDA,Epe,Ibeju-Lekki
PP20190405698,04/05/2019,Zainab Chukwu,Female,2.34803E+12,zainab.chukwu80@hotmail.com,4925633116,Badagry Division,Paris,94112,Underground water pipe burst near hospital entrance,6.456855,3.268486,Closed,13/02/2026 04:03,Leak,Ojokoro LCDA,Badagry,Amuwo-Odofin
PP20150929357,09/29/2015,Temitope Bamidele,Female,2.34903E+12,temitope.bamidele90@gmail.com,44161442124,Ikeja Division,Hyde,94109,Blocked drainage channel causing street-level flooding,6.668044,3.335287,Closed,13/02/2026 04:03,Blockage,Amuwo-Odofin LCDA,Ikeja,Ifako-Ijaiye
PP20080616627,06/16/2008,Temitope Nwosu,Female,2.34812E+12,temitope.nwosu27@hotmail.com,53615894385,Badagry Division,Mendell,94124,Toilet overflow due to heavily blocked drain system,6.467681,3.346259,Closed,13/02/2026 04:03,Blockage,Mosan-Okunola LCDA,Epe,Epe
PP20111215140,12/15/2011,Femi Nwosu,Male,2.34808E+12,femi.nwosu52@outlook.com,30892505226,Lagos Island Division,02nd,94105,Blocked drainage channel causing street-level flooding,6.489712,3.36825,Open,13/02/2026 04:03,Blockage,Badagry West LCDA,Ikeja,Kosofe
PP20090609911,06/09/2009,Ifeanyi Oladipo,Male,2.34909E+12,ifeanyi.oladipo98@outlook.com,85084124127,Badagry Division,19th,94121,Toilet overflow due to heavily blocked drain system,6.464753,3.332658,Closed,13/02/2026 04:03,Blockage,Odi-Olowo/Ojuwoye LCDA,Lagos Island,Lagos Island
PP20140917172,09/17/2014,Abdulrahman Nnamdi,Male,2.34812E+12,abdulrahman.nnamdi83@hotmail.com,51106554272,Ikeja Division,Sacramento,94118,Bathroom floor drain completely clogged with wastewater backup,6.670718,3.331122,Closed,13/02/2026 04:03,Blockage,Ifako-Ijaiye LCDA,Badagry,Badagry
PP20180319760,03/19/2018,Femi Nwosu,Male,2.34903E+12,femi.nwosu53@outlook.com,47245016893,Badagry Division,Farallones,94112,Severe shower pipe rupture flooding entire bathroom,6.413838,2.887147,Closed,13/02/2026 04:03,Sanitation failure,Ifako-Ijaiye LCDA,Badagry,Badagry
PP20140513672,05/13/2014,Seyi Okafor,Male,2.34909E+12,seyi.okafor92@outlook.com,43291217040,Epe Division,Buchanan,94102,Severe shower pipe rupture flooding entire bathroom,6.485781,3.594854,Closed,13/02/2026 04:03,Sanitation failure,Egbe-Idimu LCDA,Ikeja,Ikeja
PP20110420616,04/20/2011,Ijeoma Afolabi,Female,2.34818E+12,ijeoma.afolabi94@gmail.com,42809072694,Ikeja Division,La Playa,94121,Underground water pipe burst near hospital entrance,6.591992,3.412145,Closed,13/02/2026 04:03,Leak,Lekki LCDA,Ikeja,Oshodi-Isolo
PP20160107809,01/07/2016,Chioma Abiola,Female,2.34819E+12,chioma.abiola46@hotmail.com,16625400162,Epe Division,Harrison,94110,Major pipe burst near primary school disrupting access road,6.461108,3.594553,Closed,13/02/2026 04:03,Leak,Bariga LCDA,Badagry,Amuwo-Odofin
PP20160921180,09/21/2016,Adebayo Yakubu,Male,2.34814E+12,adebayo.yakubu41@gmail.com,82937364573,Lagos Island Division,Ellis,94102,Underground water pipe burst near hospital entrance,6.53316,3.393927,Closed,13/02/2026 04:03,Leak,Badagry Central LCDA,Badagry,Ajeromi-Ifelodun
PP20151112467,11/12/2015,Ayomide Adebisi,Male,2.34902E+12,ayomide.adebisi50@yahoo.com,59188995596,Ikorodu Division,Precita,94110,Persistent dripping tap in kitchen wasting water daily,6.61336,3.508205,Closed,13/02/2026 04:03,Sanitation failure,Ifako-Ijaiye LCDA,Badagry,Badagry
PP20180206589,02/06/2018,Olamide Nnamdi,Male,2.34901E+12,olamide.nnamdi36@outlook.com,36906079500,Badagry Division,Webster,94117,Public tap pipe severely damaged in residential community,6.398605,2.881075,Closed,13/02/2026 04:03,Sanitation failure,Orile-Agege LCDA,Ikeja,Kosofe
PP20180917930,09/17/2018,Olamide Ibrahim,Male,2.34808E+12,olamide.ibrahim96@yahoo.com,36447133759,Lagos Island Division,Los Palmos,94127,"kitchen remodel, replace sink, dishwasher and garbage disposal, install gas for range.",6.506866,3.356135,Closed,13/02/2026 04:03,Sanitation failure,Ikeja LCDA,Epe,Epe
PP20120628686,06/28/2012,Ijeoma Ekanem,Female,2.34811E+12,ijeoma.ekanem49@gmail.com,89839625045,Badagry Division,Jones,94109,Sudden burst water pipe inside bathroom wall causing flooding,6.456405,3.248095,Closed,13/02/2026 04:03,Leak,Ikorodu West LCDA,Ikorodu,Ikorodu
PP20141201153,12/01/2014,Opeyemi Ajayi,Female,2.34908E+12,opeyemi.ajayi79@hotmail.com,46343810359,Ikorodu Division,Delancey,94107,Water heater pipe leakage soaking utility area,6.622641,3.499023,Closed,13/02/2026 04:03,Leak,Ebute-Metta LCDA,Lagos Island,Eti-Osa
PP20180208671,02/08/2018,Kunle Ogunleye,Male,2.34817E+12,kunle.ogunleye27@yahoo.com,73082597469,Lagos Island Division,San Jose,94112,Severe shower pipe rupture flooding entire bathroom,6.525252,3.349289,Closed,13/02/2026 04:03,Sanitation failure,Mosan-Okunola LCDA,Epe,Epe
PP20171108219,11/08/2017,Temitope Chukwu,Female,2.34808E+12,temitope.chukwu65@outlook.com,80710357009,Ikeja Division,Beach,94109,Public tap pipe severely damaged in residential community,6.599931,3.335195,Closed,13/02/2026 04:03,Sanitation failure,Odi-Olowo/Ojuwoye LCDA,Lagos Island,Lagos Island
PP20100928174,09/28/2010,Ayomide Okoye,Male,2.34807E+12,ayomide.okoye81@yahoo.com,18362008324,Badagry Division,Chestnut,94123,Sewer overflow spreading wastewater near market area,6.47306,3.190774,Closed,13/02/2026 04:03,Sanitation failure,Surulere LCDA,Lagos Island,Apapa
PP20191226256,12/26/2019,Femi Yakubu,Male,2.34807E+12,femi.yakubu44@outlook.com,2358234782,Ikorodu Division,Kirkham,94122,Underground water pipe burst near hospital entrance,6.624067,3.52571,Closed,13/02/2026 04:03,Leak,Eredo LCDA,Ikeja,Mushin
PP20131223900,12/23/2013,Chisom Oladipo,Female,2.34818E+12,chisom.oladipo36@gmail.com,26800152742,Badagry Division,34th,94121,Open manhole with visible sewage leakage on street,6.440511,3.267474,Closed,13/02/2026 04:03,Leak,Oto-Awori LCDA,Lagos Island,Lagos Mainland
PP20171205854,12/05/2017,Ayomide Umeh,Male,2.34806E+12,ayomide.umeh12@gmail.com,77142618115,Badagry Division,Vicksburg,94114,install (1) shower pan,6.424322,2.882634,Closed,13/02/2026 04:03,Sanitation failure,Agboyi-Ketu LCDA,Lagos Island,Surulere
PP20141002644,10/02/2014,Yetunde Okoye,Female,2.34815E+12,yetunde.okoye48@hotmail.com,22914467725,Lagos Island Division,Broderick,94115,install new plumbing fixtures for kitchen & bathroom.,6.465456,3.383637,Closed,13/02/2026 04:03,Sanitation failure,Badagry West LCDA,Ikeja,Kosofe
PP20170925995,09/25/2017,Uche Danladi,Male,2.34905E+12,uche.danladi59@gmail.com,43953780035,Ikorodu Division,08th,94103,Water main leakage along roadside causing traffic obstruction,6.611155,3.504414,Closed,13/02/2026 04:03,Leak,Agbado-Oke Odo LCDA,Lagos Island,Apapa
PP20181018869,10/18/2018,Abdulrahman Chukwu,Male,2.34906E+12,abdulrahman.chukwu94@gmail.com,70239182330,Ikeja Division,Diamond Heights,94131,Sewer overflow spreading wastewater near market area,6.54831,3.297534,Closed,13/02/2026 04:03,Sanitation failure,Ikeja LCDA,Epe,Epe
PP20160408486,04/08/2016,Oluwaseun Ibrahim,Male,2.34803E+12,oluwaseun.ibrahim59@gmail.com,44104469917,Lagos Island Division,21st,94121,"upgrade plumbing for existing bathroom & laundry, no gas, utility",6.445331,3.419311,Closed,13/02/2026 04:03,Sanitation failure,Onigbongbo LCDA,Epe,Ibeju-Lekki
PP20121127358,11/27/2012,Adaeze Afolabi,Female,2.34803E+12,adaeze.afolabi13@hotmail.com,44819140447,Ikeja Division,17th,94117,Septic tank backflow causing strong sewage odor indoors,6.530825,3.348896,Closed,13/02/2026 04:03,Sanitation failure,Yaba LCDA,Ikeja,Alimosho
PP20080312830,03/12/2008,Chisom Eze,Female,2.34817E+12,chisom.eze43@outlook.com,55447085812,Ikeja Division,Liberty,94114,new kitchen and 2 bath plus laundry. move main stack if necessary and horizontal run through garage area.,6.583594,3.354201,Closed,13/02/2026 04:03,Sanitation failure,Oshodi-Bolade LCDA,Ikeja,Alimosho
PP20100521193,05/21/2010,Ayomide Oladipo,Male,2.34902E+12,ayomide.oladipo24@gmail.com,4108857841,Lagos Island Division,21st,94110,plumbing repair by putting or replacing the broken sewer line inside the building for laundry machine drainage.,6.429677,3.358314,Closed,13/02/2026 04:03,Blockage,Mosan-Okunola LCDA,Epe,Epe
PP20170815878,08/15/2017,Abdulrahman Mohammed,Male,2.34806E+12,abdulrahman.mohammed41@gmail.com,32969997418,Lagos Island Division,Rockdale,94127,Flooding due to collapsed drainage system after rainfall,6.435117,3.378873,Closed,13/02/2026 04:03,Blockage,Lekki LCDA,Ikeja,Oshodi-Isolo
PP20110721723,07/21/2011,Ngozi Ekanem,Female,2.34905E+12,ngozi.ekanem80@gmail.com,4277039788,Badagry Division,Mariposa,94110,Flooding due to collapsed drainage system after rainfall,6.470114,3.184058,Closed,13/02/2026 04:03,Blockage,Agbado-Oke Odo LCDA,Lagos Island,Apapa
PP20140403606,04/03/2014,Amaka Okoye,Female,2.34817E+12,amaka.okoye72@gmail.com,18788242594,Lagos Island Division,Folsom,94110,Water heater pipe leakage soaking utility area,6.509537,3.352337,Closed,13/02/2026 04:03,Leak,Ikosi-Isheri LCDA,Ikeja,Somolu
PP20090624222,06/24/2009,Obinna Ajayi,Male,2.34903E+12,obinna.ajayi23@outlook.com,12699423576,Lagos Island Division,North Point,94123,Low water pressure affecting entire household supply,6.459535,3.396698,Closed,13/02/2026 04:03,Sanitation failure,Ikorodu North LCDA,Ikorodu,Ikorodu
PP20121012269,10/12/2012,Temitope Yakubu,Female,2.34803E+12,temitope.yakubu74@yahoo.com,21246751194,Ikeja Division,Taraval,94116,Severe shower pipe rupture flooding entire bathroom,6.60444,3.364224,Closed,13/02/2026 04:03,Sanitation failure,Badagry Central LCDA,Badagry,Ajeromi-Ifelodun
PP20200108519,01/08/2020,Opeyemi Adebisi,Female,2.34806E+12,opeyemi.adebisi41@gmail.com,40086742220,Lagos Island Division,Dore,94103,Persistent dripping tap in kitchen wasting water daily,6.440425,3.424787,Closed,13/02/2026 04:03,Sanitation failure,Oshodi-Bolade LCDA,Ikeja,Alimosho
PP20100303410,03/03/2010,Adaeze Afolabi,Female,2.34818E+12,adaeze.afolabi35@hotmail.com,21799540116,Ikeja Division,Pacific,94109,apt #2: plumbing work. replacement bathroom fixture.,6.510751,3.345,Closed,13/02/2026 04:03,Sanitation failure,Ikotun-Ikosi LCDA,Lagos Island,Lagos Mainland
PP20180817076,08/17/2018,Amaka Ibrahim,Female,2.34903E+12,amaka.ibrahim82@hotmail.com,65738722884,Ikeja Division,Gough,94109,Low water pressure affecting entire household supply,6.582073,3.417634,Open,13/02/2026 04:03,Sanitation failure,Surulere LCDA,Lagos Island,Apapa
PP20130102094,01/02/2013,Uche Abiola,Male,2.34803E+12,uche.abiola40@yahoo.com,90243305930,Badagry Division,California,94108,Septic tank backflow causing strong sewage odor indoors,6.438698,3.274117,Closed,13/02/2026 04:03,Sanitation failure,Orile-Agege LCDA,Ikeja,Kosofe
PP20170215007,02/15/2017,Aisha Danladi,Female,2.34902E+12,aisha.danladi41@yahoo.com,95441064252,Badagry Division,Union,94123,replace fixtures & appliances in bathroom & kitchen.,6.430164,2.891021,Closed,13/02/2026 04:03,Sanitation failure,Orile-Agege LCDA,Ikeja,Kosofe
PP20130905850,09/05/2013,Oluwaseun Adebisi,Male,2.34812E+12,oluwaseun.adebisi34@yahoo.com,55870681852,Badagry Division,Alabama,94110,remove and replace existing solar thermal system: 20 heliodyne 4ftx10ft collectors and 5 200gal tanks.,6.41572,2.882878,Closed,13/02/2026 04:03,Sanitation failure,Orile-Agege LCDA,Ikeja,Kosofe
PP20180824268,08/24/2018,Tunde Eze,Male,2.34908E+12,tunde.eze54@hotmail.com,76776099974,Lagos Island Division,17th,94122,Septic tank backflow causing strong sewage odor indoors,6.444581,3.395475,Closed,13/02/2026 04:03,Sanitation failure,Amuwo-Odofin LCDA,Ikeja,Ifako-Ijaiye
PP20190808302,08/08/2019,Chukwudi Okafor,Male,2.34902E+12,chukwudi.okafor12@yahoo.com,11184258889,Lagos Island Division,California,94115,Underground water pipe burst near hospital entrance,6.526978,3.366782,Closed,13/02/2026 04:03,Leak,Odi-Olowo/Ojuwoye LCDA,Lagos Island,Lagos Island
PP20170502998,05/02/2017,Ijeoma Chukwu,Female,2.34814E+12,ijeoma.chukwu88@outlook.com,34095163380,Ikorodu Division,Putnam,94110,Sewer overflow spreading wastewater near market area,6.622742,3.508947,Closed,13/02/2026 04:03,Sanitation failure,Ayobo-Ipaja LCDA,Badagry,Ojo
PP20120522809,05/22/2012,Chukwudi Mohammed,Male,2.34818E+12,chukwudi.mohammed64@outlook.com,51562316844,Lagos Island Division,Lombard,94123,replacement of main sewer line including trap approx 10ft.,6.477822,3.352196,Closed,13/02/2026 04:03,Sanitation failure,Isolo LCDA,Ikeja,Ikeja
PP20110505999,05/05/2011,Chisom Umeh,Female,2.34902E+12,chisom.umeh19@yahoo.com,87016250710,Lagos Island Division,Knollview,94131,High-pressure pipe burst affecting multiple residential buildings,6.449964,3.413577,Closed,13/02/2026 04:03,Leak,Ikorodu North LCDA,Ikorodu,Ikorodu
PP20081208254,12/08/2008,Temitope Bamidele,Female,2.34819E+12,temitope.bamidele64@yahoo.com,17948273699,Ikeja Division,Montgomery,94111,Septic tank backflow causing strong sewage odor indoors,6.588866,3.403345,Closed,13/02/2026 04:03,Sanitation failure,Ikosi-Isheri LCDA,Ikeja,Somolu
PP20100205910,02/05/2010,Adaeze Danladi,Female,2.34815E+12,adaeze.danladi23@gmail.com,72207166636,Ikeja Division,University,94134,Underground water pipe burst near hospital entrance,6.62036,3.320527,Closed,13/02/2026 04:03,Leak,Surulere LCDA,Lagos Island,Apapa
PP20090605827,06/05/2009,Zainab Nnamdi,Female,2.3481E+12,zainab.nnamdi91@hotmail.com,97865499691,Lagos Island Division,Coleridge,94110,renew expired permit pp20080630067 final inspection ( 1 inspection only); comply with 3-r report,6.464927,3.389989,Closed,13/02/2026 04:03,Sanitation failure,Lekki LCDA,Ikeja,Oshodi-Isolo
PP20081120680,11/20/2008,Amaka Afolabi,Female,2.34805E+12,amaka.afolabi24@yahoo.com,47550126954,Lagos Island Division,Guerrero,94103,Bathroom floor drain completely clogged with wastewater backup,6.432164,3.435158,Closed,13/02/2026 04:03,Blockage,Egbe-Idimu LCDA,Ikeja,Ikeja
PP20170310648,03/10/2017,Amaka Okafor,Female,2.34809E+12,amaka.okafor24@hotmail.com,89682781316,Lagos Island Division,Stanyan,94118,Toilet overflow due to heavily blocked drain system,6.484028,3.346829,Closed,13/02/2026 04:03,Blockage,Badagry West LCDA,Ikeja,Kosofe
PP20120130063,01/30/2012,Zainab Ekanem,Female,2.34807E+12,zainab.ekanem79@yahoo.com,35753505973,Lagos Island Division,Green,94123,Sudden burst water pipe inside bathroom wall causing flooding,6.448264,3.405084,Closed,13/02/2026 04:03,Leak,Ikorodu North LCDA,Ikorodu,Ikorodu
PP20131127302,11/27/2013,Abdulrahman Okafor,Male,2.34817E+12,abdulrahman.okafor85@yahoo.com,85537406756,Badagry Division,Monterey,94112,Open manhole with visible sewage leakage on street,6.445807,3.154678,Closed,13/02/2026 04:03,Leak,Yaba LCDA,Ikeja,Alimosho
PP20091026881,10/26/2009,Chinedu Adeyemi,Male,2.34817E+12,chinedu.adeyemi28@hotmail.com,63301249845,Badagry Division,Townsend,94103,Toilet overflow due to heavily blocked drain system,6.445488,3.255517,Closed,13/02/2026 04:03,Blockage,Ifako-Ijaiye LCDA,Badagry,Badagry
PP20150413631,04/13/2015,Ijeoma Abiola,Female,2.34907E+12,ijeoma.abiola78@outlook.com,63750513399,Ikorodu Division,Graystone,94114,Low water pressure affecting entire household supply,6.631403,3.505868,Closed,13/02/2026 04:03,Sanitation failure,Bariga LCDA,Badagry,Amuwo-Odofin
PP20190904064,09/04/2019,Seyi Nnamdi,Male,2.34808E+12,seyi.nnamdi83@outlook.com,49152852245,Badagry Division,Alabama,94110,High-pressure pipe burst affecting multiple residential buildings,6.456886,3.194539,Closed,13/02/2026 04:03,Leak,Agboyi-Ketu LCDA,Lagos Island,Surulere
PP20150220204,02/20/2015,Amaka Okafor,Female,2.34802E+12,amaka.okafor61@yahoo.com,34293770313,Epe Division,Clayton,94117,Severe shower pipe rupture flooding entire bathroom,6.451303,3.581115,Closed,13/02/2026 04:03,Sanitation failure,Iba LCDA,Ikeja,Agege
PP20080707212,07/07/2008,Adebayo Balogun,Male,2.34814E+12,adebayo.balogun23@hotmail.com,40464687099,Ikeja Division,26th,94131,Bathroom floor drain completely clogged with wastewater backup,6.529204,3.359092,Closed,13/02/2026 04:03,Blockage,Coker-Aguda LCDA,Ikeja,Agege
PP20081204186,12/04/2008,Bola Chukwu,Female,2.34802E+12,bola.chukwu70@yahoo.com,15401294652,Ikeja Division,Gaven,94134,Major pipe burst near primary school disrupting access road,6.610402,3.336344,Closed,13/02/2026 04:03,Leak,Eredo LCDA,Ikeja,Mushin
PP20110504963,05/04/2011,Obinna Afolabi,Male,2.34818E+12,obinna.afolabi67@gmail.com,53237029798,Ikeja Division,Eddy,94102,removal of plumbing fixtures at basement.,6.584117,3.288418,Closed,13/02/2026 04:03,Sanitation failure,Ifako-Ijaiye LCDA,Badagry,Badagry
PP20160218025,02/18/2016,Femi Afolabi,Male,2.34905E+12,femi.afolabi88@gmail.com,28993365927,Badagry Division,Powell,94108,"unit 41, remodel the whole kitchen and full bathroom.",6.465535,3.173177,Closed,13/02/2026 04:03,Sanitation failure,Ayobo-Ipaja LCDA,Badagry,Ojo
PP20101102902,11/02/2010,Aisha Ogunleye,Female,2.34901E+12,aisha.ogunleye35@outlook.com,41926980586,Ikorodu Division,24th,94114,Toilet overflow due to heavily blocked drain system,6.61999,3.514969,Closed,13/02/2026 04:03,Blockage,Badagry Central LCDA,Badagry,Ajeromi-Ifelodun
PP20110519304,05/19/2011,Ijeoma Ajayi,Female,2.34909E+12,ijeoma.ajayi76@outlook.com,26191020773,Ikeja Division,Surrey,94131,Water pipeline rupture near highway causing erosion,6.605575,3.296705,Closed,13/02/2026 04:03,Sanitation failure,Igbogbo-Baiyeku LCDA,Badagry,Ojo
PP20170814851,08/14/2017,Temitope Ajayi,Female,2.34807E+12,temitope.ajayi44@yahoo.com,1118689914,Epe Division,Hartford,94114,new fire sprinklers system per nfpa 13r 13. undergr fire service total 43 heads app 201708144715,6.574373,3.981534,Closed,13/02/2026 04:03,Sanitation failure,Ikorodu West LCDA,Ikorodu,Ikorodu
PP20080714438,07/14/2008,Ifeanyi Adebisi,Male,2.34905E+12,ifeanyi.adebisi69@gmail.com,1390750803,Ikeja Division,Post,94109,"sinks, faucets, angle stops, shower valve.",6.615102,3.29657,Closed,13/02/2026 04:03,Sanitation failure,Ikosi-Isheri LCDA,Ikeja,Somolu
PP20080829040,08/29/2008,Olamide Adebisi,Male,2.34812E+12,olamide.adebisi79@yahoo.com,48180363765,Epe Division,Harbor,94124,Toilet overflow due to heavily blocked drain system,6.578135,3.985842,Closed,13/02/2026 04:03,Blockage,Epe LCDA,Badagry,Ajeromi-Ifelodun
PP20090130818,01/30/2009,Yetunde Danladi,Female,2.34817E+12,yetunde.danladi12@gmail.com,49273701154,Lagos Island Division,Stanyan,94118,"re-pipe 5 baths, 2 laundrys, 2 kitchens, 2 floor drains, new gas, 2 water heaters, rain leadres - new water services.",6.504046,3.340301,Closed,13/02/2026 04:03,Blockage,Ifako-Ijaiye LCDA,Badagry,Badagry
PP20141204262,12/04/2014,Yetunde Afolabi,Female,2.34815E+12,yetunde.afolabi51@gmail.com,99618101256,Ikeja Division,Castro,94114,Water main leakage along roadside causing traffic obstruction,6.620591,3.291637,Closed,13/02/2026 04:03,Leak,Ojokoro LCDA,Badagry,Amuwo-Odofin
PP20160115044,01/15/2016,Abdulrahman Ekanem,Male,2.34817E+12,abdulrahman.ekanem38@gmail.com,50871062298,Lagos Island Division,Naples,94112,Water pipeline rupture near highway causing erosion,6.437355,3.433872,Closed,13/02/2026 04:03,Sanitation failure,Iba LCDA,Ikeja,Agege
PP20200103394,01/03/2020,Temitope Mohammed,Female,2.34815E+12,temitope.mohammed41@yahoo.com,14305506536,Ikeja Division,Westgate,94127,Water pipeline rupture near highway causing erosion,6.539883,3.301006,Closed,13/02/2026 04:03,Sanitation failure,Amuwo-Odofin LCDA,Ikeja,Ifako-Ijaiye
PP20151230646,12/30/2015,Adebayo Eze,Male,2.34818E+12,adebayo.eze95@yahoo.com,29559529405,Ikeja Division,Turquoise,94131,Minor kitchen sink pipe leakage under cabinet,6.598915,3.343662,Closed,13/02/2026 04:03,Leak,Ikosi-Isheri LCDA,Ikeja,Somolu
PP20091117378,11/17/2009,Ijeoma Eze,Female,2.34902E+12,ijeoma.eze66@yahoo.com,64456364609,Ikeja Division,Wool,94110,"2nd floor: remodel kitchen; plumbing work: install 3/4"" gas pipe & valve in cabinet for stove - (2.5 ft.) connect sink to drain & faucet to water pipes",6.544649,3.346032,Closed,13/02/2026 04:03,Blockage,Epe LCDA,Badagry,Ajeromi-Ifelodun
PP20150115205,01/15/2015,Kelechi Nnamdi,Male,2.34908E+12,kelechi.nnamdi19@gmail.com,11686524918,Ikorodu Division,20th,94114,"bathroom remodel, replace plumbing fixtures at existing location.",6.613845,3.512544,Closed,13/02/2026 04:03,Sanitation failure,Odi-Olowo/Ojuwoye LCDA,Lagos Island,Lagos Island
PP20140121576,01/21/2014,Adebayo Yakubu,Male,2.34818E+12,adebayo.yakubu71@outlook.com,58864308516,Lagos Island Division,40th,94116,(n) bathroom on ground floor,6.484879,3.356843,Closed,13/02/2026 04:03,Sanitation failure,Oshodi-Bolade LCDA,Ikeja,Alimosho
PP20080915682,09/15/2008,Olamide Adebisi,Male,2.34812E+12,olamide.adebisi85@outlook.com,53554026199,Ikeja Division,Church,94131,Bathroom floor drain completely clogged with wastewater backup,6.556775,3.304771,Closed,13/02/2026 04:03,Blockage,Coker-Aguda LCDA,Ikeja,Agege
PP20080804023,08/04/2008,Obinna Akinyemi,Male,2.34815E+12,obinna.akinyemi12@outlook.com,7659450803,Badagry Division,Garcia,94127,"kitchen remodel, new island sink, relocate existing sink, gas stove",6.414066,2.879707,Closed,13/02/2026 04:03,Sanitation failure,Lekki LCDA,Ikeja,Oshodi-Isolo
PP20080815367,08/15/2008,Ijeoma Bamidele,Female,2.34908E+12,ijeoma.bamidele56@outlook.com,23093327681,Badagry Division,11th,94122,Public tap pipe severely damaged in residential community,6.451555,3.336516,Closed,13/02/2026 04:03,Sanitation failure,Ikosi-Isheri LCDA,Ikeja,Somolu
PP20110321853,03/21/2011,Amaka Nnamdi,Female,2.34819E+12,amaka.nnamdi35@gmail.com,92511911406,Ikeja Division,Mission,94110,Underground water pipe burst near hospital entrance,6.619349,3.351684,Closed,13/02/2026 04:03,Leak,Ikosi-Isheri LCDA,Ikeja,Somolu
PP20151230662,12/30/2015,Chisom Ajayi,Female,2.34905E+12,chisom.ajayi16@yahoo.com,462683478,Lagos Island Division,17th,94117,remodel (e) hall bathroom - add a toilet.,6.456353,3.401627,Closed,13/02/2026 04:03,Sanitation failure,Ebute-Metta LCDA,Lagos Island,Eti-Osa
PP20120706840,07/06/2012,Obinna Umeh,Male,2.34908E+12,obinna.umeh31@hotmail.com,44185443050,Ikeja Division,Larkin,94109,Persistent dripping tap in kitchen wasting water daily,6.570607,3.433725,Closed,13/02/2026 04:03,Sanitation failure,Ikorodu West LCDA,Ikorodu,Ikorodu
PP20180322912,03/22/2018,Chisom Oladipo,Female,2.34804E+12,chisom.oladipo32@hotmail.com,91607766028,Ikeja Division,California,94115,Water main leakage along roadside causing traffic obstruction,6.529323,3.370919,Closed,13/02/2026 04:03,Leak,Agbado-Oke Odo LCDA,Lagos Island,Apapa
PP20190108015,01/08/2019,Olamide Ojo,Male,2.34819E+12,olamide.ojo23@yahoo.com,44697540999,Badagry Division,Post,94109,Sudden burst water pipe inside bathroom wall causing flooding,6.44267,3.268181,Closed,13/02/2026 04:03,Leak,Ojodu LCDA,Lagos Island,Eti-Osa
PP20080826727,08/26/2008,Adaeze Mohammed,Female,2.34907E+12,adaeze.mohammed96@outlook.com,85296326539,Ikeja Division,Westbrook,94124,Flooding due to collapsed drainage system after rainfall,6.561352,3.31363,Closed,13/02/2026 04:03,Blockage,Agbado-Oke Odo LCDA,Lagos Island,Apapa
PP20180326001,03/26/2018,Temitope Adeyemi,Female,2.34816E+12,temitope.adeyemi61@outlook.com,71527701302,Lagos Island Division,Geneva,94112,Blocked drainage channel causing street-level flooding,6.52674,3.376715,Closed,13/02/2026 04:03,Blockage,Ikoyi-Obalende LCDA,Epe,Ibeju-Lekki
PP20150324072,03/24/2015,Olamide Ajayi,Male,2.3491E+12,olamide.ajayi48@gmail.com,39249677105,Badagry Division,Coventry,94127,shower pan installation,6.478705,3.334704,Closed,13/02/2026 04:03,Sanitation failure,Yaba LCDA,Ikeja,Alimosho
PP20160620420,06/20/2016,Temitope Oladipo,Female,2.34903E+12,temitope.oladipo45@yahoo.com,5689906383,Ikeja Division,Congo,94131,Minor kitchen sink pipe leakage under cabinet,6.595829,3.324828,Closed,13/02/2026 04:03,Leak,Amuwo-Odofin LCDA,Ikeja,Ifako-Ijaiye
PP20080317935,03/17/2008,Ijeoma Abiola,Female,2.34905E+12,ijeoma.abiola32@yahoo.com,10662496789,Lagos Island Division,Melrose,94127,second level: remodel two baths and one kitchen at second level,6.446942,3.3621,Closed,13/02/2026 04:03,Sanitation failure,Lekki LCDA,Ikeja,Oshodi-Isolo
PP20080507484,05/07/2008,Chinedu Ojo,Male,2.34809E+12,chinedu.ojo94@hotmail.com,90855686629,Ikeja Division,Alemany,94112,Septic tank backflow causing strong sewage odor indoors,6.601234,3.36369,Closed,13/02/2026 04:03,Sanitation failure,Orile-Agege LCDA,Ikeja,Kosofe
PP20160812027,08/12/2016,Obinna Okafor,Male,2.34803E+12,obinna.okafor69@yahoo.com,83568921118,Epe Division,Divisadero,94115,Water pipeline rupture near highway causing erosion,6.564489,3.985036,Closed,13/02/2026 04:03,Sanitation failure,Ikosi-Isheri LCDA,Ikeja,Somolu
PP20110705342,07/05/2011,Adebayo Eze,Male,2.34819E+12,adebayo.eze79@gmail.com,78809980437,Lagos Island Division,Howard,94103,Toilet overflow due to heavily blocked drain system,6.43592,3.402297,Closed,13/02/2026 04:03,Blockage,Bariga LCDA,Badagry,Amuwo-Odofin
PP20160209757,02/09/2016,Opeyemi Afolabi,Female,2.34818E+12,opeyemi.afolabi88@gmail.com,48075013409,Ikorodu Division,Quesada,94124,Toilet overflow due to heavily blocked drain system,6.618455,3.514696,Closed,13/02/2026 04:03,Blockage,Oshodi-Bolade LCDA,Ikeja,Alimosho
PP20140611425,06/11/2014,Ifeanyi Umeh,Male,2.3481E+12,ifeanyi.umeh52@hotmail.com,63058836909,Lagos Island Division,Folsom,94103,Sewer overflow spreading wastewater near market area,6.488261,3.373595,Closed,13/02/2026 04:03,Sanitation failure,Ikorodu North LCDA,Ikorodu,Ikorodu
PP20100511977,05/11/2010,Seyi Ogunleye,Male,2.34803E+12,seyi.ogunleye98@gmail.com,80859638559,Ikeja Division,Ocean,94127,"waste, water, air and vaccum as required for a 2400 sqft dental tennant improvement. existing gas line to be redirected to new furnace location.",6.612217,3.357335,Closed,13/02/2026 04:03,Sanitation failure,Bariga LCDA,Badagry,Amuwo-Odofin
PP20180105659,01/05/2018,Adaeze Ogunleye,Female,2.34906E+12,adaeze.ogunleye15@gmail.com,53611582688,Badagry Division,Arkansas,94107,Flooding due to collapsed drainage system after rainfall,6.413705,2.890799,Closed,13/02/2026 04:03,Blockage,Apapa-Iganmu LCDA,Ikeja,Ifako-Ijaiye
PP20101025720,10/25/2010,Femi Nwosu,Male,2.34901E+12,femi.nwosu11@gmail.com,20176027642,Epe Division,Mission,94112,Underground water pipe burst near hospital entrance,6.462931,3.593556,Closed,13/02/2026 04:03,Leak,Oshodi-Bolade LCDA,Ikeja,Alimosho
PP20190110103,01/10/2019,Aisha Chukwu,Female,2.34812E+12,aisha.chukwu97@hotmail.com,64042129303,Badagry Division,Baker,94117,Water pipeline rupture near highway causing erosion,6.477495,3.193706,Closed,13/02/2026 04:03,Sanitation failure,Itire-Ikate LCDA,Badagry,Badagry
PP20180921111,09/21/2018,Kelechi Abiola,Male,2.34807E+12,kelechi.abiola53@yahoo.com,80678689201,Ikorodu Division,Hyde,94109,Severe shower pipe rupture flooding entire bathroom,6.612104,3.514114,Closed,13/02/2026 04:03,Sanitation failure,Iba LCDA,Ikeja,Agege
PP20180111856,01/11/2018,Kunle Chukwu,Male,2.34815E+12,kunle.chukwu87@outlook.com,90184312827,Ikorodu Division,Gough,94123,Flooding due to collapsed drainage system after rainfall,6.606469,3.516224,Closed,13/02/2026 04:03,Blockage,Ebute-Metta LCDA,Lagos Island,Eti-Osa
PP20151001416,10/01/2015,Olamide Ajayi,Male,2.34809E+12,olamide.ajayi41@gmail.com,4131241874,Ikeja Division,Arlington,94131,Sudden burst water pipe inside bathroom wall causing flooding,6.558106,3.289402,Closed,13/02/2026 04:03,Leak,Oshodi-Bolade LCDA,Ikeja,Alimosho
PP20171211045,12/11/2017,Tunde Ibrahim,Male,2.34816E+12,tunde.ibrahim55@outlook.com,4381612297,Ikeja Division,Vallejo,94133,Water pipeline rupture near highway causing erosion,6.658182,3.325769,Closed,13/02/2026 04:03,Sanitation failure,Eredo LCDA,Ikeja,Mushin
PP20090522534,05/22/2009,Kunle Ekanem,Male,2.34909E+12,kunle.ekanem82@yahoo.com,10550489946,Badagry Division,23rd,94110,Underground water pipe burst near hospital entrance,6.446991,3.237905,Closed,13/02/2026 04:03,Leak,Yaba LCDA,Ikeja,Alimosho
PP20121113035,11/13/2012,Seyi Nnamdi,Male,2.34803E+12,seyi.nnamdi62@gmail.com,59319498226,Lagos Island Division,39th,94122,Major pipe burst near primary school disrupting access road,6.45269,3.361515,Closed,13/02/2026 04:03,Leak,Oshodi-Bolade LCDA,Ikeja,Alimosho
PP20190624026,06/24/2019,Aisha Adebisi,Female,2.34812E+12,aisha.adebisi34@gmail.com,91767954371,Ikorodu Division,Clement,94121,Open manhole with visible sewage leakage on street,6.617457,3.502942,Closed,13/02/2026 04:03,Leak,Badagry West LCDA,Ikeja,Kosofe
PP20140314018,03/14/2014,Aisha Danladi,Female,2.34814E+12,aisha.danladi38@outlook.com,59541426679,Epe Division,Bay,94109,Public tap pipe severely damaged in residential community,6.480487,3.601554,Closed,13/02/2026 04:03,Sanitation failure,Ebute-Metta LCDA,Lagos Island,Eti-Osa
PP20111109340,11/09/2011,Temitope Afolabi,Female,2.3491E+12,temitope.afolabi91@outlook.com,80356450411,Lagos Island Division,North Point,94109,Sewer overflow spreading wastewater near market area,6.449264,3.388578,Closed,13/02/2026 04:03,Sanitation failure,Agboyi-Ketu LCDA,Lagos Island,Surulere
PP20190103905,01/03/2019,Ifeanyi Nwosu,Male,2.34819E+12,ifeanyi.nwosu92@gmail.com,9833843647,Ikeja Division,Coleridge,94110,Minor kitchen sink pipe leakage under cabinet,6.532212,3.35102,Closed,13/02/2026 04:03,Leak,Ikeja LCDA,Epe,Epe
PP20110407332,04/07/2011,Olamide Okoye,Male,2.34816E+12,olamide.okoye15@hotmail.com,27585312694,Badagry Division,Donner,94124,Open manhole with visible sewage leakage on street,6.413606,2.892397,Closed,13/02/2026 04:03,Leak,Ikorodu North LCDA,Ikorodu,Ikorodu
PP20131115005,11/15/2013,Chukwudi Oladipo,Male,2.34905E+12,chukwudi.oladipo47@outlook.com,66514957096,Ikeja Division,35th,94116,Water pipeline rupture near highway causing erosion,6.564206,3.429883,Closed,13/02/2026 04:03,Sanitation failure,Agboyi-Ketu LCDA,Lagos Island,Surulere
PP20190530225,05/30/2019,Zainab Mohammed,Female,2.34901E+12,zainab.mohammed44@outlook.com,46231540077,Ikorodu Division,Spear,94105,High-pressure pipe burst affecting multiple residential buildings,6.620127,3.506385,Closed,13/02/2026 04:03,Leak,Ifako-Ijaiye LCDA,Badagry,Badagry
PP20151112526,11/12/2015,Obinna Danladi,Male,2.34809E+12,obinna.danladi56@gmail.com,58097172562,Lagos Island Division,Rousseau,94112,Cracked underground pipe slowly flooding compound,6.432208,3.421524,Closed,13/02/2026 04:03,Sanitation failure,Oshodi-Bolade LCDA,Ikeja,Alimosho
PP20081203093,12/03/2008,Uche Yakubu,Male,2.34903E+12,uche.yakubu12@gmail.com,10400429262,Badagry Division,Buchanan,94115,Bathroom floor drain completely clogged with wastewater backup,6.432688,3.264949,Closed,13/02/2026 04:03,Blockage,Ojokoro LCDA,Badagry,Amuwo-Odofin
PP20081124806,11/24/2008,Femi Yakubu,Male,2.34907E+12,femi.yakubu68@yahoo.com,12381545453,Ikeja Division,Mission,94112,Blocked drainage channel causing street-level flooding,6.609413,3.29943,Closed,13/02/2026 04:03,Blockage,Ikorodu North LCDA,Ikorodu,Ikorodu
PP20120106566,01/06/2012,Chioma Mohammed,Female,2.34908E+12,chioma.mohammed27@yahoo.com,78960464444,Badagry Division,Mission,94110,sewer repair.,6.470515,3.172788,Closed,13/02/2026 04:03,Sanitation failure,Badagry West LCDA,Ikeja,Kosofe
PP20120203205,02/03/2012,Aisha Danladi,Female,2.34815E+12,aisha.danladi86@yahoo.com,40557416044,Lagos Island Division,Mission,94110,Minor kitchen sink pipe leakage under cabinet,6.453535,3.356324,Closed,13/02/2026 04:03,Leak,Ikosi-Isheri LCDA,Ikeja,Somolu
PP20150514639,05/14/2015,Amaka Okafor,Female,2.34902E+12,amaka.okafor34@hotmail.com,21369256128,Lagos Island Division,Greenwich,94123,installation of 2 shower pans.,6.462568,3.373428,Closed,13/02/2026 04:03,Sanitation failure,Igbogbo-Baiyeku LCDA,Badagry,Ojo
PP20160607053,06/07/2016,Ijeoma Oladipo,Female,2.34818E+12,ijeoma.oladipo80@outlook.com,7025762507,Ikeja Division,Taylor,94102,install back flow.,6.582309,3.410672,Closed,13/02/2026 04:03,Sanitation failure,Orile-Agege LCDA,Ikeja,Kosofe
PP20121106847,11/06/2012,Amaka Okoye,Female,2.34808E+12,amaka.okoye78@gmail.com,88336656085,Badagry Division,Buchanan,94102,Sewer overflow spreading wastewater near market area,6.419323,2.8897,Closed,13/02/2026 04:03,Sanitation failure,Ifako-Ijaiye LCDA,Badagry,Badagry
PP20110222202,02/22/2011,Amaka Nnamdi,Female,2.34803E+12,amaka.nnamdi27@hotmail.com,74629064088,Ikorodu Division,Beach,94123,Open manhole with visible sewage leakage on street,6.612324,3.503378,Closed,13/02/2026 04:03,Leak,Ojodu LCDA,Lagos Island,Eti-Osa
PP20190212091,02/12/2019,Ijeoma Adebisi,Female,2.34806E+12,ijeoma.adebisi36@yahoo.com,58671130746,Ikeja Division,Downey,94117,Bathroom floor drain completely clogged with wastewater backup,6.552493,3.299134,Closed,13/02/2026 04:03,Blockage,Igbogbo-Baiyeku LCDA,Badagry,Ojo
PP20131120149,11/20/2013,Opeyemi Ajayi,Female,2.34814E+12,opeyemi.ajayi51@yahoo.com,14881142004,Ikeja Division,Haight,94117,Cracked underground pipe slowly flooding compound,6.61742,3.291308,Closed,13/02/2026 04:03,Sanitation failure,Agboyi-Ketu LCDA,Lagos Island,Surulere
PP20150319980,03/19/2015,Ifeanyi Ojo,Male,2.3491E+12,ifeanyi.ojo35@outlook.com,28222024763,Ikeja Division,28th,94116,Cracked underground pipe slowly flooding compound,6.58643,3.332252,Closed,13/02/2026 04:03,Sanitation failure,Badagry Central LCDA,Badagry,Ajeromi-Ifelodun
PP20121115112,11/15/2012,Olamide Umeh,Male,2.34904E+12,olamide.umeh14@hotmail.com,33771641265,Badagry Division,San Bruno,94134,Public tap pipe severely damaged in residential community,6.404615,2.868687,Closed,13/02/2026 04:03,Sanitation failure,Oto-Awori LCDA,Lagos Island,Lagos Mainland
PP20090220381,02/20/2009,Tunde Danladi,Male,2.34906E+12,tunde.danladi20@outlook.com,56517654521,Badagry Division,San Fernando,94127,Public tap pipe severely damaged in residential community,6.448626,3.184094,Closed,13/02/2026 04:03,Sanitation failure,Ikotun-Ikosi LCDA,Lagos Island,Lagos Mainland
PP20180709969,07/09/2018,Emeka Abiola,Male,2.34816E+12,emeka.abiola89@hotmail.com,80199073547,Lagos Island Division,California,94109,plumbing work for kitchen remodel,6.446386,3.425032,Closed,13/02/2026 04:03,Sanitation failure,Itire-Ikate LCDA,Badagry,Badagry
PP20140324296,03/24/2014,Ayomide Yakubu,Male,2.34805E+12,ayomide.yakubu21@yahoo.com,96073621094,Ikeja Division,Market,94114,Open manhole with visible sewage leakage on street,6.521235,3.359159,Closed,13/02/2026 04:03,Leak,Ifako-Ijaiye LCDA,Badagry,Badagry
PP20161129990,11/29/2016,Aisha Ojo,Female,2.34819E+12,aisha.ojo52@yahoo.com,22701063229,Lagos Island Division,Cabrillo,94118,High-pressure pipe burst affecting multiple residential buildings,6.519809,3.372254,Closed,13/02/2026 04:03,Leak,Lekki LCDA,Ikeja,Oshodi-Isolo
PP20170104867,01/04/2017,Chisom Danladi,Female,2.34818E+12,chisom.danladi35@gmail.com,21404976289,Lagos Island Division,Mission Bay Blvd North,94158,Low water pressure affecting entire household supply,6.512856,3.361682,Closed,13/02/2026 04:03,Sanitation failure,Orile-Agege LCDA,Ikeja,Kosofe
PP20150624781,06/24/2015,Ngozi Owolabi,Female,2.34907E+12,ngozi.owolabi33@gmail.com,60535242643,Lagos Island Division,Webster,94115,Public tap pipe severely damaged in residential community,6.493001,3.362381,Closed,13/02/2026 04:03,Sanitation failure,Yaba LCDA,Ikeja,Alimosho
PP20190814463,08/14/2019,Ngozi Akinyemi,Female,2.34804E+12,ngozi.akinyemi30@yahoo.com,96698297681,Epe Division,Parker,94118,Sewer overflow spreading wastewater near market area,6.583034,3.97944,Closed,13/02/2026 04:03,Sanitation failure,Ebute-Metta LCDA,Lagos Island,Eti-Osa
PP20110623103,06/23/2011,Zainab Ojo,Female,2.34902E+12,zainab.ojo27@outlook.com,54264536646,Ikeja Division,Sacramento,94108,replace the side pipe.,6.606043,3.342082,Closed,13/02/2026 04:03,Sanitation failure,Surulere LCDA,Lagos Island,Apapa
PP20130918240,09/18/2013,Aisha Ogunleye,Female,2.34804E+12,aisha.ogunleye14@hotmail.com,69703027623,Badagry Division,Rhode Island,94107,Minor kitchen sink pipe leakage under cabinet,6.447829,3.19076,Closed,13/02/2026 04:03,Leak,Badagry Central LCDA,Badagry,Ajeromi-Ifelodun
PP20121126309,11/26/2012,Ayomide Owolabi,Male,2.34902E+12,ayomide.owolabi94@outlook.com,11416089008,Lagos Island Division,Mission,94103,Low water pressure affecting entire household supply,6.423078,3.414376,Closed,13/02/2026 04:03,Sanitation failure,Badagry Central LCDA,Badagry,Ajeromi-Ifelodun
PP20110729923,07/29/2011,Ifeanyi Afolabi,Male,2.34816E+12,ifeanyi.afolabi66@gmail.com,69324155098,Lagos Island Division,Waverly,94108,Septic tank backflow causing strong sewage odor indoors,6.482232,3.355786,Open,13/02/2026 04:03,Sanitation failure,Ikosi-Isheri LCDA,Ikeja,Somolu
PP20100329928,03/29/2010,Chinedu Okafor,Male,2.34806E+12,chinedu.okafor22@outlook.com,5671791186,Badagry Division,Turk,94118,two shower pans.,6.424753,2.890156,Closed,13/02/2026 04:03,Sanitation failure,Ikosi-Isheri LCDA,Ikeja,Somolu
PP20150604273,06/04/2015,Obinna Ekanem,Male,2.34802E+12,obinna.ekanem75@gmail.com,70950418296,Badagry Division,Tioga,94134,Severe shower pipe rupture flooding entire bathroom,6.476484,3.338521,Closed,13/02/2026 04:03,Sanitation failure,Agbado-Oke Odo LCDA,Lagos Island,Apapa
PP20170417637,04/17/2017,Yetunde Adeyemi,Female,2.34803E+12,yetunde.adeyemi38@yahoo.com,19392095450,Epe Division,West Clay,94121,High-pressure pipe burst affecting multiple residential buildings,6.572963,3.980292,Closed,13/02/2026 04:03,Leak,Ikorodu West LCDA,Ikorodu,Ikorodu
PP20111004449,10/04/2011,Ijeoma Okoye,Female,2.34803E+12,ijeoma.okoye78@hotmail.com,73672388623,Ikeja Division,Capistrano,94112,Bathroom floor drain completely clogged with wastewater backup,6.519498,3.367906,Open,13/02/2026 04:03,Blockage,Yaba LCDA,Ikeja,Alimosho
PP20191204683,12/04/2019,Emeka Mohammed,Male,2.34814E+12,emeka.mohammed57@yahoo.com,65539789679,Ikeja Division,Clinton,94103,Sudden burst water pipe inside bathroom wall causing flooding,6.515332,3.363537,Closed,13/02/2026 04:03,Leak,Lekki LCDA,Ikeja,Oshodi-Isolo
PP20170711912,07/11/2017,Ifeanyi Nwosu,Male,2.34812E+12,ifeanyi.nwosu78@outlook.com,13251673772,Badagry Division,Union,94123,Septic tank backflow causing strong sewage odor indoors,6.45893,3.268296,Closed,13/02/2026 04:03,Sanitation failure,Oshodi-Bolade LCDA,Ikeja,Alimosho
PP20130425268,04/25/2013,Chinedu Ogunleye,Male,2.34807E+12,chinedu.ogunleye60@hotmail.com,2901738620,Lagos Island Division,Sutter,94109,remove existing tub in guest bathroom and install a custom shower with pan & new shower valve.,6.520303,3.386323,Closed,13/02/2026 04:03,Sanitation failure,Surulere LCDA,Lagos Island,Apapa
PP20190301584,03/01/2019,Chioma Akinyemi,Female,2.34814E+12,chioma.akinyemi44@outlook.com,924771886,Ikeja Division,16th,94103,Major pipe burst near primary school disrupting access road,6.638317,3.329824,Closed,13/02/2026 04:03,Leak,Itire-Ikate LCDA,Badagry,Badagry
PP20101007406,10/07/2010,Femi Balogun,Male,2.34906E+12,femi.balogun24@outlook.com,94477455548,Ikeja Division,Hillcrest,94127,remove of 2 bathrooms and 1 shower pan.,6.59365,3.2762,Closed,13/02/2026 04:03,Sanitation failure,Onigbongbo LCDA,Epe,Ibeju-Lekki
PP20100226296,02/26/2010,Opeyemi Bamidele,Female,2.34902E+12,opeyemi.bamidele81@outlook.com,9268137471,Ikeja Division,05th,94118,Water pipeline rupture near highway causing erosion,6.560727,3.289268,Closed,13/02/2026 04:03,Sanitation failure,Epe LCDA,Badagry,Ajeromi-Ifelodun
PP20150814175,08/14/2015,Amaka Nwosu,Female,2.34908E+12,amaka.nwosu74@yahoo.com,75416052500,Ikorodu Division,North Point,94123,Low water pressure affecting entire household supply,6.615677,3.514873,Closed,13/02/2026 04:03,Sanitation failure,Ebute-Metta LCDA,Lagos Island,Eti-Osa
PP20090527583,05/27/2009,Chioma Afolabi,Female,2.3482E+12,chioma.afolabi95@gmail.com,19633341622,Ikeja Division,Monterey,94131,Low water pressure affecting entire household supply,6.617352,3.340254,Closed,13/02/2026 04:03,Sanitation failure,Ojokoro LCDA,Badagry,Amuwo-Odofin
PP20170224258,02/24/2017,Olamide Mohammed,Male,2.34812E+12,olamide.mohammed89@gmail.com,15337161547,Ikeja Division,Harrison,94110,Flooding due to collapsed drainage system after rainfall,6.672023,3.341389,Closed,13/02/2026 04:03,Blockage,Agbado-Oke Odo LCDA,Lagos Island,Apapa
PP20190306729,03/06/2019,Olamide Oladipo,Male,2.34902E+12,olamide.oladipo10@outlook.com,56571648877,Ikeja Division,Upland,94127,Severe shower pipe rupture flooding entire bathroom,6.592277,3.34473,Open,13/02/2026 04:03,Sanitation failure,Ikorodu North LCDA,Ikorodu,Ikorodu
PP20100729779,07/29/2010,Aisha Owolabi,Female,2.34802E+12,aisha.owolabi79@hotmail.com,37143444601,Lagos Island Division,Fair Oaks,94110,"remove existing copper supply liens from utility porches, re-install copper supply lines to house after utility porches have been removed",6.489173,3.369102,Closed,13/02/2026 04:03,Sanitation failure,Oriade LCDA,Lagos Island,Lagos Island
PP20080916822,09/16/2008,Obinna Nnamdi,Male,2.34809E+12,obinna.nnamdi62@yahoo.com,60825327127,Ikeja Division,California,94104,High-pressure pipe burst affecting multiple residential buildings,6.624504,3.340512,Closed,13/02/2026 04:03,Leak,Agboyi-Ketu LCDA,Lagos Island,Surulere
PP20080509576,05/09/2008,Amaka Umeh,Female,2.34903E+12,amaka.umeh12@outlook.com,27610016862,Lagos Island Division,35th,94122,Underground water pipe burst near hospital entrance,6.460635,3.34722,Closed,13/02/2026 04:03,Leak,Mosan-Okunola LCDA,Epe,Epe
PP20081105033,11/05/2008,Adaeze Nwosu,Female,2.34809E+12,adaeze.nwosu56@outlook.com,77888393171,Ikeja Division,Embarcadero Center,94111,Major pipe burst near primary school disrupting access road,6.618472,3.366732,Closed,13/02/2026 04:03,Leak,Ojodu LCDA,Lagos Island,Eti-Osa
PP20140311878,03/11/2014,Tunde Okoye,Male,2.34815E+12,tunde.okoye95@yahoo.com,28104633257,Ikorodu Division,Chestnut,94133,Bathroom floor drain completely clogged with wastewater backup,6.626756,3.528318,Closed,13/02/2026 04:03,Blockage,Coker-Aguda LCDA,Ikeja,Agege
PP20161025116,10/25/2016,Chukwudi Nnamdi,Male,2.3481E+12,chukwudi.nnamdi55@outlook.com,15703038554,Ikeja Division,Bosworth,94131,High-pressure pipe burst affecting multiple residential buildings,6.585234,3.346256,Closed,13/02/2026 04:03,Leak,Ojokoro LCDA,Badagry,Amuwo-Odofin
PP20110621062,06/21/2011,Kunle Nnamdi,Male,2.34809E+12,kunle.nnamdi70@outlook.com,21886137954,Lagos Island Division,Greenwich,94133,Water heater pipe leakage soaking utility area,6.425747,3.429115,Closed,13/02/2026 04:03,Leak,Ikorodu West LCDA,Ikorodu,Ikorodu
PP20130816347,08/16/2013,Chisom Akinyemi,Female,2.34904E+12,chisom.akinyemi65@yahoo.com,91000538825,Ikorodu Division,Greenwich,94123,Blocked drainage channel causing street-level flooding,6.608899,3.518075,Closed,13/02/2026 04:03,Blockage,Ikosi-Isheri LCDA,Ikeja,Somolu
PP20160914976,09/14/2016,Ijeoma Danladi,Female,2.34805E+12,ijeoma.danladi29@outlook.com,59908359707,Badagry Division,Shields,94132,Cracked underground pipe slowly flooding compound,6.480405,3.340252,Closed,13/02/2026 04:03,Sanitation failure,Ifako-Agege LCDA,Ikeja,Mushin
PP20131227987,12/27/2013,Olamide Adeyemi,Male,2.34811E+12,olamide.adeyemi63@gmail.com,50889760079,Lagos Island Division,Mason,94102,Bathroom floor drain completely clogged with wastewater backup,6.435938,3.412021,Closed,13/02/2026 04:03,Blockage,Agbado-Oke Odo LCDA,Lagos Island,Apapa
PP20130812191,08/12/2013,Obinna Chukwu,Male,2.34817E+12,obinna.chukwu84@yahoo.com,70779920277,Ikeja Division,Retiro,94123,Blocked drainage channel causing street-level flooding,6.518831,3.367096,Closed,13/02/2026 04:03,Blockage,Lekki LCDA,Ikeja,Oshodi-Isolo
PP20181022924,10/22/2018,Kunle Nwosu,Male,2.34811E+12,kunle.nwosu40@yahoo.com,61497251780,Ikeja Division,Lake,94118,Water main leakage along roadside causing traffic obstruction,6.591093,3.41631,Closed,13/02/2026 04:03,Leak,Ayobo-Ipaja LCDA,Badagry,Ojo
PP20190507546,05/07/2019,Chioma Ekanem,Female,2.34909E+12,chioma.ekanem73@yahoo.com,35156599742,Badagry Division,Montgomery,94104,Sewer overflow spreading wastewater near market area,6.462521,3.313042,Closed,13/02/2026 04:03,Sanitation failure,Ayobo-Ipaja LCDA,Badagry,Ojo
PP20190227491,02/27/2019,Chisom Okafor,Female,2.34809E+12,chisom.okafor67@yahoo.com,11194931464,Epe Division,Gough,94102,Persistent dripping tap in kitchen wasting water daily,6.459291,3.604114,Closed,13/02/2026 04:03,Sanitation failure,Coker-Aguda LCDA,Ikeja,Agege
PP20130520871,05/20/2013,Abdulrahman Yakubu,Male,2.3482E+12,abdulrahman.yakubu64@yahoo.com,75894756733,Badagry Division,Larkin,94109,Underground water pipe burst near hospital entrance,6.402195,2.886895,Closed,13/02/2026 04:03,Leak,Agboyi-Ketu LCDA,Lagos Island,Surulere
PP20140124683,01/24/2014,Kelechi Adebisi,Male,2.34909E+12,kelechi.adebisi33@gmail.com,51871093314,Lagos Island Division,Goettingen,94134,Major pipe burst near primary school disrupting access road,6.458874,3.346451,Closed,13/02/2026 04:03,Leak,Ikeja LCDA,Epe,Epe
PP20160510334,05/10/2016,Ifeanyi Abiola,Male,2.34809E+12,ifeanyi.abiola98@gmail.com,22923438369,Badagry Division,14th,94122,Bathroom floor drain completely clogged with wastewater backup,6.451847,3.259379,Closed,13/02/2026 04:03,Blockage,Surulere LCDA,Lagos Island,Apapa
PP20090728941,07/28/2009,Obinna Eze,Male,2.34909E+12,obinna.eze50@gmail.com,49887551688,Lagos Island Division,22nd,94110,Flooding due to collapsed drainage system after rainfall,6.433225,3.450584,Closed,13/02/2026 04:03,Blockage,Ikoyi-Obalende LCDA,Epe,Ibeju-Lekki
PP20140620683,06/20/2014,Opeyemi Danladi,Female,2.34808E+12,opeyemi.danladi38@outlook.com,18644571296,Ikeja Division,Lombard,94123,Low water pressure affecting entire household supply,6.585114,3.362087,Closed,13/02/2026 04:03,Sanitation failure,Orile-Agege LCDA,Ikeja,Kosofe
PP20130107222,01/07/2013,Adebayo Ibrahim,Male,2.34816E+12,adebayo.ibrahim11@hotmail.com,20568089672,Lagos Island Division,04th,94118,Major pipe burst near primary school disrupting access road,6.495172,3.368519,Closed,13/02/2026 04:03,Leak,Igbogbo-Baiyeku LCDA,Badagry,Ojo
PP20171121556,11/21/2017,Chioma Ibrahim,Female,2.34819E+12,chioma.ibrahim21@gmail.com,42615918545,Epe Division,Greenwich,94109,Flooding due to collapsed drainage system after rainfall,6.588413,3.976268,Closed,13/02/2026 04:03,Blockage,Bariga LCDA,Badagry,Amuwo-Odofin
PP20130517823,05/17/2013,Aisha Ojo,Female,2.34814E+12,aisha.ojo70@outlook.com,55958609859,Ikeja Division,Shrader,94117,Water heater pipe leakage soaking utility area,6.61779,3.317421,Closed,13/02/2026 04:03,Leak,Ifako-Ijaiye LCDA,Badagry,Badagry
PP20110131716,01/31/2011,Ngozi Ojo,Female,2.34819E+12,ngozi.ojo65@yahoo.com,72288442662,Badagry Division,Haight,94102,replace bath and kitchen fixtures,6.456032,3.252982,Closed,13/02/2026 04:03,Sanitation failure,Oto-Awori LCDA,Lagos Island,Lagos Mainland
PP20120917587,09/17/2012,Bola Chukwu,Female,2.34808E+12,bola.chukwu87@outlook.com,75250563324,Ikeja Division,30th,94121,Open manhole with visible sewage leakage on street,6.559987,3.318681,Closed,13/02/2026 04:03,Leak,Onigbongbo LCDA,Epe,Ibeju-Lekki
PP20161207240,12/07/2016,Ifeanyi Ogunleye,Male,2.34816E+12,ifeanyi.ogunleye46@hotmail.com,5135596058,Lagos Island Division,Zircon,94131,High-pressure pipe burst affecting multiple residential buildings,6.436776,3.423381,Closed,13/02/2026 04:03,Leak,Surulere LCDA,Lagos Island,Apapa
PP20150504255,05/04/2015,Aisha Danladi,Female,2.34817E+12,aisha.danladi83@gmail.com,77530446056,Ikeja Division,Sacramento,94109,Minor kitchen sink pipe leakage under cabinet,6.660989,3.321478,Closed,13/02/2026 04:03,Leak,Surulere LCDA,Lagos Island,Apapa
PP20190912332,09/12/2019,Bola Chukwu,Female,2.3481E+12,bola.chukwu89@yahoo.com,2987957161,Lagos Island Division,Woolsey,94134,Water heater pipe leakage soaking utility area,6.508767,3.375163,Closed,13/02/2026 04:03,Leak,Onigbongbo LCDA,Epe,Ibeju-Lekki
PP20190703276,07/03/2019,Chisom Okafor,Female,2.34809E+12,chisom.okafor94@yahoo.com,21494556738,Badagry Division,Guerrero,94110,kitchen faucet: shut-offs. bath lav faucet: shut-offs.,6.412619,2.88546,Closed,13/02/2026 04:03,Sanitation failure,Ifako-Ijaiye LCDA,Badagry,Badagry
PP20190717602,07/17/2019,Adaeze Ekanem,Female,2.34803E+12,adaeze.ekanem50@gmail.com,24214853694,Ikeja Division,Delano,94112,remove and replace water heater,6.544554,3.319828,Closed,13/02/2026 04:03,Sanitation failure,Oshodi-Bolade LCDA,Ikeja,Alimosho
PP20180314639,03/14/2018,Abdulrahman Adeyemi,Male,2.34907E+12,abdulrahman.adeyemi90@gmail.com,61183080182,Badagry Division,Levant,94114,Open manhole with visible sewage leakage on street,6.421654,2.904412,Open,13/02/2026 04:03,Leak,Agbado-Oke Odo LCDA,Lagos Island,Apapa
PP20110714567,07/14/2011,Ijeoma Ogunleye,Female,2.34909E+12,ijeoma.ogunleye15@yahoo.com,2814090699,Badagry Division,Pacific,94133,Public tap pipe severely damaged in residential community,6.452217,3.17922,Closed,13/02/2026 04:03,Sanitation failure,Ifako-Ijaiye LCDA,Badagry,Badagry
PP20100217104,02/17/2010,Tunde Chukwu,Male,2.34907E+12,tunde.chukwu17@outlook.com,20042351647,Epe Division,Sadowa,94112,remodel existing kitchen on the 1st flr front (no relocation of utilities),6.586314,3.990065,Closed,13/02/2026 04:03,Sanitation failure,Ikorodu West LCDA,Ikorodu,Ikorodu
PP20190912348,09/12/2019,Ifeanyi Owolabi,Male,2.34909E+12,ifeanyi.owolabi73@hotmail.com,37342384336,Ikeja Division,Alemany,94112,"amendment to permit pp20190701196. upgrade 2 floor drains, upgrade 4 storm drains, add extra laundry downstairs, replace deteriorated plumbing pipes at rear.",6.525143,3.34587,Closed,13/02/2026 04:03,Blockage,Oto-Awori LCDA,Lagos Island,Lagos Mainland
PP20191220157,12/20/2019,Amaka Ogunleye,Female,2.34809E+12,amaka.ogunleye18@outlook.com,13263748828,Lagos Island Division,Presidio,94118,"remodel kitchen: replace sink,d/w & range.",6.533214,3.386411,Closed,13/02/2026 04:03,Sanitation failure,Ikorodu North LCDA,Ikorodu,Ikorodu
PP20180516442,05/16/2018,Olamide Owolabi,Male,2.34909E+12,olamide.owolabi80@outlook.com,38145210637,Ikeja Division,Spear,94105,Water pipeline rupture near highway causing erosion,6.518137,3.368154,Closed,13/02/2026 04:03,Sanitation failure,Badagry Central LCDA,Badagry,Ajeromi-Ifelodun
PP20121029668,10/29/2012,Obinna Abiola,Male,2.34818E+12,obinna.abiola30@gmail.com,77147911054,Epe Division,Idora,94127,sewer repair/cleanout,6.481702,3.586343,Closed,13/02/2026 04:03,Sanitation failure,Ikorodu North LCDA,Ikorodu,Ikorodu
PP20090918097,09/18/2009,Bola Okafor,Female,2.34901E+12,bola.okafor55@yahoo.com,7742723663,Epe Division,Lombard,94123,Toilet overflow due to heavily blocked drain system,6.584796,3.989141,Closed,13/02/2026 04:03,Blockage,Agboyi-Ketu LCDA,Lagos Island,Surulere
PP20080403437,04/03/2008,Obinna Mohammed,Male,2.34803E+12,obinna.mohammed11@hotmail.com,85763117700,Lagos Island Division,Lisbon,94112,High-pressure pipe burst affecting multiple residential buildings,6.445483,3.395,Closed,13/02/2026 04:03,Leak,Ikorodu North LCDA,Ikorodu,Ikorodu
PP20150707056,07/07/2015,Emeka Owolabi,Male,2.3481E+12,emeka.owolabi84@gmail.com,30909409539,Ikorodu Division,07th,94118,Underground water pipe burst near hospital entrance,6.597876,3.519265,Closed,13/02/2026 04:03,Leak,Apapa-Iganmu LCDA,Ikeja,Ifako-Ijaiye
PP20120629732,06/29/2012,Ijeoma Okoye,Female,2.34901E+12,ijeoma.okoye91@hotmail.com,48122829455,Lagos Island Division,Natoma,94103,Septic tank backflow causing strong sewage odor indoors,6.433185,3.374034,Closed,13/02/2026 04:03,Sanitation failure,Agboyi-Ketu LCDA,Lagos Island,Surulere
PP20180905566,09/05/2018,Oluwaseun Bamidele,Male,2.34802E+12,oluwaseun.bamidele97@hotmail.com,50505952251,Badagry Division,03rd,94107,"kitchen and bathroom remodeling, add washer and ventless dryer.",6.446699,3.247883,Closed,13/02/2026 04:03,Sanitation failure,Oto-Awori LCDA,Lagos Island,Lagos Mainland
PP20090114377,01/14/2009,Temitope Adeyemi,Female,2.34807E+12,temitope.adeyemi92@gmail.com,49242134512,Ikeja Division,Noe,94114,Toilet overflow due to heavily blocked drain system,6.577023,3.41382,Open,13/02/2026 04:03,Blockage,Oriade LCDA,Lagos Island,Lagos Island
PP20120302892,03/02/2012,Yetunde Abiola,Female,2.34908E+12,yetunde.abiola48@hotmail.com,25067636079,Badagry Division,Jefferson,94123,Cracked underground pipe slowly flooding compound,6.464185,3.225122,Closed,13/02/2026 04:03,Sanitation failure,Ikotun-Ikosi LCDA,Lagos Island,Lagos Mainland
PP20150212976,02/12/2015,Kelechi Yakubu,Male,2.34814E+12,kelechi.yakubu75@gmail.com,92805072353,Ikeja Division,Key,94124,Major pipe burst near primary school disrupting access road,6.68257,3.33198,Closed,13/02/2026 04:03,Leak,Badagry Central LCDA,Badagry,Ajeromi-Ifelodun
PP20081009893,10/09/2008,Uche Ekanem,Male,2.34802E+12,uche.ekanem54@outlook.com,78407155680,Ikorodu Division,29th,94131,Open manhole with visible sewage leakage on street,6.60733,3.499747,Closed,13/02/2026 04:03,Leak,Ikorodu West LCDA,Ikorodu,Ikorodu
PP20081024529,10/24/2008,Chisom Nnamdi,Female,2.3491E+12,chisom.nnamdi22@gmail.com,97457766072,Badagry Division,Ulloa,94127,remove/replace gas water heater.,6.431764,2.875545,Closed,13/02/2026 04:03,Sanitation failure,Eredo LCDA,Ikeja,Mushin
PP20131015067,10/15/2013,Abdulrahman Oladipo,Male,2.34815E+12,abdulrahman.oladipo41@gmail.com,43929428852,Badagry Division,41st,94121,sewer repair/replace.,6.455166,3.344673,Closed,13/02/2026 04:03,Sanitation failure,Bariga LCDA,Badagry,Amuwo-Odofin
PP20100921996,09/21/2010,Chukwudi Ajayi,Male,2.34909E+12,chukwudi.ajayi52@hotmail.com,47824111529,Ikeja Division,Sacramento,94109,Sudden burst water pipe inside bathroom wall causing flooding,6.618886,3.326621,Closed,13/02/2026 04:03,Leak,Ojodu LCDA,Lagos Island,Eti-Osa
PP20110803993,08/03/2011,Chisom Okoye,Female,2.34807E+12,chisom.okoye83@gmail.com,47415171633,Ikeja Division,Arnold,94110,Severe shower pipe rupture flooding entire bathroom,6.617666,3.325742,Closed,13/02/2026 04:03,Sanitation failure,Ojodu LCDA,Lagos Island,Eti-Osa
PP20190521963,05/21/2019,Uche Adebisi,Male,2.34807E+12,uche.adebisi68@outlook.com,73787345841,Ikeja Division,Dearborn,94110,Major pipe burst near primary school disrupting access road,6.612808,3.362114,Closed,13/02/2026 04:03,Leak,Ifako-Agege LCDA,Ikeja,Mushin
PP20170530767,05/30/2017,Ifeanyi Ibrahim,Male,2.34817E+12,ifeanyi.ibrahim37@gmail.com,65272938318,Lagos Island Division,Polk,94109,Major pipe burst near primary school disrupting access road,6.45412,3.362617,Closed,13/02/2026 04:03,Leak,Ojodu LCDA,Lagos Island,Eti-Osa
PP20140512629,05/12/2014,Chukwudi Ibrahim,Male,2.34905E+12,chukwudi.ibrahim48@yahoo.com,97355185419,Ikeja Division,Collins,94118,Bathroom floor drain completely clogged with wastewater backup,6.687412,3.328597,Closed,13/02/2026 04:03,Blockage,Ikeja LCDA,Epe,Epe
PP20080918951,09/18/2008,Zainab Ekanem,Female,2.34908E+12,zainab.ekanem81@yahoo.com,6364043091,Epe Division,Beulah,94117,Persistent dripping tap in kitchen wasting water daily,6.572181,3.988095,Closed,13/02/2026 04:03,Sanitation failure,Agboyi-Ketu LCDA,Lagos Island,Surulere
PP20140305715,03/05/2014,Adaeze Ojo,Female,2.34804E+12,adaeze.ojo35@hotmail.com,80937496133,Lagos Island Division,Oak,94102,Bathroom floor drain completely clogged with wastewater backup,6.54526,3.369052,Closed,13/02/2026 04:03,Blockage,Ebute-Metta LCDA,Lagos Island,Eti-Osa
PP20100603507,06/03/2010,Olamide Ogunleye,Male,2.34908E+12,olamide.ogunleye55@hotmail.com,7231944270,Ikeja Division,Mendell,94124,Blocked drainage channel causing street-level flooding,6.523685,3.358764,Closed,13/02/2026 04:03,Blockage,Coker-Aguda LCDA,Ikeja,Agege
PP20180329132,03/29/2018,Zainab Umeh,Female,2.34808E+12,zainab.umeh16@outlook.com,10539068463,Lagos Island Division,Montgomery,94104,Minor kitchen sink pipe leakage under cabinet,6.523861,3.369377,Closed,13/02/2026 04:03,Leak,Agboyi-Ketu LCDA,Lagos Island,Surulere
PP20160128449,01/28/2016,Chukwudi Umeh,Male,2.34809E+12,chukwudi.umeh75@yahoo.com,33473685347,Lagos Island Division,Powell,94108,Low water pressure affecting entire household supply,6.444319,3.4451,Closed,13/02/2026 04:03,Sanitation failure,Orile-Agege LCDA,Ikeja,Kosofe
PP20190404650,04/04/2019,Amaka Ajayi,Female,2.34805E+12,amaka.ajayi31@yahoo.com,33650849147,Badagry Division,18th,94114,High-pressure pipe burst affecting multiple residential buildings,6.451961,3.240959,Closed,13/02/2026 04:03,Leak,Ikosi-Isheri LCDA,Ikeja,Somolu
PP20100331996,03/31/2010,Zainab Umeh,Female,2.34808E+12,zainab.umeh12@yahoo.com,57439218091,Lagos Island Division,20th,94122,replace 1-100 gal residential storage tank,6.48141,3.36338,Closed,13/02/2026 04:03,Sanitation failure,Ikotun-Ikosi LCDA,Lagos Island,Lagos Mainland
PP20110613810,06/13/2011,Adebayo Abiola,Male,2.34906E+12,adebayo.abiola59@gmail.com,55073698160,Epe Division,Ordway,94134,Underground water pipe burst near hospital entrance,6.481039,3.589752,Closed,13/02/2026 04:03,Leak,Oriade LCDA,Lagos Island,Lagos Island
PP20151215369,12/15/2015,Obinna Umeh,Male,2.3482E+12,obinna.umeh17@hotmail.com,23276261269,Lagos Island Division,Julian,94103,"replacing 27 sinks in 27 units, common area: 5 toilets, 3 showers, 3 bathtubs.",6.448776,3.353107,Closed,13/02/2026 04:03,Sanitation failure,Oto-Awori LCDA,Lagos Island,Lagos Mainland
PP20091224120,12/24/2009,Temitope Adebisi,Female,2.34818E+12,temitope.adebisi24@hotmail.com,48753258466,Epe Division,Octavia,94123,remove & replace steam boiler,6.573078,3.991948,Closed,13/02/2026 04:03,Sanitation failure,Bariga LCDA,Badagry,Amuwo-Odofin
PP20150121312,01/21/2015,Femi Ajayi,Male,2.34903E+12,femi.ajayi48@hotmail.com,68171095140,Ikorodu Division,36th,94116,Severe shower pipe rupture flooding entire bathroom,6.628538,3.495043,Closed,13/02/2026 04:03,Sanitation failure,Ebute-Metta LCDA,Lagos Island,Eti-Osa
PP20080624895,06/24/2008,Adebayo Eze,Male,2.34901E+12,adebayo.eze85@gmail.com,60744215393,Ikeja Division,Geary,94121,Water main leakage along roadside causing traffic obstruction,6.569498,3.313841,Closed,13/02/2026 04:03,Leak,Agbado-Oke Odo LCDA,Lagos Island,Apapa
PP20080605300,06/05/2008,Seyi Yakubu,Male,2.34803E+12,seyi.yakubu82@yahoo.com,51199351678,Epe Division,Howard,94103,Open manhole with visible sewage leakage on street,6.483996,3.571579,Closed,13/02/2026 04:03,Leak,Ifako-Agege LCDA,Ikeja,Mushin
PP20130103132,01/03/2013,Zainab Afolabi,Female,2.34815E+12,zainab.afolabi71@hotmail.com,51579050593,Ikeja Division,Leavenworth,94102,Cracked underground pipe slowly flooding compound,6.539942,3.30661,Closed,13/02/2026 04:03,Sanitation failure,Odi-Olowo/Ojuwoye LCDA,Lagos Island,Lagos Island
PP20130301718,03/01/2013,Abdulrahman Nwosu,Male,2.34806E+12,abdulrahman.nwosu43@yahoo.com,22328303099,Ikorodu Division,Encline,94127,Bathroom floor drain completely clogged with wastewater backup,6.624428,3.528464,Closed,13/02/2026 04:03,Blockage,Ifako-Agege LCDA,Ikeja,Mushin
PP20111223304,12/23/2011,Adebayo Ekanem,Male,2.34901E+12,adebayo.ekanem94@outlook.com,23385263616,Lagos Island Division,Valencia,94110,Water heater pipe leakage soaking utility area,6.461161,3.392273,Closed,13/02/2026 04:03,Leak,Agbado-Oke Odo LCDA,Lagos Island,Apapa
PP20080325162,03/25/2008,Adebayo Adebisi,Male,2.34905E+12,adebayo.adebisi27@outlook.com,76538040905,Ikorodu Division,Ulloa,94127,Severe shower pipe rupture flooding entire bathroom,6.609136,3.5228,Closed,13/02/2026 04:03,Sanitation failure,Ikosi-Isheri LCDA,Ikeja,Somolu
PP20151214328,12/14/2015,Seyi Yakubu,Male,2.34819E+12,seyi.yakubu61@yahoo.com,56985138163,Ikorodu Division,London,94112,Major pipe burst near primary school disrupting access road,6.609753,3.526785,Open,13/02/2026 04:03,Leak,Onigbongbo LCDA,Epe,Ibeju-Lekki
PP20170725325,07/25/2017,Amaka Nnamdi,Female,2.34817E+12,amaka.nnamdi97@yahoo.com,95075656425,Ikorodu Division,Hyde,94109,Blocked drainage channel causing street-level flooding,6.616556,3.526406,Closed,13/02/2026 04:03,Blockage,Ojodu LCDA,Lagos Island,Eti-Osa
PP20140624773,06/24/2014,Aisha Oladipo,Female,2.34806E+12,aisha.oladipo63@hotmail.com,98581034967,Badagry Division,Church,94114,Sewer overflow spreading wastewater near market area,6.467789,3.18163,Closed,13/02/2026 04:03,Sanitation failure,Lekki LCDA,Ikeja,Oshodi-Isolo
PP20130923379,09/23/2013,Bola Ogunleye,Female,2.34805E+12,bola.ogunleye22@hotmail.com,5070321753,Ikeja Division,35th,94122,Severe shower pipe rupture flooding entire bathroom,6.578106,3.413291,Closed,13/02/2026 04:03,Sanitation failure,Ayobo-Ipaja LCDA,Badagry,Ojo
PP20100519154,05/19/2010,Abdulrahman Ogunleye,Male,2.34908E+12,abdulrahman.ogunleye92@gmail.com,25542985460,Ikeja Division,Monterey,94112,replace new water service.,6.674083,3.329372,Closed,13/02/2026 04:03,Sanitation failure,Badagry Central LCDA,Badagry,Ajeromi-Ifelodun
PP20171117461,11/17/2017,Ifeanyi Adeyemi,Male,2.34812E+12,ifeanyi.adeyemi75@yahoo.com,60856601927,Lagos Island Division,Topaz,94131,Water heater pipe leakage soaking utility area,6.427162,3.420244,Closed,13/02/2026 04:03,Leak,Coker-Aguda LCDA,Ikeja,Agege
PP20180620523,06/20/2018,Aisha Danladi,Female,2.34907E+12,aisha.danladi67@outlook.com,87511968508,Ikeja Division,Geary,94108,to obtain a final inspectoin for work approved under previous permit pp20180322941.,6.670586,3.307313,Closed,13/02/2026 04:03,Sanitation failure,Badagry West LCDA,Ikeja,Kosofe
PP20130906893,09/06/2013,Opeyemi Okoye,Female,2.34807E+12,opeyemi.okoye36@yahoo.com,62121913528,Badagry Division,France,94112,gas houseline extension.,6.465582,3.173203,Closed,13/02/2026 04:03,Sanitation failure,Isolo LCDA,Ikeja,Ikeja
PP20150710182,07/10/2015,Bola Chukwu,Female,2.34907E+12,bola.chukwu63@outlook.com,44680812493,Ikeja Division,Webster,94115,replace kitchen sink.,6.542067,3.291227,Closed,13/02/2026 04:03,Sanitation failure,Epe LCDA,Badagry,Ajeromi-Ifelodun
PP20121211725,12/11/2012,Chinedu Ojo,Male,2.3482E+12,chinedu.ojo81@gmail.com,49449994109,Epe Division,Ellis,94102,Water heater pipe leakage soaking utility area,6.452061,3.571446,Closed,13/02/2026 04:03,Leak,Lekki LCDA,Ikeja,Oshodi-Isolo
PP20190415917,04/15/2019,Olamide Nnamdi,Male,2.3482E+12,olamide.nnamdi94@outlook.com,72675528245,Badagry Division,Pine,94109,backflow replacement,6.45961,3.352833,Closed,13/02/2026 04:03,Sanitation failure,Ikorodu West LCDA,Ikorodu,Ikorodu
PP20161117718,11/17/2016,Opeyemi Bamidele,Female,2.34813E+12,opeyemi.bamidele61@yahoo.com,8605644622,Ikorodu Division,Elsie,94110,renewal of permit pp20151110450,6.614141,3.512278,Closed,13/02/2026 04:03,Sanitation failure,Ikorodu North LCDA,Ikorodu,Ikorodu
PP20151222512,12/22/2015,Chinedu Owolabi,Male,2.34811E+12,chinedu.owolabi17@outlook.com,7126997876,Ikeja Division,Shotwell,94110,High-pressure pipe burst affecting multiple residential buildings,6.605805,3.352811,Closed,13/02/2026 04:03,Leak,Ikosi-Isheri LCDA,Ikeja,Somolu
PP20160120168,01/20/2016,Yetunde Okoye,Female,2.34806E+12,yetunde.okoye27@outlook.com,90076189680,Ikorodu Division,Naples,94112,upgrade water service line,6.618626,3.498547,Closed,13/02/2026 04:03,Sanitation failure,Ikorodu West LCDA,Ikorodu,Ikorodu
PP20160204654,02/04/2016,Yetunde Oladipo,Female,2.34807E+12,yetunde.oladipo87@hotmail.com,29159311585,Epe Division,Cerritos,94127,"install shower, sink, and toilet, shower pan.",6.484509,3.603072,Closed,13/02/2026 04:03,Sanitation failure,Mosan-Okunola LCDA,Epe,Epe
PP20160707928,07/07/2016,Ayomide Oladipo,Male,2.34818E+12,ayomide.oladipo81@gmail.com,38156236841,Lagos Island Division,San Jose,94110,"remodel 1 kitchen, two bathrooms @ 2nd floors",6.416273,3.41166,Closed,13/02/2026 04:03,Sanitation failure,Ikosi-Isheri LCDA,Ikeja,Somolu
PP20150311723,03/11/2015,Uche Nwosu,Male,2.34909E+12,uche.nwosu17@gmail.com,78199030046,Badagry Division,Jackson,94115,Septic tank backflow causing strong sewage odor indoors,6.458202,3.173355,Closed,13/02/2026 04:03,Sanitation failure,Igbogbo-Baiyeku LCDA,Badagry,Ojo
PP20130530148,05/30/2013,Aisha Yakubu,Female,2.34804E+12,aisha.yakubu75@gmail.com,26497600658,Badagry Division,33rd,94122,Sudden burst water pipe inside bathroom wall causing flooding,6.45506,3.242717,Closed,13/02/2026 04:03,Leak,Ojodu LCDA,Lagos Island,Eti-Osa
PP20180323955,03/23/2018,Olamide Abiola,Male,2.34806E+12,olamide.abiola86@yahoo.com,75583872362,Ikeja Division,Buena Vista,94117,Underground water pipe burst near hospital entrance,6.623451,3.363405,Closed,13/02/2026 04:03,Leak,Ikoyi-Obalende LCDA,Epe,Ibeju-Lekki
PP20090210106,02/10/2009,Abdulrahman Ibrahim,Male,2.34814E+12,abdulrahman.ibrahim87@gmail.com,27447540478,Lagos Island Division,Paris,94112,Low water pressure affecting entire household supply,6.526526,3.38947,Closed,13/02/2026 04:03,Sanitation failure,Coker-Aguda LCDA,Ikeja,Agege
PP20100126697,01/26/2010,Olamide Owolabi,Male,2.34814E+12,olamide.owolabi82@outlook.com,59274107128,Lagos Island Division,Valparaiso,94133,Flooding due to collapsed drainage system after rainfall,6.444159,3.416261,Closed,13/02/2026 04:03,Blockage,Amuwo-Odofin LCDA,Ikeja,Ifako-Ijaiye
PP20150427059,04/27/2015,Adaeze Oladipo,Female,2.34818E+12,adaeze.oladipo29@yahoo.com,7171623090,Ikeja Division,Broadway,94109,remove and replace hydronic heat boiler.,6.593638,3.352281,Closed,13/02/2026 04:03,Sanitation failure,Ikoyi-Obalende LCDA,Epe,Ibeju-Lekki
PP20090629347,06/29/2009,Obinna Owolabi,Male,2.34901E+12,obinna.owolabi21@yahoo.com,97713176692,Lagos Island Division,Pine,94104,Public tap pipe severely damaged in residential community,6.462716,3.396091,Closed,13/02/2026 04:03,Sanitation failure,Oriade LCDA,Lagos Island,Lagos Island
PP20160902664,09/02/2016,Olamide Ajayi,Male,2.34818E+12,olamide.ajayi95@gmail.com,40933064047,Ikeja Division,Crystal,94112,replace gas line from meter to fixtures.,6.59973,3.327972,Closed,13/02/2026 04:03,Sanitation failure,Bariga LCDA,Badagry,Amuwo-Odofin
PP20080828833,08/28/2008,Opeyemi Umeh,Female,2.34905E+12,opeyemi.umeh59@outlook.com,97101543743,Ikeja Division,Hayes,94117,"remodel 4 bathroom, 2 kitchens.",6.58256,3.415943,Closed,13/02/2026 04:03,Sanitation failure,Surulere LCDA,Lagos Island,Apapa
PP20100514051,05/14/2010,Aisha Eze,Female,2.34803E+12,aisha.eze40@gmail.com,70817897831,Ikeja Division,Lincoln,94122,Water pipeline rupture near highway causing erosion,6.621525,3.33764,Open,13/02/2026 04:03,Sanitation failure,Ojodu LCDA,Lagos Island,Eti-Osa
PP20140806034,08/06/2014,Ijeoma Okafor,Female,2.34819E+12,ijeoma.okafor74@yahoo.com,27432299674,Epe Division,38th,94122,"new copper hot & cold all water lines , new drain in concrete laundry & new bathroom, new bathroom downstairs. replace 1 shower pan upstairs",6.589056,3.998491,Closed,13/02/2026 04:03,Blockage,Itire-Ikate LCDA,Badagry,Badagry
PP20180829426,08/29/2018,Emeka Oladipo,Male,2.34809E+12,emeka.oladipo62@gmail.com,78314191599,Lagos Island Division,Montgomery,94104,Sewer overflow spreading wastewater near market area,6.476814,3.390656,Closed,13/02/2026 04:03,Sanitation failure,Bariga LCDA,Badagry,Amuwo-Odofin
PP20150318941,03/18/2015,Aisha Adeyemi,Female,2.34907E+12,aisha.adeyemi49@gmail.com,1494924815,Epe Division,Woodward,94103,Persistent dripping tap in kitchen wasting water daily,6.474914,3.590698,Closed,13/02/2026 04:03,Sanitation failure,Ikosi-Isheri LCDA,Ikeja,Somolu
PP20130819382,08/19/2013,Ayomide Balogun,Male,2.34811E+12,ayomide.balogun48@yahoo.com,72100356779,Lagos Island Division,Plymouth,94112,Sudden burst water pipe inside bathroom wall causing flooding,6.435055,3.420912,Closed,13/02/2026 04:03,Leak,Amuwo-Odofin LCDA,Ikeja,Ifako-Ijaiye
PP20080910541,09/10/2008,Zainab Eze,Female,2.34817E+12,zainab.eze38@hotmail.com,7902499775,Ikeja Division,Los Palmos,94127,Sewer overflow spreading wastewater near market area,6.55796,3.282778,Closed,13/02/2026 04:03,Sanitation failure,Bariga LCDA,Badagry,Amuwo-Odofin
PP20150529076,05/29/2015,Temitope Nnamdi,Female,2.34908E+12,temitope.nnamdi39@yahoo.com,33727398190,Lagos Island Division,Larkin,94102,Major pipe burst near primary school disrupting access road,6.503721,3.362062,Closed,13/02/2026 04:03,Leak,Lekki LCDA,Ikeja,Oshodi-Isolo
PP20131024350,10/24/2013,Seyi Nnamdi,Male,2.34814E+12,seyi.nnamdi91@hotmail.com,38688988671,Lagos Island Division,Broadmoor,94132,to obtain a final inspections for work completed under expired permit pp20120119847 including shower pan.,6.522175,3.399669,Closed,13/02/2026 04:03,Sanitation failure,Badagry Central LCDA,Badagry,Ajeromi-Ifelodun
PP20150217066,02/17/2015,Chisom Adebisi,Female,2.34812E+12,chisom.adebisi56@hotmail.com,81717215506,Ikeja Division,Lansdale,94127,installation of new shower tub;installation of new shower valve and shower head; intallation of 2 new sinks on vanity,6.608751,3.331969,Closed,13/02/2026 04:03,Sanitation failure,Ikoyi-Obalende LCDA,Epe,Ibeju-Lekki
PP20080627032,06/27/2008,Femi Ibrahim,Male,2.34811E+12,femi.ibrahim97@yahoo.com,3577964572,Badagry Division,Post,94109,Persistent dripping tap in kitchen wasting water daily,6.434916,2.876679,Closed,13/02/2026 04:03,Sanitation failure,Ikeja LCDA,Epe,Epe
PP20180108704,01/08/2018,Aisha Afolabi,Female,2.34803E+12,aisha.afolabi87@gmail.com,53223501398,Ikeja Division,Devonshire,94131,2 shower pans.,6.577799,3.41523,Closed,13/02/2026 04:03,Sanitation failure,Ojodu LCDA,Lagos Island,Eti-Osa
PP20190329480,03/29/2019,Ifeanyi Owolabi,Male,2.34813E+12,ifeanyi.owolabi98@hotmail.com,79765652565,Badagry Division,Beale,94105,Water main leakage along roadside causing traffic obstruction,6.469407,3.185078,Closed,13/02/2026 04:03,Leak,Agbado-Oke Odo LCDA,Lagos Island,Apapa
PP20130829716,08/29/2013,Chioma Adeyemi,Female,2.3481E+12,chioma.adeyemi36@yahoo.com,15109994388,Badagry Division,Grove,94117,Cracked underground pipe slowly flooding compound,6.437074,3.244678,Closed,13/02/2026 04:03,Sanitation failure,Ayobo-Ipaja LCDA,Badagry,Ojo
PP20180518544,05/18/2018,Zainab Yakubu,Female,2.34814E+12,zainab.yakubu65@outlook.com,82922945521,Ikeja Division,41st,94121,Water heater pipe leakage soaking utility area,6.577226,3.415928,Open,13/02/2026 04:03,Leak,Ikosi-Isheri LCDA,Ikeja,Somolu
PP20101013495,10/13/2010,Chioma Umeh,Female,2.3481E+12,chioma.umeh33@outlook.com,53813142389,Ikeja Division,Sutter,94108,Water pipeline rupture near highway causing erosion,6.613258,3.299182,Closed,13/02/2026 04:03,Sanitation failure,Ebute-Metta LCDA,Lagos Island,Eti-Osa
PP20090514328,05/14/2009,Abdulrahman Chukwu,Male,2.34819E+12,abdulrahman.chukwu39@gmail.com,48498702429,Badagry Division,22nd,94121,Toilet overflow due to heavily blocked drain system,6.44324,3.193639,Closed,13/02/2026 04:03,Blockage,Ayobo-Ipaja LCDA,Badagry,Ojo
PP20150716374,07/16/2015,Chioma Umeh,Female,2.34902E+12,chioma.umeh64@hotmail.com,1135150727,Lagos Island Division,Fulton,94118,Minor kitchen sink pipe leakage under cabinet,6.526926,3.393045,Closed,13/02/2026 04:03,Leak,Bariga LCDA,Badagry,Amuwo-Odofin
PP20130123625,01/23/2013,Aisha Yakubu,Female,2.34819E+12,aisha.yakubu42@yahoo.com,20327088544,Ikeja Division,Sutter,94109,Flooding due to collapsed drainage system after rainfall,6.587742,3.427713,Closed,13/02/2026 04:03,Blockage,Isolo LCDA,Ikeja,Ikeja
PP20180604988,06/04/2018,Olamide Ajayi,Male,2.34815E+12,olamide.ajayi42@hotmail.com,56729040172,Epe Division,Roosevelt,94114,remodel kitchen and 1 bathroom. adding 6 bathrooms.,6.474665,3.598462,Closed,13/02/2026 04:03,Sanitation failure,Ebute-Metta LCDA,Lagos Island,Eti-Osa
PP20150511522,05/11/2015,Amaka Ogunleye,Female,2.34817E+12,amaka.ogunleye73@yahoo.com,93570157723,Ikeja Division,Powell,94102,Cracked underground pipe slowly flooding compound,6.675023,3.327621,Closed,13/02/2026 04:03,Sanitation failure,Yaba LCDA,Ikeja,Alimosho
PP20131028464,10/28/2013,Bola Oladipo,Female,2.34806E+12,bola.oladipo88@gmail.com,93315780083,Badagry Division,Cyril Magnin,94102,Water main leakage along roadside causing traffic obstruction,6.437724,2.89389,Closed,13/02/2026 04:03,Leak,Iba LCDA,Ikeja,Agege
PP20180123120,01/23/2018,Temitope Adebisi,Female,2.34814E+12,temitope.adebisi71@hotmail.com,61906529306,Epe Division,26th,94121,Open manhole with visible sewage leakage on street,6.475737,3.572237,Closed,13/02/2026 04:03,Leak,Ikorodu West LCDA,Ikorodu,Ikorodu
PP20100524233,05/24/2010,Yetunde Bamidele,Female,2.34805E+12,yetunde.bamidele39@yahoo.com,80115450556,Ikeja Division,36th,94122,Blocked drainage channel causing street-level flooding,6.602617,3.338927,Closed,13/02/2026 04:03,Blockage,Lekki LCDA,Ikeja,Oshodi-Isolo
PP20110330115,03/30/2011,Uche Okafor,Male,2.34909E+12,uche.okafor21@outlook.com,15881464206,Ikeja Division,West Portal,94127,Flooding due to collapsed drainage system after rainfall,6.603255,3.345359,Closed,13/02/2026 04:03,Blockage,Ikorodu North LCDA,Ikorodu,Ikorodu
PP20190327394,03/27/2019,Amaka Mohammed,Female,2.3481E+12,amaka.mohammed24@hotmail.com,75681421231,Ikeja Division,Pine,94109,Minor kitchen sink pipe leakage under cabinet,6.58471,3.432586,Closed,13/02/2026 04:03,Leak,Eredo LCDA,Ikeja,Mushin
PP20110923236,09/23/2011,Chisom Danladi,Female,2.34908E+12,chisom.danladi19@yahoo.com,17223425927,Ikeja Division,07th,94118,sewerline & house trap replacement.,6.608754,3.34009,Closed,13/02/2026 04:03,Sanitation failure,Ojodu LCDA,Lagos Island,Eti-Osa
PP20080717571,07/17/2008,Chisom Bamidele,Female,2.34809E+12,chisom.bamidele70@outlook.com,34246220138,Ikeja Division,Webster,94123,Water pipeline rupture near highway causing erosion,6.552485,3.30005,Closed,13/02/2026 04:03,Sanitation failure,Itire-Ikate LCDA,Badagry,Badagry
PP20080829973,08/29/2008,Ifeanyi Ajayi,Male,2.34818E+12,ifeanyi.ajayi20@hotmail.com,29483356536,Badagry Division,Ardath,94124,Water pipeline rupture near highway causing erosion,6.457123,3.178864,Closed,13/02/2026 04:03,Sanitation failure,Epe LCDA,Badagry,Ajeromi-Ifelodun
PP20110728882,07/28/2011,Oluwaseun Chukwu,Male,2.34907E+12,oluwaseun.chukwu58@yahoo.com,92265105828,Ikeja Division,24th,94121,Septic tank backflow causing strong sewage odor indoors,6.665024,3.316049,Closed,13/02/2026 04:03,Sanitation failure,Orile-Agege LCDA,Ikeja,Kosofe
PP20090617086,06/17/2009,Chisom Okafor,Female,2.34819E+12,chisom.okafor89@yahoo.com,53999184414,Lagos Island Division,Leavenworth,94133,Water heater pipe leakage soaking utility area,6.447523,3.353394,Closed,13/02/2026 04:03,Leak,Ikotun-Ikosi LCDA,Lagos Island,Lagos Mainland
PP20130128777,01/28/2013,Amaka Afolabi,Female,2.34905E+12,amaka.afolabi15@yahoo.com,51058884902,Epe Division,Wheeler,94134,Toilet overflow due to heavily blocked drain system,6.440706,3.60553,Closed,13/02/2026 04:03,Blockage,Surulere LCDA,Lagos Island,Apapa
PP20110314663,03/14/2011,Femi Okoye,Male,2.34905E+12,femi.okoye26@outlook.com,78321418982,Ikorodu Division,Rosemary,94116,Severe shower pipe rupture flooding entire bathroom,6.630288,3.506737,Closed,13/02/2026 04:03,Sanitation failure,Ifako-Agege LCDA,Ikeja,Mushin
PP20081216647,12/16/2008,Tunde Balogun,Male,2.34808E+12,tunde.balogun51@gmail.com,38061825418,Badagry Division,Paris,94112,Underground water pipe burst near hospital entrance,6.461188,3.171283,Closed,13/02/2026 04:03,Leak,Oto-Awori LCDA,Lagos Island,Lagos Mainland
PP20110208897,02/08/2011,Oluwaseun Balogun,Male,2.34812E+12,oluwaseun.balogun19@yahoo.com,25879452452,Ikeja Division,Vermont,94107,Flooding due to collapsed drainage system after rainfall,6.600257,3.435673,Closed,13/02/2026 04:03,Blockage,Bariga LCDA,Badagry,Amuwo-Odofin
PP20190604385,06/04/2019,Seyi Nnamdi,Male,2.34808E+12,seyi.nnamdi93@gmail.com,91986323885,Badagry Division,Oak Park,94131,Blocked drainage channel causing street-level flooding,6.451567,3.260235,Closed,13/02/2026 04:03,Blockage,Isolo LCDA,Ikeja,Ikeja
PP20110211985,02/11/2011,Ifeanyi Adebisi,Male,2.34804E+12,ifeanyi.adebisi18@outlook.com,88542030054,Lagos Island Division,Amber,94131,Cracked underground pipe slowly flooding compound,6.455853,3.381333,Closed,13/02/2026 04:03,Sanitation failure,Ikorodu North LCDA,Ikorodu,Ikorodu
PP20190510697,05/10/2019,Kunle Yakubu,Male,2.3481E+12,kunle.yakubu48@yahoo.com,60075755961,Lagos Island Division,07th,94122,kitchen remodel and new powder room,6.428982,3.423219,Closed,13/02/2026 04:03,Sanitation failure,Oshodi-Bolade LCDA,Ikeja,Alimosho
PP20151023006,10/23/2015,Obinna Danladi,Male,2.34903E+12,obinna.danladi77@hotmail.com,23088300510,Ikeja Division,Folsom,94107,"install approx. 12-0 of 6"" class 50 ductile iron underground pipe connecting to the (n) 6"" lateral of sfpuc in compliance with fire service requirement.",6.610955,3.333813,Closed,13/02/2026 04:03,Sanitation failure,Odi-Olowo/Ojuwoye LCDA,Lagos Island,Lagos Island
PP20161021072,10/21/2016,Ifeanyi Nnamdi,Male,2.34904E+12,ifeanyi.nnamdi97@yahoo.com,91636631899,Ikorodu Division,Wisconsin,94107,Sudden burst water pipe inside bathroom wall causing flooding,6.618486,3.509691,Closed,13/02/2026 04:03,Leak,Ebute-Metta LCDA,Lagos Island,Eti-Osa
PP20130703171,07/03/2013,Obinna Nnamdi,Male,2.34817E+12,obinna.nnamdi20@gmail.com,20738768134,Lagos Island Division,Market,94114,Persistent dripping tap in kitchen wasting water daily,6.497423,3.350194,Closed,13/02/2026 04:03,Sanitation failure,Itire-Ikate LCDA,Badagry,Badagry
PP20180828385,08/28/2018,Amaka Adebisi,Female,2.34804E+12,amaka.adebisi81@hotmail.com,40884927640,Ikeja Division,Farragut,94112,Sudden burst water pipe inside bathroom wall causing flooding,6.57613,3.403854,Closed,13/02/2026 04:03,Leak,Odi-Olowo/Ojuwoye LCDA,Lagos Island,Lagos Island
PP20150202691,02/02/2015,Opeyemi Chukwu,Female,2.34804E+12,opeyemi.chukwu31@hotmail.com,60085617647,Lagos Island Division,18th,94116,Sudden burst water pipe inside bathroom wall causing flooding,6.463878,3.373644,Closed,13/02/2026 04:03,Leak,Ifako-Agege LCDA,Ikeja,Mushin
PP20121220940,12/20/2012,Chukwudi Yakubu,Male,2.34804E+12,chukwudi.yakubu14@yahoo.com,15365544166,Lagos Island Division,Larkin,94109,Sewer overflow spreading wastewater near market area,6.460336,3.372863,Closed,13/02/2026 04:03,Sanitation failure,Oriade LCDA,Lagos Island,Lagos Island
PP20170619340,06/19/2017,Ifeanyi Ekanem,Male,2.34817E+12,ifeanyi.ekanem14@outlook.com,73892219691,Ikorodu Division,Folsom,94103,Septic tank backflow causing strong sewage odor indoors,6.616378,3.484469,Closed,13/02/2026 04:03,Sanitation failure,Oto-Awori LCDA,Lagos Island,Lagos Mainland
PP20120206238,02/06/2012,Kelechi Eze,Male,2.34904E+12,kelechi.eze41@hotmail.com,62077905347,Badagry Division,Cabrillo,94118,Water main leakage along roadside causing traffic obstruction,6.446387,3.249358,Closed,13/02/2026 04:03,Leak,Oshodi-Bolade LCDA,Ikeja,Alimosho
PP20180327039,03/27/2018,Bola Akinyemi,Female,2.34813E+12,bola.akinyemi28@outlook.com,76457428890,Badagry Division,Church,94114,Blocked drainage channel causing street-level flooding,6.450894,3.177848,Closed,13/02/2026 04:03,Blockage,Badagry West LCDA,Ikeja,Kosofe
PP20140317041,03/17/2014,Chinedu Abiola,Male,2.34812E+12,chinedu.abiola13@outlook.com,63567445644,Ikeja Division,Jamestown,94124,Underground water pipe burst near hospital entrance,6.598602,3.423349,Closed,13/02/2026 04:03,Leak,Bariga LCDA,Badagry,Amuwo-Odofin
PP20190923625,09/23/2019,Chisom Ajayi,Female,2.34908E+12,chisom.ajayi55@outlook.com,30665911584,Lagos Island Division,23rd,94122,Sewer overflow spreading wastewater near market area,6.444854,3.378724,Closed,13/02/2026 04:03,Sanitation failure,Eredo LCDA,Ikeja,Mushin
PP20130703151,07/03/2013,Ayomide Yakubu,Male,2.34807E+12,ayomide.yakubu35@yahoo.com,61559553435,Lagos Island Division,Louisburg,94112,Water heater pipe leakage soaking utility area,6.52113,3.377065,Closed,13/02/2026 04:03,Leak,Ifako-Agege LCDA,Ikeja,Mushin
PP20140109269,01/09/2014,Adaeze Mohammed,Female,2.34904E+12,adaeze.mohammed59@yahoo.com,84426418466,Ikeja Division,Allison,94112,Major pipe burst near primary school disrupting access road,6.588262,3.411347,Closed,13/02/2026 04:03,Leak,Ikotun-Ikosi LCDA,Lagos Island,Lagos Mainland
PP20121205585,12/05/2012,Chisom Adebisi,Female,2.34807E+12,chisom.adebisi80@hotmail.com,97362879813,Ikeja Division,37th,94121,Underground water pipe burst near hospital entrance,6.674915,3.347952,Closed,13/02/2026 04:03,Leak,Ikoyi-Obalende LCDA,Epe,Ibeju-Lekki
PP20130416957,04/16/2013,Olamide Owolabi,Male,2.34906E+12,olamide.owolabi53@yahoo.com,7336527101,Badagry Division,Sutter,94115,Minor kitchen sink pipe leakage under cabinet,6.469155,3.182519,Closed,13/02/2026 04:03,Leak,Ayobo-Ipaja LCDA,Badagry,Ojo
PP20120803536,08/03/2012,Chukwudi Umeh,Male,2.34808E+12,chukwudi.umeh70@hotmail.com,84452076781,Ikeja Division,Raccoon,94114,Minor kitchen sink pipe leakage under cabinet,6.613668,3.332433,Closed,13/02/2026 04:03,Leak,Onigbongbo LCDA,Epe,Ibeju-Lekki
PP20160830521,08/30/2016,Chinedu Ekanem,Male,2.34803E+12,chinedu.ekanem60@outlook.com,41733976069,Lagos Island Division,Geneva,94112,Flooding due to collapsed drainage system after rainfall,6.536206,3.372927,Closed,13/02/2026 04:03,Blockage,Eredo LCDA,Ikeja,Mushin
PP20120710926,07/10/2012,Aisha Ogunleye,Female,2.34904E+12,aisha.ogunleye96@yahoo.com,24757498583,Ikeja Division,Post,94115,amend pw20120303710 address correction for work done - 2608 + 2610 +2612 post street.,6.670252,3.329112,Closed,13/02/2026 04:03,Sanitation failure,Apapa-Iganmu LCDA,Ikeja,Ifako-Ijaiye
PP20150820307,08/20/2015,Chukwudi Adebisi,Male,2.34907E+12,chukwudi.adebisi35@hotmail.com,17415205702,Ikeja Division,Jackson,94109,High-pressure pipe burst affecting multiple residential buildings,6.548582,3.294375,Closed,13/02/2026 04:03,Leak,Coker-Aguda LCDA,Ikeja,Agege
PP20170804588,08/04/2017,Obinna Owolabi,Male,2.34815E+12,obinna.owolabi54@outlook.com,59265856193,Ikeja Division,34th,94122,Cracked underground pipe slowly flooding compound,6.61223,3.29439,Closed,13/02/2026 04:03,Sanitation failure,Oshodi-Bolade LCDA,Ikeja,Alimosho
PP20180220938,02/20/2018,Seyi Ajayi,Male,2.34814E+12,seyi.ajayi79@gmail.com,41999638798,Epe Division,Waller,94117,Persistent dripping tap in kitchen wasting water daily,6.589002,3.978264,Closed,13/02/2026 04:03,Sanitation failure,Ikosi-Isheri LCDA,Ikeja,Somolu
PP20191101871,11/01/2019,Opeyemi Ajayi,Female,2.34812E+12,opeyemi.ajayi40@outlook.com,74847343134,Ikorodu Division,Mission,94110,High-pressure pipe burst affecting multiple residential buildings,6.631608,3.501732,Closed,13/02/2026 04:03,Leak,Orile-Agege LCDA,Ikeja,Kosofe
PP20091005455,10/05/2009,Kelechi Ogunleye,Male,2.34807E+12,kelechi.ogunleye70@hotmail.com,53935663424,Epe Division,09th,94122,Underground water pipe burst near hospital entrance,6.60112,3.966124,Closed,13/02/2026 04:03,Leak,Onigbongbo LCDA,Epe,Ibeju-Lekki
PP20160203618,02/03/2016,Chioma Nnamdi,Female,2.3481E+12,chioma.nnamdi54@gmail.com,94354715153,Lagos Island Division,Noe,94114,survey only,6.453148,3.363754,Closed,13/02/2026 04:03,Sanitation failure,Epe LCDA,Badagry,Ajeromi-Ifelodun
PP20140106154,01/06/2014,Emeka Abiola,Male,2.34907E+12,emeka.abiola69@gmail.com,5262938631,Ikeja Division,Mason,94102,b3055: remove and replace three 119-gallon tanks and related piping.,6.661844,3.332844,Closed,13/02/2026 04:03,Sanitation failure,Iba LCDA,Ikeja,Agege
PP20110512175,05/12/2011,Adaeze Akinyemi,Female,2.34904E+12,adaeze.akinyemi61@hotmail.com,47184568634,Lagos Island Division,Richland,94110,"bathroom addition, 1 tub, 1 toilet, 1 sink",6.445895,3.399732,Closed,13/02/2026 04:03,Sanitation failure,Badagry Central LCDA,Badagry,Ajeromi-Ifelodun
PP20081015140,10/15/2008,Bola Adebisi,Female,2.34813E+12,bola.adebisi85@outlook.com,20204683990,Lagos Island Division,Ellsworth,94110,Septic tank backflow causing strong sewage odor indoors,6.529427,3.354267,Closed,13/02/2026 04:03,Sanitation failure,Ifako-Agege LCDA,Ikeja,Mushin
PP20181128986,11/28/2018,Uche Ekanem,Male,2.34802E+12,uche.ekanem90@yahoo.com,62038556043,Ikorodu Division,18th,94121,Flooding due to collapsed drainage system after rainfall,6.609743,3.526792,Closed,13/02/2026 04:03,Blockage,Mosan-Okunola LCDA,Epe,Epe
PP20090202844,02/02/2009,Zainab Eze,Female,2.34903E+12,zainab.eze35@outlook.com,36146210443,Ikeja Division,30th,94131,Minor kitchen sink pipe leakage under cabinet,6.577482,3.404961,Closed,13/02/2026 04:03,Leak,Surulere LCDA,Lagos Island,Apapa
PP20080401388,04/01/2008,Ngozi Yakubu,Female,2.34906E+12,ngozi.yakubu88@gmail.com,71348203956,Lagos Island Division,11th,94122,Water pipeline rupture near highway causing erosion,6.446821,3.379679,Closed,13/02/2026 04:03,Sanitation failure,Amuwo-Odofin LCDA,Ikeja,Ifako-Ijaiye
PP20190502427,05/02/2019,Ijeoma Ibrahim,Female,2.34806E+12,ijeoma.ibrahim97@outlook.com,33504274677,Ikeja Division,Sanchez,94114,Public tap pipe severely damaged in residential community,6.590683,3.284487,Closed,13/02/2026 04:03,Sanitation failure,Coker-Aguda LCDA,Ikeja,Agege
PP20120510502,05/10/2012,Temitope Ekanem,Female,2.34809E+12,temitope.ekanem53@hotmail.com,11942907527,Ikeja Division,Bay Shore,94124,Major pipe burst near primary school disrupting access road,6.623974,3.313577,Closed,13/02/2026 04:03,Leak,Oriade LCDA,Lagos Island,Lagos Island
PP20130321246,03/21/2013,Yetunde Okoye,Female,2.3481E+12,yetunde.okoye62@outlook.com,2850860043,Badagry Division,Ellis,94109,Blocked drainage channel causing street-level flooding,6.465666,3.320909,Closed,13/02/2026 04:03,Blockage,Orile-Agege LCDA,Ikeja,Kosofe
PP20180815008,08/15/2018,Obinna Akinyemi,Male,2.34812E+12,obinna.akinyemi53@outlook.com,71570206087,Lagos Island Division,Lombard,94133,Persistent dripping tap in kitchen wasting water daily,6.517858,3.376744,Closed,13/02/2026 04:03,Sanitation failure,Coker-Aguda LCDA,Ikeja,Agege
PP20170921912,09/21/2017,Chioma Owolabi,Female,2.34805E+12,chioma.owolabi31@yahoo.com,23895440021,Lagos Island Division,Eddy,94115,"emergency replacement of boiler (serial #1006085546) with raypak model #w7-850, 850k btu (serial #1708388989.)",6.460889,3.386576,Closed,13/02/2026 04:03,Sanitation failure,Surulere LCDA,Lagos Island,Apapa
PP20180625633,06/25/2018,Uche Abiola,Male,2.3481E+12,uche.abiola16@hotmail.com,90426795494,Lagos Island Division,Buchanan,94102,Major pipe burst near primary school disrupting access road,6.43261,3.420296,Closed,13/02/2026 04:03,Leak,Ikotun-Ikosi LCDA,Lagos Island,Lagos Mainland
PP20180131385,01/31/2018,Olamide Abiola,Male,2.34909E+12,olamide.abiola97@yahoo.com,5523357884,Lagos Island Division,Charles,94131,Bathroom floor drain completely clogged with wastewater backup,6.436409,3.43641,Closed,13/02/2026 04:03,Blockage,Onigbongbo LCDA,Epe,Ibeju-Lekki
PP20190614727,06/14/2019,Ifeanyi Adebisi,Male,2.34906E+12,ifeanyi.adebisi53@hotmail.com,77933247780,Badagry Division,23rd,94114,Water heater pipe leakage soaking utility area,6.469794,3.172226,Closed,13/02/2026 04:03,Leak,Agbado-Oke Odo LCDA,Lagos Island,Apapa
PP20080220193,02/20/2008,Olamide Oladipo,Male,2.34902E+12,olamide.oladipo74@yahoo.com,35432189230,Ikorodu Division,Cesar Chavez,94131,High-pressure pipe burst affecting multiple residential buildings,6.633165,3.513631,Closed,13/02/2026 04:03,Leak,Bariga LCDA,Badagry,Amuwo-Odofin
PP20161229807,12/29/2016,Oluwaseun Eze,Male,2.3491E+12,oluwaseun.eze82@outlook.com,9839351560,Epe Division,Daniel Burnham,94109,remodel kitchen and bathroom,6.476871,3.599665,Closed,13/02/2026 04:03,Sanitation failure,Itire-Ikate LCDA,Badagry,Badagry
PP20140521899,05/21/2014,Adebayo Yakubu,Male,2.34815E+12,adebayo.yakubu78@gmail.com,75831871774,Badagry Division,45th,94116,Flooding due to collapsed drainage system after rainfall,6.438884,3.249642,Closed,13/02/2026 04:03,Blockage,Yaba LCDA,Ikeja,Alimosho
PP20180808799,08/08/2018,Bola Balogun,Female,2.34904E+12,bola.balogun39@yahoo.com,66359558197,Ikeja Division,Clay,94109,Sewer overflow spreading wastewater near market area,6.521985,3.338921,Closed,13/02/2026 04:03,Sanitation failure,Isolo LCDA,Ikeja,Ikeja
PP20121130456,11/30/2012,Chinedu Bamidele,Male,2.34903E+12,chinedu.bamidele83@gmail.com,70134456065,Badagry Division,26th,94132,Water pipeline rupture near highway causing erosion,6.470167,3.358416,Closed,13/02/2026 04:03,Sanitation failure,Ojodu LCDA,Lagos Island,Eti-Osa
PP20180206561,02/06/2018,Adebayo Owolabi,Male,2.34815E+12,adebayo.owolabi91@outlook.com,45754580228,Lagos Island Division,Pierce,94117,Septic tank backflow causing strong sewage odor indoors,6.430399,3.358677,Open,13/02/2026 04:03,Sanitation failure,Egbe-Idimu LCDA,Ikeja,Ikeja
PP20081028656,10/28/2008,Ayomide Okoye,Male,2.34813E+12,ayomide.okoye66@outlook.com,25894988578,Ikeja Division,Donner,94124,Underground water pipe burst near hospital entrance,6.608205,3.352731,Closed,13/02/2026 04:03,Leak,Ikorodu West LCDA,Ikorodu,Ikorodu
PP20140224458,02/24/2014,Ijeoma Bamidele,Female,2.34818E+12,ijeoma.bamidele41@yahoo.com,87371289312,Ikorodu Division,Niagara,94112,Water pipeline rupture near highway causing erosion,6.618269,3.497508,Closed,13/02/2026 04:03,Sanitation failure,Badagry Central LCDA,Badagry,Ajeromi-Ifelodun
PP20131212669,12/12/2013,Femi Balogun,Male,2.34812E+12,femi.balogun84@yahoo.com,68672605213,Ikeja Division,Octavia,94109,Severe shower pipe rupture flooding entire bathroom,6.617828,3.328432,Closed,13/02/2026 04:03,Sanitation failure,Ikorodu West LCDA,Ikorodu,Ikorodu
PP20171207961,12/07/2017,Ngozi Nwosu,Female,2.34809E+12,ngozi.nwosu31@outlook.com,85874717026,Epe Division,Broadway,94109,remove and replace vanity.,6.448101,3.596946,Closed,13/02/2026 04:03,Sanitation failure,Egbe-Idimu LCDA,Ikeja,Ikeja
PP20140728755,07/28/2014,Uche Adebisi,Male,2.34809E+12,uche.adebisi50@outlook.com,36062181223,Lagos Island Division,28th,94121,replace u/g water service line.,6.506484,3.361317,Closed,13/02/2026 04:03,Sanitation failure,Yaba LCDA,Ikeja,Alimosho
PP20090317946,03/17/2009,Chinedu Mohammed,Male,2.34909E+12,chinedu.mohammed23@outlook.com,66897554155,Badagry Division,15th,94118,High-pressure pipe burst affecting multiple residential buildings,6.452291,3.260743,Closed,13/02/2026 04:03,Leak,Ikoyi-Obalende LCDA,Epe,Ibeju-Lekki
PP20111202872,12/02/2011,Chioma Nnamdi,Female,2.34817E+12,chioma.nnamdi97@yahoo.com,45432038666,Badagry Division,Mcallister,94115,Flooding due to collapsed drainage system after rainfall,6.452243,3.25904,Closed,13/02/2026 04:03,Blockage,Eredo LCDA,Ikeja,Mushin
PP20081117527,11/17/2008,Oluwaseun Ajayi,Male,2.34819E+12,oluwaseun.ajayi62@hotmail.com,36179784971,Ikorodu Division,Clay,94118,"unit #3: replace 3/4 galv. to copper pipe, one line kitchen sink",6.616425,3.52362,Closed,13/02/2026 04:03,Sanitation failure,Ikosi-Isheri LCDA,Ikeja,Somolu
PP20120207278,02/07/2012,Chisom Ajayi,Female,2.34817E+12,chisom.ajayi70@hotmail.com,99798553768,Badagry Division,Cambridge,94134,Cracked underground pipe slowly flooding compound,6.469908,3.335241,Closed,13/02/2026 04:03,Sanitation failure,Orile-Agege LCDA,Ikeja,Kosofe
PP20170614168,06/14/2017,Uche Nnamdi,Male,2.34909E+12,uche.nnamdi44@hotmail.com,9778689788,Badagry Division,Fillmore,94115,p-traps to be removed and replace in kitchen and bathroom.,6.437299,3.25287,Closed,13/02/2026 04:03,Sanitation failure,Agboyi-Ketu LCDA,Lagos Island,Surulere
PP20090818429,08/18/2009,Temitope Ajayi,Female,2.34811E+12,temitope.ajayi11@gmail.com,2563913539,Ikeja Division,Filbert,94133,Toilet overflow due to heavily blocked drain system,6.59348,3.345117,Closed,13/02/2026 04:03,Blockage,Egbe-Idimu LCDA,Ikeja,Ikeja
PP20180509283,05/09/2018,Uche Okafor,Male,2.34807E+12,uche.okafor65@yahoo.com,18096825883,Lagos Island Division,Sanchez,94114,Bathroom floor drain completely clogged with wastewater backup,6.424946,3.411238,Closed,13/02/2026 04:03,Blockage,Itire-Ikate LCDA,Badagry,Badagry
PP20121105822,11/05/2012,Zainab Ajayi,Female,2.34901E+12,zainab.ajayi64@yahoo.com,77652389675,Ikeja Division,Cesar Chavez,94131,Sewer overflow spreading wastewater near market area,6.604548,3.430013,Closed,13/02/2026 04:03,Sanitation failure,Isolo LCDA,Ikeja,Ikeja
PP20180411460,04/11/2018,Chinedu Adeyemi,Male,2.34803E+12,chinedu.adeyemi80@gmail.com,8228373142,Badagry Division,Country Club,94132,Persistent dripping tap in kitchen wasting water daily,6.469204,3.237771,Closed,13/02/2026 04:03,Sanitation failure,Agboyi-Ketu LCDA,Lagos Island,Surulere
PP20190829942,08/29/2019,Ayomide Chukwu,Male,2.34907E+12,ayomide.chukwu51@outlook.com,32038659835,Lagos Island Division,Stockton,94133,Public tap pipe severely damaged in residential community,6.525113,3.366265,Closed,13/02/2026 04:03,Sanitation failure,Egbe-Idimu LCDA,Ikeja,Ikeja
PP20190710426,07/10/2019,Seyi Yakubu,Male,2.34813E+12,seyi.yakubu13@outlook.com,22997478161,Badagry Division,Kirkham,94122,Septic tank backflow causing strong sewage odor indoors,6.408043,2.875819,Closed,13/02/2026 04:03,Sanitation failure,Ikotun-Ikosi LCDA,Lagos Island,Lagos Mainland
PP20100324839,03/24/2010,Oluwaseun Adeyemi,Male,2.34907E+12,oluwaseun.adeyemi89@outlook.com,62738313472,Ikeja Division,Van Ness,94109,outside the bldg. : install new vented trap,6.627896,3.332038,Closed,13/02/2026 04:03,Sanitation failure,Badagry West LCDA,Ikeja,Kosofe
PP20180214854,02/14/2018,Aisha Adebisi,Female,2.34818E+12,aisha.adebisi58@hotmail.com,88927551761,Ikeja Division,Jefferson,94133,Open manhole with visible sewage leakage on street,6.626184,3.342041,Closed,13/02/2026 04:03,Leak,Ojokoro LCDA,Badagry,Amuwo-Odofin
PP20140121543,01/21/2014,Ifeanyi Ekanem,Male,2.34909E+12,ifeanyi.ekanem15@hotmail.com,34891641924,Badagry Division,Turk,94102,"units 7/14/16/18/20: replace bathrom fixtures, kitchen fixtures & gas line.",6.438036,2.870206,Closed,13/02/2026 04:03,Sanitation failure,Odi-Olowo/Ojuwoye LCDA,Lagos Island,Lagos Island
PP20081204155,12/04/2008,Zainab Abiola,Female,2.34814E+12,zainab.abiola40@outlook.com,90605506729,Ikeja Division,Los Palmos,94127,Cracked underground pipe slowly flooding compound,6.614392,3.362964,Open,13/02/2026 04:03,Sanitation failure,Ikeja LCDA,Epe,Epe
PP20181206237,12/06/2018,Aisha Nnamdi,Female,2.34818E+12,aisha.nnamdi31@gmail.com,1083648854,Ikeja Division,Steiner,94117,Persistent dripping tap in kitchen wasting water daily,6.592066,3.361571,Closed,13/02/2026 04:03,Sanitation failure,Ikotun-Ikosi LCDA,Lagos Island,Lagos Mainland
PP20140821459,08/21/2014,Olamide Ogunleye,Male,2.3482E+12,olamide.ogunleye91@hotmail.com,90348112260,Ikeja Division,Broadway,94115,to obtain a final inspection for work completed under expired permit pw20130225906.,6.605161,3.349225,Closed,13/02/2026 04:03,Sanitation failure,Mosan-Okunola LCDA,Epe,Epe
PP20170206727,02/06/2017,Abdulrahman Ojo,Male,2.34904E+12,abdulrahman.ojo56@yahoo.com,10898220421,Epe Division,Ellis,94102,Major pipe burst near primary school disrupting access road,6.575761,3.976409,Closed,13/02/2026 04:03,Leak,Lekki LCDA,Ikeja,Oshodi-Isolo
PP20150728646,07/28/2015,Kelechi Afolabi,Male,2.34806E+12,kelechi.afolabi36@yahoo.com,27701070597,Badagry Division,Palou,94124,Sewer overflow spreading wastewater near market area,6.435498,2.885007,Closed,13/02/2026 04:03,Sanitation failure,Epe LCDA,Badagry,Ajeromi-Ifelodun
PP20090408517,04/08/2009,Chioma Bamidele,Female,2.34807E+12,chioma.bamidele53@yahoo.com,76779213417,Lagos Island Division,California,94108,remodel kitchen and bathroom in unit #38.,6.456621,3.351091,Closed,13/02/2026 04:03,Sanitation failure,Epe LCDA,Badagry,Ajeromi-Ifelodun
PP20130613617,06/13/2013,Emeka Akinyemi,Male,2.34902E+12,emeka.akinyemi42@outlook.com,73444883070,Ikeja Division,Columbus,94133,Septic tank backflow causing strong sewage odor indoors,6.601201,3.30582,Closed,13/02/2026 04:03,Sanitation failure,Ojodu LCDA,Lagos Island,Eti-Osa
PP20180411444,04/11/2018,Abdulrahman Umeh,Male,2.34809E+12,abdulrahman.umeh65@outlook.com,63036718471,Ikeja Division,London,94112,Blocked drainage channel causing street-level flooding,6.602004,3.331848,Closed,13/02/2026 04:03,Blockage,Oto-Awori LCDA,Lagos Island,Lagos Mainland
PP20080528027,05/28/2008,Ijeoma Eze,Female,2.34903E+12,ijeoma.eze52@outlook.com,13324103551,Badagry Division,29th,94122,Bathroom floor drain completely clogged with wastewater backup,6.41534,2.886114,Closed,13/02/2026 04:03,Blockage,Ayobo-Ipaja LCDA,Badagry,Ojo
PP20080904275,09/04/2008,Aisha Adebisi,Female,2.34819E+12,aisha.adebisi63@outlook.com,53900137242,Badagry Division,Fillmore,94115,"two water mains, instead of 3 per pw20080608131: 2 water main for units #1375 and 1395 only",6.448209,3.253958,Closed,13/02/2026 04:03,Sanitation failure,Agbado-Oke Odo LCDA,Lagos Island,Apapa
PP20150302470,03/02/2015,Uche Nwosu,Male,2.34815E+12,uche.nwosu77@gmail.com,73778196903,Ikeja Division,Topeka,94124,Water heater pipe leakage soaking utility area,6.615929,3.302346,Closed,13/02/2026 04:03,Leak,Iba LCDA,Ikeja,Agege
PP20160111917,01/11/2016,Chinedu Nnamdi,Male,2.34908E+12,chinedu.nnamdi92@gmail.com,33644294471,Ikeja Division,Broadway,94123,Minor kitchen sink pipe leakage under cabinet,6.599142,3.292158,Closed,13/02/2026 04:03,Leak,Agbado-Oke Odo LCDA,Lagos Island,Apapa
PP20090617061,06/17/2009,Abdulrahman Balogun,Male,2.34907E+12,abdulrahman.balogun49@hotmail.com,73874484850,Ikeja Division,Post,94102,Severe shower pipe rupture flooding entire bathroom,6.627448,3.344946,Closed,13/02/2026 04:03,Sanitation failure,Ifako-Ijaiye LCDA,Badagry,Badagry
PP20130927533,09/27/2013,Uche Afolabi,Male,2.34902E+12,uche.afolabi95@gmail.com,70154156273,Badagry Division,25th,94116,"remodel kitchen & bathroom & replace like in kind, new water heater.",6.401271,2.888515,Closed,13/02/2026 04:03,Sanitation failure,Yaba LCDA,Ikeja,Alimosho
PP20140605287,06/05/2014,Tunde Yakubu,Male,2.34816E+12,tunde.yakubu19@yahoo.com,98624887784,Badagry Division,Geary,94118,Severe shower pipe rupture flooding entire bathroom,6.446918,3.333769,Closed,13/02/2026 04:03,Sanitation failure,Epe LCDA,Badagry,Ajeromi-Ifelodun
PP20140708188,07/08/2014,Tunde Afolabi,Male,2.34812E+12,tunde.afolabi39@yahoo.com,85595682594,Ikeja Division,08th,94118,Minor kitchen sink pipe leakage under cabinet,6.688778,3.319121,Closed,13/02/2026 04:03,Leak,Badagry West LCDA,Ikeja,Kosofe
PP20160418720,04/18/2016,Abdulrahman Owolabi,Male,2.34908E+12,abdulrahman.owolabi67@hotmail.com,37213263984,Ikeja Division,20th,94110,Public tap pipe severely damaged in residential community,6.600657,3.30264,Closed,13/02/2026 04:03,Sanitation failure,Lekki LCDA,Ikeja,Oshodi-Isolo
PP20140227577,02/27/2014,Chioma Adebisi,Female,2.34907E+12,chioma.adebisi91@hotmail.com,21550646346,Ikeja Division,Irving,94122,Toilet overflow due to heavily blocked drain system,6.538172,3.301772,Closed,13/02/2026 04:03,Blockage,Apapa-Iganmu LCDA,Ikeja,Ifako-Ijaiye
PP20180426905,04/26/2018,Ijeoma Ojo,Female,2.34908E+12,ijeoma.ojo66@outlook.com,50012091165,Epe Division,12th,94118,Cracked underground pipe slowly flooding compound,6.475964,3.578657,Closed,13/02/2026 04:03,Sanitation failure,Ikoyi-Obalende LCDA,Epe,Ibeju-Lekki
PP20180419681,04/19/2018,Femi Ojo,Male,2.34812E+12,femi.ojo92@outlook.com,89420012994,Ikeja Division,41st,94121,survey inspection,6.61314,3.343442,Closed,13/02/2026 04:03,Sanitation failure,Egbe-Idimu LCDA,Ikeja,Ikeja
PP20171003232,10/03/2017,Aisha Eze,Female,2.34819E+12,aisha.eze32@hotmail.com,63955154530,Badagry Division,Quesada,94124,High-pressure pipe burst affecting multiple residential buildings,6.470915,3.335968,Closed,13/02/2026 04:03,Leak,Igbogbo-Baiyeku LCDA,Badagry,Ojo
PP20111128741,11/28/2011,Adebayo Nnamdi,Male,2.34817E+12,adebayo.nnamdi21@hotmail.com,82036338581,Badagry Division,44th,94122,Cracked underground pipe slowly flooding compound,6.446609,3.253701,Closed,13/02/2026 04:03,Sanitation failure,Ojodu LCDA,Lagos Island,Eti-Osa
PP20151207063,12/07/2015,Abdulrahman Oladipo,Male,2.34805E+12,abdulrahman.oladipo58@hotmail.com,66798712106,Lagos Island Division,Stonecrest,94132,"kitchen remodel, 2 bathroom remodel on 2nd floor, 1 half toilet in basement",6.447563,3.363578,Closed,13/02/2026 04:03,Sanitation failure,Ikosi-Isheri LCDA,Ikeja,Somolu
PP20121129406,11/29/2012,Aisha Ekanem,Female,2.34817E+12,aisha.ekanem22@hotmail.com,74983034749,Ikeja Division,Clement,94118,Persistent dripping tap in kitchen wasting water daily,6.664831,3.326774,Closed,13/02/2026 04:03,Sanitation failure,Ikoyi-Obalende LCDA,Epe,Ibeju-Lekki
PP20130415949,04/15/2013,Olamide Balogun,Male,2.34803E+12,olamide.balogun77@outlook.com,85722853733,Ikeja Division,Grand View,94114,move toilet in guest bath & install new vanity & tub. install (n) kitchen sink.,6.5991,3.29465,Closed,13/02/2026 04:03,Sanitation failure,Ikosi-Isheri LCDA,Ikeja,Somolu
PP20180723366,07/23/2018,Bola Ojo,Female,2.34903E+12,bola.ojo81@yahoo.com,66796776032,Badagry Division,Spear,94105,Open manhole with visible sewage leakage on street,6.44189,3.23886,Closed,13/02/2026 04:03,Leak,Ikosi-Isheri LCDA,Ikeja,Somolu
PP20190819579,08/19/2019,Femi Nwosu,Male,2.34902E+12,femi.nwosu43@gmail.com,89784494167,Badagry Division,Cabrillo,94118,"for unit 1433: replace a house trap and 4"" sewer pipe about 9 feet.",6.417587,2.887127,Closed,13/02/2026 04:03,Sanitation failure,Igbogbo-Baiyeku LCDA,Badagry,Ojo
PP20131206532,12/06/2013,Opeyemi Adebisi,Female,2.3481E+12,opeyemi.adebisi19@gmail.com,47536784870,Badagry Division,Clay,94115,Septic tank backflow causing strong sewage odor indoors,6.422829,2.880689,Closed,13/02/2026 04:03,Sanitation failure,Ikoyi-Obalende LCDA,Epe,Ibeju-Lekki
PP20191004010,10/04/2019,Obinna Ibrahim,Male,2.34907E+12,obinna.ibrahim74@hotmail.com,77605151169,Lagos Island Division,31st,94116,Bathroom floor drain completely clogged with wastewater backup,6.458181,3.400208,Closed,13/02/2026 04:03,Blockage,Ojokoro LCDA,Badagry,Amuwo-Odofin
PP20151016808,10/16/2015,Kelechi Bamidele,Male,2.34813E+12,kelechi.bamidele81@yahoo.com,4084432768,Ikeja Division,Laguna,94102,Blocked drainage channel causing street-level flooding,6.619948,3.327743,Closed,13/02/2026 04:03,Blockage,Ikorodu West LCDA,Ikorodu,Ikorodu
PP20131114950,11/14/2013,Aisha Afolabi,Female,2.34804E+12,aisha.afolabi63@outlook.com,50446900558,Epe Division,22nd,94107,"rough-ion & finish plumbing as per plans for 4 new bathrooms, 2 kitchens, 2 laundry.",6.585494,3.987241,Closed,13/02/2026 04:03,Sanitation failure,Iba LCDA,Ikeja,Agege
PP20120525892,05/25/2012,Chukwudi Adeyemi,Male,2.34807E+12,chukwudi.adeyemi68@gmail.com,24405357728,Badagry Division,Greenwich,94123,Water main leakage along roadside causing traffic obstruction,6.450072,3.229135,Closed,13/02/2026 04:03,Leak,Ayobo-Ipaja LCDA,Badagry,Ojo
PP20100610693,06/10/2010,Temitope Bamidele,Female,2.34906E+12,temitope.bamidele68@outlook.com,30847647034,Ikeja Division,Presidio,94115,Minor kitchen sink pipe leakage under cabinet,6.603405,3.373625,Closed,13/02/2026 04:03,Leak,Lekki LCDA,Ikeja,Oshodi-Isolo
PP20161104431,11/04/2016,Obinna Yakubu,Male,2.34909E+12,obinna.yakubu70@outlook.com,35809106187,Epe Division,18th,94110,Blocked drainage channel causing street-level flooding,6.5804,3.976319,Closed,13/02/2026 04:03,Blockage,Badagry Central LCDA,Badagry,Ajeromi-Ifelodun
PP20181015726,10/15/2018,Chisom Eze,Female,2.34809E+12,chisom.eze47@outlook.com,90252899151,Badagry Division,Tehama,94103,Water pipeline rupture near highway causing erosion,6.470433,3.336424,Closed,13/02/2026 04:03,Sanitation failure,Ayobo-Ipaja LCDA,Badagry,Ojo
PP20161208262,12/08/2016,Chisom Ekanem,Female,2.34904E+12,chisom.ekanem17@hotmail.com,29881721972,Lagos Island Division,California,94109,Water pipeline rupture near highway causing erosion,6.445027,3.409321,Closed,13/02/2026 04:03,Sanitation failure,Odi-Olowo/Ojuwoye LCDA,Lagos Island,Lagos Island
PP20191212921,12/12/2019,Chisom Oladipo,Female,2.34819E+12,chisom.oladipo74@gmail.com,75011651041,Badagry Division,09th,94118,Water main leakage along roadside causing traffic obstruction,6.474014,3.339204,Open,13/02/2026 04:03,Leak,Ikotun-Ikosi LCDA,Lagos Island,Lagos Mainland
PP20140213188,02/13/2014,Kelechi Ajayi,Male,2.34819E+12,kelechi.ajayi52@hotmail.com,99518463124,Ikorodu Division,Gold Mine,94131,Severe shower pipe rupture flooding entire bathroom,6.617979,3.513887,Closed,13/02/2026 04:03,Sanitation failure,Ikosi-Isheri LCDA,Ikeja,Somolu
PP20170124405,01/24/2017,Tunde Yakubu,Male,2.34903E+12,tunde.yakubu35@outlook.com,3318585103,Badagry Division,West Point,94124,Major pipe burst near primary school disrupting access road,6.460295,3.258723,Closed,13/02/2026 04:03,Leak,Ikoyi-Obalende LCDA,Epe,Ibeju-Lekki
PP20090120537,01/20/2009,Aisha Owolabi,Female,2.34806E+12,aisha.owolabi43@gmail.com,7048037707,Ikeja Division,39th,94122,Major pipe burst near primary school disrupting access road,6.57187,3.424902,Closed,13/02/2026 04:03,Leak,Egbe-Idimu LCDA,Ikeja,Ikeja
PP20150915964,09/15/2015,Ijeoma Chukwu,Female,2.34818E+12,ijeoma.chukwu11@gmail.com,26904334261,Ikeja Division,Arch,94132,Water heater pipe leakage soaking utility area,6.601153,3.352229,Closed,13/02/2026 04:03,Leak,Odi-Olowo/Ojuwoye LCDA,Lagos Island,Lagos Island
PP20080227376,02/27/2008,Chisom Okoye,Female,2.34816E+12,chisom.okoye35@hotmail.com,5067136513,Epe Division,19th,94114,Water main leakage along roadside causing traffic obstruction,6.584732,3.982098,Closed,13/02/2026 04:03,Leak,Lekki LCDA,Ikeja,Oshodi-Isolo
PP20180125242,01/25/2018,Femi Adeyemi,Male,2.34812E+12,femi.adeyemi85@gmail.com,28511245400,Ikeja Division,Van Dyke,94124,Minor kitchen sink pipe leakage under cabinet,6.595217,3.415863,Closed,13/02/2026 04:03,Leak,Ayobo-Ipaja LCDA,Badagry,Ojo
PP20140220361,02/20/2014,Aisha Adebisi,Female,2.34806E+12,aisha.adebisi96@yahoo.com,69695810558,Lagos Island Division,18th,94121,Septic tank backflow causing strong sewage odor indoors,6.442905,3.390765,Closed,13/02/2026 04:03,Sanitation failure,Oto-Awori LCDA,Lagos Island,Lagos Mainland
PP20090305668,03/05/2009,Kelechi Ogunleye,Male,2.34909E+12,kelechi.ogunleye14@gmail.com,90095455397,Lagos Island Division,Divisadero,94123,replace sewer lateral.,6.526187,3.391492,Closed,13/02/2026 04:03,Sanitation failure,Isolo LCDA,Ikeja,Ikeja
PP20120327436,03/27/2012,Yetunde Ojo,Female,2.34908E+12,yetunde.ojo59@yahoo.com,45107584769,Lagos Island Division,Turk,94102,Major pipe burst near primary school disrupting access road,6.460131,3.386195,Closed,13/02/2026 04:03,Leak,Amuwo-Odofin LCDA,Ikeja,Ifako-Ijaiye
PP20190116309,01/16/2019,Chisom Abiola,Female,2.34909E+12,chisom.abiola67@yahoo.com,6358884359,Badagry Division,Church,94131,(n) bathroom at ground floor,6.491552,3.335948,Closed,13/02/2026 04:03,Sanitation failure,Ojodu LCDA,Lagos Island,Eti-Osa
PP20181120826,11/20/2018,Adebayo Balogun,Male,2.34818E+12,adebayo.balogun87@hotmail.com,49479404442,Epe Division,Vienna,94112,Major pipe burst near primary school disrupting access road,6.596754,3.982083,Closed,13/02/2026 04:03,Leak,Lekki LCDA,Ikeja,Oshodi-Isolo
PP20130211151,02/11/2013,Oluwaseun Mohammed,Male,2.34814E+12,oluwaseun.mohammed83@hotmail.com,84148758610,Ikeja Division,Duncan,94110,Water heater pipe leakage soaking utility area,6.614334,3.303395,Closed,13/02/2026 04:03,Leak,Ayobo-Ipaja LCDA,Badagry,Ojo
PP20130419098,04/19/2013,Ifeanyi Afolabi,Male,2.34807E+12,ifeanyi.afolabi71@yahoo.com,23841941854,Ikeja Division,Market,94105,Underground water pipe burst near hospital entrance,6.627682,3.346574,Closed,13/02/2026 04:03,Leak,Egbe-Idimu LCDA,Ikeja,Ikeja
PP20080923130,09/23/2008,Ayomide Ibrahim,Male,2.34814E+12,ayomide.ibrahim46@gmail.com,16619599274,Ikeja Division,Sacramento,94111,Low water pressure affecting entire household supply,6.610522,3.348349,Closed,13/02/2026 04:03,Sanitation failure,Badagry Central LCDA,Badagry,Ajeromi-Ifelodun
PP20080307711,03/07/2008,Amaka Danladi,Female,2.34814E+12,amaka.danladi57@yahoo.com,76705241350,Ikorodu Division,Paris,94112,Minor kitchen sink pipe leakage under cabinet,6.613683,3.513826,Closed,13/02/2026 04:03,Leak,Orile-Agege LCDA,Ikeja,Kosofe
PP20100105268,01/05/2010,Adaeze Ajayi,Female,2.34901E+12,adaeze.ajayi96@hotmail.com,11844592823,Badagry Division,24th,94114,Underground water pipe burst near hospital entrance,6.424331,2.882773,Closed,13/02/2026 04:03,Leak,Lekki LCDA,Ikeja,Oshodi-Isolo
PP20190315049,03/15/2019,Opeyemi Akinyemi,Female,2.34814E+12,opeyemi.akinyemi70@outlook.com,89757039311,Ikeja Division,Buchanan,94102,Low water pressure affecting entire household supply,6.626152,3.350526,Closed,13/02/2026 04:03,Sanitation failure,Ikosi-Isheri LCDA,Ikeja,Somolu
PP20080710347,07/10/2008,Emeka Umeh,Male,2.34908E+12,emeka.umeh57@hotmail.com,98563224516,Ikorodu Division,Maynard,94112,Blocked drainage channel causing street-level flooding,6.610237,3.502131,Closed,13/02/2026 04:03,Blockage,Bariga LCDA,Badagry,Amuwo-Odofin
PP20120511546,05/11/2012,Aisha Chukwu,Female,2.34814E+12,aisha.chukwu93@gmail.com,60633282327,Ikorodu Division,Vallejo,94123,"#401: replace shower valve & shower pan. new kitchen faucet, bathroom sink trim only.",6.617996,3.513576,Closed,13/02/2026 04:03,Sanitation failure,Ikoyi-Obalende LCDA,Epe,Ibeju-Lekki
PP20130116496,01/16/2013,Chukwudi Balogun,Male,2.34903E+12,chukwudi.balogun50@gmail.com,79746279175,Ikorodu Division,Junior,94112,"add two new bathroom. g/f - relocate bathroom, 1/f: add new bathroom.",6.614154,3.524022,Closed,13/02/2026 04:03,Sanitation failure,Ikorodu West LCDA,Ikorodu,Ikorodu
PP20120827098,08/27/2012,Chukwudi Oladipo,Male,2.34813E+12,chukwudi.oladipo86@hotmail.com,15912408920,Epe Division,Townsend,94107,Major pipe burst near primary school disrupting access road,6.588241,3.983994,Closed,13/02/2026 04:03,Leak,Itire-Ikate LCDA,Badagry,Badagry
PP20180305328,03/05/2018,Ngozi Ajayi,Female,2.3482E+12,ngozi.ajayi26@yahoo.com,50263864827,Ikeja Division,46th,94116,Toilet overflow due to heavily blocked drain system,6.601141,3.322842,Closed,13/02/2026 04:03,Blockage,Ikosi-Isheri LCDA,Ikeja,Somolu
PP20081209384,12/09/2008,Ifeanyi Nwosu,Male,2.3491E+12,ifeanyi.nwosu71@hotmail.com,73038902721,Badagry Division,Franklin,94109,church: remodel 2 existing bathrooms to handicap; adding one new bathroom (handicap),6.46951,3.311974,Closed,13/02/2026 04:03,Sanitation failure,Mosan-Okunola LCDA,Epe,Epe
PP20090219342,02/19/2009,Chukwudi Ajayi,Male,2.34908E+12,chukwudi.ajayi29@outlook.com,8926927874,Lagos Island Division,43rd,94122,Persistent dripping tap in kitchen wasting water daily,6.464226,3.393118,Closed,13/02/2026 04:03,Sanitation failure,Igbogbo-Baiyeku LCDA,Badagry,Ojo
PP20151027068,10/27/2015,Chinedu Nnamdi,Male,2.3481E+12,chinedu.nnamdi25@outlook.com,91571568810,Ikorodu Division,Summit,94132,Severe shower pipe rupture flooding entire bathroom,6.651831,3.533579,Open,13/02/2026 04:03,Sanitation failure,Ojodu LCDA,Lagos Island,Eti-Osa
PP20110825555,08/25/2011,Abdulrahman Danladi,Male,2.34909E+12,abdulrahman.danladi75@hotmail.com,65999380644,Badagry Division,Bryant,94103,Blocked drainage channel causing street-level flooding,6.448186,3.248937,Closed,13/02/2026 04:03,Blockage,Apapa-Iganmu LCDA,Ikeja,Ifako-Ijaiye
PP20131101611,11/01/2013,Opeyemi Ajayi,Female,2.34909E+12,opeyemi.ajayi52@hotmail.com,51283522882,Badagry Division,Charlton,94123,Sewer overflow spreading wastewater near market area,6.470956,3.200032,Closed,13/02/2026 04:03,Sanitation failure,Orile-Agege LCDA,Ikeja,Kosofe
PP20081001504,10/01/2008,Opeyemi Owolabi,Female,2.34905E+12,opeyemi.owolabi10@yahoo.com,25048875828,Badagry Division,Post,94109,Water main leakage along roadside causing traffic obstruction,6.39862,2.867136,Closed,13/02/2026 04:03,Leak,Surulere LCDA,Lagos Island,Apapa
PP20191015311,10/15/2019,Yetunde Nnamdi,Female,2.3491E+12,yetunde.nnamdi12@hotmail.com,70877587157,Ikeja Division,Gough,94123,Open manhole with visible sewage leakage on street,6.54738,3.313927,Closed,13/02/2026 04:03,Leak,Badagry Central LCDA,Badagry,Ajeromi-Ifelodun
PP20101202504,12/02/2010,Ijeoma Ajayi,Female,2.34903E+12,ijeoma.ajayi84@gmail.com,58479140460,Lagos Island Division,Maywood,94127,remodel kitchen and 2 bathrooms. install washer and dryer.,6.529369,3.389898,Closed,13/02/2026 04:03,Sanitation failure,Eredo LCDA,Ikeja,Mushin
PP20150702992,07/02/2015,Kelechi Okoye,Male,2.34906E+12,kelechi.okoye94@gmail.com,92502786366,Epe Division,Alemany,94112,High-pressure pipe burst affecting multiple residential buildings,6.572003,3.960439,Closed,13/02/2026 04:03,Leak,Ayobo-Ipaja LCDA,Badagry,Ojo
PP20080423064,04/23/2008,Chisom Ojo,Female,2.34906E+12,chisom.ojo35@gmail.com,67338735854,Epe Division,06th,94118,Bathroom floor drain completely clogged with wastewater backup,6.47858,3.576718,Closed,13/02/2026 04:03,Blockage,Epe LCDA,Badagry,Ajeromi-Ifelodun
PP20130724645,07/24/2013,Chioma Nwosu,Female,2.34815E+12,chioma.nwosu82@gmail.com,61765281315,Ikeja Division,Anza,94121,Minor kitchen sink pipe leakage under cabinet,6.507115,3.356051,Closed,13/02/2026 04:03,Leak,Ojodu LCDA,Lagos Island,Eti-Osa
PP20120105523,01/05/2012,Aisha Abiola,Female,2.34807E+12,aisha.abiola75@outlook.com,68554993933,Ikeja Division,Grenard,94109,Underground water pipe burst near hospital entrance,6.591232,3.415479,Closed,13/02/2026 04:03,Leak,Orile-Agege LCDA,Ikeja,Kosofe
PP20080820500,08/20/2008,Seyi Owolabi,Male,2.34904E+12,seyi.owolabi56@hotmail.com,40126026513,Ikeja Division,Lake,94118,Blocked drainage channel causing street-level flooding,6.522722,3.353006,Closed,13/02/2026 04:03,Blockage,Ikotun-Ikosi LCDA,Lagos Island,Lagos Mainland
PP20131204422,12/04/2013,Chukwudi Abiola,Male,2.34808E+12,chukwudi.abiola36@hotmail.com,4179501328,Badagry Division,Green,94123,Underground water pipe burst near hospital entrance,6.411294,2.87152,Closed,13/02/2026 04:03,Leak,Agbado-Oke Odo LCDA,Lagos Island,Apapa
PP20090423827,04/23/2009,Aisha Yakubu,Female,2.34904E+12,aisha.yakubu10@yahoo.com,6885672438,Ikorodu Division,Holloway,94112,Low water pressure affecting entire household supply,6.612253,3.515713,,13/02/2026 04:03,Sanitation failure,Agboyi-Ketu LCDA,Lagos Island,Surulere
PP20081219818,12/19/2008,Chinedu Oladipo,Male,2.34808E+12,chinedu.oladipo20@outlook.com,83102145833,Ikeja Division,Perine,94115,Blocked drainage channel causing street-level flooding,6.612217,3.296681,,13/02/2026 04:03,Blockage,Ikosi-Isheri LCDA,Ikeja,Somolu
PP20120724272,07/24/2012,Opeyemi Mohammed,Female,2.34805E+12,opeyemi.mohammed27@outlook.com,30230498061,Lagos Island Division,Mississippi,94107,Cracked underground pipe slowly flooding compound,6.514449,3.377385,,13/02/2026 04:03,Sanitation failure,Ikoyi-Obalende LCDA,Epe,Ibeju-Lekki
PP20190311859,03/11/2019,Kelechi Ajayi,Male,2.34816E+12,kelechi.ajayi56@yahoo.com,98326597865,Ikorodu Division,Ofarrell,94102,Water pipeline rupture near highway causing erosion,6.597629,3.512285,,13/02/2026 04:03,Sanitation failure,Ifako-Ijaiye LCDA,Badagry,Badagry
PP20180705889,07/05/2018,Kunle Adeyemi,Male,2.34813E+12,kunle.adeyemi30@hotmail.com,78757855187,Badagry Division,Huntington,94132,Water pipeline rupture near highway causing erosion,6.464289,3.235259,,13/02/2026 04:03,Sanitation failure,Oto-Awori LCDA,Lagos Island,Lagos Mainland
PP20120124927,01/24/2012,Obinna Balogun,Male,2.34802E+12,obinna.balogun10@yahoo.com,49289686794,Lagos Island Division,19th,94114,Flooding due to collapsed drainage system after rainfall,6.442941,3.362291,,13/02/2026 04:03,Blockage,Agboyi-Ketu LCDA,Lagos Island,Surulere
PP20080905367,09/05/2008,Adaeze Abiola,Female,2.34906E+12,adaeze.abiola29@hotmail.com,99576093785,Lagos Island Division,06th,94118,Flooding due to collapsed drainage system after rainfall,6.536928,3.374718,,13/02/2026 04:03,Blockage,Amuwo-Odofin LCDA,Ikeja,Ifako-Ijaiye
PP20171030983,10/30/2017,Femi Oladipo,Male,2.34809E+12,femi.oladipo82@gmail.com,31804730344,Lagos Island Division,Mason,94108,Bathroom floor drain completely clogged with wastewater backup,6.489977,3.341111,,13/02/2026 04:03,Blockage,Orile-Agege LCDA,Ikeja,Kosofe
PP20140411867,04/11/2014,Adebayo Nnamdi,Male,2.34819E+12,adebayo.nnamdi70@outlook.com,1594864802,Ikeja Division,26th,94121,Sewer overflow spreading wastewater near market area,6.528334,3.375021,,13/02/2026 04:03,Sanitation failure,Bariga LCDA,Badagry,Amuwo-Odofin
PP20140714312,07/14/2014,Bola Danladi,Female,2.34905E+12,bola.danladi65@hotmail.com,16815120512,Lagos Island Division,Sutro Heights,94121,Low water pressure affecting entire household supply,6.435874,3.421677,,13/02/2026 04:03,Sanitation failure,Coker-Aguda LCDA,Ikeja,Agege
PP20140602164,06/02/2014,Seyi Ogunleye,Male,2.3482E+12,seyi.ogunleye77@gmail.com,55306156150,Badagry Division,Sacramento,94108,Bathroom floor drain completely clogged with wastewater backup,6.464221,3.182889,,13/02/2026 04:03,Blockage,Oshodi-Bolade LCDA,Ikeja,Alimosho
PP20101006360,10/06/2010,Adaeze Eze,Female,2.34807E+12,adaeze.eze91@outlook.com,57763347382,Ikorodu Division,Topaz,94131,"kitchen remodeling, 1/2 bathroom remodeling at 2/f, 2 full baths remodeling @ 3/f",6.61127,3.518733,,13/02/2026 04:03,Sanitation failure,Badagry Central LCDA,Badagry,Ajeromi-Ifelodun
PP20080527010,05/27/2008,Amaka Afolabi,Female,2.34909E+12,amaka.afolabi58@gmail.com,81544596338,Badagry Division,12th,94118,Underground water pipe burst near hospital entrance,6.452258,3.250176,,13/02/2026 04:03,Leak,Iba LCDA,Ikeja,Agege
PP20170307520,03/07/2017,Temitope Ogunleye,Female,2.34812E+12,temitope.ogunleye48@yahoo.com,37903194169,Badagry Division,Valencia,94110,Flooding due to collapsed drainage system after rainfall,6.451246,3.196035,,13/02/2026 04:03,Blockage,Egbe-Idimu LCDA,Ikeja,Ikeja
PP20150812112,08/12/2015,Aisha Adebisi,Female,2.34815E+12,aisha.adebisi18@hotmail.com,68342648636,Ikeja Division,25th,94114,replacing gas line,6.533947,3.349071,,13/02/2026 04:03,Sanitation failure,Ikosi-Isheri LCDA,Ikeja,Somolu
PP20181108479,11/08/2018,Ngozi Eze,Female,2.34808E+12,ngozi.eze22@yahoo.com,1244689856,Lagos Island Division,46th,94122,Bathroom floor drain completely clogged with wastewater backup,6.464118,3.389724,,13/02/2026 04:03,Blockage,Badagry Central LCDA,Badagry,Ajeromi-Ifelodun
PP20171211081,12/11/2017,Opeyemi Danladi,Female,2.34814E+12,opeyemi.danladi21@hotmail.com,73657042882,Ikeja Division,Chenery,94131,Water heater pipe leakage soaking utility area,6.54578,3.300503,,13/02/2026 04:03,Leak,Lekki LCDA,Ikeja,Oshodi-Isolo
PP20081022383,10/22/2008,Ijeoma Balogun,Female,2.34802E+12,ijeoma.balogun96@yahoo.com,91436732876,Ikeja Division,Sutter,94108,Open manhole with visible sewage leakage on street,6.509589,3.359315,,13/02/2026 04:03,Leak,Ifako-Agege LCDA,Ikeja,Mushin
PP20150317903,03/17/2015,Adaeze Balogun,Female,2.34906E+12,adaeze.balogun14@outlook.com,77970396522,Badagry Division,King,94107,Sudden burst water pipe inside bathroom wall causing flooding,6.448389,3.321016,,13/02/2026 04:03,Leak,Bariga LCDA,Badagry,Amuwo-Odofin
PP20180508209,05/08/2018,Temitope Adebisi,Female,2.34909E+12,temitope.adebisi24@outlook.com,39509386541,Epe Division,15th,94114,Water pipeline rupture near highway causing erosion,6.563244,3.982739,,13/02/2026 04:03,Sanitation failure,Ikotun-Ikosi LCDA,Lagos Island,Lagos Mainland
PP20171025859,10/25/2017,Opeyemi Ogunleye,Female,2.34815E+12,opeyemi.ogunleye27@yahoo.com,15880669193,Ikeja Division,29th,94116,"remodel kitchen and 4 1//2 bathrooms, install water heater, (4) shower pans.",6.668297,3.325333,,13/02/2026 04:03,Sanitation failure,Oto-Awori LCDA,Lagos Island,Lagos Mainland
PP20100426569,04/26/2010,Adaeze Okafor,Female,2.34901E+12,adaeze.okafor35@gmail.com,75695899855,Lagos Island Division,Green,94123,Sewer overflow spreading wastewater near market area,6.486474,3.349078,,13/02/2026 04:03,Sanitation failure,Mosan-Okunola LCDA,Epe,Epe
PP20121009170,10/09/2012,Olamide Nnamdi,Male,2.34819E+12,olamide.nnamdi47@outlook.com,89826238975,Ikorodu Division,San Jose,94112,1 new handicpa restroom.,6.624044,3.504994,,13/02/2026 04:03,Sanitation failure,Lekki LCDA,Ikeja,Oshodi-Isolo
PP20100810057,08/10/2010,Ifeanyi Ogunleye,Male,2.34817E+12,ifeanyi.ogunleye61@gmail.com,57146272399,Ikeja Division,Post,94115,Flooding due to collapsed drainage system after rainfall,6.586464,3.407848,,13/02/2026 04:03,Blockage,Oriade LCDA,Lagos Island,Lagos Island
PP20160805842,08/05/2016,Obinna Yakubu,Male,2.34903E+12,obinna.yakubu30@gmail.com,55112233399,Lagos Island Division,Cole,94117,Water heater pipe leakage soaking utility area,6.526211,3.392233,,13/02/2026 04:03,Leak,Epe LCDA,Badagry,Ajeromi-Ifelodun
PP20080502351,05/02/2008,Uche Mohammed,Male,2.34807E+12,uche.mohammed71@outlook.com,20812155039,Badagry Division,Fitzgerald,94124,2 bathrooms and replace furnace,6.455862,3.245876,,13/02/2026 04:03,Sanitation failure,Ikorodu West LCDA,Ikorodu,Ikorodu
PP20180615364,06/15/2018,Zainab Ekanem,Female,2.34903E+12,zainab.ekanem11@hotmail.com,45422253323,Badagry Division,Bush,94109,Flooding due to collapsed drainage system after rainfall,6.417572,2.882593,,13/02/2026 04:03,Blockage,Ayobo-Ipaja LCDA,Badagry,Ojo
PP20120530977,05/30/2012,Ngozi Owolabi,Female,2.34806E+12,ngozi.owolabi34@gmail.com,72925095821,Ikeja Division,Capp,94110,Septic tank backflow causing strong sewage odor indoors,6.609079,3.291744,,13/02/2026 04:03,Sanitation failure,Apapa-Iganmu LCDA,Ikeja,Ifako-Ijaiye
PP20110316727,03/16/2011,Ijeoma Ibrahim,Female,2.34819E+12,ijeoma.ibrahim28@yahoo.com,22137698765,Lagos Island Division,Scenic,94121,Water main leakage along roadside causing traffic obstruction,6.522757,3.381321,,13/02/2026 04:03,Leak,Oshodi-Bolade LCDA,Ikeja,Alimosho
PP20140528056,05/28/2014,Uche Okoye,Male,2.3491E+12,uche.okoye34@outlook.com,29371506304,Badagry Division,Kearny,94108,g/f: one counter sihnk to lounge counter of meeting room.,6.440066,3.239841,,13/02/2026 04:03,Sanitation failure,Ikeja LCDA,Epe,Epe
PP20141029372,10/29/2014,Amaka Nnamdi,Female,2.34907E+12,amaka.nnamdi13@outlook.com,45736317493,Lagos Island Division,Fountain,94114,High-pressure pipe burst affecting multiple residential buildings,6.483015,3.344797,,13/02/2026 04:03,Leak,Ikorodu North LCDA,Ikorodu,Ikorodu
PP20170725278,07/25/2017,Tunde Nnamdi,Male,2.34818E+12,tunde.nnamdi43@yahoo.com,16486899457,Ikeja Division,York,94110,Low water pressure affecting entire household supply,6.515127,3.356195,,13/02/2026 04:03,Sanitation failure,Epe LCDA,Badagry,Ajeromi-Ifelodun
PP20191016347,10/16/2019,Amaka Afolabi,Female,2.34819E+12,amaka.afolabi19@gmail.com,95315872456,Badagry Division,29th,94121,Severe shower pipe rupture flooding entire bathroom,6.441072,3.255136,,13/02/2026 04:03,Sanitation failure,Ikosi-Isheri LCDA,Ikeja,Somolu
PP20110113342,01/13/2011,Amaka Afolabi,Female,2.34907E+12,amaka.afolabi36@hotmail.com,15176136829,Ikeja Division,Belcher,94114,one shower pan.,6.602147,3.331815,,13/02/2026 04:03,Sanitation failure,Amuwo-Odofin LCDA,Ikeja,Ifako-Ijaiye
PP20130627033,06/27/2013,Kunle Nnamdi,Male,2.34908E+12,kunle.nnamdi10@hotmail.com,97873363996,Badagry Division,Seville,94112,Severe shower pipe rupture flooding entire bathroom,6.47325,3.341408,,13/02/2026 04:03,Sanitation failure,Bariga LCDA,Badagry,Amuwo-Odofin
PP20160620437,06/20/2016,Ngozi Bamidele,Female,2.34903E+12,ngozi.bamidele93@hotmail.com,88899507561,Ikeja Division,Jackson,94115,Persistent dripping tap in kitchen wasting water daily,6.573361,3.420902,,13/02/2026 04:03,Sanitation failure,Mosan-Okunola LCDA,Epe,Epe
PP20150209861,02/09/2015,Ijeoma Yakubu,Female,2.3481E+12,ijeoma.yakubu34@yahoo.com,25243473826,Epe Division,Leavenworth,94102,4/f: new fixtures in all rooms.,6.461435,3.585977,,13/02/2026 04:03,Sanitation failure,Coker-Aguda LCDA,Ikeja,Agege
PP20190102890,01/02/2019,Oluwaseun Owolabi,Male,2.34815E+12,oluwaseun.owolabi74@hotmail.com,60290794326,Lagos Island Division,Valencia,94110,Public tap pipe severely damaged in residential community,6.441455,3.376769,,13/02/2026 04:03,Sanitation failure,Egbe-Idimu LCDA,Ikeja,Ikeja
PP20120418934,04/18/2012,Ifeanyi Oladipo,Male,2.34818E+12,ifeanyi.oladipo20@hotmail.com,77064171545,Ikeja Division,Mount Vernon,94112,Toilet overflow due to heavily blocked drain system,6.579472,3.415463,,13/02/2026 04:03,Blockage,Oshodi-Bolade LCDA,Ikeja,Alimosho
PP20160502082,05/02/2016,Chioma Umeh,Female,2.34906E+12,chioma.umeh86@gmail.com,97822629493,Ikeja Division,Fillmore,94115,Toilet overflow due to heavily blocked drain system,6.611523,3.32416,,13/02/2026 04:03,Blockage,Lekki LCDA,Ikeja,Oshodi-Isolo
PP20110819410,08/19/2011,Temitope Umeh,Female,2.34903E+12,temitope.umeh24@gmail.com,87851704164,Ikeja Division,20th,94122,Toilet overflow due to heavily blocked drain system,6.597801,3.354193,,13/02/2026 04:03,Blockage,Badagry Central LCDA,Badagry,Ajeromi-Ifelodun
PP20110520334,05/20/2011,Chioma Nwosu,Female,2.34811E+12,chioma.nwosu83@hotmail.com,92625391854,Ikorodu Division,08th,94103,Major pipe burst near primary school disrupting access road,6.618951,3.512325,,13/02/2026 04:03,Leak,Ojokoro LCDA,Badagry,Amuwo-Odofin
PP20090702420,07/02/2009,Chisom Eze,Female,2.34817E+12,chisom.eze20@gmail.com,47477038133,Epe Division,Randall,94131,Septic tank backflow causing strong sewage odor indoors,6.463299,3.596717,,13/02/2026 04:03,Sanitation failure,Mosan-Okunola LCDA,Epe,Epe
PP20171215232,12/15/2017,Amaka Umeh,Female,2.3491E+12,amaka.umeh29@hotmail.com,9960473492,Lagos Island Division,Ford,94114,High-pressure pipe burst affecting multiple residential buildings,6.437038,3.363876,,13/02/2026 04:03,Leak,Agbado-Oke Odo LCDA,Lagos Island,Apapa
PP20080324126,03/24/2008,Aisha Adeyemi,Female,2.34905E+12,aisha.adeyemi39@yahoo.com,42324182904,Lagos Island Division,Mcallister,94102,Major pipe burst near primary school disrupting access road,6.536219,3.384009,,13/02/2026 04:03,Leak,Egbe-Idimu LCDA,Ikeja,Ikeja
PP20190520923,05/20/2019,Seyi Eze,Male,2.34806E+12,seyi.eze19@yahoo.com,31785715092,Badagry Division,Bush,94109,Water heater pipe leakage soaking utility area,6.464675,3.328017,,13/02/2026 04:03,Leak,Ebute-Metta LCDA,Lagos Island,Eti-Osa
PP20140825508,08/25/2014,Ayomide Afolabi,Male,2.34805E+12,ayomide.afolabi67@outlook.com,60562774114,Ikorodu Division,Green,94123,Low water pressure affecting entire household supply,6.629761,3.49627,,13/02/2026 04:03,Sanitation failure,Agbado-Oke Odo LCDA,Lagos Island,Apapa
PP20090219308,02/19/2009,Ngozi Adebisi,Female,2.34803E+12,ngozi.adebisi38@gmail.com,33406299787,Lagos Island Division,Jerrold,94124,Underground water pipe burst near hospital entrance,6.514699,3.375224,,13/02/2026 04:03,Leak,Ojodu LCDA,Lagos Island,Eti-Osa
PP20151030192,10/30/2015,Ngozi Adeyemi,Female,2.34803E+12,ngozi.adeyemi67@gmail.com,16349481124,Lagos Island Division,Balboa,94121,Public tap pipe severely damaged in residential community,6.445477,3.425698,,13/02/2026 04:03,Sanitation failure,Mosan-Okunola LCDA,Epe,Epe
PP20181026084,10/26/2018,Yetunde Oladipo,Female,2.34905E+12,yetunde.oladipo24@outlook.com,39982047005,Lagos Island Division,Market,94102,g/f: f/s t.i. - relocate 4 fire sprinklers.,6.51472,3.376097,,13/02/2026 04:03,Sanitation failure,Ifako-Agege LCDA,Ikeja,Mushin
PP20140703080,07/03/2014,Uche Adeyemi,Male,2.34903E+12,uche.adeyemi42@yahoo.com,67723848448,Badagry Division,Stanyan,94117,High-pressure pipe burst affecting multiple residential buildings,6.454857,3.175902,,13/02/2026 04:03,Leak,Amuwo-Odofin LCDA,Ikeja,Ifako-Ijaiye
PP20180830469,08/30/2018,Oluwaseun Danladi,Male,2.34818E+12,oluwaseun.danladi28@hotmail.com,52408996031,Ikeja Division,California,94104,Open manhole with visible sewage leakage on street,6.563389,3.294383,,13/02/2026 04:03,Leak,Ikosi-Isheri LCDA,Ikeja,Somolu
PP20151007585,10/07/2015,Chisom Yakubu,Female,2.34812E+12,chisom.yakubu85@gmail.com,23190388820,Badagry Division,08th,94118,Toilet overflow due to heavily blocked drain system,6.466088,3.258282,,13/02/2026 04:03,Blockage,Orile-Agege LCDA,Ikeja,Kosofe
PP20110617983,06/17/2011,Abdulrahman Abiola,Male,2.34902E+12,abdulrahman.abiola90@yahoo.com,2973767178,Lagos Island Division,Market,94103,h&m: demo arm over in demising wall reconnect heads to line of other side total of 5,6.459709,3.354371,,13/02/2026 04:03,Sanitation failure,Onigbongbo LCDA,Epe,Ibeju-Lekki
PP20130621836,06/21/2013,Kunle Eze,Male,2.34902E+12,kunle.eze79@hotmail.com,95268776414,Badagry Division,30th,94122,Toilet overflow due to heavily blocked drain system,6.413501,2.870668,,13/02/2026 04:03,Blockage,Coker-Aguda LCDA,Ikeja,Agege
PP20141210416,12/10/2014,Adaeze Danladi,Female,2.34811E+12,adaeze.danladi88@gmail.com,41904561575,Ikeja Division,35th,94116,High-pressure pipe burst affecting multiple residential buildings,6.610253,3.340937,,13/02/2026 04:03,Leak,Ikeja LCDA,Epe,Epe
PP20120209367,02/09/2012,Chioma Okoye,Female,2.34906E+12,chioma.okoye10@yahoo.com,22612680414,Lagos Island Division,Jennings,94124,Flooding due to collapsed drainage system after rainfall,6.446061,3.410828,,13/02/2026 04:03,Blockage,Ebute-Metta LCDA,Lagos Island,Eti-Osa
PP20130729788,07/29/2013,Bola Oladipo,Female,2.34813E+12,bola.oladipo11@hotmail.com,57644152521,Lagos Island Division,Quesada,94124,Toilet overflow due to heavily blocked drain system,6.429445,3.420387,,13/02/2026 04:03,Blockage,Isolo LCDA,Ikeja,Ikeja
PP20150818259,08/18/2015,Uche Bamidele,Male,2.34811E+12,uche.bamidele75@yahoo.com,73483054924,Badagry Division,Clinton,94103,Major pipe burst near primary school disrupting access road,6.436042,3.255913,,13/02/2026 04:03,Leak,Badagry West LCDA,Ikeja,Kosofe
PP20161114649,11/14/2016,Ijeoma Ekanem,Female,2.34808E+12,ijeoma.ekanem55@yahoo.com,70323111284,Ikeja Division,Vesta,94124,Sudden burst water pipe inside bathroom wall causing flooding,6.54636,3.306146,,13/02/2026 04:03,Leak,Ojokoro LCDA,Badagry,Amuwo-Odofin
PP20101208640,12/08/2010,Bola Danladi,Female,2.34818E+12,bola.danladi69@hotmail.com,33289053762,Lagos Island Division,Laguna,94123,shower pan installation.,6.492381,3.352907,,13/02/2026 04:03,Sanitation failure,Iba LCDA,Ikeja,Agege
PP20100913778,09/13/2010,Amaka Ibrahim,Female,2.34905E+12,amaka.ibrahim61@gmail.com,43397831093,Lagos Island Division,39th,94122,"upon insp. request additional permit to pp20100611705: (n) rainwater leaders, replace (e) 5"" heater flue with 5"" flue, relocate laundry and replumb accordingly, legalize basement bathroom.",6.44873,3.356844,,13/02/2026 04:03,Sanitation failure,Lekki LCDA,Ikeja,Oshodi-Isolo
PP20100310568,03/10/2010,Ayomide Owolabi,Male,2.34905E+12,ayomide.owolabi57@outlook.com,74133941643,Lagos Island Division,Green,94133,Septic tank backflow causing strong sewage odor indoors,6.450381,3.387415,,13/02/2026 04:03,Sanitation failure,Ikotun-Ikosi LCDA,Lagos Island,Lagos Mainland
PP20111114424,11/14/2011,Zainab Okoye,Female,2.34903E+12,zainab.okoye79@hotmail.com,71059976802,Badagry Division,Broderick,94123,Low water pressure affecting entire household supply,6.418195,2.901536,,13/02/2026 04:03,Sanitation failure,Badagry West LCDA,Ikeja,Kosofe
PP20120905311,09/05/2012,Adaeze Okoye,Female,2.34819E+12,adaeze.okoye39@yahoo.com,84562625764,Badagry Division,Page,94117,Cracked underground pipe slowly flooding compound,6.462399,3.192961,,13/02/2026 04:03,Sanitation failure,Ikotun-Ikosi LCDA,Lagos Island,Lagos Mainland
PP20100528373,05/28/2010,Zainab Yakubu,Female,2.34812E+12,zainab.yakubu36@outlook.com,53163591157,Ikorodu Division,Grove,94117,Sewer overflow spreading wastewater near market area,6.605498,3.512078,,13/02/2026 04:03,Sanitation failure,Ojodu LCDA,Lagos Island,Eti-Osa
PP20080410663,04/10/2008,Oluwaseun Nwosu,Male,2.34802E+12,oluwaseun.nwosu83@outlook.com,9654970453,Ikeja Division,Eddy,94102,Flooding due to collapsed drainage system after rainfall,6.572326,3.401931,,13/02/2026 04:03,Blockage,Ifako-Agege LCDA,Ikeja,Mushin
PP20150629882,06/29/2015,Tunde Ogunleye,Male,2.34814E+12,tunde.ogunleye79@yahoo.com,99174958140,Ikorodu Division,Coleridge,94110,Water main leakage along roadside causing traffic obstruction,6.612006,3.522419,,13/02/2026 04:03,Leak,Surulere LCDA,Lagos Island,Apapa
PP20160512421,05/12/2016,Oluwaseun Abiola,Male,2.34806E+12,oluwaseun.abiola51@gmail.com,25743431070,Lagos Island Division,Byxbee,94132,Toilet overflow due to heavily blocked drain system,6.5064,3.36323,,13/02/2026 04:03,Blockage,Eredo LCDA,Ikeja,Mushin
PP20130530164,05/30/2013,Ngozi Ogunleye,Female,2.34811E+12,ngozi.ogunleye76@hotmail.com,14792852966,Ikeja Division,Noe,94114,Cracked underground pipe slowly flooding compound,6.586473,3.349537,,13/02/2026 04:03,Sanitation failure,Ojokoro LCDA,Badagry,Amuwo-Odofin
PP20151119692,11/19/2015,Uche Ibrahim,Male,2.34812E+12,uche.ibrahim76@hotmail.com,63523220420,Ikeja Division,Larkin,94109,High-pressure pipe burst affecting multiple residential buildings,6.672817,3.330355,,13/02/2026 04:03,Leak,Ifako-Agege LCDA,Ikeja,Mushin
PP20110907825,09/07/2011,Bola Afolabi,Female,2.34809E+12,bola.afolabi15@gmail.com,83811334049,Ikeja Division,34th,94122,Cracked underground pipe slowly flooding compound,6.508862,3.345697,,13/02/2026 04:03,Sanitation failure,Badagry Central LCDA,Badagry,Ajeromi-Ifelodun
PP20090930362,09/30/2009,Amaka Akinyemi,Female,2.34907E+12,amaka.akinyemi19@yahoo.com,14995234588,Badagry Division,Retiro,94123,Water heater pipe leakage soaking utility area,6.414359,2.890363,,13/02/2026 04:03,Leak,Agbado-Oke Odo LCDA,Lagos Island,Apapa
PP20191113141,11/13/2019,Bola Eze,Female,2.34906E+12,bola.eze86@yahoo.com,50592449320,Badagry Division,Shotwell,94103,Severe shower pipe rupture flooding entire bathroom,6.439039,3.181379,,13/02/2026 04:03,Sanitation failure,Ikeja LCDA,Epe,Epe
PP20180712091,07/12/2018,Uche Ibrahim,Male,2.3481E+12,uche.ibrahim21@yahoo.com,67473727584,Badagry Division,Bryant,94103,Persistent dripping tap in kitchen wasting water daily,6.46243,3.191496,,13/02/2026 04:03,Sanitation failure,Igbogbo-Baiyeku LCDA,Badagry,Ojo
PP20170626511,06/26/2017,Zainab Adeyemi,Female,2.34811E+12,zainab.adeyemi58@yahoo.com,7241646644,Lagos Island Division,Everglade,94132,Cracked underground pipe slowly flooding compound,6.461029,3.400526,,13/02/2026 04:03,Sanitation failure,Ikoyi-Obalende LCDA,Epe,Ibeju-Lekki
PP20090810221,08/10/2009,Aisha Mohammed,Female,2.34902E+12,aisha.mohammed81@outlook.com,82703125304,Lagos Island Division,33rd,94122,Cracked underground pipe slowly flooding compound,6.488901,3.34172,,13/02/2026 04:03,Sanitation failure,Badagry West LCDA,Ikeja,Kosofe
PP20190419090,04/19/2019,Emeka Danladi,Male,2.34908E+12,emeka.danladi78@gmail.com,21332447968,Ikeja Division,Shafter,94124,Severe shower pipe rupture flooding entire bathroom,6.579369,3.426716,,13/02/2026 04:03,Sanitation failure,Apapa-Iganmu LCDA,Ikeja,Ifako-Ijaiye
PP20130913119,09/13/2013,Ayomide Danladi,Male,2.3481E+12,ayomide.danladi52@yahoo.com,61250765494,Ikeja Division,San Jose,94112,Toilet overflow due to heavily blocked drain system,6.615735,3.358605,,13/02/2026 04:03,Blockage,Igbogbo-Baiyeku LCDA,Badagry,Ojo
PP20120515622,05/15/2012,Temitope Adeyemi,Female,2.34813E+12,temitope.adeyemi69@gmail.com,77282976880,Lagos Island Division,Guerrero,94110,Sudden burst water pipe inside bathroom wall causing flooding,6.458393,3.398496,,13/02/2026 04:03,Leak,Agboyi-Ketu LCDA,Lagos Island,Surulere
PP20130523980,05/23/2013,Chukwudi Abiola,Male,2.34812E+12,chukwudi.abiola38@yahoo.com,2622370337,Ikeja Division,Bryant,94110,Severe shower pipe rupture flooding entire bathroom,6.603439,3.293699,,13/02/2026 04:03,Sanitation failure,Surulere LCDA,Lagos Island,Apapa
PP20151105335,11/05/2015,Olamide Oladipo,Male,2.34805E+12,olamide.oladipo87@yahoo.com,63729685330,Ikeja Division,Day,94131,Bathroom floor drain completely clogged with wastewater backup,6.599991,3.407274,,13/02/2026 04:03,Blockage,Eredo LCDA,Ikeja,Mushin
PP20151201940,12/01/2015,Ngozi Owolabi,Female,2.34909E+12,ngozi.owolabi83@outlook.com,52206826828,Lagos Island Division,De Montfort,94112,High-pressure pipe burst affecting multiple residential buildings,6.540548,3.37598,,13/02/2026 04:03,Leak,Coker-Aguda LCDA,Ikeja,Agege
PP20190801073,08/01/2019,Chukwudi Okafor,Male,2.3481E+12,chukwudi.okafor44@outlook.com,12368089435,Badagry Division,King,94107,Persistent dripping tap in kitchen wasting water daily,6.479954,3.319232,,13/02/2026 04:03,Sanitation failure,Ebute-Metta LCDA,Lagos Island,Eti-Osa
PP20161219553,12/19/2016,Abdulrahman Okafor,Male,2.34903E+12,abdulrahman.okafor32@hotmail.com,94447979387,Epe Division,Fremont,94105,Sudden burst water pipe inside bathroom wall causing flooding,6.475859,3.577632,,13/02/2026 04:03,Leak,Onigbongbo LCDA,Epe,Ibeju-Lekki
PP20190621959,06/21/2019,Ngozi Bamidele,Female,2.34808E+12,ngozi.bamidele30@gmail.com,51857546392,Epe Division,43rd,94116,legalize e) kitchen at ground floor. in compliant nov# 201626091. remodel (e) bath at ground floor.,6.455847,3.587185,,13/02/2026 04:03,Sanitation failure,Lekki LCDA,Ikeja,Oshodi-Isolo
PP20110727840,07/27/2011,Ijeoma Nwosu,Female,2.34813E+12,ijeoma.nwosu37@hotmail.com,61920010102,Badagry Division,Oak,94102,Water heater pipe leakage soaking utility area,6.425095,2.876551,,13/02/2026 04:03,Leak,Epe LCDA,Badagry,Ajeromi-Ifelodun
PP20180718274,07/18/2018,Chioma Mohammed,Female,2.34905E+12,chioma.mohammed67@gmail.com,88783743319,Lagos Island Division,North Point,94109,Sewer overflow spreading wastewater near market area,6.43911,3.393782,,13/02/2026 04:03,Sanitation failure,Apapa-Iganmu LCDA,Ikeja,Ifako-Ijaiye
PP20110610768,06/10/2011,Adaeze Okafor,Female,2.34814E+12,adaeze.okafor37@yahoo.com,88038311983,Badagry Division,Buena Vista,94114,correction of violation on sewer.,6.465826,3.338783,,13/02/2026 04:03,Sanitation failure,Eredo LCDA,Ikeja,Mushin
PP20170629629,06/29/2017,Obinna Ojo,Male,2.3482E+12,obinna.ojo94@gmail.com,70483848,Badagry Division,48th,94122,"run 1/2"" supply line to rear wall of house for back area hose bib re-connect rain leader drain line (2""-3"")",6.424496,2.884406,,13/02/2026 04:03,Blockage,Badagry Central LCDA,Badagry,Ajeromi-Ifelodun
PP20170728404,07/28/2017,Uche Yakubu,Male,2.34902E+12,uche.yakubu70@outlook.com,17662919006,Ikeja Division,Foote,94112,Septic tank backflow causing strong sewage odor indoors,6.601855,3.418942,,13/02/2026 04:03,Sanitation failure,Ikosi-Isheri LCDA,Ikeja,Somolu
PP20171018674,10/18/2017,Ijeoma Abiola,Female,2.34812E+12,ijeoma.abiola42@outlook.com,80931782268,Lagos Island Division,Scott,94115,Open manhole with visible sewage leakage on street,6.450636,3.378584,,13/02/2026 04:03,Leak,Orile-Agege LCDA,Ikeja,Kosofe
PP20120104483,01/04/2012,Kunle Nnamdi,Male,2.34816E+12,kunle.nnamdi46@outlook.com,66101597751,Ikorodu Division,Belgrave,94117,High-pressure pipe burst affecting multiple residential buildings,6.616773,3.507136,,13/02/2026 04:03,Leak,Egbe-Idimu LCDA,Ikeja,Ikeja
PP20080424099,04/24/2008,Chioma Yakubu,Female,2.34815E+12,chioma.yakubu45@outlook.com,89340890682,Lagos Island Division,Harbor,94124,Open manhole with visible sewage leakage on street,6.463703,3.399325,,13/02/2026 04:03,Leak,Ikorodu West LCDA,Ikorodu,Ikorodu
PP20090504095,05/04/2009,Oluwaseun Ojo,Male,2.34815E+12,oluwaseun.ojo37@yahoo.com,19730755351,Lagos Island Division,21st,94121,Open manhole with visible sewage leakage on street,6.442306,3.396423,,13/02/2026 04:03,Leak,Igbogbo-Baiyeku LCDA,Badagry,Ojo
PP20160930448,09/30/2016,Opeyemi Bamidele,Female,2.34807E+12,opeyemi.bamidele32@hotmail.com,51586308046,Lagos Island Division,Clayton,94117,High-pressure pipe burst affecting multiple residential buildings,6.503615,3.37608,,13/02/2026 04:03,Leak,Ikorodu West LCDA,Ikorodu,Ikorodu
PP20160315741,03/15/2016,Ngozi Adebisi,Female,2.34802E+12,ngozi.adebisi14@yahoo.com,99527680736,Ikeja Division,26th,94121,Cracked underground pipe slowly flooding compound,6.678675,3.336208,,13/02/2026 04:03,Sanitation failure,Apapa-Iganmu LCDA,Ikeja,Ifako-Ijaiye
PP20140428255,04/28/2014,Seyi Owolabi,Male,2.34813E+12,seyi.owolabi15@gmail.com,63704332047,Lagos Island Division,Union,94123,Water pipeline rupture near highway causing erosion,6.433701,3.425783,,13/02/2026 04:03,Sanitation failure,Epe LCDA,Badagry,Ajeromi-Ifelodun
PP20191118286,11/18/2019,Ifeanyi Adebisi,Male,2.34907E+12,ifeanyi.adebisi51@outlook.com,95045884257,Ikeja Division,Ofarrell,94109,Water main leakage along roadside causing traffic obstruction,6.627995,3.322672,,13/02/2026 04:03,Leak,Lekki LCDA,Ikeja,Oshodi-Isolo
PP20170809717,08/09/2017,Chinedu Ibrahim,Male,2.34818E+12,chinedu.ibrahim96@hotmail.com,47071612496,Ikeja Division,Sacramento,94108,1 shower pan,6.579806,3.408974,,13/02/2026 04:03,Sanitation failure,Ifako-Ijaiye LCDA,Badagry,Badagry
PP20120215498,02/15/2012,Olamide Ogunleye,Male,2.34805E+12,olamide.ogunleye22@yahoo.com,84024277073,Ikeja Division,Sacramento,94109,Water main leakage along roadside causing traffic obstruction,6.587092,3.429002,,13/02/2026 04:03,Leak,Lekki LCDA,Ikeja,Oshodi-Isolo
PP20080603216,06/03/2008,Femi Ojo,Male,2.34803E+12,femi.ojo34@outlook.com,59717634521,Ikorodu Division,Montgomery,94133,Minor kitchen sink pipe leakage under cabinet,6.61343,3.486597,,13/02/2026 04:03,Leak,Ikosi-Isheri LCDA,Ikeja,Somolu
PP20091130625,11/30/2009,Chinedu Umeh,Male,2.34906E+12,chinedu.umeh75@hotmail.com,13600384025,Ikeja Division,Arlington,94131,Water heater pipe leakage soaking utility area,6.579178,3.425835,,13/02/2026 04:03,Leak,Lekki LCDA,Ikeja,Oshodi-Isolo
PP20130418057,04/18/2013,Oluwaseun Yakubu,Male,2.34907E+12,oluwaseun.yakubu67@yahoo.com,25549482963,Lagos Island Division,Texas,94107,Low water pressure affecting entire household supply,6.438476,3.426182,,13/02/2026 04:03,Sanitation failure,Apapa-Iganmu LCDA,Ikeja,Ifako-Ijaiye
PP20191008116,10/08/2019,Ifeanyi Ajayi,Male,2.34901E+12,ifeanyi.ajayi45@yahoo.com,19222295587,Ikeja Division,Golden Gate,94115,#11: kitchen and bathroom rehabilitation. install washer/dryer.,6.667,3.31581,,13/02/2026 04:03,Sanitation failure,Oto-Awori LCDA,Lagos Island,Lagos Mainland
PP20090519447,05/19/2009,Kunle Adeyemi,Male,2.34819E+12,kunle.adeyemi47@yahoo.com,96191066056,Epe Division,Clay,94118,Bathroom floor drain completely clogged with wastewater backup,6.475153,3.576657,,13/02/2026 04:03,Blockage,Surulere LCDA,Lagos Island,Apapa
PP20120315173,03/15/2012,Zainab Nwosu,Female,2.34804E+12,zainab.nwosu23@outlook.com,5980119236,Ikeja Division,Valdez,94112,High-pressure pipe burst affecting multiple residential buildings,6.549141,3.360305,,13/02/2026 04:03,Leak,Orile-Agege LCDA,Ikeja,Kosofe
PP20090123671,01/23/2009,Amaka Ogunleye,Female,2.34809E+12,amaka.ogunleye24@gmail.com,26446668002,Lagos Island Division,04th,94122,Cracked underground pipe slowly flooding compound,6.427294,3.415786,,13/02/2026 04:03,Sanitation failure,Agbado-Oke Odo LCDA,Lagos Island,Apapa
PP20190725904,07/25/2019,Seyi Owolabi,Male,2.34806E+12,seyi.owolabi21@outlook.com,51804692126,Ikorodu Division,Commercial,94111,Toilet overflow due to heavily blocked drain system,6.618471,3.508105,,13/02/2026 04:03,Blockage,Agboyi-Ketu LCDA,Lagos Island,Surulere
PP20080228453,02/28/2008,Kelechi Ogunleye,Male,2.34903E+12,kelechi.ogunleye52@gmail.com,7249456051,Ikorodu Division,Scott,94115,Cracked underground pipe slowly flooding compound,6.630568,3.512364,,13/02/2026 04:03,Sanitation failure,Mosan-Okunola LCDA,Epe,Epe
PP20100903577,09/03/2010,Opeyemi Abiola,Female,2.34807E+12,opeyemi.abiola66@hotmail.com,92406075069,Ikeja Division,Carroll,94124,Toilet overflow due to heavily blocked drain system,6.546284,3.327004,,13/02/2026 04:03,Blockage,Ojodu LCDA,Lagos Island,Eti-Osa
PP20080430288,04/30/2008,Temitope Okafor,Female,2.34811E+12,temitope.okafor95@yahoo.com,26792491102,Ikorodu Division,Leland,94134,"replace water heater, value $600.00",6.619893,3.518188,,13/02/2026 04:03,Sanitation failure,Ikoyi-Obalende LCDA,Epe,Ibeju-Lekki
PP20121017373,10/17/2012,Ijeoma Oladipo,Female,2.34806E+12,ijeoma.oladipo57@gmail.com,32704680883,Lagos Island Division,Eddy,94109,"to comply with #200996543, sink in kitchen, toilet, vanity in bathroom.",6.442718,3.362631,,13/02/2026 04:03,Sanitation failure,Lekki LCDA,Ikeja,Oshodi-Isolo
PP20150601120,06/01/2015,Ngozi Afolabi,Female,2.34808E+12,ngozi.afolabi91@hotmail.com,94535422842,Lagos Island Division,Pennsylvania,94107,Low water pressure affecting entire household supply,6.527511,3.360304,,13/02/2026 04:03,Sanitation failure,Agboyi-Ketu LCDA,Lagos Island,Surulere
PP20081211508,12/11/2008,Chioma Mohammed,Female,2.34813E+12,chioma.mohammed61@yahoo.com,77268270232,Ikeja Division,08th,94116,Toilet overflow due to heavily blocked drain system,6.621953,3.364406,,13/02/2026 04:03,Blockage,Onigbongbo LCDA,Epe,Ibeju-Lekki
PP20190910254,09/10/2019,Bola Oladipo,Female,2.34805E+12,bola.oladipo11@gmail.com,89422195861,Ikeja Division,Market,94102,Flooding due to collapsed drainage system after rainfall,6.523328,3.343577,,13/02/2026 04:03,Blockage,Coker-Aguda LCDA,Ikeja,Agege
PP20090715700,07/15/2009,Aisha Umeh,Female,2.34904E+12,aisha.umeh80@outlook.com,82696331114,Badagry Division,Laguna,94115,kitchen remodel.,6.470176,3.334167,,13/02/2026 04:03,Sanitation failure,Badagry Central LCDA,Badagry,Ajeromi-Ifelodun
PP20101115183,11/15/2010,Obinna Ojo,Male,2.34814E+12,obinna.ojo91@gmail.com,29665738994,Lagos Island Division,Balceta,94127,Bathroom floor drain completely clogged with wastewater backup,6.500457,3.362716,,13/02/2026 04:03,Blockage,Isolo LCDA,Ikeja,Ikeja
PP20160728583,07/28/2016,Adebayo Bamidele,Male,2.34818E+12,adebayo.bamidele81@gmail.com,32838040869,Lagos Island Division,44th,94122,Water pipeline rupture near highway causing erosion,6.438162,3.436373,,13/02/2026 04:03,Sanitation failure,Eredo LCDA,Ikeja,Mushin
PP20120217559,02/17/2012,Adebayo Abiola,Male,2.34812E+12,adebayo.abiola14@hotmail.com,84983213287,Badagry Division,Texas,94107,High-pressure pipe burst affecting multiple residential buildings,6.472381,3.322803,,13/02/2026 04:03,Leak,Lekki LCDA,Ikeja,Oshodi-Isolo
PP20170207779,02/07/2017,Ayomide Afolabi,Male,2.34817E+12,ayomide.afolabi87@yahoo.com,1254457045,Badagry Division,Scott,94123,Sudden burst water pipe inside bathroom wall causing flooding,6.480326,3.349706,,13/02/2026 04:03,Leak,Ikoyi-Obalende LCDA,Epe,Ibeju-Lekki
PP20190710418,07/10/2019,Seyi Abiola,Male,2.34907E+12,seyi.abiola86@gmail.com,95896366577,Ikeja Division,Whitney,94131,Septic tank backflow causing strong sewage odor indoors,6.614821,3.405465,,13/02/2026 04:03,Sanitation failure,Agbado-Oke Odo LCDA,Lagos Island,Apapa
PP20121022509,10/22/2012,Opeyemi Okafor,Female,2.34819E+12,opeyemi.okafor20@hotmail.com,95140999830,Badagry Division,Geary,94118,Low water pressure affecting entire household supply,6.452429,3.229179,,13/02/2026 04:03,Sanitation failure,Coker-Aguda LCDA,Ikeja,Agege
PP20150918092,09/18/2015,Ifeanyi Okoye,Male,2.34818E+12,ifeanyi.okoye32@gmail.com,29186995336,Ikeja Division,Mangels,94127,Minor kitchen sink pipe leakage under cabinet,6.559131,3.302618,,13/02/2026 04:03,Leak,Agboyi-Ketu LCDA,Lagos Island,Surulere
PP20120320265,03/20/2012,Chinedu Bamidele,Male,2.34805E+12,chinedu.bamidele36@outlook.com,73628229127,Badagry Division,Park Hill,94117,Public tap pipe severely damaged in residential community,6.434234,2.877254,,13/02/2026 04:03,Sanitation failure,Ikorodu North LCDA,Ikorodu,Ikorodu
PP20120711967,07/11/2012,Ayomide Umeh,Male,2.34814E+12,ayomide.umeh65@yahoo.com,10475183232,Badagry Division,21st,94121,Open manhole with visible sewage leakage on street,6.433108,3.245287,,13/02/2026 04:03,Leak,Apapa-Iganmu LCDA,Ikeja,Ifako-Ijaiye
PP20120402559,04/02/2012,Chisom Ajayi,Female,2.34815E+12,chisom.ajayi68@hotmail.com,70086822118,Epe Division,Beale,94105,"in kitchen: change sink, lower drain @ sink, water @ fridge. in 1/2 bath: change sink . in master: change shower valve, 2 sinks, shower pan, toilet. in 2nd master: change sink, shower valve, bathtub, toilet.",6.564245,3.991111,,13/02/2026 04:03,Blockage,Agboyi-Ketu LCDA,Lagos Island,Surulere
PP20140815257,08/15/2014,Temitope Yakubu,Female,2.34905E+12,temitope.yakubu49@yahoo.com,13382912844,Ikeja Division,Fulton,94102,Sudden burst water pipe inside bathroom wall causing flooding,6.532949,3.308385,,13/02/2026 04:03,Leak,Epe LCDA,Badagry,Ajeromi-Ifelodun
PP20120928898,09/28/2012,Obinna Balogun,Male,2.34813E+12,obinna.balogun60@gmail.com,60948579707,Ikeja Division,Lomita,94122,"replace existing toilet, shower pan [pre-fab], shower faucet, vanity sink & faucet.",6.594722,3.332797,,13/02/2026 04:03,Sanitation failure,Yaba LCDA,Ikeja,Alimosho
PP20180608158,06/08/2018,Kunle Danladi,Male,2.34902E+12,kunle.danladi32@hotmail.com,53244680825,Ikeja Division,Santa Fe,94124,Public tap pipe severely damaged in residential community,6.625434,3.298606,,13/02/2026 04:03,Sanitation failure,Ojokoro LCDA,Badagry,Amuwo-Odofin
PP20110502877,05/02/2011,Olamide Afolabi,Male,2.34817E+12,olamide.afolabi47@hotmail.com,53142356126,Ikeja Division,Grant,94108,Persistent dripping tap in kitchen wasting water daily,6.606865,3.335688,,13/02/2026 04:03,Sanitation failure,Ikorodu West LCDA,Ikorodu,Ikorodu
PP20110414467,04/14/2011,Amaka Akinyemi,Female,2.3491E+12,amaka.akinyemi65@outlook.com,43388960022,Ikeja Division,Victoria,94132,Toilet overflow due to heavily blocked drain system,6.60198,3.356226,,13/02/2026 04:03,Blockage,Ifako-Agege LCDA,Ikeja,Mushin
PP20190321173,03/21/2019,Kelechi Adeyemi,Male,2.34907E+12,kelechi.adeyemi85@yahoo.com,61707843557,Epe Division,Columbus,94133,Water heater pipe leakage soaking utility area,6.456331,3.590926,,13/02/2026 04:03,Leak,Apapa-Iganmu LCDA,Ikeja,Ifako-Ijaiye
PP20080305606,03/05/2008,Chinedu Nnamdi,Male,2.34904E+12,chinedu.nnamdi92@hotmail.com,70890264573,Ikeja Division,Market,94102,Open manhole with visible sewage leakage on street,6.574756,3.345201,,13/02/2026 04:03,Leak,Agboyi-Ketu LCDA,Lagos Island,Surulere
PP20150506379,05/06/2015,Chioma Yakubu,Female,2.34819E+12,chioma.yakubu78@yahoo.com,37253531927,Ikeja Division,Broad,94112,Sewer overflow spreading wastewater near market area,6.596917,3.357833,,13/02/2026 04:03,Sanitation failure,Ikorodu West LCDA,Ikorodu,Ikorodu
PP20120222640,02/22/2012,Kelechi Okoye,Male,2.34907E+12,kelechi.okoye37@yahoo.com,9580365587,Badagry Division,36th,94121,Sewer overflow spreading wastewater near market area,6.461226,3.168944,,13/02/2026 04:03,Sanitation failure,Egbe-Idimu LCDA,Ikeja,Ikeja
PP20150416792,04/16/2015,Ifeanyi Oladipo,Male,2.34815E+12,ifeanyi.oladipo30@yahoo.com,41292317779,Lagos Island Division,16th,94114,install heater for bathroom,6.42325,3.423887,,13/02/2026 04:03,Sanitation failure,Surulere LCDA,Lagos Island,Apapa
PP20130313011,03/13/2013,Chisom Umeh,Female,2.34817E+12,chisom.umeh32@gmail.com,49556092265,Badagry Division,Congo,94131,Low water pressure affecting entire household supply,6.465909,3.327509,,13/02/2026 04:03,Sanitation failure,Ifako-Agege LCDA,Ikeja,Mushin
PP20090610943,06/10/2009,Kunle Bamidele,Male,2.34805E+12,kunle.bamidele84@yahoo.com,88832326207,Ikeja Division,Quint,94124,Blocked drainage channel causing street-level flooding,6.548792,3.315062,,13/02/2026 04:03,Blockage,Apapa-Iganmu LCDA,Ikeja,Ifako-Ijaiye
PP20150112040,01/12/2015,Ifeanyi Balogun,Male,2.34902E+12,ifeanyi.balogun25@yahoo.com,54772296287,Lagos Island Division,Funston,94118,Water pipeline rupture near highway causing erosion,6.443623,3.358119,,13/02/2026 04:03,Sanitation failure,Lekki LCDA,Ikeja,Oshodi-Isolo
PP20151211245,12/11/2015,Opeyemi Yakubu,Female,2.34902E+12,opeyemi.yakubu74@hotmail.com,78736504182,Ikeja Division,Summit,94132,Major pipe burst near primary school disrupting access road,6.604999,3.402463,,13/02/2026 04:03,Leak,Mosan-Okunola LCDA,Epe,Epe
PP20130821509,08/21/2013,Amaka Chukwu,Female,2.34902E+12,amaka.chukwu89@gmail.com,61635878443,Ikeja Division,Post,94109,Water main leakage along roadside causing traffic obstruction,6.535082,3.315936,,13/02/2026 04:03,Leak,Surulere LCDA,Lagos Island,Apapa
PP20090505138,05/05/2009,Oluwaseun Balogun,Male,2.34906E+12,oluwaseun.balogun55@hotmail.com,89759555657,Epe Division,03rd,94122,Sudden burst water pipe inside bathroom wall causing flooding,6.577214,3.980418,,13/02/2026 04:03,Leak,Badagry Central LCDA,Badagry,Ajeromi-Ifelodun
PP20140328476,03/28/2014,Oluwaseun Okafor,Male,2.34904E+12,oluwaseun.okafor91@gmail.com,61936131161,Ikeja Division,Gold Mine,94131,Cracked underground pipe slowly flooding compound,6.519488,3.352002,,13/02/2026 04:03,Sanitation failure,Ikotun-Ikosi LCDA,Lagos Island,Lagos Mainland
PP20120703782,07/03/2012,Emeka Ekanem,Male,2.34805E+12,emeka.ekanem53@gmail.com,36538416917,Lagos Island Division,Powell,94102,Low water pressure affecting entire household supply,6.470085,3.402721,,13/02/2026 04:03,Sanitation failure,Lekki LCDA,Ikeja,Oshodi-Isolo
PP20170404257,04/04/2017,Temitope Ibrahim,Female,2.34819E+12,temitope.ibrahim24@hotmail.com,68569868746,Lagos Island Division,Twin Peaks,94114,Septic tank backflow causing strong sewage odor indoors,6.462722,3.380538,,13/02/2026 04:03,Sanitation failure,Lekki LCDA,Ikeja,Oshodi-Isolo
PP20180822204,08/22/2018,Chinedu Ajayi,Male,2.34814E+12,chinedu.ajayi60@yahoo.com,60345641446,Ikeja Division,Maywood,94127,Bathroom floor drain completely clogged with wastewater backup,6.597488,3.266609,,13/02/2026 04:03,Blockage,Coker-Aguda LCDA,Ikeja,Agege
PP20170803545,08/03/2017,Chinedu Ekanem,Male,2.34909E+12,chinedu.ekanem77@gmail.com,20569766608,Ikorodu Division,California,94109,Open manhole with visible sewage leakage on street,6.611306,3.520067,,13/02/2026 04:03,Leak,Ikeja LCDA,Epe,Epe
PP20121017381,10/17/2012,Tunde Nnamdi,Male,2.34906E+12,tunde.nnamdi86@yahoo.com,86836151920,Ikeja Division,Clay,94118,Water pipeline rupture near highway causing erosion,6.674969,3.326385,,13/02/2026 04:03,Sanitation failure,Ikeja LCDA,Epe,Epe
PP20150709132,07/09/2015,Yetunde Danladi,Female,2.34815E+12,yetunde.danladi55@gmail.com,61202365038,Badagry Division,Scott,94117,Low water pressure affecting entire household supply,6.460777,3.176111,,13/02/2026 04:03,Sanitation failure,Eredo LCDA,Ikeja,Mushin
PP20120118792,01/18/2012,Opeyemi Nnamdi,Female,2.34812E+12,opeyemi.nnamdi76@outlook.com,25148121155,Epe Division,Bright,94132,Water heater pipe leakage soaking utility area,6.586048,3.991259,,13/02/2026 04:03,Leak,Odi-Olowo/Ojuwoye LCDA,Lagos Island,Lagos Island
PP20120404619,04/04/2012,Yetunde Okafor,Female,2.34807E+12,yetunde.okafor82@yahoo.com,41022838020,Lagos Island Division,48th,94122,Persistent dripping tap in kitchen wasting water daily,6.432641,3.361996,,13/02/2026 04:03,Sanitation failure,Ayobo-Ipaja LCDA,Badagry,Ojo
PP20100112405,01/12/2010,Ijeoma Ojo,Female,2.34806E+12,ijeoma.ojo31@hotmail.com,50180351032,Epe Division,Oak,94102,Bathroom floor drain completely clogged with wastewater backup,6.593324,3.979449,,13/02/2026 04:03,Blockage,Itire-Ikate LCDA,Badagry,Badagry
PP20190930845,09/30/2019,Ayomide Mohammed,Male,2.34805E+12,ayomide.mohammed18@hotmail.com,66968838658,Ikeja Division,Egbert,94124,Major pipe burst near primary school disrupting access road,6.622507,3.364147,,13/02/2026 04:03,Leak,Lekki LCDA,Ikeja,Oshodi-Isolo
PP20180227203,02/27/2018,Ngozi Yakubu,Female,2.34814E+12,ngozi.yakubu32@gmail.com,30509841795,Lagos Island Division,Raleigh,94112,Flooding due to collapsed drainage system after rainfall,6.432057,3.425833,,13/02/2026 04:03,Blockage,Mosan-Okunola LCDA,Epe,Epe
PP20141107613,11/07/2014,Chukwudi Chukwu,Male,2.34808E+12,chukwudi.chukwu46@gmail.com,21930049845,Ikeja Division,Bay,94123,Sewer overflow spreading wastewater near market area,6.608119,3.337813,,13/02/2026 04:03,Sanitation failure,Agbado-Oke Odo LCDA,Lagos Island,Apapa
PP20150810005,08/10/2015,Tunde Ogunleye,Male,2.34902E+12,tunde.ogunleye24@gmail.com,98231371376,Badagry Division,Hudson,94124,Cracked underground pipe slowly flooding compound,6.465603,3.184948,,13/02/2026 04:03,Sanitation failure,Oshodi-Bolade LCDA,Ikeja,Alimosho
PP20160913919,09/13/2016,Yetunde Umeh,Female,2.34904E+12,yetunde.umeh23@hotmail.com,81385886671,Epe Division,20th,94110,kitchen remodel,6.459803,3.587064,,13/02/2026 04:03,Sanitation failure,Lekki LCDA,Ikeja,Oshodi-Isolo
PP20110808102,08/08/2011,Oluwaseun Oladipo,Male,2.34814E+12,oluwaseun.oladipo93@outlook.com,96565242521,Ikeja Division,02nd,94122,Water heater pipe leakage soaking utility area,6.616422,3.355986,,13/02/2026 04:03,Leak,Agbado-Oke Odo LCDA,Lagos Island,Apapa
PP20180309541,03/09/2018,Ijeoma Oladipo,Female,2.34903E+12,ijeoma.oladipo45@outlook.com,38074181200,Badagry Division,16th,94103,Water heater pipe leakage soaking utility area,6.47632,3.33093,,13/02/2026 04:03,Leak,Badagry Central LCDA,Badagry,Ajeromi-Ifelodun
PP20100316679,03/16/2010,Chisom Ajayi,Female,2.34818E+12,chisom.ajayi26@yahoo.com,11573210761,Ikeja Division,Ellis,94109,Persistent dripping tap in kitchen wasting water daily,6.616499,3.297793,,13/02/2026 04:03,Sanitation failure,Ayobo-Ipaja LCDA,Badagry,Ojo
PP20081017261,10/17/2008,Chioma Ojo,Female,2.34904E+12,chioma.ojo50@hotmail.com,65753709030,Lagos Island Division,Cabrillo,94118,Low water pressure affecting entire household supply,6.423591,3.425085,,13/02/2026 04:03,Sanitation failure,Badagry West LCDA,Ikeja,Kosofe
PP20140630959,06/30/2014,Chioma Okoye,Female,2.3481E+12,chioma.okoye12@outlook.com,48885094910,Lagos Island Division,Broderick,94115,Toilet overflow due to heavily blocked drain system,6.438883,3.352671,,13/02/2026 04:03,Blockage,Mosan-Okunola LCDA,Epe,Epe
PP20151013701,10/13/2015,Bola Chukwu,Female,2.3481E+12,bola.chukwu50@hotmail.com,44062518110,Epe Division,23rd,94114,Public tap pipe severely damaged in residential community,6.471893,3.587972,,13/02/2026 04:03,Sanitation failure,Ikosi-Isheri LCDA,Ikeja,Somolu
PP20150609396,06/09/2015,Ifeanyi Danladi,Male,2.34814E+12,ifeanyi.danladi67@outlook.com,3634544384,Badagry Division,North Point,94109,Open manhole with visible sewage leakage on street,6.403108,2.89554,,13/02/2026 04:03,Leak,Egbe-Idimu LCDA,Ikeja,Ikeja
PP20160722378,07/22/2016,Aisha Afolabi,Female,2.34906E+12,aisha.afolabi16@hotmail.com,83847033127,Ikeja Division,York,94110,Major pipe burst near primary school disrupting access road,6.53302,3.347553,,13/02/2026 04:03,Leak,Oshodi-Bolade LCDA,Ikeja,Alimosho
PP20180405317,04/05/2018,Chinedu Danladi,Male,2.34807E+12,chinedu.danladi92@hotmail.com,70135262757,Ikeja Division,Clement,94118,Water main leakage along roadside causing traffic obstruction,6.586424,3.350051,,13/02/2026 04:03,Leak,Eredo LCDA,Ikeja,Mushin
PP20141121007,11/21/2014,Bola Abiola,Female,2.34811E+12,bola.abiola29@yahoo.com,64423748292,Ikeja Division,Ofarrell,94109,Bathroom floor drain completely clogged with wastewater backup,6.597341,3.352631,,13/02/2026 04:03,Blockage,Bariga LCDA,Badagry,Amuwo-Odofin
PP20140723623,07/23/2014,Adebayo Owolabi,Male,2.34816E+12,adebayo.owolabi85@gmail.com,77656658445,Ikeja Division,47th,94121,replace gas line & wall heater in unit c.,6.666169,3.308525,,13/02/2026 04:03,Sanitation failure,Lekki LCDA,Ikeja,Oshodi-Isolo
PP20080418898,04/18/2008,Ifeanyi Adebisi,Male,2.34901E+12,ifeanyi.adebisi93@hotmail.com,93998128042,Ikeja Division,Powell,94108,Open manhole with visible sewage leakage on street,6.549717,3.305044,,13/02/2026 04:03,Leak,Ikotun-Ikosi LCDA,Lagos Island,Lagos Mainland
PP20171219293,12/19/2017,Chinedu Yakubu,Male,2.34803E+12,chinedu.yakubu75@outlook.com,20723441656,Ikorodu Division,Cesar Chavez,94131,Low water pressure affecting entire household supply,6.625737,3.503518,,13/02/2026 04:03,Sanitation failure,Ikorodu West LCDA,Ikorodu,Ikorodu
PP20081113405,11/13/2008,Chisom Adebisi,Female,2.34804E+12,chisom.adebisi32@yahoo.com,99275687720,Lagos Island Division,New Montgomery,94105,"bathroom remodel. shower, sink toilet.",6.465587,3.339884,,13/02/2026 04:03,Sanitation failure,Badagry Central LCDA,Badagry,Ajeromi-Ifelodun
PP20111228386,12/28/2011,Chisom Umeh,Female,2.34907E+12,chisom.umeh27@gmail.com,9179550142,Lagos Island Division,Howth,94112,Public tap pipe severely damaged in residential community,6.537512,3.376957,,13/02/2026 04:03,Sanitation failure,Isolo LCDA,Ikeja,Ikeja
PP20141119919,11/19/2014,Yetunde Okafor,Female,2.34809E+12,yetunde.okafor31@gmail.com,18960029517,Ikeja Division,Market,94103,Persistent dripping tap in kitchen wasting water daily,6.617596,3.295798,,13/02/2026 04:03,Sanitation failure,Surulere LCDA,Lagos Island,Apapa
PP20131209555,12/09/2013,Ijeoma Adebisi,Female,2.34805E+12,ijeoma.adebisi77@outlook.com,37618451297,Ikorodu Division,Sutter,94109,Blocked drainage channel causing street-level flooding,6.630796,3.506626,,13/02/2026 04:03,Blockage,Itire-Ikate LCDA,Badagry,Badagry
PP20140219321,02/19/2014,Chukwudi Ibrahim,Male,2.34906E+12,chukwudi.ibrahim84@gmail.com,49080895609,Badagry Division,Presidio,94115,Underground water pipe burst near hospital entrance,6.404014,2.899205,,13/02/2026 04:03,Leak,Yaba LCDA,Ikeja,Alimosho
PP20120910434,09/10/2012,Femi Adeyemi,Male,2.34817E+12,femi.adeyemi44@outlook.com,4194458590,Ikeja Division,15th,94103,Water heater pipe leakage soaking utility area,6.607865,3.297216,,13/02/2026 04:03,Leak,Ifako-Agege LCDA,Ikeja,Mushin
PP20101223961,12/23/2010,Chisom Okafor,Female,2.34818E+12,chisom.okafor18@outlook.com,41765128861,Badagry Division,Sutter,94102,replace leaking water heater,6.462348,3.23968,,13/02/2026 04:03,Leak,Ikotun-Ikosi LCDA,Lagos Island,Lagos Mainland
PP20110928319,09/28/2011,Ayomide Yakubu,Male,2.34803E+12,ayomide.yakubu52@outlook.com,60885907588,Lagos Island Division,Boutwell,94124,Toilet overflow due to heavily blocked drain system,6.502855,3.354901,,13/02/2026 04:03,Blockage,Apapa-Iganmu LCDA,Ikeja,Ifako-Ijaiye
PP20140923294,09/23/2014,Temitope Yakubu,Female,2.34909E+12,temitope.yakubu84@gmail.com,63025037755,Ikeja Division,Bay,94123,"replace housetrap and 20ftof clay sewer line with cast iron, replace 38ft of 1-1/2in galvanized water line with copper.",6.581978,3.417423,,13/02/2026 04:03,Sanitation failure,Agboyi-Ketu LCDA,Lagos Island,Surulere
PP20101220878,12/20/2010,Ayomide Oladipo,Male,2.34905E+12,ayomide.oladipo60@hotmail.com,26714504225,Lagos Island Division,Clay,94115,Public tap pipe severely damaged in residential community,6.439098,3.386912,,13/02/2026 04:03,Sanitation failure,Ayobo-Ipaja LCDA,Badagry,Ojo
PP20190208003,02/08/2019,Zainab Balogun,Female,2.3491E+12,zainab.balogun75@hotmail.com,4442509013,Lagos Island Division,Market,94102,Toilet overflow due to heavily blocked drain system,6.446611,3.430762,,13/02/2026 04:03,Blockage,Itire-Ikate LCDA,Badagry,Badagry
PP20190425231,04/25/2019,Abdulrahman Balogun,Male,2.34812E+12,abdulrahman.balogun24@hotmail.com,98979103419,Ikeja Division,22nd,94116,Blocked drainage channel causing street-level flooding,6.601174,3.353931,,13/02/2026 04:03,Blockage,Egbe-Idimu LCDA,Ikeja,Ikeja
PP20120529931,05/29/2012,Chukwudi Adeyemi,Male,2.34806E+12,chukwudi.adeyemi12@gmail.com,57436476470,Epe Division,Green,94133,Underground water pipe burst near hospital entrance,6.467058,3.598566,,13/02/2026 04:03,Leak,Ebute-Metta LCDA,Lagos Island,Eti-Osa
PP20170825222,08/25/2017,Ngozi Akinyemi,Female,2.34818E+12,ngozi.akinyemi61@yahoo.com,72085793151,Ikorodu Division,Page,94117,Underground water pipe burst near hospital entrance,6.617396,3.512818,,13/02/2026 04:03,Leak,Ifako-Agege LCDA,Ikeja,Mushin
PP20160520624,05/20/2016,Uche Yakubu,Male,2.34806E+12,uche.yakubu67@gmail.com,6651401446,Badagry Division,11th,94118,Blocked drainage channel causing street-level flooding,6.47816,3.325526,,13/02/2026 04:03,Blockage,Ojodu LCDA,Lagos Island,Eti-Osa
PP20090601712,06/01/2009,Chukwudi Balogun,Male,2.34811E+12,chukwudi.balogun86@yahoo.com,45147096743,Lagos Island Division,08th,94122,to renew an expired permit taken by another contractor - new plumbing to remodel 3 storey duplex,6.539988,3.363895,,13/02/2026 04:03,Sanitation failure,Ebute-Metta LCDA,Lagos Island,Eti-Osa
PP20161013798,10/13/2016,Kelechi Owolabi,Male,2.34809E+12,kelechi.owolabi31@hotmail.com,8146793906,Lagos Island Division,Parnassus,94117,Public tap pipe severely damaged in residential community,6.470396,3.390973,,13/02/2026 04:03,Sanitation failure,Ayobo-Ipaja LCDA,Badagry,Ojo
PP20160927334,09/27/2016,Olamide Ogunleye,Male,2.34909E+12,olamide.ogunleye62@outlook.com,98006843581,Badagry Division,Post,94109,Sudden burst water pipe inside bathroom wall causing flooding,6.447573,3.2311,,13/02/2026 04:03,Leak,Mosan-Okunola LCDA,Epe,Epe
PP20190522012,05/22/2019,Uche Okafor,Male,2.34808E+12,uche.okafor80@outlook.com,43246225420,Lagos Island Division,Blythdale,94134,High-pressure pipe burst affecting multiple residential buildings,6.449552,3.384302,,13/02/2026 04:03,Leak,Igbogbo-Baiyeku LCDA,Badagry,Ojo
PP20170221119,02/21/2017,Femi Oladipo,Male,2.34907E+12,femi.oladipo57@yahoo.com,91234983842,Ikeja Division,Ingalls,94124,Blocked drainage channel causing street-level flooding,6.577224,3.415327,,13/02/2026 04:03,Blockage,Epe LCDA,Badagry,Ajeromi-Ifelodun
PP20141219650,12/19/2014,Emeka Abiola,Male,2.34904E+12,emeka.abiola40@yahoo.com,67885821466,Lagos Island Division,45th,94122,to comply with nov#201404541 & 201407651.,6.442678,3.423976,,13/02/2026 04:03,Sanitation failure,Ikorodu West LCDA,Ikorodu,Ikorodu
PP20160126347,01/26/2016,Chukwudi Ojo,Male,2.34815E+12,chukwudi.ojo13@outlook.com,52502137259,Ikorodu Division,Cotter,94112,"1/f: add one bathroom,r elocate washer. 2/f: remodel kitchen & 2 bathrooms, 3/f: add one bathroom.",6.622477,3.499545,,13/02/2026 04:03,Sanitation failure,Iba LCDA,Ikeja,Agege
PP20150210898,02/10/2015,Chukwudi Adeyemi,Male,2.34817E+12,chukwudi.adeyemi76@hotmail.com,3440848648,Lagos Island Division,Upland,94127,Low water pressure affecting entire household supply,6.424292,3.439887,,13/02/2026 04:03,Sanitation failure,Oshodi-Bolade LCDA,Ikeja,Alimosho
PP20140829686,08/29/2014,Kunle Nwosu,Male,2.34811E+12,kunle.nwosu92@gmail.com,49840644556,Ikeja Division,Beach,94123,Public tap pipe severely damaged in residential community,6.608148,3.352562,,13/02/2026 04:03,Sanitation failure,Badagry Central LCDA,Badagry,Ajeromi-Ifelodun
PP20160822259,08/22/2016,Tunde Okoye,Male,2.34813E+12,tunde.okoye55@outlook.com,70925044981,Badagry Division,Liberty,94114,"install plumbing for kitchen, laundry, and 3 and 1/2 baths; install radiant heating, (1) shower pan",6.464269,3.333323,,13/02/2026 04:03,Sanitation failure,Orile-Agege LCDA,Ikeja,Kosofe
PP20190805162,08/05/2019,Ngozi Ojo,Female,2.34807E+12,ngozi.ojo65@hotmail.com,68700107651,Ikeja Division,Ulloa,94116,Septic tank backflow causing strong sewage odor indoors,6.680504,3.341319,,13/02/2026 04:03,Sanitation failure,Orile-Agege LCDA,Ikeja,Kosofe
PP20120627643,06/27/2012,Amaka Umeh,Female,2.34818E+12,amaka.umeh92@yahoo.com,80016902976,Ikeja Division,15th,94116,Underground water pipe burst near hospital entrance,6.526192,3.350718,,13/02/2026 04:03,Leak,Ebute-Metta LCDA,Lagos Island,Eti-Osa
PP20131203414,12/03/2013,Zainab Ajayi,Female,2.34903E+12,zainab.ajayi35@hotmail.com,75748906571,Ikeja Division,Terry A. Francois,94158,2/f: tenant improvement 1/2in pre action system with 308 sprinklers.,6.553041,3.31148,,13/02/2026 04:03,Sanitation failure,Surulere LCDA,Lagos Island,Apapa
PP20180615356,06/15/2018,Yetunde Bamidele,Female,2.34811E+12,yetunde.bamidele86@yahoo.com,146838258,Ikeja Division,42nd,94116,Septic tank backflow causing strong sewage odor indoors,6.617913,3.295042,,13/02/2026 04:03,Sanitation failure,Ojodu LCDA,Lagos Island,Eti-Osa
PP20180418635,04/18/2018,Ayomide Akinyemi,Male,2.34908E+12,ayomide.akinyemi81@hotmail.com,3457156535,Badagry Division,Santa Clara,94127,"renew permit pw20170418547. scope of work: full house remodel of plumbing 31/2 bathrooms,laundry kitchen and mechanical room.",6.421189,2.901384,,13/02/2026 04:03,Sanitation failure,Odi-Olowo/Ojuwoye LCDA,Lagos Island,Lagos Island
PP20191107018,11/07/2019,Ayomide Umeh,Male,2.34819E+12,ayomide.umeh57@yahoo.com,38083242078,Lagos Island Division,Lyon,94117,Bathroom floor drain completely clogged with wastewater backup,6.528213,3.382317,,13/02/2026 04:03,Blockage,Ikosi-Isheri LCDA,Ikeja,Somolu
PP20140827604,08/27/2014,Kunle Okoye,Male,2.34903E+12,kunle.okoye72@hotmail.com,51555983175,Ikeja Division,Oak,94102,Water pipeline rupture near highway causing erosion,6.600311,3.309693,,13/02/2026 04:03,Sanitation failure,Agboyi-Ketu LCDA,Lagos Island,Surulere
PP20170616275,06/16/2017,Adaeze Owolabi,Female,2.34818E+12,adaeze.owolabi67@outlook.com,90513136720,Ikorodu Division,Greenwich,94123,Major pipe burst near primary school disrupting access road,6.623284,3.509552,,13/02/2026 04:03,Leak,Oto-Awori LCDA,Lagos Island,Lagos Mainland
PP20150722501,07/22/2015,Zainab Adeyemi,Female,2.34808E+12,zainab.adeyemi16@hotmail.com,90960244372,Ikorodu Division,Nevada,94110,remodel (3) bathrooms and kitchen. new water heater.,6.614252,3.512935,,13/02/2026 04:03,Sanitation failure,Orile-Agege LCDA,Ikeja,Kosofe
PP20191211870,12/11/2019,Ijeoma Owolabi,Female,2.34813E+12,ijeoma.owolabi71@hotmail.com,75392991509,Ikorodu Division,Grant,94108,Major pipe burst near primary school disrupting access road,6.618796,3.521778,,13/02/2026 04:03,Leak,Igbogbo-Baiyeku LCDA,Badagry,Ojo
PP20170607997,06/07/2017,Chukwudi Adebisi,Male,2.34909E+12,chukwudi.adebisi11@gmail.com,74669541224,Ikeja Division,Filbert,94123,"disconnect and remove old leaking water heater. install new laars mt2v (200,000)btu lonox compliant heater. serial #840-a90-7734 to be removed from system.",6.554461,3.300631,,13/02/2026 04:03,Leak,Apapa-Iganmu LCDA,Ikeja,Ifako-Ijaiye
PP20100706199,07/06/2010,Abdulrahman Yakubu,Male,2.34815E+12,abdulrahman.yakubu21@hotmail.com,10392295899,Lagos Island Division,Dolores,94110,Low water pressure affecting entire household supply,6.458702,3.356829,,13/02/2026 04:03,Sanitation failure,Agboyi-Ketu LCDA,Lagos Island,Surulere
PP20170109988,01/09/2017,Obinna Danladi,Male,2.34814E+12,obinna.danladi85@gmail.com,14150089487,Epe Division,Arkansas,94107,Persistent dripping tap in kitchen wasting water daily,6.475265,3.580226,,13/02/2026 04:03,Sanitation failure,Bariga LCDA,Badagry,Amuwo-Odofin
PP20110708446,07/08/2011,Ayomide Okafor,Male,2.34904E+12,ayomide.okafor83@gmail.com,88726376872,Badagry Division,Octavia,94102,Toilet overflow due to heavily blocked drain system,6.460202,3.334142,,13/02/2026 04:03,Blockage,Ikorodu West LCDA,Ikorodu,Ikorodu
PP20120503308,05/03/2012,Adaeze Ojo,Female,2.34816E+12,adaeze.ojo50@gmail.com,42806826614,Ikeja Division,Cumberland,94110,Bathroom floor drain completely clogged with wastewater backup,6.583428,3.421498,,13/02/2026 04:03,Blockage,Igbogbo-Baiyeku LCDA,Badagry,Ojo
PP20130807066,08/07/2013,Aisha Ibrahim,Female,2.34813E+12,aisha.ibrahim91@yahoo.com,96199151902,Ikeja Division,Divisadero,94115,Toilet overflow due to heavily blocked drain system,6.667114,3.310236,,13/02/2026 04:03,Blockage,Lekki LCDA,Ikeja,Oshodi-Isolo
PP20160711972,07/11/2016,Adaeze Ekanem,Female,2.34901E+12,adaeze.ekanem77@hotmail.com,5316676020,Lagos Island Division,Turner,94107,add 2 plumbing fixtures on existing plumbing system,6.444472,3.366938,,13/02/2026 04:03,Sanitation failure,Oriade LCDA,Lagos Island,Lagos Island
PP20130612539,06/12/2013,Ifeanyi Akinyemi,Male,2.34814E+12,ifeanyi.akinyemi32@gmail.com,10868791046,Epe Division,Armstrong,94124,Water heater pipe leakage soaking utility area,6.581026,3.981136,,13/02/2026 04:03,Leak,Agbado-Oke Odo LCDA,Lagos Island,Apapa
PP20120305927,03/05/2012,Opeyemi Eze,Female,2.34904E+12,opeyemi.eze45@yahoo.com,13685677891,Lagos Island Division,Mississippi,94107,Underground water pipe burst near hospital entrance,6.463964,3.38758,,13/02/2026 04:03,Leak,Eredo LCDA,Ikeja,Mushin
PP20140616548,06/16/2014,Kunle Bamidele,Male,2.34819E+12,kunle.bamidele94@outlook.com,61683441290,Lagos Island Division,Capp,94110,"install 2 bathrooms, 2 kitchen sinks and 2 gas lines.",6.508972,3.377594,,13/02/2026 04:03,Sanitation failure,Oriade LCDA,Lagos Island,Lagos Island
PP20140908863,09/08/2014,Ngozi Okoye,Female,2.34817E+12,ngozi.okoye30@hotmail.com,24805159504,Ikeja Division,Spear,94105,Major pipe burst near primary school disrupting access road,6.578458,3.407038,,13/02/2026 04:03,Leak,Ifako-Agege LCDA,Ikeja,Mushin
PP20100211013,02/11/2010,Seyi Ibrahim,Male,2.34811E+12,seyi.ibrahim64@gmail.com,91085098868,Badagry Division,Virginia,94110,Water pipeline rupture near highway causing erosion,6.464946,3.338215,,13/02/2026 04:03,Sanitation failure,Agboyi-Ketu LCDA,Lagos Island,Surulere
PP20181029128,10/29/2018,Uche Adeyemi,Male,2.34908E+12,uche.adeyemi65@gmail.com,2727233499,Ikorodu Division,Folsom,94107,plumbing for new restroom in existing space. toilet and hand sink,6.619307,3.51357,,13/02/2026 04:03,Sanitation failure,Lekki LCDA,Ikeja,Oshodi-Isolo
PP20090731072,07/31/2009,Aisha Bamidele,Female,2.34802E+12,aisha.bamidele31@outlook.com,36304753309,Lagos Island Division,10th,94118,Flooding due to collapsed drainage system after rainfall,6.466934,3.355571,,13/02/2026 04:03,Blockage,Oshodi-Bolade LCDA,Ikeja,Alimosho
PP20160630765,06/30/2016,Uche Nwosu,Male,2.34816E+12,uche.nwosu33@gmail.com,2331872109,Badagry Division,Sacramento,94111,Sudden burst water pipe inside bathroom wall causing flooding,6.452783,3.244908,,13/02/2026 04:03,Leak,Ikosi-Isheri LCDA,Ikeja,Somolu
PP20170410403,04/10/2017,Ngozi Okoye,Female,2.34905E+12,ngozi.okoye14@yahoo.com,84731475724,Epe Division,Page,94117,Flooding due to collapsed drainage system after rainfall,6.461536,3.579151,,13/02/2026 04:03,Blockage,Isolo LCDA,Ikeja,Ikeja
PP20091008538,10/08/2009,Tunde Owolabi,Male,2.3481E+12,tunde.owolabi59@yahoo.com,12607412319,Ikeja Division,Kalmanovitz,94124,Public tap pipe severely damaged in residential community,6.604212,3.298595,,13/02/2026 04:03,Sanitation failure,Coker-Aguda LCDA,Ikeja,Agege
PP20160906722,09/06/2016,Opeyemi Mohammed,Female,2.3481E+12,opeyemi.mohammed64@yahoo.com,46809550175,Lagos Island Division,Eddy,94109,High-pressure pipe burst affecting multiple residential buildings,6.547891,3.37204,,13/02/2026 04:03,Leak,Badagry Central LCDA,Badagry,Ajeromi-Ifelodun
PP20130510629,05/10/2013,Tunde Ekanem,Male,2.34904E+12,tunde.ekanem19@outlook.com,9959613657,Ikeja Division,Fulton,94117,Cracked underground pipe slowly flooding compound,6.604834,3.294369,,13/02/2026 04:03,Sanitation failure,Ifako-Agege LCDA,Ikeja,Mushin
PP20150527977,05/27/2015,Oluwaseun Yakubu,Male,2.34814E+12,oluwaseun.yakubu49@yahoo.com,51049981683,Badagry Division,11th,94118,Minor kitchen sink pipe leakage under cabinet,6.418958,2.887636,,13/02/2026 04:03,Leak,Isolo LCDA,Ikeja,Ikeja
PP20130611499,06/11/2013,Femi Bamidele,Male,2.34812E+12,femi.bamidele20@hotmail.com,39456852158,Lagos Island Division,35th,94116,Water heater pipe leakage soaking utility area,6.461641,3.334736,,13/02/2026 04:03,Leak,Odi-Olowo/Ojuwoye LCDA,Lagos Island,Lagos Island
PP20171228525,12/28/2017,Zainab Adebisi,Female,2.34809E+12,zainab.adebisi13@yahoo.com,23263558460,Badagry Division,04th,94103,Sewer overflow spreading wastewater near market area,6.391131,2.880041,,13/02/2026 04:03,Sanitation failure,Ebute-Metta LCDA,Lagos Island,Eti-Osa
PP20091027927,10/27/2009,Ngozi Owolabi,Female,2.34814E+12,ngozi.owolabi86@outlook.com,71396537654,Badagry Division,Innes,94124,Flooding due to collapsed drainage system after rainfall,6.471973,3.167344,,13/02/2026 04:03,Blockage,Oto-Awori LCDA,Lagos Island,Lagos Mainland
PP20080408579,04/08/2008,Kelechi Nnamdi,Male,2.34907E+12,kelechi.nnamdi90@outlook.com,46536466139,Lagos Island Division,Owens,94158,Major pipe burst near primary school disrupting access road,6.403024,3.427612,,13/02/2026 04:03,Leak,Oriade LCDA,Lagos Island,Lagos Island
PP20171011417,10/11/2017,Emeka Ibrahim,Male,2.3491E+12,emeka.ibrahim54@yahoo.com,36706590746,Epe Division,Fountain,94114,Open manhole with visible sewage leakage on street,6.472437,3.574098,,13/02/2026 04:03,Leak,Ayobo-Ipaja LCDA,Badagry,Ojo
PP20170614192,06/14/2017,Chioma Okoye,Female,2.34816E+12,chioma.okoye86@yahoo.com,76905033756,Lagos Island Division,Corbett,94131,"ground fl: relocating lavatory, washer, dryer, gas line, floor drain, add toilet.",6.487045,3.351103,,13/02/2026 04:03,Blockage,Ojokoro LCDA,Badagry,Amuwo-Odofin
PP20191007045,10/07/2019,Uche Oladipo,Male,2.34818E+12,uche.oladipo51@gmail.com,96691577368,Ikeja Division,Market,94105,Blocked drainage channel causing street-level flooding,6.602905,3.345237,,13/02/2026 04:03,Blockage,Ayobo-Ipaja LCDA,Badagry,Ojo
PP20170113169,01/13/2017,Chinedu Nwosu,Male,2.34909E+12,chinedu.nwosu25@outlook.com,71723273088,Badagry Division,Burnett,94131,Severe shower pipe rupture flooding entire bathroom,6.454941,3.221454,,13/02/2026 04:03,Sanitation failure,Badagry West LCDA,Ikeja,Kosofe
PP20090122626,01/22/2009,Oluwaseun Afolabi,Male,2.34807E+12,oluwaseun.afolabi69@hotmail.com,7160599758,Badagry Division,Lawton,94122,Toilet overflow due to heavily blocked drain system,6.441431,3.238739,,13/02/2026 04:03,Blockage,Epe LCDA,Badagry,Ajeromi-Ifelodun
PP20131029510,10/29/2013,Opeyemi Bamidele,Female,2.34905E+12,opeyemi.bamidele25@gmail.com,8217940016,Ikeja Division,San Fernando,94127,shower pan liner installation.,6.599237,3.34612,,13/02/2026 04:03,Sanitation failure,Ikorodu North LCDA,Ikorodu,Ikorodu
PP20170524644,05/24/2017,Abdulrahman Mohammed,Male,2.34813E+12,abdulrahman.mohammed15@yahoo.com,18533281823,Ikorodu Division,23rd,94110,Major pipe burst near primary school disrupting access road,6.627378,3.491907,,13/02/2026 04:03,Leak,Isolo LCDA,Ikeja,Ikeja
PP20100818241,08/18/2010,Obinna Akinyemi,Male,2.34817E+12,obinna.akinyemi66@hotmail.com,82545421983,Epe Division,Reno,94133,Septic tank backflow causing strong sewage odor indoors,6.584455,3.989183,,13/02/2026 04:03,Sanitation failure,Mosan-Okunola LCDA,Epe,Epe
PP20120606152,06/06/2012,Femi Umeh,Male,2.34816E+12,femi.umeh32@gmail.com,95846481241,Ikeja Division,Lucy,94124,Severe shower pipe rupture flooding entire bathroom,6.627566,3.290182,,13/02/2026 04:03,Sanitation failure,Badagry Central LCDA,Badagry,Ajeromi-Ifelodun
PP20130802921,08/02/2013,Adaeze Umeh,Female,2.34803E+12,adaeze.umeh85@yahoo.com,59244978390,Epe Division,Brannan,94103,1/f: shower pan.,6.587245,3.965561,,13/02/2026 04:03,Sanitation failure,Eredo LCDA,Ikeja,Mushin
PP20161108513,11/08/2016,Obinna Ibrahim,Male,2.34907E+12,obinna.ibrahim21@hotmail.com,43487770635,Ikeja Division,Green,94123,Low water pressure affecting entire household supply,6.57788,3.359948,,13/02/2026 04:03,Sanitation failure,Mosan-Okunola LCDA,Epe,Epe
PP20111208966,12/08/2011,Chukwudi Ajayi,Male,2.3482E+12,chukwudi.ajayi98@hotmail.com,34405974954,Ikeja Division,Irving,94122,Toilet overflow due to heavily blocked drain system,6.583244,3.428485,,13/02/2026 04:03,Blockage,Oto-Awori LCDA,Lagos Island,Lagos Mainland
PP20091102065,11/02/2009,Zainab Afolabi,Female,2.34814E+12,zainab.afolabi67@outlook.com,4131768348,Ikeja Division,Leavenworth,94109,Underground water pipe burst near hospital entrance,6.601766,3.341199,,13/02/2026 04:03,Leak,Agboyi-Ketu LCDA,Lagos Island,Surulere
PP20120918620,09/18/2012,Zainab Oladipo,Female,2.34804E+12,zainab.oladipo38@outlook.com,81029057339,Ikorodu Division,Sacramento,94108,Public tap pipe severely damaged in residential community,6.638088,3.514697,,13/02/2026 04:03,Sanitation failure,Ojodu LCDA,Lagos Island,Eti-Osa
PP20160503122,05/03/2016,Yetunde Okoye,Female,2.34812E+12,yetunde.okoye95@hotmail.com,8972293313,Badagry Division,Broadway,94133,Open manhole with visible sewage leakage on street,6.469466,3.333386,,13/02/2026 04:03,Leak,Orile-Agege LCDA,Ikeja,Kosofe
PP20081229960,12/29/2008,Chioma Ekanem,Female,2.34807E+12,chioma.ekanem54@hotmail.com,16465110044,Ikeja Division,Ord,94114,Flooding due to collapsed drainage system after rainfall,6.511591,3.368156,,13/02/2026 04:03,Blockage,Odi-Olowo/Ojuwoye LCDA,Lagos Island,Lagos Island
PP20130222473,02/22/2013,Amaka Adeyemi,Female,2.34819E+12,amaka.adeyemi63@yahoo.com,60419062844,Lagos Island Division,12th,94116,Water main leakage along roadside causing traffic obstruction,6.426991,3.426945,,13/02/2026 04:03,Leak,Agbado-Oke Odo LCDA,Lagos Island,Apapa
PP20150821348,08/21/2015,Chinedu Ojo,Male,2.34812E+12,chinedu.ojo89@yahoo.com,48904958207,Badagry Division,Embarcadero Center,94111,Severe shower pipe rupture flooding entire bathroom,6.44537,3.171205,,13/02/2026 04:03,Sanitation failure,Ikorodu North LCDA,Ikorodu,Ikorodu
PP20121226998,12/26/2012,Amaka Okoye,Female,2.34818E+12,amaka.okoye81@gmail.com,85475588010,Ikeja Division,18th,94110,Underground water pipe burst near hospital entrance,6.684151,3.325127,,13/02/2026 04:03,Leak,Ayobo-Ipaja LCDA,Badagry,Ojo
PP20080609405,06/09/2008,Obinna Okafor,Male,2.34905E+12,obinna.okafor74@hotmail.com,12153498129,Ikorodu Division,15th,94116,Sewer overflow spreading wastewater near market area,6.633933,3.509718,,13/02/2026 04:03,Sanitation failure,Ebute-Metta LCDA,Lagos Island,Eti-Osa
PP20160603959,06/03/2016,Yetunde Okoye,Female,2.34814E+12,yetunde.okoye80@hotmail.com,1082260868,Ikorodu Division,Post,94102,Bathroom floor drain completely clogged with wastewater backup,6.600981,3.519421,,13/02/2026 04:03,Blockage,Agboyi-Ketu LCDA,Lagos Island,Surulere
PP20080915738,09/15/2008,Opeyemi Balogun,Female,2.34902E+12,opeyemi.balogun23@yahoo.com,74284825121,Lagos Island Division,Webster,94115,Persistent dripping tap in kitchen wasting water daily,6.442901,3.365987,,13/02/2026 04:03,Sanitation failure,Bariga LCDA,Badagry,Amuwo-Odofin
PP20170816933,08/16/2017,Adaeze Okoye,Female,2.34817E+12,adaeze.okoye85@hotmail.com,14933759104,Epe Division,17th,94122,Public tap pipe severely damaged in residential community,6.584252,3.968169,,13/02/2026 04:03,Sanitation failure,Ojokoro LCDA,Badagry,Amuwo-Odofin
PP20130815311,08/15/2013,Chisom Balogun,Female,2.34904E+12,chisom.balogun57@gmail.com,64349748961,Lagos Island Division,Jessie,94105,Low water pressure affecting entire household supply,6.450443,3.380962,,13/02/2026 04:03,Sanitation failure,Oto-Awori LCDA,Lagos Island,Lagos Mainland
PP20140722582,07/22/2014,Seyi Afolabi,Male,2.34909E+12,seyi.afolabi33@gmail.com,81571546942,Epe Division,Lunado,94127,Sudden burst water pipe inside bathroom wall causing flooding,6.47493,3.584425,,13/02/2026 04:03,Leak,Amuwo-Odofin LCDA,Ikeja,Ifako-Ijaiye
PP20180711040,07/11/2018,Ijeoma Ekanem,Female,2.34815E+12,ijeoma.ekanem26@yahoo.com,56077372421,Badagry Division,04th,94118,Water pipeline rupture near highway causing erosion,6.425753,2.887107,,13/02/2026 04:03,Sanitation failure,Epe LCDA,Badagry,Ajeromi-Ifelodun
PP20110118444,01/18/2011,Ifeanyi Ogunleye,Male,2.34805E+12,ifeanyi.ogunleye37@gmail.com,47842272890,Badagry Division,Marietta,94127,Underground water pipe burst near hospital entrance,6.452095,3.239084,,13/02/2026 04:03,Leak,Iba LCDA,Ikeja,Agege
PP20160601906,06/01/2016,Ijeoma Nnamdi,Female,2.34816E+12,ijeoma.nnamdi33@outlook.com,4320605913,Ikeja Division,Market,94102,Minor kitchen sink pipe leakage under cabinet,6.529638,3.364954,,13/02/2026 04:03,Leak,Badagry West LCDA,Ikeja,Kosofe
PP20180213793,02/13/2018,Opeyemi Danladi,Female,2.34904E+12,opeyemi.danladi79@gmail.com,72845104037,Ikorodu Division,Precita,94110,Water pipeline rupture near highway causing erosion,6.611039,3.524745,,13/02/2026 04:03,Sanitation failure,Ojodu LCDA,Lagos Island,Eti-Osa
PP20100419404,04/19/2010,Kunle Okafor,Male,2.34903E+12,kunle.okafor13@gmail.com,15940748156,Lagos Island Division,Golden Gate,94117,Minor kitchen sink pipe leakage under cabinet,6.523483,3.370322,,13/02/2026 04:03,Leak,Badagry West LCDA,Ikeja,Kosofe
PP20090708540,07/08/2009,Ngozi Ojo,Female,2.34806E+12,ngozi.ojo19@gmail.com,9316287967,Ikeja Division,Anderson,94110,Sudden burst water pipe inside bathroom wall causing flooding,6.625476,3.333132,,13/02/2026 04:03,Leak,Ebute-Metta LCDA,Lagos Island,Eti-Osa
PP20160219060,02/19/2016,Temitope Nnamdi,Female,2.34809E+12,temitope.nnamdi45@gmail.com,9566866525,Ikeja Division,Highland,94110,Cracked underground pipe slowly flooding compound,6.616595,3.292082,,13/02/2026 04:03,Sanitation failure,Yaba LCDA,Ikeja,Alimosho
PP20080612533,06/12/2008,Zainab Eze,Female,2.3481E+12,zainab.eze82@outlook.com,89226647715,Lagos Island Division,Marietta,94127,Water heater pipe leakage soaking utility area,6.448202,3.363936,,13/02/2026 04:03,Leak,Apapa-Iganmu LCDA,Ikeja,Ifako-Ijaiye
PP20080326211,03/26/2008,Chisom Abiola,Female,2.34809E+12,chisom.abiola13@yahoo.com,43634748911,Lagos Island Division,Chestnut,94123,Major pipe burst near primary school disrupting access road,6.527309,3.359245,,13/02/2026 04:03,Leak,Ojodu LCDA,Lagos Island,Eti-Osa
PP20120221611,02/21/2012,Ayomide Afolabi,Male,2.34803E+12,ayomide.afolabi93@hotmail.com,81253771121,Badagry Division,03rd,94124,Water heater pipe leakage soaking utility area,6.455488,3.342594,,13/02/2026 04:03,Leak,Ikeja LCDA,Epe,Epe
PP20140910942,09/10/2014,Chisom Akinyemi,Female,2.34909E+12,chisom.akinyemi36@hotmail.com,40673686119,Ikorodu Division,Howth,94112,replace (e) hot water heater. locate gas leak.,6.618079,3.505263,,13/02/2026 04:03,Leak,Amuwo-Odofin LCDA,Ikeja,Ifako-Ijaiye
PP20150720428,07/20/2015,Adaeze Oladipo,Female,2.34819E+12,adaeze.oladipo18@outlook.com,99579920019,Ikeja Division,Chestnut,94133,Water main leakage along roadside causing traffic obstruction,6.601914,3.325203,,13/02/2026 04:03,Leak,Badagry Central LCDA,Badagry,Ajeromi-Ifelodun
PP20160824366,08/24/2016,Chukwudi Okafor,Male,2.34803E+12,chukwudi.okafor33@gmail.com,51508608895,Badagry Division,09th,94103,Water main leakage along roadside causing traffic obstruction,6.440782,3.181987,,13/02/2026 04:03,Leak,Ikorodu West LCDA,Ikorodu,Ikorodu
PP20171020712,10/20/2017,Zainab Adebisi,Female,2.34809E+12,zainab.adebisi50@hotmail.com,11783146383,Ikeja Division,Jackson,94118,Bathroom floor drain completely clogged with wastewater backup,6.577316,3.407034,,13/02/2026 04:03,Blockage,Agboyi-Ketu LCDA,Lagos Island,Surulere
PP20090115409,01/15/2009,Emeka Balogun,Male,2.34805E+12,emeka.balogun35@hotmail.com,72552156690,Ikorodu Division,Capp,94110,"gas line to range, fireplace, water heater, kitchen sink, dwv & water system, ice maker",6.618719,3.51414,,13/02/2026 04:03,Sanitation failure,Oriade LCDA,Lagos Island,Lagos Island
PP20190821680,08/21/2019,Emeka Nwosu,Male,2.34909E+12,emeka.nwosu10@hotmail.com,58813538195,Ikorodu Division,Capp,94110,Blocked drainage channel causing street-level flooding,6.640332,3.495381,,13/02/2026 04:03,Blockage,Badagry West LCDA,Ikeja,Kosofe
PP20110401189,04/01/2011,Zainab Mohammed,Female,2.34818E+12,zainab.mohammed54@hotmail.com,8078009694,Lagos Island Division,Chenery,94131,waste pipe connection for laundry sink.,6.460394,3.368731,,13/02/2026 04:03,Sanitation failure,Badagry West LCDA,Ikeja,Kosofe
PP20150227381,02/27/2015,Chioma Oladipo,Female,2.34907E+12,chioma.oladipo78@hotmail.com,28153410825,Badagry Division,Winfield,94110,Water pipeline rupture near highway causing erosion,6.458909,3.335332,,13/02/2026 04:03,Sanitation failure,Ikeja LCDA,Epe,Epe
PP20150618624,06/18/2015,Obinna Okoye,Male,2.34811E+12,obinna.okoye61@yahoo.com,80432120074,Ikeja Division,29th,94122,"kitchen: relocate water lines and drain for sink, run water line for ice maker.",6.522724,3.356457,,13/02/2026 04:03,Blockage,Apapa-Iganmu LCDA,Ikeja,Ifako-Ijaiye
PP20110302384,03/02/2011,Yetunde Chukwu,Female,2.34806E+12,yetunde.chukwu73@gmail.com,12191336186,Lagos Island Division,16th,94122,Low water pressure affecting entire household supply,6.539491,3.385256,,13/02/2026 04:03,Sanitation failure,Eredo LCDA,Ikeja,Mushin
PP20181214480,12/14/2018,Ngozi Adebisi,Female,2.34817E+12,ngozi.adebisi89@hotmail.com,36906587122,Ikorodu Division,04th,94158,Persistent dripping tap in kitchen wasting water daily,6.624486,3.506197,,13/02/2026 04:03,Sanitation failure,Iba LCDA,Ikeja,Agege
PP20170515348,05/15/2017,Kunle Bamidele,Male,2.34907E+12,kunle.bamidele85@hotmail.com,51130004837,Lagos Island Division,Union,94133,"unit #1w: install gas line for stove, install p-trap for sink.",6.433959,3.356915,,13/02/2026 04:03,Sanitation failure,Ojodu LCDA,Lagos Island,Eti-Osa
PP20160401279,04/01/2016,Chioma Chukwu,Female,2.34903E+12,chioma.chukwu34@outlook.com,65890689134,Lagos Island Division,14th,94118,Water heater pipe leakage soaking utility area,6.445166,3.406628,,13/02/2026 04:03,Leak,Orile-Agege LCDA,Ikeja,Kosofe
PP20170913655,09/13/2017,Kelechi Ekanem,Male,2.34816E+12,kelechi.ekanem35@hotmail.com,46978411444,Lagos Island Division,Kearny,94108,Water main leakage along roadside causing traffic obstruction,6.443549,3.395963,,13/02/2026 04:03,Leak,Ikotun-Ikosi LCDA,Lagos Island,Lagos Mainland
PP20170413526,04/13/2017,Yetunde Nnamdi,Female,2.34814E+12,yetunde.nnamdi90@outlook.com,57428378629,Ikorodu Division,03rd,94118,Blocked drainage channel causing street-level flooding,6.609553,3.502575,,13/02/2026 04:03,Blockage,Oriade LCDA,Lagos Island,Lagos Island
PP20150225327,02/25/2015,Ijeoma Eze,Female,2.34815E+12,ijeoma.eze61@outlook.com,56679441136,Ikeja Division,43rd,94121,Cracked underground pipe slowly flooding compound,6.597564,3.337844,,13/02/2026 04:03,Sanitation failure,Ikorodu West LCDA,Ikorodu,Ikorodu
PP20180321852,03/21/2018,Oluwaseun Ojo,Male,2.34804E+12,oluwaseun.ojo95@yahoo.com,72035586894,Ikeja Division,Amethyst,94131,Persistent dripping tap in kitchen wasting water daily,6.592059,3.358534,,13/02/2026 04:03,Sanitation failure,Apapa-Iganmu LCDA,Ikeja,Ifako-Ijaiye
PP20140911012,09/11/2014,Aisha Yakubu,Female,2.34804E+12,aisha.yakubu54@yahoo.com,44435018559,Badagry Division,10th,94118,Toilet overflow due to heavily blocked drain system,6.453626,3.317321,,13/02/2026 04:03,Blockage,Ifako-Ijaiye LCDA,Badagry,Badagry
PP20180910694,09/10/2018,Abdulrahman Adebisi,Male,2.34802E+12,abdulrahman.adebisi47@outlook.com,34812978420,Ikorodu Division,20th,94132,Sudden burst water pipe inside bathroom wall causing flooding,6.6131,3.51782,,13/02/2026 04:03,Leak,Ikeja LCDA,Epe,Epe
PP20130503457,05/03/2013,Chukwudi Okoye,Male,2.34902E+12,chukwudi.okoye55@outlook.com,13348114194,Ikeja Division,Jones,94109,Bathroom floor drain completely clogged with wastewater backup,6.525331,3.349954,,13/02/2026 04:03,Blockage,Lekki LCDA,Ikeja,Oshodi-Isolo
PP20170721206,07/21/2017,Kunle Nnamdi,Male,2.34817E+12,kunle.nnamdi80@outlook.com,46317090632,Ikeja Division,Folsom,94107,Persistent dripping tap in kitchen wasting water daily,6.615944,3.318543,,13/02/2026 04:03,Sanitation failure,Ikosi-Isheri LCDA,Ikeja,Somolu
PP20140430354,04/30/2014,Obinna Adeyemi,Male,2.34814E+12,obinna.adeyemi15@gmail.com,7731363290,Ikeja Division,18th,94114,tenant improvement: ada bathroom upgrade: extension of (e) plumbing line to accomodate relcoationg of lavy for ada comliance.,6.674747,3.332434,,13/02/2026 04:03,Sanitation failure,Egbe-Idimu LCDA,Ikeja,Ikeja
PP20081201986,12/01/2008,Emeka Afolabi,Male,2.34816E+12,emeka.afolabi22@yahoo.com,84151581067,Ikeja Division,Post,94108,Flooding due to collapsed drainage system after rainfall,6.579207,3.426759,,13/02/2026 04:03,Blockage,Yaba LCDA,Ikeja,Alimosho
PP20130712359,07/12/2013,Olamide Oladipo,Male,2.34802E+12,olamide.oladipo88@yahoo.com,13738096292,Lagos Island Division,Banks,94110,Water pipeline rupture near highway causing erosion,6.421825,3.433179,,13/02/2026 04:03,Sanitation failure,Ikorodu North LCDA,Ikorodu,Ikorodu
PP20190605416,06/05/2019,Adebayo Yakubu,Male,2.34809E+12,adebayo.yakubu42@outlook.com,65215968889,Badagry Division,Lower,94114,Water main leakage along roadside causing traffic obstruction,6.468245,3.329934,,13/02/2026 04:03,Leak,Ikotun-Ikosi LCDA,Lagos Island,Lagos Mainland
PP20080818402,08/18/2008,Yetunde Eze,Female,2.34814E+12,yetunde.eze71@outlook.com,3397202568,Badagry Division,Cecilia,94116,sewer line replacement.,6.460801,3.181927,,13/02/2026 04:03,Sanitation failure,Ikosi-Isheri LCDA,Ikeja,Somolu
PP20170822072,08/22/2017,Chioma Nwosu,Female,2.34809E+12,chioma.nwosu65@outlook.com,44228228350,Badagry Division,21st,94122,Toilet overflow due to heavily blocked drain system,6.462203,3.239233,,13/02/2026 04:03,Blockage,Yaba LCDA,Ikeja,Alimosho
PP20160525768,05/25/2016,Kunle Nnamdi,Male,2.3481E+12,kunle.nnamdi69@gmail.com,12192400688,Lagos Island Division,Pine,94115,Public tap pipe severely damaged in residential community,6.516775,3.389563,,13/02/2026 04:03,Sanitation failure,Ojodu LCDA,Lagos Island,Eti-Osa
PP20090325140,03/25/2009,Amaka Adeyemi,Female,2.34803E+12,amaka.adeyemi87@outlook.com,61686163724,Ikorodu Division,Corbett,94131,Bathroom floor drain completely clogged with wastewater backup,6.613445,3.519505,,13/02/2026 04:03,Blockage,Ojodu LCDA,Lagos Island,Eti-Osa
PP20190806203,08/06/2019,Obinna Oladipo,Male,2.34907E+12,obinna.oladipo92@hotmail.com,26294035159,Lagos Island Division,Vallejo,94133,Cracked underground pipe slowly flooding compound,6.471094,3.390682,,13/02/2026 04:03,Sanitation failure,Ojodu LCDA,Lagos Island,Eti-Osa
PP20190813429,08/13/2019,Temitope Adebisi,Female,2.34803E+12,temitope.adebisi33@yahoo.com,67292428644,Epe Division,27th,94122,Minor kitchen sink pipe leakage under cabinet,6.476814,3.573463,,13/02/2026 04:03,Leak,Ikeja LCDA,Epe,Epe
PP20100621911,06/21/2010,Ijeoma Danladi,Female,2.34907E+12,ijeoma.danladi42@hotmail.com,8166177810,Badagry Division,15th,94122,Bathroom floor drain completely clogged with wastewater backup,6.468547,3.184994,,13/02/2026 04:03,Blockage,Apapa-Iganmu LCDA,Ikeja,Ifako-Ijaiye
PP20141117850,11/17/2014,Chioma Chukwu,Female,2.34904E+12,chioma.chukwu83@outlook.com,82919117207,Ikeja Division,Grant,94133,Blocked drainage channel causing street-level flooding,6.53203,3.348144,,13/02/2026 04:03,Blockage,Orile-Agege LCDA,Ikeja,Kosofe
PP20180626682,06/26/2018,Emeka Danladi,Male,2.34903E+12,emeka.danladi55@yahoo.com,15798087545,Badagry Division,Broderick,94123,Water main leakage along roadside causing traffic obstruction,6.450089,3.338333,,13/02/2026 04:03,Leak,Isolo LCDA,Ikeja,Ikeja
PP20140804923,08/04/2014,Bola Ajayi,Female,2.34811E+12,bola.ajayi71@gmail.com,12829638399,Ikeja Division,Eddy,94115,units f3-513 & f3-509: each unit: p traps to be removed and replace in kitchen and bathroom.,6.649166,3.325426,,13/02/2026 04:03,Sanitation failure,Ebute-Metta LCDA,Lagos Island,Eti-Osa
PP20120127026,01/27/2012,Seyi Ogunleye,Male,2.34802E+12,seyi.ogunleye88@yahoo.com,51620646041,Badagry Division,Greenwich,94123,Open manhole with visible sewage leakage on street,6.459412,3.251919,,13/02/2026 04:03,Leak,Itire-Ikate LCDA,Badagry,Badagry
PP20190402587,04/02/2019,Ayomide Nnamdi,Male,2.34905E+12,ayomide.nnamdi74@gmail.com,5430460357,Ikeja Division,Dellbrook,94131,Public tap pipe severely damaged in residential community,6.573083,3.318351,,13/02/2026 04:03,Sanitation failure,Ikosi-Isheri LCDA,Ikeja,Somolu
PP20110815281,08/15/2011,Amaka Abiola,Female,2.34808E+12,amaka.abiola93@outlook.com,66763517231,Ikeja Division,16th,94118,Blocked drainage channel causing street-level flooding,6.576761,3.416973,,13/02/2026 04:03,Blockage,Ayobo-Ipaja LCDA,Badagry,Ojo
PP20110913960,09/13/2011,Ijeoma Ekanem,Female,2.34906E+12,ijeoma.ekanem75@outlook.com,81525372724,Ikorodu Division,Taraval,94116,Blocked drainage channel causing street-level flooding,6.618926,3.494678,,13/02/2026 04:03,Blockage,Badagry West LCDA,Ikeja,Kosofe
PP20091208833,12/08/2009,Adaeze Ibrahim,Female,2.34817E+12,adaeze.ibrahim89@yahoo.com,15673817531,Ikeja Division,Sacramento,94109,Persistent dripping tap in kitchen wasting water daily,6.573896,3.411092,,13/02/2026 04:03,Sanitation failure,Orile-Agege LCDA,Ikeja,Kosofe
PP20150505316,05/05/2015,Chisom Ibrahim,Female,2.34815E+12,chisom.ibrahim72@yahoo.com,32336084266,Ikorodu Division,Bay,94123,Bathroom floor drain completely clogged with wastewater backup,6.599038,3.510975,,13/02/2026 04:03,Blockage,Ikosi-Isheri LCDA,Ikeja,Somolu
PP20120427206,04/27/2012,Adaeze Umeh,Female,2.34905E+12,adaeze.umeh61@yahoo.com,79381527753,Ikeja Division,Sanchez,94114,Bathroom floor drain completely clogged with wastewater backup,6.551109,3.291371,,13/02/2026 04:03,Blockage,Agboyi-Ketu LCDA,Lagos Island,Surulere
PP20090413600,04/13/2009,Amaka Ibrahim,Female,2.34904E+12,amaka.ibrahim76@gmail.com,75868735633,Badagry Division,24th,94110,Blocked drainage channel causing street-level flooding,6.470742,3.340459,,13/02/2026 04:03,Blockage,Ojokoro LCDA,Badagry,Amuwo-Odofin
PP20150817216,08/17/2015,Chisom Ekanem,Female,2.34906E+12,chisom.ekanem21@outlook.com,92951372766,Badagry Division,Webster,94115,Major pipe burst near primary school disrupting access road,6.46897,3.330059,,13/02/2026 04:03,Leak,Agboyi-Ketu LCDA,Lagos Island,Surulere
PP20090810245,08/10/2009,Tunde Akinyemi,Male,2.34812E+12,tunde.akinyemi29@outlook.com,83712380614,Lagos Island Division,Cortland,94110,Low water pressure affecting entire household supply,6.502814,3.367602,,13/02/2026 04:03,Sanitation failure,Ikotun-Ikosi LCDA,Lagos Island,Lagos Mainland
PP20171128660,11/28/2017,Abdulrahman Balogun,Male,2.34812E+12,abdulrahman.balogun95@hotmail.com,5257736515,Ikeja Division,Vallejo,94133,Blocked drainage channel causing street-level flooding,6.618574,3.327754,,13/02/2026 04:03,Blockage,Igbogbo-Baiyeku LCDA,Badagry,Ojo
PP20180524668,05/24/2018,Temitope Okoye,Female,2.34803E+12,temitope.okoye80@yahoo.com,13482412465,Ikeja Division,Lake,94118,Minor kitchen sink pipe leakage under cabinet,6.672566,3.340555,,13/02/2026 04:03,Leak,Ifako-Agege LCDA,Ikeja,Mushin
PP20150330214,03/30/2015,Kelechi Ekanem,Male,2.34909E+12,kelechi.ekanem53@yahoo.com,18788466988,Ikeja Division,Eddy,94115,install 1 shower pan,6.603034,3.315979,,13/02/2026 04:03,Sanitation failure,Apapa-Iganmu LCDA,Ikeja,Ifako-Ijaiye
PP20101123352,11/23/2010,Seyi Ekanem,Male,2.34906E+12,seyi.ekanem87@outlook.com,52709391460,Ikeja Division,Turk,94115,Water heater pipe leakage soaking utility area,6.596544,3.351824,,13/02/2026 04:03,Leak,Coker-Aguda LCDA,Ikeja,Agege
PP20160613223,06/13/2016,Uche Mohammed,Male,2.34908E+12,uche.mohammed25@hotmail.com,32359502000,Badagry Division,Anza,94118,Septic tank backflow causing strong sewage odor indoors,6.459975,3.335533,,13/02/2026 04:03,Sanitation failure,Lekki LCDA,Ikeja,Oshodi-Isolo
PP20130711326,07/11/2013,Ifeanyi Eze,Male,2.34907E+12,ifeanyi.eze80@hotmail.com,21361168297,Epe Division,Page,94117,Severe shower pipe rupture flooding entire bathroom,6.452578,3.57954,,13/02/2026 04:03,Sanitation failure,Bariga LCDA,Badagry,Amuwo-Odofin
PP20160804776,08/04/2016,Kelechi Bamidele,Male,2.34905E+12,kelechi.bamidele61@hotmail.com,55298839543,Ikorodu Division,Palou,94124,Persistent dripping tap in kitchen wasting water daily,6.608479,3.511853,,13/02/2026 04:03,Sanitation failure,Agbado-Oke Odo LCDA,Lagos Island,Apapa
PP20131021228,10/21/2013,Amaka Yakubu,Female,2.34815E+12,amaka.yakubu46@yahoo.com,13622280486,Badagry Division,Ashton,94112,Sewer overflow spreading wastewater near market area,6.424944,2.89146,,13/02/2026 04:03,Sanitation failure,Yaba LCDA,Ikeja,Alimosho
PP20180911738,09/11/2018,Kunle Yakubu,Male,2.34807E+12,kunle.yakubu50@gmail.com,3541039432,Badagry Division,Claremont,94127,Flooding due to collapsed drainage system after rainfall,6.437283,3.203421,,13/02/2026 04:03,Blockage,Ojokoro LCDA,Badagry,Amuwo-Odofin
PP20130322288,03/22/2013,Zainab Chukwu,Female,2.34814E+12,zainab.chukwu75@gmail.com,97525976050,Badagry Division,Harrison,94110,Major pipe burst near primary school disrupting access road,6.463953,3.175235,,13/02/2026 04:03,Leak,Epe LCDA,Badagry,Ajeromi-Ifelodun
PP20181218614,12/18/2018,Temitope Chukwu,Female,2.34807E+12,temitope.chukwu72@gmail.com,39261341815,Ikeja Division,Leavenworth,94109,Minor kitchen sink pipe leakage under cabinet,6.603371,3.353262,,13/02/2026 04:03,Leak,Badagry West LCDA,Ikeja,Kosofe
PP20161117758,11/17/2016,Chukwudi Oladipo,Male,2.3491E+12,chukwudi.oladipo12@yahoo.com,76574981596,Epe Division,Baker,94117,"apt 14: relocate kitchen, remodel bathroom, add washer and dryer",6.463332,3.586979,,13/02/2026 04:03,Sanitation failure,Oshodi-Bolade LCDA,Ikeja,Alimosho
PP20180222042,02/22/2018,Chioma Akinyemi,Female,2.34809E+12,chioma.akinyemi17@yahoo.com,84589503327,Badagry Division,Taylor,94133,Water pipeline rupture near highway causing erosion,6.454925,3.178956,,13/02/2026 04:03,Sanitation failure,Badagry Central LCDA,Badagry,Ajeromi-Ifelodun
PP20080825636,08/25/2008,Kelechi Okoye,Male,2.34808E+12,kelechi.okoye83@gmail.com,56872303842,Lagos Island Division,Myra,94127,Public tap pipe severely damaged in residential community,6.426237,3.407573,,13/02/2026 04:03,Sanitation failure,Apapa-Iganmu LCDA,Ikeja,Ifako-Ijaiye
PP20111123692,11/23/2011,Chinedu Balogun,Male,2.34811E+12,chinedu.balogun62@hotmail.com,15352208680,Ikeja Division,Belvedere,94117,Septic tank backflow causing strong sewage odor indoors,6.616958,3.341853,,13/02/2026 04:03,Sanitation failure,Eredo LCDA,Ikeja,Mushin
PP20110831688,08/31/2011,Kunle Ajayi,Male,2.34906E+12,kunle.ajayi93@hotmail.com,71206423955,Lagos Island Division,Greenwich,94123,Water pipeline rupture near highway causing erosion,6.529549,3.387399,,13/02/2026 04:03,Sanitation failure,Itire-Ikate LCDA,Badagry,Badagry
PP20120816895,08/16/2012,Ngozi Chukwu,Female,2.34819E+12,ngozi.chukwu38@yahoo.com,16181477367,Lagos Island Division,Page,94117,Water heater pipe leakage soaking utility area,6.452043,3.353673,,13/02/2026 04:03,Leak,Iba LCDA,Ikeja,Agege
PP20120308023,03/08/2012,Chisom Nwosu,Female,2.3482E+12,chisom.nwosu14@yahoo.com,74911433287,Ikorodu Division,Greenwich,94133,to abate 201299034: replace existing galvanized water lines with copper: kitchen and bathroom.,6.627797,3.496925,,13/02/2026 04:03,Sanitation failure,Oto-Awori LCDA,Lagos Island,Lagos Mainland
PP20121018440,10/18/2012,Zainab Adebisi,Female,2.34814E+12,zainab.adebisi36@gmail.com,36751723367,Lagos Island Division,Monticello,94132,one full bathroom in the garage.,6.487893,3.351158,,13/02/2026 04:03,Sanitation failure,Onigbongbo LCDA,Epe,Ibeju-Lekki
PP20180924153,09/24/2018,Oluwaseun Ojo,Male,2.34802E+12,oluwaseun.ojo77@gmail.com,80063974019,Lagos Island Division,Pierce,94123,renew permit # pp20170814838 for final inspection,6.507701,3.370228,,13/02/2026 04:03,Sanitation failure,Oriade LCDA,Lagos Island,Lagos Island
PP20141211454,12/11/2014,Bola Danladi,Female,2.34818E+12,bola.danladi12@gmail.com,21861690448,Epe Division,Fell,94117,"bathroom, laundry and kitchen",6.588873,3.994319,,13/02/2026 04:03,Sanitation failure,Eredo LCDA,Ikeja,Mushin
PP20081027573,10/27/2008,Aisha Nwosu,Female,2.34814E+12,aisha.nwosu39@hotmail.com,33519563984,Ikeja Division,Teresita,94131,Severe shower pipe rupture flooding entire bathroom,6.600207,3.298486,,13/02/2026 04:03,Sanitation failure,Oshodi-Bolade LCDA,Ikeja,Alimosho
PP20120426165,04/26/2012,Oluwaseun Ibrahim,Male,2.34902E+12,oluwaseun.ibrahim18@gmail.com,28070974670,Lagos Island Division,15th,94118,Minor kitchen sink pipe leakage under cabinet,6.495648,3.369269,,13/02/2026 04:03,Leak,Lekki LCDA,Ikeja,Oshodi-Isolo
PP20090911917,09/11/2009,Amaka Adeyemi,Female,2.34901E+12,amaka.adeyemi32@outlook.com,6035194999,Ikeja Division,Lexington,94110,Underground water pipe burst near hospital entrance,6.582148,3.412851,,13/02/2026 04:03,Leak,Badagry West LCDA,Ikeja,Kosofe
PP20101004289,10/04/2010,Yetunde Okoye,Female,2.34806E+12,yetunde.okoye41@hotmail.com,54973726445,Badagry Division,24th,94114,Underground water pipe burst near hospital entrance,6.472109,3.342062,,13/02/2026 04:03,Leak,Ikeja LCDA,Epe,Epe
PP20160726505,07/26/2016,Zainab Adeyemi,Female,2.34907E+12,zainab.adeyemi15@gmail.com,40834022778,Epe Division,Tocoloma,94134,"2nd floor remodel kitchen& 2 bath's, 1st floor add 2 bath & laundry",6.577317,3.982989,,13/02/2026 04:03,Sanitation failure,Ayobo-Ipaja LCDA,Badagry,Ojo
PP20130412884,04/12/2013,Temitope Eze,Female,2.34806E+12,temitope.eze58@outlook.com,96572999721,Ikeja Division,23rd,94110,Sudden burst water pipe inside bathroom wall causing flooding,6.572716,3.391719,,13/02/2026 04:03,Leak,Itire-Ikate LCDA,Badagry,Badagry
PP20111019849,10/19/2011,Femi Ajayi,Male,2.34813E+12,femi.ajayi67@gmail.com,80991604883,Ikorodu Division,Grove,94117,3r report #cc6049 code corrections b201110176985 work at: 1371a/1373a/1375a grove street and common area.,6.621405,3.516589,,13/02/2026 04:03,Sanitation failure,Ikoyi-Obalende LCDA,Epe,Ibeju-Lekki
PP20090518418,05/18/2009,Adaeze Chukwu,Female,2.34814E+12,adaeze.chukwu39@hotmail.com,91832261416,Ikeja Division,Judah,94122,Sewer overflow spreading wastewater near market area,6.611621,3.275504,,13/02/2026 04:03,Sanitation failure,Lekki LCDA,Ikeja,Oshodi-Isolo
PP20140916139,09/16/2014,Uche Adeyemi,Male,2.34908E+12,uche.adeyemi49@outlook.com,62276312246,Epe Division,Sacramento,94109,Public tap pipe severely damaged in residential community,6.580492,3.961417,,13/02/2026 04:03,Sanitation failure,Ifako-Ijaiye LCDA,Badagry,Badagry
PP20080331318,03/31/2008,Seyi Mohammed,Male,2.34809E+12,seyi.mohammed72@hotmail.com,30220734230,Badagry Division,Clay,94109,Minor kitchen sink pipe leakage under cabinet,6.474697,3.172139,,13/02/2026 04:03,Leak,Lekki LCDA,Ikeja,Oshodi-Isolo
PP20191024622,10/24/2019,Yetunde Ekanem,Female,2.34808E+12,yetunde.ekanem77@outlook.com,31951813306,Ikorodu Division,Guerrero,94103,Septic tank backflow causing strong sewage odor indoors,6.631954,3.519959,,13/02/2026 04:03,Sanitation failure,Eredo LCDA,Ikeja,Mushin
PP20150701950,07/01/2015,Ijeoma Ojo,Female,2.34807E+12,ijeoma.ojo56@outlook.com,7277994280,Ikeja Division,Eddy,94115,Persistent dripping tap in kitchen wasting water daily,6.518294,3.343272,,13/02/2026 04:03,Sanitation failure,Apapa-Iganmu LCDA,Ikeja,Ifako-Ijaiye
PP20090109272,01/09/2009,Bola Afolabi,Female,2.34808E+12,bola.afolabi25@yahoo.com,1951351360,Epe Division,Broderick,94115,Toilet overflow due to heavily blocked drain system,6.587504,3.975157,,13/02/2026 04:03,Blockage,Ifako-Agege LCDA,Ikeja,Mushin
PP20140313952,03/13/2014,Opeyemi Nwosu,Female,2.3491E+12,opeyemi.nwosu72@yahoo.com,89968606873,Badagry Division,21st,94110,"remodel kitchen , bathroom, and powder room",6.467725,3.328472,,13/02/2026 04:03,Sanitation failure,Yaba LCDA,Ikeja,Alimosho
PP20141024263,10/24/2014,Zainab Chukwu,Female,2.3491E+12,zainab.chukwu54@gmail.com,42991267183,Ikeja Division,Head,94132,Major pipe burst near primary school disrupting access road,6.591188,3.272695,,13/02/2026 04:03,Leak,Oto-Awori LCDA,Lagos Island,Lagos Mainland
PP20110930405,09/30/2011,Femi Oladipo,Male,2.34806E+12,femi.oladipo34@yahoo.com,16167801165,Ikorodu Division,Grant,94133,Sewer overflow spreading wastewater near market area,6.621667,3.504884,,13/02/2026 04:03,Sanitation failure,Oriade LCDA,Lagos Island,Lagos Island
PP20170301380,03/01/2017,Ayomide Danladi,Male,2.34815E+12,ayomide.danladi76@hotmail.com,82744947663,Ikeja Division,Ofarrell,94102,unit #401: kitchen and bathroom renovation. new fixtures / applicances,6.603469,3.301959,,13/02/2026 04:03,Sanitation failure,Yaba LCDA,Ikeja,Alimosho
PP20140813187,08/13/2014,Chioma Ekanem,Female,2.34811E+12,chioma.ekanem95@outlook.com,50540023096,Ikorodu Division,Moraga,94122,High-pressure pipe burst affecting multiple residential buildings,6.631134,3.507775,,13/02/2026 04:03,Leak,Odi-Olowo/Ojuwoye LCDA,Lagos Island,Lagos Island
PP20090903784,09/03/2009,Ifeanyi Ekanem,Male,2.34815E+12,ifeanyi.ekanem46@yahoo.com,13871805207,Ikeja Division,Broad,94112,Cracked underground pipe slowly flooding compound,6.612094,3.341001,,13/02/2026 04:03,Sanitation failure,Badagry West LCDA,Ikeja,Kosofe
PP20080708240,07/08/2008,Obinna Owolabi,Male,2.34906E+12,obinna.owolabi36@hotmail.com,53291477289,Badagry Division,23rd,94116,"add 2 bedrooms, office & full bath at rear portion of existing ground floor. replace water heater & furnace.",6.436431,3.252232,,13/02/2026 04:03,Sanitation failure,Ikosi-Isheri LCDA,Ikeja,Somolu
PP20121001958,10/01/2012,Chisom Afolabi,Female,2.34816E+12,chisom.afolabi11@hotmail.com,46869216973,Lagos Island Division,Jennings,94124,High-pressure pipe burst affecting multiple residential buildings,6.529919,3.386002,,13/02/2026 04:03,Leak,Coker-Aguda LCDA,Ikeja,Agege
PP20110216064,02/16/2011,Opeyemi Yakubu,Female,2.34819E+12,opeyemi.yakubu31@gmail.com,5832553610,Ikeja Division,Yukon,94114,Public tap pipe severely damaged in residential community,6.596132,3.328386,,13/02/2026 04:03,Sanitation failure,Epe LCDA,Badagry,Ajeromi-Ifelodun
PP20130114422,01/14/2013,Chisom Akinyemi,Female,2.34908E+12,chisom.akinyemi62@gmail.com,52201207580,Ikeja Division,Larkin,94109,Water heater pipe leakage soaking utility area,6.544817,3.309099,,13/02/2026 04:03,Leak,Ikorodu West LCDA,Ikorodu,Ikorodu
PP20191216006,12/16/2019,Chinedu Abiola,Male,2.34909E+12,chinedu.abiola65@hotmail.com,33410847233,Ikeja Division,Mission,94105,installation of 2 new boilers (2.8 million btu each). ar&b job # s-19395,6.620307,3.350967,,13/02/2026 04:03,Sanitation failure,Odi-Olowo/Ojuwoye LCDA,Lagos Island,Lagos Island
PP20130702106,07/02/2013,Temitope Danladi,Female,2.34811E+12,temitope.danladi97@gmail.com,53447874531,Lagos Island Division,42nd,94116,Flooding due to collapsed drainage system after rainfall,6.44385,3.354024,,13/02/2026 04:03,Blockage,Ikorodu West LCDA,Ikorodu,Ikorodu
PP20120926839,09/26/2012,Femi Chukwu,Male,2.34804E+12,femi.chukwu40@hotmail.com,40003435145,Ikeja Division,Vallejo,94123,Sewer overflow spreading wastewater near market area,6.681297,3.331566,,13/02/2026 04:03,Sanitation failure,Lekki LCDA,Ikeja,Oshodi-Isolo
PP20160610177,06/10/2016,Temitope Chukwu,Female,2.34816E+12,temitope.chukwu52@hotmail.com,45716597874,Lagos Island Division,Bush,94104,Severe shower pipe rupture flooding entire bathroom,6.466777,3.397587,,13/02/2026 04:03,Sanitation failure,Ojodu LCDA,Lagos Island,Eti-Osa
PP20170927077,09/27/2017,Zainab Yakubu,Female,2.34817E+12,zainab.yakubu62@gmail.com,32986022513,Ikeja Division,Randolph,94132,Major pipe burst near primary school disrupting access road,6.597429,3.281669,,13/02/2026 04:03,Leak,Itire-Ikate LCDA,Badagry,Badagry
PP20180918991,09/18/2018,Kunle Abiola,Male,2.34813E+12,kunle.abiola11@gmail.com,14333341509,Ikeja Division,Day,94131,Water main leakage along roadside causing traffic obstruction,6.567785,3.423321,,13/02/2026 04:03,Leak,Isolo LCDA,Ikeja,Ikeja
PP20120802492,08/02/2012,Ngozi Ajayi,Female,2.34904E+12,ngozi.ajayi68@hotmail.com,12127290776,Badagry Division,29th,94116,Open manhole with visible sewage leakage on street,6.426886,2.903494,,13/02/2026 04:03,Leak,Ikorodu North LCDA,Ikorodu,Ikorodu
PP20170717059,07/17/2017,Oluwaseun Abiola,Male,2.34818E+12,oluwaseun.abiola43@outlook.com,34955637185,Ikeja Division,Oakdale,94124,High-pressure pipe burst affecting multiple residential buildings,6.535731,3.366228,,13/02/2026 04:03,Leak,Itire-Ikate LCDA,Badagry,Badagry
PP20111230424,12/30/2011,Opeyemi Ajayi,Female,2.34818E+12,opeyemi.ajayi93@gmail.com,799627764,Epe Division,Geary,94121,Major pipe burst near primary school disrupting access road,6.5782,3.972036,,13/02/2026 04:03,Leak,Orile-Agege LCDA,Ikeja,Kosofe
PP20140919223,09/19/2014,Zainab Bamidele,Female,2.34806E+12,zainab.bamidele15@yahoo.com,74076612295,Ikorodu Division,04th,94118,Sudden burst water pipe inside bathroom wall causing flooding,6.627901,3.514677,,13/02/2026 04:03,Leak,Onigbongbo LCDA,Epe,Ibeju-Lekki
PP20081215599,12/15/2008,Seyi Ekanem,Male,2.34807E+12,seyi.ekanem56@gmail.com,52486819901,Badagry Division,22nd,94116,Septic tank backflow causing strong sewage odor indoors,6.451074,3.253874,,13/02/2026 04:03,Sanitation failure,Ojokoro LCDA,Badagry,Amuwo-Odofin
PP20100907638,09/07/2010,Seyi Abiola,Male,2.34813E+12,seyi.abiola70@gmail.com,59675528142,Lagos Island Division,24th,94122,"install new bedroom at the garage floor, laundry set up, drain shower pan,relocated water heater and bar sink",6.452032,3.371838,,13/02/2026 04:03,Blockage,Badagry Central LCDA,Badagry,Ajeromi-Ifelodun
PP20080602181,06/02/2008,Bola Ogunleye,Female,2.34817E+12,bola.ogunleye65@yahoo.com,1590194093,Ikorodu Division,18th,94114,Water pipeline rupture near highway causing erosion,6.63235,3.515942,,13/02/2026 04:03,Sanitation failure,Ojokoro LCDA,Badagry,Amuwo-Odofin
PP20140903758,09/03/2014,Opeyemi Okafor,Female,2.34816E+12,opeyemi.okafor44@outlook.com,44498845765,Ikeja Division,Cielito,94134,to comply with nov201209622-remove (e) kitchen. legalize (e) bathroom.,6.591758,3.421841,,13/02/2026 04:03,Sanitation failure,Ikosi-Isheri LCDA,Ikeja,Somolu
PP20170707792,07/07/2017,Adaeze Owolabi,Female,2.3491E+12,adaeze.owolabi22@yahoo.com,32327550471,Ikeja Division,Delano,94112,Water pipeline rupture near highway causing erosion,6.604388,3.302566,,13/02/2026 04:03,Sanitation failure,Badagry West LCDA,Ikeja,Kosofe
PP20150828530,08/28/2015,Opeyemi Afolabi,Female,2.34908E+12,opeyemi.afolabi95@hotmail.com,28394641658,Ikeja Division,Fillmore,94117,1 shower pan,6.655855,3.339139,,13/02/2026 04:03,Sanitation failure,Odi-Olowo/Ojuwoye LCDA,Lagos Island,Lagos Island
PP20110615902,06/15/2011,Ayomide Chukwu,Male,2.34818E+12,ayomide.chukwu73@outlook.com,11790740905,Badagry Division,Pine,94109,Water pipeline rupture near highway causing erosion,6.454755,3.336158,,13/02/2026 04:03,Sanitation failure,Ikorodu West LCDA,Ikorodu,Ikorodu
PP20160328158,03/28/2016,Ayomide Ojo,Male,2.34812E+12,ayomide.ojo20@yahoo.com,91100343571,Ikeja Division,Turk,94102,Minor kitchen sink pipe leakage under cabinet,6.607048,3.341534,,13/02/2026 04:03,Leak,Ojodu LCDA,Lagos Island,Eti-Osa
PP20190118416,01/18/2019,Olamide Ojo,Male,2.34817E+12,olamide.ojo89@outlook.com,1953610485,Lagos Island Division,Van Ness,94109,Severe shower pipe rupture flooding entire bathroom,6.496561,3.344852,,13/02/2026 04:03,Sanitation failure,Agbado-Oke Odo LCDA,Lagos Island,Apapa
PP20090625260,06/25/2009,Aisha Afolabi,Female,2.34808E+12,aisha.afolabi79@yahoo.com,50031259091,Epe Division,Union,94123,High-pressure pipe burst affecting multiple residential buildings,6.474207,3.579221,,13/02/2026 04:03,Leak,Ifako-Agege LCDA,Ikeja,Mushin
PP20161101347,11/01/2016,Zainab Ojo,Female,2.34806E+12,zainab.ojo84@yahoo.com,35289364588,Ikorodu Division,San Bruno,94134,Water main leakage along roadside causing traffic obstruction,6.628211,3.510513,,13/02/2026 04:03,Leak,Orile-Agege LCDA,Ikeja,Kosofe
PP20120313113,03/13/2012,Zainab Mohammed,Female,2.3481E+12,zainab.mohammed19@hotmail.com,51811163770,Lagos Island Division,San Fernando,94127,Water pipeline rupture near highway causing erosion,6.437054,3.412324,,13/02/2026 04:03,Sanitation failure,Yaba LCDA,Ikeja,Alimosho
PP20180207622,02/07/2018,Chukwudi Adeyemi,Male,2.34813E+12,chukwudi.adeyemi21@outlook.com,3129198565,Ikeja Division,Naples,94112,Toilet overflow due to heavily blocked drain system,6.603107,3.290414,,13/02/2026 04:03,Blockage,Odi-Olowo/Ojuwoye LCDA,Lagos Island,Lagos Island
PP20120504350,05/04/2012,Aisha Afolabi,Female,2.34805E+12,aisha.afolabi97@yahoo.com,4297680110,Ikorodu Division,York,94110,Public tap pipe severely damaged in residential community,6.627967,3.527274,,13/02/2026 04:03,Sanitation failure,Itire-Ikate LCDA,Badagry,Badagry
PP20150417823,04/17/2015,Seyi Yakubu,Male,2.34808E+12,seyi.yakubu24@outlook.com,73690779284,Lagos Island Division,Innes,94124,Water heater pipe leakage soaking utility area,6.425048,3.432668,,13/02/2026 04:03,Leak,Oshodi-Bolade LCDA,Ikeja,Alimosho
PP20180406358,04/06/2018,Chisom Eze,Female,2.34907E+12,chisom.eze79@yahoo.com,44091018843,Ikeja Division,23rd,94110,Minor kitchen sink pipe leakage under cabinet,6.580103,3.339558,,13/02/2026 04:03,Leak,Oto-Awori LCDA,Lagos Island,Lagos Mainland
PP20180813926,08/13/2018,Ngozi Ekanem,Female,2.34906E+12,ngozi.ekanem92@hotmail.com,15879358993,Ikeja Division,Minerva,94112,Minor kitchen sink pipe leakage under cabinet,6.544012,3.294575,,13/02/2026 04:03,Leak,Lekki LCDA,Ikeja,Oshodi-Isolo
PP20110106189,01/06/2011,Oluwaseun Owolabi,Male,2.34815E+12,oluwaseun.owolabi71@hotmail.com,87284074418,Epe Division,Harold,94112,Bathroom floor drain completely clogged with wastewater backup,6.454164,3.58913,,13/02/2026 04:03,Blockage,Ifako-Ijaiye LCDA,Badagry,Badagry
PP20100617817,06/17/2010,Abdulrahman Okafor,Male,2.34904E+12,abdulrahman.okafor59@gmail.com,59261614998,Badagry Division,Mission,94105,Water pipeline rupture near highway causing erosion,6.464559,3.337094,,13/02/2026 04:03,Sanitation failure,Lekki LCDA,Ikeja,Oshodi-Isolo
PP20191011258,10/11/2019,Bola Adeyemi,Female,2.34804E+12,bola.adeyemi63@yahoo.com,85233833457,Ikorodu Division,Carolina,94107,to comply with physical inspection report cc-8375,6.626305,3.513156,,13/02/2026 04:03,Sanitation failure,Bariga LCDA,Badagry,Amuwo-Odofin
PP20190508620,05/08/2019,Emeka Balogun,Male,2.34814E+12,emeka.balogun37@hotmail.com,4893780774,Ikorodu Division,Bush,94108,Flooding due to collapsed drainage system after rainfall,6.625978,3.509805,,13/02/2026 04:03,Blockage,Ikosi-Isheri LCDA,Ikeja,Somolu
PP20140903777,09/03/2014,Amaka Owolabi,Female,2.34903E+12,amaka.owolabi60@gmail.com,91644597026,Lagos Island Division,Jones,94109,kitchen and bath remodel.,6.48503,3.371378,,13/02/2026 04:03,Sanitation failure,Ayobo-Ipaja LCDA,Badagry,Ojo
PP20081007740,10/07/2008,Temitope Owolabi,Female,2.34813E+12,temitope.owolabi83@gmail.com,89133644617,Lagos Island Division,Henry,94114,Major pipe burst near primary school disrupting access road,6.442909,3.349644,,13/02/2026 04:03,Leak,Ikosi-Isheri LCDA,Ikeja,Somolu
PP20140519815,05/19/2014,Kunle Bamidele,Male,2.3481E+12,kunle.bamidele10@gmail.com,54015585062,Lagos Island Division,23rd,94114,Water pipeline rupture near highway causing erosion,6.447021,3.349872,,13/02/2026 04:03,Sanitation failure,Oriade LCDA,Lagos Island,Lagos Island
PP20170718082,07/18/2017,Seyi Chukwu,Male,2.34807E+12,seyi.chukwu78@gmail.com,75227512563,Ikeja Division,Harrison,94107,High-pressure pipe burst affecting multiple residential buildings,6.523126,3.358041,,13/02/2026 04:03,Leak,Ojodu LCDA,Lagos Island,Eti-Osa
PP20160323987,03/23/2016,Tunde Ojo,Male,2.3482E+12,tunde.ojo64@gmail.com,72567345082,Lagos Island Division,Sansome,94104,Severe shower pipe rupture flooding entire bathroom,6.452283,3.350022,,13/02/2026 04:03,Sanitation failure,Ayobo-Ipaja LCDA,Badagry,Ojo
PP20081021336,10/21/2008,Chisom Afolabi,Female,2.34907E+12,chisom.afolabi98@hotmail.com,16339868029,Badagry Division,Buena Vista,94117,High-pressure pipe burst affecting multiple residential buildings,6.445123,3.260743,,13/02/2026 04:03,Leak,Ikosi-Isheri LCDA,Ikeja,Somolu
PP20191126552,11/26/2019,Ngozi Mohammed,Female,2.34907E+12,ngozi.mohammed54@gmail.com,95043364608,Badagry Division,Turk,94102,Bathroom floor drain completely clogged with wastewater backup,6.471664,3.354051,,13/02/2026 04:03,Blockage,Ojokoro LCDA,Badagry,Amuwo-Odofin
PP20200107490,01/07/2020,Oluwaseun Nwosu,Male,2.34905E+12,oluwaseun.nwosu89@hotmail.com,76915327324,Ikorodu Division,Brazil,94112,Public tap pipe severely damaged in residential community,6.631201,3.521943,,13/02/2026 04:03,Sanitation failure,Ikosi-Isheri LCDA,Ikeja,Somolu
PP20100728745,07/28/2010,Ngozi Umeh,Female,2.34904E+12,ngozi.umeh49@yahoo.com,89283931732,Lagos Island Division,Vallejo,94123,Sudden burst water pipe inside bathroom wall causing flooding,6.419221,3.429539,,13/02/2026 04:03,Leak,Ebute-Metta LCDA,Lagos Island,Eti-Osa
PP20140310835,03/10/2014,Femi Eze,Male,2.34902E+12,femi.eze70@hotmail.com,20744344858,Badagry Division,Valencia,94110,re-install plumbing fixtures for fire damaged kitchen.,6.414469,2.87949,,13/02/2026 04:03,Sanitation failure,Ojodu LCDA,Lagos Island,Eti-Osa
PP20090313858,03/13/2009,Uche Nwosu,Male,2.34903E+12,uche.nwosu33@hotmail.com,72151220478,Badagry Division,Cesar Chavez,94131,renew expired permit pp20070827965 for final inspection,6.41668,2.894452,,13/02/2026 04:03,Sanitation failure,Isolo LCDA,Ikeja,Ikeja
PP20120419973,04/19/2012,Kelechi Ajayi,Male,2.34812E+12,kelechi.ajayi23@hotmail.com,64788812142,Lagos Island Division,Hale,94134,Water main leakage along roadside causing traffic obstruction,6.438108,3.413115,,13/02/2026 04:03,Leak,Egbe-Idimu LCDA,Ikeja,Ikeja
PP20190924673,09/24/2019,Oluwaseun Ibrahim,Male,2.34909E+12,oluwaseun.ibrahim97@outlook.com,81444096118,Badagry Division,Washington,94115,amend pa's pp20190613697 and pp20190415900. add'l scope: add laundry and replace water heater,6.457425,3.243624,,13/02/2026 04:03,Sanitation failure,Ifako-Agege LCDA,Ikeja,Mushin
PP20120117749,01/17/2012,Amaka Yakubu,Female,2.34816E+12,amaka.yakubu84@gmail.com,8544456813,Ikeja Division,Webster,94123,Toilet overflow due to heavily blocked drain system,6.603967,3.348466,,13/02/2026 04:03,Blockage,Ikosi-Isheri LCDA,Ikeja,Somolu
PP20080501323,05/01/2008,Adaeze Danladi,Female,2.34904E+12,adaeze.danladi10@outlook.com,45622881334,Lagos Island Division,Hale,94134,Septic tank backflow causing strong sewage odor indoors,6.522211,3.386862,,13/02/2026 04:03,Sanitation failure,Ebute-Metta LCDA,Lagos Island,Eti-Osa
PP20151104294,11/04/2015,Ayomide Okafor,Male,2.34811E+12,ayomide.okafor85@gmail.com,13253027261,Ikeja Division,17th,94116,Minor kitchen sink pipe leakage under cabinet,6.659398,3.348052,,13/02/2026 04:03,Leak,Iba LCDA,Ikeja,Agege
PP20100218128,02/18/2010,Yetunde Bamidele,Female,2.34819E+12,yetunde.bamidele82@outlook.com,46007132415,Lagos Island Division,20th,94110,Public tap pipe severely damaged in residential community,6.506189,3.373223,,13/02/2026 04:03,Sanitation failure,Ikosi-Isheri LCDA,Ikeja,Somolu
PP20190926780,09/26/2019,Chioma Ekanem,Female,2.34905E+12,chioma.ekanem12@hotmail.com,74645890982,Lagos Island Division,Howard,94105,Cracked underground pipe slowly flooding compound,6.452502,3.364843,,13/02/2026 04:03,Sanitation failure,Ifako-Agege LCDA,Ikeja,Mushin
PP20110525438,05/25/2011,Uche Eze,Male,2.34808E+12,uche.eze77@yahoo.com,92370362649,Badagry Division,45th,94121,Water heater pipe leakage soaking utility area,6.448995,3.249426,,13/02/2026 04:03,Leak,Iba LCDA,Ikeja,Agege
PP20120619453,06/19/2012,Chioma Nnamdi,Female,2.34803E+12,chioma.nnamdi63@gmail.com,87236195885,Epe Division,Clement,94118,Septic tank backflow causing strong sewage odor indoors,6.474106,3.582689,,13/02/2026 04:03,Sanitation failure,Badagry West LCDA,Ikeja,Kosofe
PP20150609375,06/09/2015,Tunde Danladi,Male,2.34902E+12,tunde.danladi70@hotmail.com,55952359006,Badagry Division,Powell,94102,Water main leakage along roadside causing traffic obstruction,6.428932,2.893393,,13/02/2026 04:03,Leak,Agboyi-Ketu LCDA,Lagos Island,Surulere
PP20080515709,05/15/2008,Femi Ajayi,Male,2.34906E+12,femi.ajayi92@outlook.com,4975211388,Badagry Division,Pacific,94109,Low water pressure affecting entire household supply,6.423728,2.875338,,13/02/2026 04:03,Sanitation failure,Lekki LCDA,Ikeja,Oshodi-Isolo
PP20150306588,03/06/2015,Femi Balogun,Male,2.34903E+12,femi.balogun11@yahoo.com,4836539661,Lagos Island Division,Mission,94110,to comply with complaint #201472991 - for w/h install.,6.496106,3.357795,,13/02/2026 04:03,Sanitation failure,Ikosi-Isheri LCDA,Ikeja,Somolu
PP20091110245,11/10/2009,Kelechi Eze,Male,2.34808E+12,kelechi.eze69@gmail.com,68555155818,Badagry Division,Hayes,94117,"unit 8 - 2 sink, 1 toilet, 1 bath tub, washer and dryer.",6.450944,3.186602,,13/02/2026 04:03,Sanitation failure,Iba LCDA,Ikeja,Agege
PP20110926262,09/26/2011,Adaeze Chukwu,Female,2.34807E+12,adaeze.chukwu28@outlook.com,48991414666,Ikeja Division,Virginia,94110,Major pipe burst near primary school disrupting access road,6.521924,3.361154,,13/02/2026 04:03,Leak,Apapa-Iganmu LCDA,Ikeja,Ifako-Ijaiye
PP20141008819,10/08/2014,Oluwaseun Mohammed,Male,2.34808E+12,oluwaseun.mohammed56@gmail.com,46564181281,Ikeja Division,Dellbrook,94131,Blocked drainage channel causing street-level flooding,6.659098,3.34579,,13/02/2026 04:03,Blockage,Odi-Olowo/Ojuwoye LCDA,Lagos Island,Lagos Island
PP20131219867,12/19/2013,Obinna Owolabi,Male,2.34909E+12,obinna.owolabi33@hotmail.com,72589928647,Lagos Island Division,Jerrold,94124,Cracked underground pipe slowly flooding compound,6.424137,3.424093,,13/02/2026 04:03,Sanitation failure,Ikorodu North LCDA,Ikorodu,Ikorodu
PP20160509293,05/09/2016,Femi Ibrahim,Male,2.34819E+12,femi.ibrahim90@hotmail.com,56295269597,Lagos Island Division,Mission,94110,Septic tank backflow causing strong sewage odor indoors,6.504819,3.355094,,13/02/2026 04:03,Sanitation failure,Eredo LCDA,Ikeja,Mushin
PP20160212882,02/12/2016,Temitope Chukwu,Female,2.34813E+12,temitope.chukwu89@yahoo.com,75199505558,Ikeja Division,York,94110,Toilet overflow due to heavily blocked drain system,6.562125,3.295808,,13/02/2026 04:03,Blockage,Oriade LCDA,Lagos Island,Lagos Island
PP20160122261,01/22/2016,Oluwaseun Ibrahim,Male,2.34807E+12,oluwaseun.ibrahim58@hotmail.com,36271140025,Ikeja Division,San Jose,94110,Persistent dripping tap in kitchen wasting water daily,6.616321,3.351641,,13/02/2026 04:03,Sanitation failure,Coker-Aguda LCDA,Ikeja,Agege
PP20130122585,01/22/2013,Chukwudi Bamidele,Male,2.34813E+12,chukwudi.bamidele75@gmail.com,95760030090,Ikeja Division,Mission,94112,Severe shower pipe rupture flooding entire bathroom,6.595836,3.348508,,13/02/2026 04:03,Sanitation failure,Apapa-Iganmu LCDA,Ikeja,Ifako-Ijaiye
PP20190304617,03/04/2019,Yetunde Nnamdi,Female,2.34816E+12,yetunde.nnamdi40@yahoo.com,29197697384,Epe Division,Octavia,94123,Bathroom floor drain completely clogged with wastewater backup,6.592089,3.977755,,13/02/2026 04:03,Blockage,Ikosi-Isheri LCDA,Ikeja,Somolu
PP20120720184,07/20/2012,Chukwudi Eze,Male,2.34807E+12,chukwudi.eze63@yahoo.com,63078897024,Ikeja Division,Van Ness,94109,Water main leakage along roadside causing traffic obstruction,6.575806,3.414485,,13/02/2026 04:03,Leak,Oshodi-Bolade LCDA,Ikeja,Alimosho
PP20170328084,03/28/2017,Kunle Akinyemi,Male,2.34904E+12,kunle.akinyemi70@outlook.com,67042650144,Lagos Island Division,Stonecrest,94132,Bathroom floor drain completely clogged with wastewater backup,6.42133,3.440105,,13/02/2026 04:03,Blockage,Oshodi-Bolade LCDA,Ikeja,Alimosho
PP20101109027,11/09/2010,Ayomide Umeh,Male,2.34803E+12,ayomide.umeh69@hotmail.com,3884610135,Ikeja Division,14th,94103,Low water pressure affecting entire household supply,6.547936,3.316416,,13/02/2026 04:03,Sanitation failure,Ikoyi-Obalende LCDA,Epe,Ibeju-Lekki
PP20180801629,08/01/2018,Tunde Adebisi,Male,2.34808E+12,tunde.adebisi52@gmail.com,21678971200,Badagry Division,Market,94102,Water main leakage along roadside causing traffic obstruction,6.463095,3.173155,,13/02/2026 04:03,Leak,Ikosi-Isheri LCDA,Ikeja,Somolu
PP20141030411,10/30/2014,Tunde Mohammed,Male,2.34902E+12,tunde.mohammed49@hotmail.com,52397458124,Ikeja Division,Girard,94134,Severe shower pipe rupture flooding entire bathroom,6.66974,3.33644,,13/02/2026 04:03,Sanitation failure,Eredo LCDA,Ikeja,Mushin
PP20100430696,04/30/2010,Kelechi Afolabi,Male,2.34807E+12,kelechi.afolabi94@yahoo.com,17132335999,Ikeja Division,Sutro Heights,94121,Sewer overflow spreading wastewater near market area,6.525417,3.366531,,13/02/2026 04:03,Sanitation failure,Onigbongbo LCDA,Epe,Ibeju-Lekki
PP20130628065,06/28/2013,Femi Akinyemi,Male,2.34803E+12,femi.akinyemi72@hotmail.com,82076149383,Lagos Island Division,Fillmore,94123,Sudden burst water pipe inside bathroom wall causing flooding,6.443315,3.431089,,13/02/2026 04:03,Leak,Agbado-Oke Odo LCDA,Lagos Island,Apapa
PP20160106780,01/06/2016,Bola Oladipo,Female,2.34905E+12,bola.oladipo53@yahoo.com,47255682444,Ikeja Division,Frederick,94117,kitchen remodel.,6.578703,3.405902,,13/02/2026 04:03,Sanitation failure,Ikeja LCDA,Epe,Epe
PP20140127717,01/27/2014,Oluwaseun Umeh,Male,2.34803E+12,oluwaseun.umeh37@yahoo.com,50825367395,Ikeja Division,Denslowe,94132,Blocked drainage channel causing street-level flooding,6.663664,3.330562,,13/02/2026 04:03,Blockage,Agboyi-Ketu LCDA,Lagos Island,Surulere
PP20140722559,07/22/2014,Zainab Bamidele,Female,2.3482E+12,zainab.bamidele65@hotmail.com,96968723866,Ikeja Division,31st,94121,Cracked underground pipe slowly flooding compound,6.588758,3.394984,,13/02/2026 04:03,Sanitation failure,Coker-Aguda LCDA,Ikeja,Agege
PP20081230982,12/30/2008,Abdulrahman Ogunleye,Male,2.34803E+12,abdulrahman.ogunleye43@yahoo.com,1033440657,Ikeja Division,Noe,94114,Severe shower pipe rupture flooding entire bathroom,6.669719,3.330181,,13/02/2026 04:03,Sanitation failure,Badagry West LCDA,Ikeja,Kosofe
PP20110309577,03/09/2011,Seyi Balogun,Male,2.34814E+12,seyi.balogun98@hotmail.com,30289612131,Ikeja Division,Encline,94127,Low water pressure affecting entire household supply,6.612725,3.348913,,13/02/2026 04:03,Sanitation failure,Bariga LCDA,Badagry,Amuwo-Odofin
PP20100209968,02/09/2010,Ijeoma Ekanem,Female,2.34818E+12,ijeoma.ekanem65@gmail.com,36795852082,Ikeja Division,Jules,94112,Public tap pipe severely damaged in residential community,6.613218,3.308102,,13/02/2026 04:03,Sanitation failure,Isolo LCDA,Ikeja,Ikeja
PP20160811007,08/11/2016,Temitope Okafor,Female,2.34809E+12,temitope.okafor70@hotmail.com,1277151692,Ikorodu Division,Commercial,94111,"installation of 10' gas manifold w/ ansul valve for double wok + griddle, also installing a grease trap",6.61724,3.519875,,13/02/2026 04:03,Sanitation failure,Ifako-Agege LCDA,Ikeja,Mushin
PP20091102054,11/02/2009,Ijeoma Mohammed,Female,2.34803E+12,ijeoma.mohammed29@hotmail.com,72950760641,Lagos Island Division,Jackson,94115,install replacement heating boiler.,6.513251,3.373917,,13/02/2026 04:03,Sanitation failure,Agboyi-Ketu LCDA,Lagos Island,Surulere
PP20080715466,07/15/2008,Yetunde Ibrahim,Female,2.34815E+12,yetunde.ibrahim51@outlook.com,1515775435,Lagos Island Division,Funston,94116,Cracked underground pipe slowly flooding compound,6.443179,3.392163,,13/02/2026 04:03,Sanitation failure,Mosan-Okunola LCDA,Epe,Epe
PP20150423964,04/23/2015,Chisom Ekanem,Female,2.34902E+12,chisom.ekanem88@gmail.com,49358879084,Ikeja Division,Turk,94118,Underground water pipe burst near hospital entrance,6.550148,3.312993,,13/02/2026 04:03,Leak,Onigbongbo LCDA,Epe,Ibeju-Lekki
PP20081208282,12/08/2008,Ngozi Ogunleye,Female,2.34806E+12,ngozi.ogunleye82@hotmail.com,27781939150,Epe Division,Ellis,94115,Bathroom floor drain completely clogged with wastewater backup,6.476864,3.576611,,13/02/2026 04:03,Blockage,Ojodu LCDA,Lagos Island,Eti-Osa
PP20080407543,04/07/2008,Opeyemi Adebisi,Female,2.34813E+12,opeyemi.adebisi40@outlook.com,92167180121,Lagos Island Division,Taraval,94116,plumbing inspection (final) for kitchen in unit # 8 bathroon in unit #5 & bath in unit #7,6.454778,3.374501,,13/02/2026 04:03,Sanitation failure,Oriade LCDA,Lagos Island,Lagos Island
PP20110404213,04/04/2011,Chukwudi Nnamdi,Male,2.34905E+12,chukwudi.nnamdi79@hotmail.com,7045626792,Ikeja Division,Mission,94110,Blocked drainage channel causing street-level flooding,6.568019,3.302976,,13/02/2026 04:03,Blockage,Ikotun-Ikosi LCDA,Lagos Island,Lagos Mainland
PP20171222441,12/22/2017,Kunle Nwosu,Male,2.34908E+12,kunle.nwosu85@outlook.com,40872300558,Badagry Division,Kennedy,94124,Persistent dripping tap in kitchen wasting water daily,6.467259,3.330204,,13/02/2026 04:03,Sanitation failure,Yaba LCDA,Ikeja,Alimosho
PP20180501013,05/01/2018,Seyi Nnamdi,Male,2.34905E+12,seyi.nnamdi60@yahoo.com,42576920353,Ikeja Division,29th,94121,Flooding due to collapsed drainage system after rainfall,6.68126,3.300225,,13/02/2026 04:03,Blockage,Iba LCDA,Ikeja,Agege
PP20171012459,10/12/2017,Bola Ojo,Female,2.34818E+12,bola.ojo31@hotmail.com,49644103972,Ikeja Division,Connecticut,94107,Sewer overflow spreading wastewater near market area,6.669634,3.327542,,13/02/2026 04:03,Sanitation failure,Ikosi-Isheri LCDA,Ikeja,Somolu
PP20131218788,12/18/2013,Uche Chukwu,Male,2.34815E+12,uche.chukwu43@outlook.com,59188371915,Lagos Island Division,Ritch,94107,Water heater pipe leakage soaking utility area,6.449564,3.411962,,13/02/2026 04:03,Leak,Agbado-Oke Odo LCDA,Lagos Island,Apapa
PP20080718628,07/18/2008,Obinna Ibrahim,Male,2.34811E+12,obinna.ibrahim69@outlook.com,10911452719,Ikorodu Division,25th,94132,"install plumbing for basement includes bathrooms, laundry room, install furnace, heater in garage.",6.610527,3.518218,,13/02/2026 04:03,Sanitation failure,Oto-Awori LCDA,Lagos Island,Lagos Mainland
PP20110316752,03/16/2011,Ngozi Akinyemi,Female,2.34815E+12,ngozi.akinyemi33@hotmail.com,23445396738,Lagos Island Division,Granville,94127,Low water pressure affecting entire household supply,6.457663,3.407315,,13/02/2026 04:03,Sanitation failure,Ikorodu West LCDA,Ikorodu,Ikorodu
PP20190416956,04/16/2019,Yetunde Ibrahim,Female,2.34819E+12,yetunde.ibrahim29@hotmail.com,57804691662,Badagry Division,Geary,94115,Septic tank backflow causing strong sewage odor indoors,6.460028,3.32597,,13/02/2026 04:03,Sanitation failure,Itire-Ikate LCDA,Badagry,Badagry
PP20110608716,06/08/2011,Ifeanyi Afolabi,Male,2.34903E+12,ifeanyi.afolabi36@yahoo.com,86946653717,Epe Division,17th,94110,Sewer overflow spreading wastewater near market area,6.594961,3.987853,,13/02/2026 04:03,Sanitation failure,Agboyi-Ketu LCDA,Lagos Island,Surulere
PP20150223239,02/23/2015,Temitope Bamidele,Female,2.34818E+12,temitope.bamidele53@gmail.com,46268608614,Ikeja Division,Folsom,94110,Water main leakage along roadside causing traffic obstruction,6.538151,3.302707,,13/02/2026 04:03,Leak,Bariga LCDA,Badagry,Amuwo-Odofin
PP20160104700,01/04/2016,Adebayo Ibrahim,Male,2.34811E+12,adebayo.ibrahim74@outlook.com,91683257774,Ikeja Division,Broadway,94123,Bathroom floor drain completely clogged with wastewater backup,6.557464,3.316478,,13/02/2026 04:03,Blockage,Ikorodu West LCDA,Ikorodu,Ikorodu
PP20110919098,09/19/2011,Oluwaseun Oladipo,Male,2.34816E+12,oluwaseun.oladipo55@hotmail.com,51542731211,Lagos Island Division,Market,94105,fire sprinkler tenant improvement on the 8th floor macys.com space ar&b 10-192.,6.442008,3.329857,,13/02/2026 04:03,Sanitation failure,Ikeja LCDA,Epe,Epe
PP20131009888,10/09/2013,Chioma Adebisi,Female,2.34803E+12,chioma.adebisi63@hotmail.com,26909502371,Lagos Island Division,Kansas,94107,Blocked drainage channel causing street-level flooding,6.454032,3.346797,,13/02/2026 04:03,Blockage,Epe LCDA,Badagry,Ajeromi-Ifelodun
PP20080416840,04/16/2008,Chisom Ojo,Female,2.34902E+12,chisom.ojo48@gmail.com,62051252426,Lagos Island Division,Washington,94111,Water pipeline rupture near highway causing erosion,6.504227,3.350877,,13/02/2026 04:03,Sanitation failure,Apapa-Iganmu LCDA,Ikeja,Ifako-Ijaiye
PP20160224195,02/24/2016,Zainab Oladipo,Female,2.34807E+12,zainab.oladipo16@yahoo.com,60526092917,Epe Division,Teresita,94127,Cracked underground pipe slowly flooding compound,6.47814,3.586286,,13/02/2026 04:03,Sanitation failure,Oriade LCDA,Lagos Island,Lagos Island
PP20130924419,09/24/2013,Olamide Ojo,Male,2.34805E+12,olamide.ojo52@hotmail.com,78816635050,Badagry Division,California,94109,Sudden burst water pipe inside bathroom wall causing flooding,6.464443,3.34719,,13/02/2026 04:03,Leak,Ifako-Agege LCDA,Ikeja,Mushin
PP20140402571,04/02/2014,Ifeanyi Nwosu,Male,2.34906E+12,ifeanyi.nwosu93@gmail.com,43544291697,Badagry Division,20th,94122,Persistent dripping tap in kitchen wasting water daily,6.456373,3.266163,,13/02/2026 04:03,Sanitation failure,Ikoyi-Obalende LCDA,Epe,Ibeju-Lekki
PP20100723638,07/23/2010,Bola Okafor,Female,2.34903E+12,bola.okafor52@gmail.com,48027419802,Ikeja Division,46th,94122,Sudden burst water pipe inside bathroom wall causing flooding,6.569373,3.416354,,13/02/2026 04:03,Leak,Ayobo-Ipaja LCDA,Badagry,Ojo
PP20160211837,02/11/2016,Chukwudi Bamidele,Male,2.34816E+12,chukwudi.bamidele82@outlook.com,36311906891,Ikorodu Division,Mission,94103,bathroom,6.603233,3.508206,,13/02/2026 04:03,Sanitation failure,Lekki LCDA,Ikeja,Oshodi-Isolo
PP20140130808,01/30/2014,Aisha Eze,Female,2.34819E+12,aisha.eze36@hotmail.com,67238357910,Epe Division,Buchanan,94115,High-pressure pipe burst affecting multiple residential buildings,6.581514,3.989866,,13/02/2026 04:03,Leak,Ikeja LCDA,Epe,Epe
PP20090401311,04/01/2009,Bola Ajayi,Female,2.3481E+12,bola.ajayi34@hotmail.com,60341939630,Ikorodu Division,Balboa,94121,install hand sink on counter,6.619856,3.516734,,13/02/2026 04:03,Sanitation failure,Orile-Agege LCDA,Ikeja,Kosofe
PP20080611475,06/11/2008,Zainab Mohammed,Female,2.34818E+12,zainab.mohammed75@gmail.com,93543195553,Ikeja Division,20th,94114,renew permit #486257 for final inspection.,6.590334,3.438249,,13/02/2026 04:03,Sanitation failure,Oriade LCDA,Lagos Island,Lagos Island
PP20141009876,10/09/2014,Aisha Umeh,Female,2.34802E+12,aisha.umeh18@outlook.com,70977488931,Badagry Division,Jones,94102,Major pipe burst near primary school disrupting access road,6.457847,3.17359,,13/02/2026 04:03,Leak,Lekki LCDA,Ikeja,Oshodi-Isolo
PP20161026169,10/26/2016,Temitope Umeh,Female,2.34811E+12,temitope.umeh88@gmail.com,7762297710,Ikeja Division,Market,94105,Open manhole with visible sewage leakage on street,6.556061,3.300077,,13/02/2026 04:03,Leak,Badagry Central LCDA,Badagry,Ajeromi-Ifelodun
PP20120730415,07/30/2012,Tunde Ajayi,Male,2.34901E+12,tunde.ajayi30@yahoo.com,207783763,Ikeja Division,Sutter,94115,Bathroom floor drain completely clogged with wastewater backup,6.63032,3.333168,,13/02/2026 04:03,Blockage,Agbado-Oke Odo LCDA,Lagos Island,Apapa
PP20080829012,08/29/2008,Ifeanyi Ajayi,Male,2.34807E+12,ifeanyi.ajayi25@yahoo.com,2771603633,Ikeja Division,Bertha,94124,"interior plumbing fixture includes w.c., lav, kit, tub, range. (bldg# 19)",6.547944,3.303387,,13/02/2026 04:03,Sanitation failure,Ifako-Ijaiye LCDA,Badagry,Badagry
PP20190307761,03/07/2019,Zainab Chukwu,Female,2.34802E+12,zainab.chukwu35@hotmail.com,60456661586,Badagry Division,Pfeiffer,94133,Flooding due to collapsed drainage system after rainfall,6.457184,3.248423,,13/02/2026 04:03,Blockage,Oshodi-Bolade LCDA,Ikeja,Alimosho
PP20130509608,05/09/2013,Temitope Nwosu,Female,2.34811E+12,temitope.nwosu38@gmail.com,61682151093,Badagry Division,Kansas,94107,Open manhole with visible sewage leakage on street,6.443583,3.266654,,13/02/2026 04:03,Leak,Agboyi-Ketu LCDA,Lagos Island,Surulere
PP20161103385,11/03/2016,Chioma Nnamdi,Female,2.34906E+12,chioma.nnamdi55@hotmail.com,89225579577,Ikeja Division,Urbano,94127,Persistent dripping tap in kitchen wasting water daily,6.545038,3.308456,,13/02/2026 04:03,Sanitation failure,Onigbongbo LCDA,Epe,Ibeju-Lekki
PP20090604803,06/04/2009,Opeyemi Nwosu,Female,2.34903E+12,opeyemi.nwosu80@gmail.com,64305736246,Lagos Island Division,Guerrero,94110,Cracked underground pipe slowly flooding compound,6.439623,3.405587,,13/02/2026 04:03,Sanitation failure,Oto-Awori LCDA,Lagos Island,Lagos Mainland
PP20141203226,12/03/2014,Uche Yakubu,Male,2.34804E+12,uche.yakubu24@gmail.com,88635328472,Lagos Island Division,Oak,94117,"install one new bathroom with toilet, vanity and shower. remodel one other bathroom and a kitchen, 1 shower pan.",6.453603,3.348449,,13/02/2026 04:03,Sanitation failure,Iba LCDA,Ikeja,Agege
PP20150313807,03/13/2015,Obinna Adeyemi,Male,2.34818E+12,obinna.adeyemi18@gmail.com,80131861351,Lagos Island Division,22nd,94116,Sudden burst water pipe inside bathroom wall causing flooding,6.462328,3.385073,,13/02/2026 04:03,Leak,Ifako-Ijaiye LCDA,Badagry,Badagry
PP20130401559,04/01/2013,Emeka Ibrahim,Male,2.34906E+12,emeka.ibrahim41@yahoo.com,82134322225,Ikeja Division,Kansas,94107,Public tap pipe severely damaged in residential community,6.608728,3.362558,,13/02/2026 04:03,Sanitation failure,Oshodi-Bolade LCDA,Ikeja,Alimosho
PP20130730821,07/30/2013,Adebayo Akinyemi,Male,2.34817E+12,adebayo.akinyemi68@hotmail.com,36630865488,Lagos Island Division,Stonecrest,94132,Cracked underground pipe slowly flooding compound,6.505514,3.363313,,13/02/2026 04:03,Sanitation failure,Ojokoro LCDA,Badagry,Amuwo-Odofin
PP20110304444,03/04/2011,Femi Ekanem,Male,2.34802E+12,femi.ekanem93@outlook.com,95760189321,Badagry Division,Laguna,94115,Major pipe burst near primary school disrupting access road,6.458687,3.177236,,13/02/2026 04:03,Leak,Agboyi-Ketu LCDA,Lagos Island,Surulere
PP20131009869,10/09/2013,Oluwaseun Mohammed,Male,2.34817E+12,oluwaseun.mohammed92@yahoo.com,76820844277,Ikeja Division,California,94115,Flooding due to collapsed drainage system after rainfall,6.61651,3.344505,,13/02/2026 04:03,Blockage,Ayobo-Ipaja LCDA,Badagry,Ojo
PP20131112869,11/12/2013,Amaka Yakubu,Female,2.34904E+12,amaka.yakubu68@yahoo.com,3581690939,Ikeja Division,Washington,94115,Blocked drainage channel causing street-level flooding,6.598629,3.301654,,13/02/2026 04:03,Blockage,Igbogbo-Baiyeku LCDA,Badagry,Ojo
PP20180530823,05/30/2018,Oluwaseun Akinyemi,Male,2.34803E+12,oluwaseun.akinyemi20@hotmail.com,62237279877,Lagos Island Division,Precita,94110,1st and 2nd floor: kitchen and bath remodel. relocate one bathroom and build new master bathroom,6.425139,3.412399,,13/02/2026 04:03,Sanitation failure,Isolo LCDA,Ikeja,Ikeja
PP20111115477,11/15/2011,Ijeoma Akinyemi,Female,2.3481E+12,ijeoma.akinyemi35@yahoo.com,83270903929,Epe Division,North Point,94133,Public tap pipe severely damaged in residential community,6.455564,3.580171,,13/02/2026 04:03,Sanitation failure,Amuwo-Odofin LCDA,Ikeja,Ifako-Ijaiye
PP20110401196,04/01/2011,Abdulrahman Adebisi,Male,2.34818E+12,abdulrahman.adebisi11@yahoo.com,18428739447,Badagry Division,Francisco,94109,High-pressure pipe burst affecting multiple residential buildings,6.414173,2.887431,,13/02/2026 04:03,Leak,Lekki LCDA,Ikeja,Oshodi-Isolo
PP20090608859,06/08/2009,Oluwaseun Umeh,Male,2.34804E+12,oluwaseun.umeh50@yahoo.com,62551062474,Badagry Division,20th,94110,Septic tank backflow causing strong sewage odor indoors,6.424513,2.890269,,13/02/2026 04:03,Sanitation failure,Ayobo-Ipaja LCDA,Badagry,Ojo
PP20150406475,04/06/2015,Obinna Ojo,Male,2.34819E+12,obinna.ojo40@outlook.com,44610346089,Lagos Island Division,Cesar Chavez,94131,Flooding due to collapsed drainage system after rainfall,6.494991,3.358818,,13/02/2026 04:03,Blockage,Bariga LCDA,Badagry,Amuwo-Odofin
PP20111012659,10/12/2011,Ayomide Chukwu,Male,2.34907E+12,ayomide.chukwu64@gmail.com,35083475929,Lagos Island Division,Folsom,94110,Bathroom floor drain completely clogged with wastewater backup,6.459202,3.407426,,13/02/2026 04:03,Blockage,Agboyi-Ketu LCDA,Lagos Island,Surulere
PP20090917065,09/17/2009,Emeka Ibrahim,Male,2.34815E+12,emeka.ibrahim70@gmail.com,75142382478,Ikeja Division,Potrero,94110,Open manhole with visible sewage leakage on street,6.554863,3.303409,,13/02/2026 04:03,Leak,Ikosi-Isheri LCDA,Ikeja,Somolu
PP20080311802,03/11/2008,Oluwaseun Ojo,Male,2.34819E+12,oluwaseun.ojo45@hotmail.com,63811312420,Badagry Division,Oak,94117,Open manhole with visible sewage leakage on street,6.456771,3.318848,,13/02/2026 04:03,Leak,Oto-Awori LCDA,Lagos Island,Lagos Mainland
PP20150730735,07/30/2015,Chinedu Ogunleye,Male,2.34812E+12,chinedu.ogunleye32@yahoo.com,25282224648,Epe Division,Mount Vernon,94112,Blocked drainage channel causing street-level flooding,6.590663,3.98938,,13/02/2026 04:03,Blockage,Oto-Awori LCDA,Lagos Island,Lagos Mainland
PP20120718144,07/18/2012,Zainab Okoye,Female,2.34906E+12,zainab.okoye27@outlook.com,50827273056,Badagry Division,Potrero,94103,to comply with complaint #200455367. remove kitchen.,6.472474,3.332013,,13/02/2026 04:03,Sanitation failure,Egbe-Idimu LCDA,Ikeja,Ikeja
PP20190529192,05/29/2019,Ayomide Bamidele,Male,2.34902E+12,ayomide.bamidele43@yahoo.com,75048245431,Ikorodu Division,27th,94116,Underground water pipe burst near hospital entrance,6.633469,3.505659,,13/02/2026 04:03,Leak,Igbogbo-Baiyeku LCDA,Badagry,Ojo
PP20180117982,01/17/2018,Amaka Oladipo,Female,2.34817E+12,amaka.oladipo37@outlook.com,49007301464,Badagry Division,Funston,94118,Septic tank backflow causing strong sewage odor indoors,6.470553,3.182613,,13/02/2026 04:03,Sanitation failure,Ikosi-Isheri LCDA,Ikeja,Somolu
PP20131007779,10/07/2013,Kelechi Danladi,Male,2.34803E+12,kelechi.danladi58@hotmail.com,95629475181,Ikeja Division,Massasoit,94110,Toilet overflow due to heavily blocked drain system,6.547516,3.314025,,13/02/2026 04:03,Blockage,Ifako-Ijaiye LCDA,Badagry,Badagry
PP20181129043,11/29/2018,Chisom Okoye,Female,2.34815E+12,chisom.okoye80@outlook.com,51960378928,Epe Division,Mission,94110,Sewer overflow spreading wastewater near market area,6.474096,3.58857,,13/02/2026 04:03,Sanitation failure,Igbogbo-Baiyeku LCDA,Badagry,Ojo
PP20161110574,11/10/2016,Kunle Abiola,Male,2.34817E+12,kunle.abiola71@yahoo.com,73094644425,Ikeja Division,Appleton,94110,Septic tank backflow causing strong sewage odor indoors,6.670613,3.328221,,13/02/2026 04:03,Sanitation failure,Bariga LCDA,Badagry,Amuwo-Odofin
PP20181004452,10/04/2018,Chukwudi Danladi,Male,2.3481E+12,chukwudi.danladi33@outlook.com,39135587492,Lagos Island Division,Eureka,94114,Water heater pipe leakage soaking utility area,6.477984,3.406543,,13/02/2026 04:03,Leak,Iba LCDA,Ikeja,Agege
PP20170824161,08/24/2017,Emeka Okoye,Male,2.34816E+12,emeka.okoye86@outlook.com,34083744179,Ikeja Division,Market,94102,Cracked underground pipe slowly flooding compound,6.622728,3.337118,,13/02/2026 04:03,Sanitation failure,Mosan-Okunola LCDA,Epe,Epe
PP20180307418,03/07/2018,Olamide Akinyemi,Male,2.34902E+12,olamide.akinyemi58@gmail.com,61587926336,Ikeja Division,Broadway,94123,Public tap pipe severely damaged in residential community,6.625572,3.34118,,13/02/2026 04:03,Sanitation failure,Ifako-Agege LCDA,Ikeja,Mushin
PP20170127508,01/27/2017,Emeka Ogunleye,Male,2.34909E+12,emeka.ogunleye68@outlook.com,60051211775,Lagos Island Division,Osceola,94124,replace drain lines and sewer lines inside (35') outside 10' (open trench),6.497162,3.357764,,13/02/2026 04:03,Blockage,Lekki LCDA,Ikeja,Oshodi-Isolo
PP20150513607,05/13/2015,Chukwudi Adeyemi,Male,2.34904E+12,chukwudi.adeyemi31@gmail.com,24646963995,Ikeja Division,Sloat,94116,Underground water pipe burst near hospital entrance,6.600991,3.319796,,13/02/2026 04:03,Leak,Ikorodu West LCDA,Ikorodu,Ikorodu
PP20080414734,04/14/2008,Ngozi Bamidele,Female,2.34817E+12,ngozi.bamidele94@gmail.com,83907378708,Lagos Island Division,Jones,94102,"remove unit #509 from pp #20080408596 per inspector, no work done on unit #509.",6.526506,3.374315,,13/02/2026 04:03,Sanitation failure,Oto-Awori LCDA,Lagos Island,Lagos Mainland
PP20120615379,06/15/2012,Opeyemi Yakubu,Female,2.34816E+12,opeyemi.yakubu89@yahoo.com,47562889133,Lagos Island Division,Stanyan,94118,High-pressure pipe burst affecting multiple residential buildings,6.470027,3.394893,,13/02/2026 04:03,Leak,Egbe-Idimu LCDA,Ikeja,Ikeja
PP20090526550,05/26/2009,Kunle Umeh,Male,2.34809E+12,kunle.umeh78@gmail.com,3215298877,Ikeja Division,06th,94103,Severe shower pipe rupture flooding entire bathroom,6.58991,3.351001,,13/02/2026 04:03,Sanitation failure,Ikosi-Isheri LCDA,Ikeja,Somolu
PP20110509033,05/09/2011,Opeyemi Nnamdi,Female,2.34819E+12,opeyemi.nnamdi69@gmail.com,15391196074,Ikeja Division,Clement,94118,Flooding due to collapsed drainage system after rainfall,6.591339,3.356234,,13/02/2026 04:03,Blockage,Oto-Awori LCDA,Lagos Island,Lagos Mainland
PP20140610390,06/10/2014,Amaka Mohammed,Female,2.34816E+12,amaka.mohammed15@gmail.com,97101537884,Lagos Island Division,04th,94107,Severe shower pipe rupture flooding entire bathroom,6.451709,3.368578,,13/02/2026 04:03,Sanitation failure,Badagry Central LCDA,Badagry,Ajeromi-Ifelodun
PP20100809015,08/09/2010,Chioma Yakubu,Female,2.34817E+12,chioma.yakubu20@hotmail.com,56392193840,Ikeja Division,Darien,94127,water heater install.,6.545691,3.30844,,13/02/2026 04:03,Sanitation failure,Ebute-Metta LCDA,Lagos Island,Eti-Osa
PP20190701174,07/01/2019,Opeyemi Okoye,Female,2.34805E+12,opeyemi.okoye88@outlook.com,45954749223,Badagry Division,Grove,94102,Water heater pipe leakage soaking utility area,6.40135,2.892015,,13/02/2026 04:03,Leak,Coker-Aguda LCDA,Ikeja,Agege
PP20180601946,06/01/2018,Obinna Nnamdi,Male,2.34807E+12,obinna.nnamdi60@outlook.com,97861855508,Badagry Division,Marview,94131,Toilet overflow due to heavily blocked drain system,6.420189,2.889958,,13/02/2026 04:03,Blockage,Surulere LCDA,Lagos Island,Apapa
PP20151113568,11/13/2015,Aisha Umeh,Female,2.34817E+12,aisha.umeh28@yahoo.com,56042813282,Ikorodu Division,Page,94117,Major pipe burst near primary school disrupting access road,6.619416,3.514648,,13/02/2026 04:03,Leak,Ikosi-Isheri LCDA,Ikeja,Somolu
PP20181113549,11/13/2018,Femi Umeh,Male,2.34813E+12,femi.umeh90@outlook.com,7006839344,Badagry Division,Divisadero,94117,Sudden burst water pipe inside bathroom wall causing flooding,6.482743,3.330449,,13/02/2026 04:03,Leak,Ojodu LCDA,Lagos Island,Eti-Osa
PP20130614632,06/14/2013,Adaeze Nwosu,Female,2.34901E+12,adaeze.nwosu12@outlook.com,18988807739,Lagos Island Division,Castro,94114,Sewer overflow spreading wastewater near market area,6.525786,3.368339,,13/02/2026 04:03,Sanitation failure,Odi-Olowo/Ojuwoye LCDA,Lagos Island,Lagos Island
PP20090722829,07/22/2009,Ayomide Chukwu,Male,2.34806E+12,ayomide.chukwu40@yahoo.com,29231898,Badagry Division,Castro,94114,Toilet overflow due to heavily blocked drain system,6.452317,3.183978,,13/02/2026 04:03,Blockage,Iba LCDA,Ikeja,Agege
PP20180716185,07/16/2018,Ijeoma Balogun,Female,2.34817E+12,ijeoma.balogun56@hotmail.com,96127838316,Ikeja Division,Sutter,94109,Blocked drainage channel causing street-level flooding,6.538339,3.352037,,13/02/2026 04:03,Blockage,Surulere LCDA,Lagos Island,Apapa
PP20170912639,09/12/2017,Ifeanyi Okoye,Male,2.34903E+12,ifeanyi.okoye26@outlook.com,81758404966,Ikeja Division,19th,94132,Minor kitchen sink pipe leakage under cabinet,6.613141,3.331931,,13/02/2026 04:03,Leak,Lekki LCDA,Ikeja,Oshodi-Isolo
PP20170606954,06/06/2017,Ifeanyi Owolabi,Male,2.34813E+12,ifeanyi.owolabi54@gmail.com,39559904647,Badagry Division,Hearst,94112,Water main leakage along roadside causing traffic obstruction,6.455652,3.18595,,13/02/2026 04:03,Leak,Mosan-Okunola LCDA,Epe,Epe
PP20150122408,01/22/2015,Aisha Owolabi,Female,2.34818E+12,aisha.owolabi69@yahoo.com,8174966072,Lagos Island Division,Van Ness,94102,Flooding due to collapsed drainage system after rainfall,6.509427,3.392009,,13/02/2026 04:03,Blockage,Ikoyi-Obalende LCDA,Epe,Ibeju-Lekki
PP20190115253,01/15/2019,Chukwudi Okoye,Male,2.3482E+12,chukwudi.okoye84@gmail.com,32169460915,Badagry Division,Bay Shore,94134,Water pipeline rupture near highway causing erosion,6.454346,3.190219,,13/02/2026 04:03,Sanitation failure,Ikosi-Isheri LCDA,Ikeja,Somolu
PP20191022526,10/22/2019,Yetunde Yakubu,Female,2.34907E+12,yetunde.yakubu79@hotmail.com,52902306276,Ikorodu Division,Terra Vista,94115,Sewer overflow spreading wastewater near market area,6.6067,3.517188,,13/02/2026 04:03,Sanitation failure,Ikotun-Ikosi LCDA,Lagos Island,Lagos Mainland
PP20181101283,11/01/2018,Tunde Bamidele,Male,2.34907E+12,tunde.bamidele30@gmail.com,57819894006,Ikorodu Division,Elsie,94110,Toilet overflow due to heavily blocked drain system,6.626119,3.514342,,13/02/2026 04:03,Blockage,Lekki LCDA,Ikeja,Oshodi-Isolo
PP20130327416,03/27/2013,Emeka Chukwu,Male,2.34905E+12,emeka.chukwu67@outlook.com,59809999679,Epe Division,Eddy,94109,High-pressure pipe burst affecting multiple residential buildings,6.460056,3.587495,,13/02/2026 04:03,Leak,Oriade LCDA,Lagos Island,Lagos Island
PP20180618427,06/18/2018,Abdulrahman Yakubu,Male,2.34803E+12,abdulrahman.yakubu37@gmail.com,30212592930,Lagos Island Division,Clarendon,94114,Persistent dripping tap in kitchen wasting water daily,6.512569,3.376672,,13/02/2026 04:03,Sanitation failure,Igbogbo-Baiyeku LCDA,Badagry,Ojo
PP20130719555,07/19/2013,Temitope Ekanem,Female,2.34809E+12,temitope.ekanem91@outlook.com,51344323223,Ikeja Division,Market,94103,Toilet overflow due to heavily blocked drain system,6.537594,3.362567,,13/02/2026 04:03,Blockage,Oshodi-Bolade LCDA,Ikeja,Alimosho
PP20121002984,10/02/2012,Emeka Umeh,Male,2.34905E+12,emeka.umeh55@hotmail.com,88731857375,Lagos Island Division,Market,94102,fire sprinkler relocates (12-761) 8th flr,6.524552,3.369452,,13/02/2026 04:03,Sanitation failure,Iba LCDA,Ikeja,Agege
PP20141201187,12/01/2014,Chisom Nnamdi,Female,2.34809E+12,chisom.nnamdi98@yahoo.com,55800409831,Lagos Island Division,Connecticut,94107,"remkodel of existing kitchen & master bathroo, shower pan",6.530856,3.379394,,13/02/2026 04:03,Sanitation failure,Oshodi-Bolade LCDA,Ikeja,Alimosho
PP20080314907,03/14/2008,Tunde Ekanem,Male,2.3481E+12,tunde.ekanem34@outlook.com,28727353498,Badagry Division,Mississippi,94107,Severe shower pipe rupture flooding entire bathroom,6.426797,3.257826,,13/02/2026 04:03,Sanitation failure,Badagry Central LCDA,Badagry,Ajeromi-Ifelodun
PP20080617698,06/17/2008,Abdulrahman Okoye,Male,2.34903E+12,abdulrahman.okoye58@gmail.com,18246130251,Badagry Division,Presidio,94115,one shower pan inspection,6.466458,3.345325,,13/02/2026 04:03,Sanitation failure,Ifako-Ijaiye LCDA,Badagry,Badagry
PP20190430336,04/30/2019,Chioma Ibrahim,Female,2.34907E+12,chioma.ibrahim55@outlook.com,76209334211,Badagry Division,Munich,94112,Sewer overflow spreading wastewater near market area,6.404047,2.853233,,13/02/2026 04:03,Sanitation failure,Lekki LCDA,Ikeja,Oshodi-Isolo
PP20121114073,11/14/2012,Amaka Adebisi,Female,2.34804E+12,amaka.adebisi72@gmail.com,76082203912,Lagos Island Division,Athens,94112,Sewer overflow spreading wastewater near market area,6.435891,3.424816,,13/02/2026 04:03,Sanitation failure,Orile-Agege LCDA,Ikeja,Kosofe
PP20160719230,07/19/2016,Chioma Oladipo,Female,2.34815E+12,chioma.oladipo97@gmail.com,2352517405,Ikeja Division,Clay,94115,final for all work done on permit pw20150430990.,6.566393,3.406915,,13/02/2026 04:03,Sanitation failure,Ikorodu West LCDA,Ikorodu,Ikorodu
PP20171204821,12/04/2017,Kunle Nwosu,Male,2.34811E+12,kunle.nwosu21@yahoo.com,23977740887,Lagos Island Division,Marview,94131,Water heater pipe leakage soaking utility area,6.460652,3.418844,,13/02/2026 04:03,Leak,Ikotun-Ikosi LCDA,Lagos Island,Lagos Mainland
PP20130830756,08/30/2013,Ijeoma Afolabi,Female,2.34818E+12,ijeoma.afolabi66@gmail.com,25639685152,Ikeja Division,Harrison,94110,ref pp20130328478 - final only for work completed under previous permit pp20130328478.,6.61631,3.288493,,13/02/2026 04:03,Sanitation failure,Ikoyi-Obalende LCDA,Epe,Ibeju-Lekki
PP20081028694,10/28/2008,Ijeoma Ajayi,Female,2.34812E+12,ijeoma.ajayi73@outlook.com,62742049923,Ikorodu Division,Rockdale,94127,Bathroom floor drain completely clogged with wastewater backup,6.598497,3.508797,,13/02/2026 04:03,Blockage,Ikeja LCDA,Epe,Epe
PP20151002448,10/02/2015,Femi Chukwu,Male,2.34909E+12,femi.chukwu13@yahoo.com,93255030665,Ikeja Division,Belcher,94114,shower liner and shower valve,6.550944,3.304101,,13/02/2026 04:03,Sanitation failure,Iba LCDA,Ikeja,Agege
PP20080917848,09/17/2008,Chisom Chukwu,Female,2.34902E+12,chisom.chukwu92@gmail.com,13271910827,Ikeja Division,Clay,94111,Underground water pipe burst near hospital entrance,6.600654,3.354143,,13/02/2026 04:03,Leak,Ifako-Agege LCDA,Ikeja,Mushin
PP20190312890,03/12/2019,Tunde Nwosu,Male,2.34803E+12,tunde.nwosu15@gmail.com,60575892593,Ikeja Division,11th,94122,Toilet overflow due to heavily blocked drain system,6.552099,3.29546,,13/02/2026 04:03,Blockage,Bariga LCDA,Badagry,Amuwo-Odofin
PP20091123534,11/23/2009,Olamide Adeyemi,Male,2.34903E+12,olamide.adeyemi98@outlook.com,92766405524,Badagry Division,16th,94103,High-pressure pipe burst affecting multiple residential buildings,6.419862,2.865506,,13/02/2026 04:03,Leak,Yaba LCDA,Ikeja,Alimosho
PP20081216681,12/16/2008,Chioma Ibrahim,Female,2.34909E+12,chioma.ibrahim31@gmail.com,86785494431,Badagry Division,Ashton,94112,Underground water pipe burst near hospital entrance,6.429496,3.257392,,13/02/2026 04:03,Leak,Oshodi-Bolade LCDA,Ikeja,Alimosho
PP20111109369,11/09/2011,Chukwudi Ojo,Male,2.34905E+12,chukwudi.ojo68@gmail.com,66777853145,Ikeja Division,Great,94121,Underground water pipe burst near hospital entrance,6.53237,3.354026,,13/02/2026 04:03,Leak,Oto-Awori LCDA,Lagos Island,Lagos Mainland
PP20180607097,06/07/2018,Zainab Akinyemi,Female,2.34812E+12,zainab.akinyemi76@gmail.com,65336029116,Ikeja Division,Kate,94103,Sewer overflow spreading wastewater near market area,6.587846,3.344421,,13/02/2026 04:03,Sanitation failure,Oriade LCDA,Lagos Island,Lagos Island
PP20170831396,08/31/2017,Chisom Ibrahim,Female,2.34805E+12,chisom.ibrahim11@hotmail.com,42882128723,Lagos Island Division,Haight,94117,Persistent dripping tap in kitchen wasting water daily,6.521773,3.363241,,13/02/2026 04:03,Sanitation failure,Coker-Aguda LCDA,Ikeja,Agege
PP20150211947,02/11/2015,Zainab Ojo,Female,2.34814E+12,zainab.ojo31@outlook.com,43181487029,Ikeja Division,Larkin,94109,Septic tank backflow causing strong sewage odor indoors,6.66241,3.335123,,13/02/2026 04:03,Sanitation failure,Isolo LCDA,Ikeja,Ikeja
PP20171026896,10/26/2017,Kelechi Abiola,Male,2.34802E+12,kelechi.abiola67@gmail.com,82326838118,Badagry Division,Bush,94109,High-pressure pipe burst affecting multiple residential buildings,6.480973,3.329106,,13/02/2026 04:03,Leak,Eredo LCDA,Ikeja,Mushin
PP20180308488,03/08/2018,Olamide Ajayi,Male,2.34905E+12,olamide.ajayi95@outlook.com,64483052138,Badagry Division,Geary,94102,High-pressure pipe burst affecting multiple residential buildings,6.474265,3.314159,,13/02/2026 04:03,Leak,Ebute-Metta LCDA,Lagos Island,Eti-Osa
PP20140430366,04/30/2014,Bola Eze,Female,2.34804E+12,bola.eze13@yahoo.com,76106947494,Lagos Island Division,Commercial,94111,Open manhole with visible sewage leakage on street,6.530995,3.371161,,13/02/2026 04:03,Leak,Epe LCDA,Badagry,Ajeromi-Ifelodun
PP20140625813,06/25/2014,Ngozi Okoye,Female,2.34906E+12,ngozi.okoye22@gmail.com,78176723646,Ikeja Division,31st,94122,Bathroom floor drain completely clogged with wastewater backup,6.672873,3.326122,,13/02/2026 04:03,Blockage,Igbogbo-Baiyeku LCDA,Badagry,Ojo
PP20130429347,04/29/2013,Chukwudi Oladipo,Male,2.34811E+12,chukwudi.oladipo96@hotmail.com,53155505194,Epe Division,Washington,94118,High-pressure pipe burst affecting multiple residential buildings,6.483204,3.576256,,13/02/2026 04:03,Leak,Oshodi-Bolade LCDA,Ikeja,Alimosho
PP20081002562,10/02/2008,Tunde Ekanem,Male,2.34803E+12,tunde.ekanem86@hotmail.com,69048219120,Lagos Island Division,Mclaren,94121,Sewer overflow spreading wastewater near market area,6.503176,3.358005,,13/02/2026 04:03,Sanitation failure,Isolo LCDA,Ikeja,Ikeja
PP20080508512,05/08/2008,Chinedu Akinyemi,Male,2.34811E+12,chinedu.akinyemi42@yahoo.com,15731424234,Badagry Division,Fell,94102,Public tap pipe severely damaged in residential community,6.459417,3.181161,,13/02/2026 04:03,Sanitation failure,Itire-Ikate LCDA,Badagry,Badagry
PP20140924365,09/24/2014,Ngozi Ibrahim,Female,2.34815E+12,ngozi.ibrahim47@yahoo.com,61555624886,Ikeja Division,40th,94121,Water heater pipe leakage soaking utility area,6.518843,3.354459,,13/02/2026 04:03,Leak,Badagry Central LCDA,Badagry,Ajeromi-Ifelodun
PP20110201751,02/01/2011,Kelechi Afolabi,Male,2.34806E+12,kelechi.afolabi38@yahoo.com,82606226730,Lagos Island Division,09th,94122,Underground water pipe burst near hospital entrance,6.432474,3.424312,,13/02/2026 04:03,Leak,Lekki LCDA,Ikeja,Oshodi-Isolo
PP20090225481,02/25/2009,Femi Eze,Male,2.34808E+12,femi.eze70@hotmail.com,49382392264,Ikeja Division,Vienna,94112,Water pipeline rupture near highway causing erosion,6.528145,3.36258,,13/02/2026 04:03,Sanitation failure,Ayobo-Ipaja LCDA,Badagry,Ojo
PP20080701121,07/01/2008,Ifeanyi Mohammed,Male,2.34907E+12,ifeanyi.mohammed20@yahoo.com,43970884011,Lagos Island Division,Oneida,94112,Severe shower pipe rupture flooding entire bathroom,6.442335,3.411394,,13/02/2026 04:03,Sanitation failure,Odi-Olowo/Ojuwoye LCDA,Lagos Island,Lagos Island
PP20091106205,11/06/2009,Amaka Nwosu,Female,2.34817E+12,amaka.nwosu54@gmail.com,59827143430,Epe Division,06th,94103,Blocked drainage channel causing street-level flooding,6.478688,3.573137,,13/02/2026 04:03,Blockage,Ifako-Agege LCDA,Ikeja,Mushin
PP20151109421,11/09/2015,Oluwaseun Okafor,Male,2.34907E+12,oluwaseun.okafor21@hotmail.com,5763475757,Lagos Island Division,Cortland,94110,Flooding due to collapsed drainage system after rainfall,6.502779,3.366997,,13/02/2026 04:03,Blockage,Igbogbo-Baiyeku LCDA,Badagry,Ojo
PP20110419573,04/19/2011,Femi Oladipo,Male,2.34909E+12,femi.oladipo29@outlook.com,39124340011,Ikeja Division,Chilton,94131,High-pressure pipe burst affecting multiple residential buildings,6.534487,3.30903,,13/02/2026 04:03,Leak,Ikeja LCDA,Epe,Epe
PP20090331263,03/31/2009,Opeyemi Okafor,Female,2.34803E+12,opeyemi.okafor80@yahoo.com,79351063318,Ikeja Division,Dartmouth,94134,Persistent dripping tap in kitchen wasting water daily,6.610815,3.328412,,13/02/2026 04:03,Sanitation failure,Ikotun-Ikosi LCDA,Lagos Island,Lagos Mainland
PP20100318733,03/18/2010,Kunle Mohammed,Male,2.34817E+12,kunle.mohammed52@gmail.com,14522544487,Lagos Island Division,London,94112,Water pipeline rupture near highway causing erosion,6.537909,3.372663,,13/02/2026 04:03,Sanitation failure,Ikeja LCDA,Epe,Epe
PP20160706886,07/06/2016,Ngozi Nwosu,Female,2.3491E+12,ngozi.nwosu30@gmail.com,35457551626,Ikeja Division,Webster,94115,Open manhole with visible sewage leakage on street,6.519236,3.355357,,13/02/2026 04:03,Leak,Eredo LCDA,Ikeja,Mushin
PP20150501225,05/01/2015,Zainab Chukwu,Female,2.34905E+12,zainab.chukwu41@gmail.com,43907197626,Ikeja Division,Naples,94112,Water main leakage along roadside causing traffic obstruction,6.615856,3.293584,,13/02/2026 04:03,Leak,Isolo LCDA,Ikeja,Ikeja
PP20130614640,06/14/2013,Kelechi Abiola,Male,2.34806E+12,kelechi.abiola85@gmail.com,4112613306,Badagry Division,Powell,94102,Water pipeline rupture near highway causing erosion,6.461664,3.25531,,13/02/2026 04:03,Sanitation failure,Lekki LCDA,Ikeja,Oshodi-Isolo
PP20130114406,01/14/2013,Aisha Okafor,Female,2.34805E+12,aisha.okafor68@hotmail.com,30273067486,Lagos Island Division,Caselli,94114,High-pressure pipe burst affecting multiple residential buildings,6.432318,3.389405,,13/02/2026 04:03,Leak,Apapa-Iganmu LCDA,Ikeja,Ifako-Ijaiye
PP20090812300,08/12/2009,Chukwudi Ekanem,Male,2.34905E+12,chukwudi.ekanem12@outlook.com,38571424750,Ikeja Division,Grove,94117,Public tap pipe severely damaged in residential community,6.664182,3.333394,,13/02/2026 04:03,Sanitation failure,Ikotun-Ikosi LCDA,Lagos Island,Lagos Mainland
PP20140207989,02/07/2014,Yetunde Nnamdi,Female,2.34909E+12,yetunde.nnamdi60@hotmail.com,69003879250,Epe Division,Burnett,94131,Sudden burst water pipe inside bathroom wall causing flooding,6.443752,3.61049,,13/02/2026 04:03,Leak,Apapa-Iganmu LCDA,Ikeja,Ifako-Ijaiye
PP20160919077,09/19/2016,Opeyemi Oladipo,Female,2.34908E+12,opeyemi.oladipo17@yahoo.com,90545841017,Ikeja Division,Post,94109,Cracked underground pipe slowly flooding compound,6.55891,3.309589,,13/02/2026 04:03,Sanitation failure,Epe LCDA,Badagry,Ajeromi-Ifelodun
PP20130809154,08/09/2013,Chisom Afolabi,Female,2.34816E+12,chisom.afolabi55@yahoo.com,5498344118,Epe Division,01st,94105,"new fixture on kitchen sink, dishwasher and stove",6.595816,4.007037,,13/02/2026 04:03,Sanitation failure,Lekki LCDA,Ikeja,Oshodi-Isolo
PP20120807610,08/07/2012,Emeka Abiola,Male,2.34806E+12,emeka.abiola15@hotmail.com,25334466053,Ikeja Division,Whitney,94131,Cracked underground pipe slowly flooding compound,6.624207,3.345488,,13/02/2026 04:03,Sanitation failure,Orile-Agege LCDA,Ikeja,Kosofe
PP20090714670,07/14/2009,Ifeanyi Ibrahim,Male,2.34909E+12,ifeanyi.ibrahim67@gmail.com,15611968227,Ikorodu Division,Dolores,94103,Water main leakage along roadside causing traffic obstruction,6.620707,3.509085,,13/02/2026 04:03,Leak,Iba LCDA,Ikeja,Agege
PP20100324866,03/24/2010,Seyi Ekanem,Male,2.34805E+12,seyi.ekanem88@outlook.com,18678257052,Badagry Division,28th,94121,Toilet overflow due to heavily blocked drain system,6.456242,3.174739,,13/02/2026 04:03,Blockage,Egbe-Idimu LCDA,Ikeja,Ikeja
PP20110105149,01/05/2011,Chioma Umeh,Female,2.34811E+12,chioma.umeh63@hotmail.com,78416550055,Ikorodu Division,Montgomery,94104,Flooding due to collapsed drainage system after rainfall,6.61253,3.496994,,13/02/2026 04:03,Blockage,Amuwo-Odofin LCDA,Ikeja,Ifako-Ijaiye
PP20190402561,04/02/2019,Temitope Ajayi,Female,2.34817E+12,temitope.ajayi50@hotmail.com,37859771300,Epe Division,Montecito,94112,bathroom remodel 64 sq ft remove tub and replace with shower stall; add stacked washer & dryer unit,6.469241,3.568153,,13/02/2026 04:03,Sanitation failure,Igbogbo-Baiyeku LCDA,Badagry,Ojo
PP20180702817,07/02/2018,Ayomide Okafor,Male,2.34808E+12,ayomide.okafor79@hotmail.com,56478305013,Ikeja Division,Mission,94110,final inspection,6.529209,3.354237,,13/02/2026 04:03,Sanitation failure,Orile-Agege LCDA,Ikeja,Kosofe
PP20150707084,07/07/2015,Chinedu Adebisi,Male,2.34808E+12,chinedu.adebisi36@outlook.com,35725213312,Epe Division,18th,94121,remodel and fix sewer pipe of the half bathroom on second floor.,6.471469,3.579779,,13/02/2026 04:03,Sanitation failure,Onigbongbo LCDA,Epe,Ibeju-Lekki
PP20181126883,11/26/2018,Amaka Ojo,Female,2.3481E+12,amaka.ojo86@gmail.com,89896147005,Lagos Island Division,33rd,94116,"install water heater. add 3 and half bathrooms and remodel one bathroom, remodel kitchen. new underground new line inside house, install toilets, sinks, faucet.",6.479569,3.372601,,13/02/2026 04:03,Sanitation failure,Oriade LCDA,Lagos Island,Lagos Island
PP20080827756,08/27/2008,Tunde Balogun,Male,2.34906E+12,tunde.balogun32@yahoo.com,66293893456,Lagos Island Division,Kearny,94108,Persistent dripping tap in kitchen wasting water daily,6.441655,3.397029,,13/02/2026 04:03,Sanitation failure,Odi-Olowo/Ojuwoye LCDA,Lagos Island,Lagos Island
PP20080306648,03/06/2008,Uche Eze,Male,2.34904E+12,uche.eze23@gmail.com,46164945834,Ikeja Division,Eddy,94109,Flooding due to collapsed drainage system after rainfall,6.57722,3.406555,,13/02/2026 04:03,Blockage,Bariga LCDA,Badagry,Amuwo-Odofin
PP20150928318,09/28/2015,Adebayo Adebisi,Male,2.34902E+12,adebayo.adebisi76@yahoo.com,42203819388,Lagos Island Division,Lobos,94112,Cracked underground pipe slowly flooding compound,6.419699,3.426222,,13/02/2026 04:03,Sanitation failure,Apapa-Iganmu LCDA,Ikeja,Ifako-Ijaiye
PP20121107891,11/07/2012,Temitope Adebisi,Female,2.34812E+12,temitope.adebisi85@gmail.com,71251203500,Ikeja Division,Villa,94114,Sewer overflow spreading wastewater near market area,6.608686,3.345678,,13/02/2026 04:03,Sanitation failure,Mosan-Okunola LCDA,Epe,Epe
PP20120713008,07/13/2012,Chukwudi Afolabi,Male,2.34906E+12,chukwudi.afolabi74@hotmail.com,76664362810,Lagos Island Division,Golden Gate,94115,Water pipeline rupture near highway causing erosion,6.443038,3.435639,,13/02/2026 04:03,Sanitation failure,Mosan-Okunola LCDA,Epe,Epe
PP20180321890,03/21/2018,Ijeoma Chukwu,Female,2.34818E+12,ijeoma.chukwu33@gmail.com,75398400605,Lagos Island Division,Polk,94109,Major pipe burst near primary school disrupting access road,6.488376,3.365554,,13/02/2026 04:03,Leak,Coker-Aguda LCDA,Ikeja,Agege
PP20110110231,01/10/2011,Chioma Ekanem,Female,2.34806E+12,chioma.ekanem82@yahoo.com,69422107813,Badagry Division,Cabrillo,94121,Severe shower pipe rupture flooding entire bathroom,6.421325,2.880258,,13/02/2026 04:03,Sanitation failure,Ikosi-Isheri LCDA,Ikeja,Somolu
PP20141218597,12/18/2014,Opeyemi Yakubu,Female,2.34819E+12,opeyemi.yakubu10@yahoo.com,23372252433,Ikorodu Division,Inverness,94132,Blocked drainage channel causing street-level flooding,6.611682,3.526595,,13/02/2026 04:03,Blockage,Iba LCDA,Ikeja,Agege
PP20140424211,04/24/2014,Chisom Abiola,Female,2.34816E+12,chisom.abiola48@yahoo.com,18446250448,Lagos Island Division,29th,94122,"new plumbing in downstairs, bathroom and kitchen remodel bath shower pan, 3 sinks, 2 toilets, dishwasher, faucets",6.451075,3.36536,,13/02/2026 04:03,Sanitation failure,Ifako-Ijaiye LCDA,Badagry,Badagry
PP20180607088,06/07/2018,Amaka Ekanem,Female,2.34904E+12,amaka.ekanem53@outlook.com,47251854802,Ikeja Division,North Point,94109,inspect 2 water heaters. installed by old permit. install 1 new water heater (electric) in lower floor.,6.519079,3.342407,,13/02/2026 04:03,Sanitation failure,Oriade LCDA,Lagos Island,Lagos Island
PP20101012440,10/12/2010,Femi Okoye,Male,2.34907E+12,femi.okoye14@outlook.com,18554331652,Ikeja Division,Victoria,94132,Water heater pipe leakage soaking utility area,6.577606,3.41546,,13/02/2026 04:03,Leak,Yaba LCDA,Ikeja,Alimosho
PP20111103211,11/03/2011,Chukwudi Akinyemi,Male,2.34811E+12,chukwudi.akinyemi77@hotmail.com,68909710816,Ikeja Division,30th,94116,Open manhole with visible sewage leakage on street,6.516658,3.354502,,13/02/2026 04:03,Leak,Ikeja LCDA,Epe,Epe
PP20170502013,05/02/2017,Chinedu Adeyemi,Male,2.34806E+12,chinedu.adeyemi81@hotmail.com,60906532442,Ikeja Division,Pierce,94123,Bathroom floor drain completely clogged with wastewater backup,6.592115,3.2838,,13/02/2026 04:03,Blockage,Iba LCDA,Ikeja,Agege
PP20160628655,06/28/2016,Amaka Ajayi,Female,2.34814E+12,amaka.ajayi74@gmail.com,52325820643,Ikeja Division,45th,94121,"kitchen, replace cabinet, sink, fauct, stove, water heater in garage, new washer and dryer in garage",6.676509,3.334638,,13/02/2026 04:03,Sanitation failure,Eredo LCDA,Ikeja,Mushin
PP20130603287,06/03/2013,Opeyemi Ogunleye,Female,2.34908E+12,opeyemi.ogunleye88@hotmail.com,26131972434,Ikeja Division,Bay,94123,bathroom: replace new fixtures on showers & vanity cabinet,6.611581,3.325822,,13/02/2026 04:03,Sanitation failure,Agboyi-Ketu LCDA,Lagos Island,Surulere
PP20191202595,12/02/2019,Temitope Ojo,Female,2.34818E+12,temitope.ojo24@yahoo.com,37504025823,Epe Division,Clement,94121,Sudden burst water pipe inside bathroom wall causing flooding,6.459726,3.581267,,13/02/2026 04:03,Leak,Eredo LCDA,Ikeja,Mushin
PP20090223421,02/23/2009,Zainab Afolabi,Female,2.34904E+12,zainab.afolabi15@yahoo.com,90916708503,Lagos Island Division,Marcela,94116,Water pipeline rupture near highway causing erosion,6.530845,3.388482,,13/02/2026 04:03,Sanitation failure,Ikorodu West LCDA,Ikorodu,Ikorodu
PP20080509548,05/09/2008,Uche Okoye,Male,2.34906E+12,uche.okoye78@outlook.com,36098092003,Ikeja Division,Jessie,94105,Sewer overflow spreading wastewater near market area,6.604035,3.283465,,13/02/2026 04:03,Sanitation failure,Agboyi-Ketu LCDA,Lagos Island,Surulere
PP20151217415,12/17/2015,Olamide Umeh,Male,2.34905E+12,olamide.umeh48@gmail.com,18021084576,Lagos Island Division,23rd,94116,"remodel kitchen, add half bath 1st floor, bathroom remodel on 1st floor.",6.451478,3.350765,,13/02/2026 04:03,Sanitation failure,Coker-Aguda LCDA,Ikeja,Agege
PP20130930612,09/30/2013,Chioma Nwosu,Female,2.34815E+12,chioma.nwosu38@gmail.com,68297573029,Ikeja Division,Diamond,94131,"3 bathrooms with 2 shower pans, 1 kitchen, 1 h.e water heater/domesetic boiler 110btu, wet bar, radiant heating.",6.596617,3.364753,,13/02/2026 04:03,Sanitation failure,Bariga LCDA,Badagry,Amuwo-Odofin
PP20120604071,06/04/2012,Adebayo Okoye,Male,2.34903E+12,adebayo.okoye97@yahoo.com,20458735208,Lagos Island Division,23rd,94116,Open manhole with visible sewage leakage on street,6.441371,3.42348,,13/02/2026 04:03,Leak,Agboyi-Ketu LCDA,Lagos Island,Surulere
PP20091214935,12/14/2009,Bola Ogunleye,Female,2.34807E+12,bola.ogunleye40@hotmail.com,75248615890,Badagry Division,Leavenworth,94133,Cracked underground pipe slowly flooding compound,6.437281,3.252114,,13/02/2026 04:03,Sanitation failure,Surulere LCDA,Lagos Island,Apapa
PP20180827307,08/27/2018,Oluwaseun Ekanem,Male,2.34817E+12,oluwaseun.ekanem24@hotmail.com,48229828927,Lagos Island Division,16th,94114,Open manhole with visible sewage leakage on street,6.507527,3.357044,,13/02/2026 04:03,Leak,Epe LCDA,Badagry,Ajeromi-Ifelodun
PP20080923099,09/23/2008,Temitope Ogunleye,Female,2.34904E+12,temitope.ogunleye29@hotmail.com,98208653468,Lagos Island Division,Moultrie,94110,Open manhole with visible sewage leakage on street,6.537911,3.392127,,13/02/2026 04:03,Leak,Ifako-Agege LCDA,Ikeja,Mushin
PP20190918488,09/18/2019,Chinedu Ogunleye,Male,2.34908E+12,chinedu.ogunleye67@gmail.com,53392135017,Epe Division,Market,94103,Cracked underground pipe slowly flooding compound,6.600637,3.986652,,13/02/2026 04:03,Sanitation failure,Badagry West LCDA,Ikeja,Kosofe
PP20180806721,08/06/2018,Emeka Eze,Male,2.34816E+12,emeka.eze70@gmail.com,20121339102,Ikorodu Division,Market,94102,Water heater pipe leakage soaking utility area,6.625274,3.524642,,13/02/2026 04:03,Leak,Coker-Aguda LCDA,Ikeja,Agege
PP20140731881,07/31/2014,Femi Nwosu,Male,2.34907E+12,femi.nwosu19@gmail.com,35413536559,Badagry Division,Jerrold,94124,Low water pressure affecting entire household supply,6.454474,3.244988,,13/02/2026 04:03,Sanitation failure,Amuwo-Odofin LCDA,Ikeja,Ifako-Ijaiye
PP20191219121,12/19/2019,Ifeanyi Ibrahim,Male,2.3482E+12,ifeanyi.ibrahim62@outlook.com,16857553593,Lagos Island Division,16th,94122,Sewer overflow spreading wastewater near market area,6.444315,3.361386,,13/02/2026 04:03,Sanitation failure,Ikosi-Isheri LCDA,Ikeja,Somolu
PP20131230994,12/30/2013,Yetunde Nwosu,Female,2.3491E+12,yetunde.nwosu80@gmail.com,95061589234,Badagry Division,Alabama,94110,Open manhole with visible sewage leakage on street,6.402094,2.883567,,13/02/2026 04:03,Leak,Ebute-Metta LCDA,Lagos Island,Eti-Osa
PP20130228686,02/28/2013,Opeyemi Akinyemi,Female,2.34905E+12,opeyemi.akinyemi85@hotmail.com,79572285734,Ikeja Division,Blanken,94134,Sewer overflow spreading wastewater near market area,6.564565,3.286187,,13/02/2026 04:03,Sanitation failure,Ojokoro LCDA,Badagry,Amuwo-Odofin
PP20190227526,02/27/2019,Emeka Ajayi,Male,2.34902E+12,emeka.ajayi24@outlook.com,86468223964,Lagos Island Division,Stockton,94108,Underground water pipe burst near hospital entrance,6.469445,3.405924,,13/02/2026 04:03,Leak,Lekki LCDA,Ikeja,Oshodi-Isolo
PP20150917060,09/17/2015,Opeyemi Oladipo,Female,2.34816E+12,opeyemi.oladipo81@outlook.com,43721373748,Ikeja Division,Broderick,94123,Low water pressure affecting entire household supply,6.522702,3.360034,,13/02/2026 04:03,Sanitation failure,Odi-Olowo/Ojuwoye LCDA,Lagos Island,Lagos Island
PP20180726455,07/26/2018,Tunde Owolabi,Male,2.34906E+12,tunde.owolabi52@hotmail.com,17614587609,Lagos Island Division,Cornwall,94118,Underground water pipe burst near hospital entrance,6.496931,3.3731,,13/02/2026 04:03,Leak,Agboyi-Ketu LCDA,Lagos Island,Surulere
PP20100615776,06/15/2010,Kelechi Ajayi,Male,2.34806E+12,kelechi.ajayi60@outlook.com,20952191708,Lagos Island Division,Mendell,94124,Major pipe burst near primary school disrupting access road,6.463927,3.380699,,13/02/2026 04:03,Leak,Coker-Aguda LCDA,Ikeja,Agege
PP20130129830,01/29/2013,Obinna Owolabi,Male,2.34806E+12,obinna.owolabi68@gmail.com,60441068763,Ikeja Division,Whitney,94131,Low water pressure affecting entire household supply,6.559473,3.306044,,13/02/2026 04:03,Sanitation failure,Ifako-Agege LCDA,Ikeja,Mushin
PP20190411837,04/11/2019,Chinedu Bamidele,Male,2.34809E+12,chinedu.bamidele50@gmail.com,96788445722,Epe Division,Union,94123,Sewer overflow spreading wastewater near market area,6.584828,3.976318,,13/02/2026 04:03,Sanitation failure,Badagry Central LCDA,Badagry,Ajeromi-Ifelodun
PP20120709884,07/09/2012,Adaeze Balogun,Female,2.34904E+12,adaeze.balogun39@outlook.com,40484698741,Epe Division,Van Ness,94102,Sudden burst water pipe inside bathroom wall causing flooding,6.601481,3.994001,,13/02/2026 04:03,Leak,Oto-Awori LCDA,Lagos Island,Lagos Mainland
PP20101104936,11/04/2010,Chisom Okoye,Female,2.34804E+12,chisom.okoye27@yahoo.com,49709304116,Badagry Division,Keith,94124,Underground water pipe burst near hospital entrance,6.453602,3.169654,,13/02/2026 04:03,Leak,Oshodi-Bolade LCDA,Ikeja,Alimosho
PP20161018912,10/18/2016,Chinedu Umeh,Male,2.34814E+12,chinedu.umeh16@hotmail.com,31221608432,Lagos Island Division,Stratford,94132,Sudden burst water pipe inside bathroom wall causing flooding,6.444943,3.363345,,13/02/2026 04:03,Leak,Ikoyi-Obalende LCDA,Epe,Ibeju-Lekki
PP20180917889,09/17/2018,Ayomide Akinyemi,Male,2.34818E+12,ayomide.akinyemi57@outlook.com,22016253947,Ikorodu Division,Broadway,94123,Minor kitchen sink pipe leakage under cabinet,6.621802,3.523031,,13/02/2026 04:03,Leak,Ikorodu West LCDA,Ikorodu,Ikorodu
PP20170306478,03/06/2017,Yetunde Bamidele,Female,2.34804E+12,yetunde.bamidele46@outlook.com,19418103619,Ikeja Division,Webster,94115,Sudden burst water pipe inside bathroom wall causing flooding,6.677699,3.338296,,13/02/2026 04:03,Leak,Igbogbo-Baiyeku LCDA,Badagry,Ojo
PP20150115198,01/15/2015,Obinna Balogun,Male,2.34807E+12,obinna.balogun62@outlook.com,80074875351,Badagry Division,Miguel,94110,Open manhole with visible sewage leakage on street,6.418269,2.871107,,13/02/2026 04:03,Leak,Agboyi-Ketu LCDA,Lagos Island,Surulere
PP20160608085,06/08/2016,Temitope Ajayi,Female,2.34815E+12,temitope.ajayi54@gmail.com,49220792030,Ikeja Division,Jones,94102,Water heater pipe leakage soaking utility area,6.667843,3.339201,,13/02/2026 04:03,Leak,Epe LCDA,Badagry,Ajeromi-Ifelodun
PP20181113542,11/13/2018,Yetunde Afolabi,Female,2.34815E+12,yetunde.afolabi58@gmail.com,105609098,Badagry Division,Mission,94110,"installation of 1 ada compliant restroom, 1 water closet, 1 wall lavatory, 1 waterless urinal.",6.466185,3.338331,,13/02/2026 04:03,Sanitation failure,Oto-Awori LCDA,Lagos Island,Lagos Mainland
PP20081104960,11/04/2008,Ngozi Ekanem,Female,2.34814E+12,ngozi.ekanem91@hotmail.com,80726060260,Ikeja Division,Post,94109,Blocked drainage channel causing street-level flooding,6.666613,3.318302,,13/02/2026 04:03,Blockage,Badagry West LCDA,Ikeja,Kosofe
PP20181226772,12/26/2018,Ngozi Adebisi,Female,2.34817E+12,ngozi.adebisi56@outlook.com,84137394146,Ikorodu Division,06th,94118,Water heater pipe leakage soaking utility area,6.618167,3.51359,,13/02/2026 04:03,Leak,Odi-Olowo/Ojuwoye LCDA,Lagos Island,Lagos Island
PP20140325327,03/25/2014,Ngozi Ojo,Female,2.34907E+12,ngozi.ojo34@outlook.com,87958620487,Epe Division,Howard,94105,Open manhole with visible sewage leakage on street,6.463443,3.582643,,13/02/2026 04:03,Leak,Lekki LCDA,Ikeja,Oshodi-Isolo
PP20170817975,08/17/2017,Abdulrahman Ogunleye,Male,2.3491E+12,abdulrahman.ogunleye36@hotmail.com,57725616951,Ikeja Division,08th,94118,Flooding due to collapsed drainage system after rainfall,6.660405,3.339792,,13/02/2026 04:03,Blockage,Ifako-Ijaiye LCDA,Badagry,Badagry
PP20170104907,01/04/2017,Yetunde Danladi,Female,2.34817E+12,yetunde.danladi32@gmail.com,15258902121,Lagos Island Division,39th,94116,Low water pressure affecting entire household supply,6.493955,3.375328,,13/02/2026 04:03,Sanitation failure,Eredo LCDA,Ikeja,Mushin
PP20121221966,12/21/2012,Chioma Nnamdi,Female,2.34902E+12,chioma.nnamdi53@outlook.com,23611157392,Epe Division,Clarendon,94114,"remove & install kitchen: dishwasher, disposal, sink, faucets; bathroom sink: toilets, tub, faucets",6.485287,3.58419,,13/02/2026 04:03,Sanitation failure,Oshodi-Bolade LCDA,Ikeja,Alimosho
PP20150622681,06/22/2015,Kunle Owolabi,Male,2.34807E+12,kunle.owolabi33@outlook.com,80916280850,Lagos Island Division,34th,94122,Sudden burst water pipe inside bathroom wall causing flooding,6.514316,3.358341,,13/02/2026 04:03,Leak,Onigbongbo LCDA,Epe,Ibeju-Lekki
PP20081124837,11/24/2008,Olamide Ogunleye,Male,2.3491E+12,olamide.ogunleye69@gmail.com,88946272963,Ikorodu Division,Ofarrell,94102,Water main leakage along roadside causing traffic obstruction,6.60468,3.496762,,13/02/2026 04:03,Leak,Itire-Ikate LCDA,Badagry,Badagry
PP20090827630,08/27/2009,Chinedu Owolabi,Male,2.3482E+12,chinedu.owolabi96@yahoo.com,46136239728,Lagos Island Division,Kansas,94107,Open manhole with visible sewage leakage on street,6.467885,3.395858,,13/02/2026 04:03,Leak,Lekki LCDA,Ikeja,Oshodi-Isolo
PP20151117611,11/17/2015,Obinna Eze,Male,2.34806E+12,obinna.eze25@outlook.com,41797081358,Lagos Island Division,19th,94122,"sewer repair,",6.436996,3.399696,,13/02/2026 04:03,Sanitation failure,Egbe-Idimu LCDA,Ikeja,Ikeja
PP20191125509,11/25/2019,Ifeanyi Adeyemi,Male,2.34812E+12,ifeanyi.adeyemi34@yahoo.com,8761618314,Ikeja Division,Revere,94124,Cracked underground pipe slowly flooding compound,6.58982,3.360371,,13/02/2026 04:03,Sanitation failure,Ikosi-Isheri LCDA,Ikeja,Somolu
PP20081008823,10/08/2008,Chukwudi Nwosu,Male,2.34818E+12,chukwudi.nwosu59@gmail.com,83472502799,Ikeja Division,Eastwood,94112,gas houseline extension.,6.672668,3.327128,,13/02/2026 04:03,Sanitation failure,Iba LCDA,Ikeja,Agege
PP20161017897,10/17/2016,Chioma Abiola,Female,2.34807E+12,chioma.abiola87@outlook.com,59372197382,Badagry Division,Post,94102,"repair & replace. - 1st floor, b-1.- 1 drain for sink, replace existing leaking pipe, replace drain for floor drain at heat room.",6.466648,3.199358,,13/02/2026 04:03,Leak,Ikosi-Isheri LCDA,Ikeja,Somolu
PP20110701293,07/01/2011,Adaeze Akinyemi,Female,2.34814E+12,adaeze.akinyemi49@yahoo.com,89541534563,Lagos Island Division,Castro,94114,Persistent dripping tap in kitchen wasting water daily,6.44659,3.359694,,13/02/2026 04:03,Sanitation failure,Ikosi-Isheri LCDA,Ikeja,Somolu
PP20080828862,08/28/2008,Olamide Akinyemi,Male,2.34904E+12,olamide.akinyemi73@hotmail.com,74654636279,Lagos Island Division,Westbrook,94124,Underground water pipe burst near hospital entrance,6.526326,3.403121,,13/02/2026 04:03,Leak,Ayobo-Ipaja LCDA,Badagry,Ojo
PP20120717104,07/17/2012,Opeyemi Ajayi,Female,2.34805E+12,opeyemi.ajayi18@yahoo.com,33074824369,Lagos Island Division,California,94111,High-pressure pipe burst affecting multiple residential buildings,6.475906,3.367632,,13/02/2026 04:03,Leak,Eredo LCDA,Ikeja,Mushin
PP20170711878,07/11/2017,Adebayo Owolabi,Male,2.34816E+12,adebayo.owolabi26@hotmail.com,41535003660,Lagos Island Division,Mission,94103,Major pipe burst near primary school disrupting access road,6.523252,3.384868,,13/02/2026 04:03,Leak,Oto-Awori LCDA,Lagos Island,Lagos Mainland
PP20111118599,11/18/2011,Tunde Oladipo,Male,2.3481E+12,tunde.oladipo85@gmail.com,45465448281,Ikorodu Division,North Point,94133,Severe shower pipe rupture flooding entire bathroom,6.612826,3.51001,,13/02/2026 04:03,Sanitation failure,Ifako-Agege LCDA,Ikeja,Mushin
PP20080709319,07/09/2008,Obinna Nwosu,Male,2.34803E+12,obinna.nwosu91@outlook.com,96578519322,Epe Division,Marietta,94127,Underground water pipe burst near hospital entrance,6.591114,4.014729,,13/02/2026 04:03,Leak,Surulere LCDA,Lagos Island,Apapa
PP20150330253,03/30/2015,Chukwudi Afolabi,Male,2.34812E+12,chukwudi.afolabi52@yahoo.com,49083666433,Lagos Island Division,Arguello,94118,High-pressure pipe burst affecting multiple residential buildings,6.53248,3.370719,,13/02/2026 04:03,Leak,Lekki LCDA,Ikeja,Oshodi-Isolo
PP20140210045,02/10/2014,Aisha Chukwu,Female,2.34904E+12,aisha.chukwu55@outlook.com,45964880413,Ikorodu Division,Cabrillo,94118,High-pressure pipe burst affecting multiple residential buildings,6.615162,3.505966,,13/02/2026 04:03,Leak,Ojodu LCDA,Lagos Island,Eti-Osa
PP20151005502,10/05/2015,Oluwaseun Mohammed,Male,2.34903E+12,oluwaseun.mohammed10@outlook.com,69562455585,Badagry Division,Jackson,94118,Toilet overflow due to heavily blocked drain system,6.448744,3.329999,,13/02/2026 04:03,Blockage,Ikoyi-Obalende LCDA,Epe,Ibeju-Lekki
PP20131015037,10/15/2013,Kunle Danladi,Male,2.34808E+12,kunle.danladi72@outlook.com,18365892745,Lagos Island Division,Calgary,94134,remove & replace water heater.,6.531728,3.366458,,13/02/2026 04:03,Sanitation failure,Mosan-Okunola LCDA,Epe,Epe
PP20110802975,08/02/2011,Abdulrahman Yakubu,Male,2.34905E+12,abdulrahman.yakubu27@yahoo.com,22651974629,Epe Division,Schwerin,94134,Major pipe burst near primary school disrupting access road,6.594485,3.988478,,13/02/2026 04:03,Leak,Ifako-Agege LCDA,Ikeja,Mushin
PP20190528122,05/28/2019,Ayomide Afolabi,Male,2.34819E+12,ayomide.afolabi91@gmail.com,42202680396,Ikeja Division,Blythdale,94134,amend permit # pp20190507554 scope of work to reflect the following. building 90-e: capping sewer laterals for 8-unit building,6.601658,3.293585,,13/02/2026 04:03,Sanitation failure,Lekki LCDA,Ikeja,Oshodi-Isolo
PP20190125580,01/25/2019,Femi Abiola,Male,2.34815E+12,femi.abiola74@yahoo.com,53253418137,Ikeja Division,Rhode Island,94107,Water pipeline rupture near highway causing erosion,6.631483,3.343335,,13/02/2026 04:03,Sanitation failure,Bariga LCDA,Badagry,Amuwo-Odofin
PP20171116429,11/16/2017,Chukwudi Nwosu,Male,2.34815E+12,chukwudi.nwosu29@hotmail.com,63757343634,Ikorodu Division,48th,94122,Major pipe burst near primary school disrupting access road,6.619488,3.508123,,13/02/2026 04:03,Leak,Lekki LCDA,Ikeja,Oshodi-Isolo
PP20090805157,08/05/2009,Abdulrahman Bamidele,Male,2.34907E+12,abdulrahman.bamidele63@hotmail.com,87161920124,Lagos Island Division,29th,94122,Water pipeline rupture near highway causing erosion,6.449566,3.353882,,13/02/2026 04:03,Sanitation failure,Ikeja LCDA,Epe,Epe
PP20080911575,09/11/2008,Uche Okafor,Male,2.34908E+12,uche.okafor63@yahoo.com,56447082531,Ikorodu Division,Moultrie,94110,Blocked drainage channel causing street-level flooding,6.598353,3.530922,,13/02/2026 04:03,Blockage,Badagry Central LCDA,Badagry,Ajeromi-Ifelodun
PP20150826488,08/26/2015,Chukwudi Chukwu,Male,2.34802E+12,chukwudi.chukwu98@hotmail.com,59737604758,Ikorodu Division,Carl,94117,Major pipe burst near primary school disrupting access road,6.620953,3.514481,,13/02/2026 04:03,Leak,Ifako-Agege LCDA,Ikeja,Mushin
PP20080610440,06/10/2008,Kelechi Ibrahim,Male,2.34901E+12,kelechi.ibrahim29@yahoo.com,61084139587,Ikeja Division,Mission,94103,Underground water pipe burst near hospital entrance,6.669221,3.321249,,13/02/2026 04:03,Leak,Oriade LCDA,Lagos Island,Lagos Island
PP20160606015,06/06/2016,Obinna Owolabi,Male,2.34803E+12,obinna.owolabi56@yahoo.com,53943373219,Ikorodu Division,Guerrero,94110,"repair house trap, remodel interior, (1) bathroom, (1) kitchen, and (1) laundry room.",6.617541,3.494506,,13/02/2026 04:03,Sanitation failure,Amuwo-Odofin LCDA,Ikeja,Ifako-Ijaiye
PP20190620891,06/20/2019,Zainab Abiola,Female,2.3482E+12,zainab.abiola16@outlook.com,4398844535,Lagos Island Division,California,94108,Underground water pipe burst near hospital entrance,6.455871,3.409555,,13/02/2026 04:03,Leak,Ifako-Ijaiye LCDA,Badagry,Badagry
PP20130624879,06/24/2013,Obinna Chukwu,Male,2.34813E+12,obinna.chukwu84@gmail.com,74772504642,Lagos Island Division,Sanchez,94114,Septic tank backflow causing strong sewage odor indoors,6.43848,3.354597,,13/02/2026 04:03,Sanitation failure,Ojodu LCDA,Lagos Island,Eti-Osa
PP20180416553,04/16/2018,Chukwudi Owolabi,Male,2.34903E+12,chukwudi.owolabi49@yahoo.com,11816826051,Badagry Division,47th,94116,Public tap pipe severely damaged in residential community,6.473881,3.183145,,13/02/2026 04:03,Sanitation failure,Onigbongbo LCDA,Epe,Ibeju-Lekki
PP20180517478,05/17/2018,Chioma Ojo,Female,2.34808E+12,chioma.ojo14@gmail.com,90451320021,Epe Division,Maynard,94112,Underground water pipe burst near hospital entrance,6.457639,3.597543,,13/02/2026 04:03,Leak,Ifako-Ijaiye LCDA,Badagry,Badagry
PP20180102572,01/02/2018,Abdulrahman Chukwu,Male,2.34805E+12,abdulrahman.chukwu50@hotmail.com,19446429527,Ikeja Division,Oak,94117,Water main leakage along roadside causing traffic obstruction,6.59061,3.422084,,13/02/2026 04:03,Leak,Ayobo-Ipaja LCDA,Badagry,Ojo
PP20121005112,10/05/2012,Zainab Okoye,Female,2.34815E+12,zainab.okoye90@outlook.com,56268719916,Lagos Island Division,West Point,94124,High-pressure pipe burst affecting multiple residential buildings,6.461257,3.418644,,13/02/2026 04:03,Leak,Itire-Ikate LCDA,Badagry,Badagry
PP20110214030,02/14/2011,Emeka Ogunleye,Male,2.34807E+12,emeka.ogunleye91@yahoo.com,93858255762,Badagry Division,Daniel Burnham,94109,"unit #506: changing of two faucet. install of new sink in kitchen, hook up of dishwasher.",6.471851,3.243133,,13/02/2026 04:03,Sanitation failure,Ebute-Metta LCDA,Lagos Island,Eti-Osa
PP20141022183,10/22/2014,Kunle Akinyemi,Male,2.34815E+12,kunle.akinyemi40@hotmail.com,1910353381,Badagry Division,Santa Rosa,94112,Water main leakage along roadside causing traffic obstruction,6.477239,3.186832,,13/02/2026 04:03,Leak,Ifako-Ijaiye LCDA,Badagry,Badagry
PP20130405680,04/05/2013,Abdulrahman Ajayi,Male,2.34816E+12,abdulrahman.ajayi75@hotmail.com,6441544514,Badagry Division,15th,94116,gas test for entire house.,6.471691,3.316377,,13/02/2026 04:03,Sanitation failure,Ifako-Agege LCDA,Ikeja,Mushin
PP20100305470,03/05/2010,Yetunde Yakubu,Female,2.34907E+12,yetunde.yakubu14@gmail.com,7065745399,Ikeja Division,Alemany,94132,add half bath and laundry area to groundfloor. everything else existing.,6.668096,3.320472,,13/02/2026 04:03,Sanitation failure,Surulere LCDA,Lagos Island,Apapa
PP20181001329,10/01/2018,Chukwudi Yakubu,Male,2.34819E+12,chukwudi.yakubu63@hotmail.com,6100010399,Ikeja Division,Webster,94117,Water main leakage along roadside causing traffic obstruction,6.561881,3.318811,,13/02/2026 04:03,Leak,Badagry Central LCDA,Badagry,Ajeromi-Ifelodun
PP20161116700,11/16/2016,Oluwaseun Abiola,Male,2.34815E+12,oluwaseun.abiola89@gmail.com,69281168505,Lagos Island Division,Pennsylvania,94107,"home renovation: (1) kitchen, (3) baths, laundry room, replace all dwv & supply lines.",6.503655,3.37898,,13/02/2026 04:03,Sanitation failure,Ikosi-Isheri LCDA,Ikeja,Somolu
PP20080925235,09/25/2008,Oluwaseun Abiola,Male,2.34907E+12,oluwaseun.abiola85@outlook.com,34321193259,Ikorodu Division,Castenada,94116,remodel existing kitchen.,6.630619,3.508633,,13/02/2026 04:03,Sanitation failure,Ayobo-Ipaja LCDA,Badagry,Ojo
PP20080819472,08/19/2008,Zainab Ajayi,Female,2.34814E+12,zainab.ajayi82@hotmail.com,22348408139,Ikeja Division,Turk,94102,Major pipe burst near primary school disrupting access road,6.677091,3.332112,,13/02/2026 04:03,Leak,Apapa-Iganmu LCDA,Ikeja,Ifako-Ijaiye
PP20150511488,05/11/2015,Chioma Chukwu,Female,2.3481E+12,chioma.chukwu70@yahoo.com,58188055851,Ikeja Division,Waller,94117,Water pipeline rupture near highway causing erosion,6.557017,3.305387,,13/02/2026 04:03,Sanitation failure,Ifako-Ijaiye LCDA,Badagry,Badagry
PP20100825365,08/25/2010,Temitope Owolabi,Female,2.34818E+12,temitope.owolabi16@yahoo.com,70492549320,Epe Division,Webster,94123,Severe shower pipe rupture flooding entire bathroom,6.457834,3.573785,,13/02/2026 04:03,Sanitation failure,Ojokoro LCDA,Badagry,Amuwo-Odofin
PP20121011226,10/11/2012,Bola Owolabi,Female,2.34906E+12,bola.owolabi24@hotmail.com,74787597485,Ikeja Division,Green,94123,Major pipe burst near primary school disrupting access road,6.622594,3.336195,,13/02/2026 04:03,Leak,Lekki LCDA,Ikeja,Oshodi-Isolo
PP20150130656,01/30/2015,Ayomide Balogun,Male,2.34808E+12,ayomide.balogun13@outlook.com,16090749850,Epe Division,Pacific,94111,High-pressure pipe burst affecting multiple residential buildings,6.582615,3.979361,,13/02/2026 04:03,Leak,Onigbongbo LCDA,Epe,Ibeju-Lekki
PP20171106161,11/06/2017,Adebayo Danladi,Male,2.34817E+12,adebayo.danladi79@yahoo.com,50429980528,Badagry Division,Church,94114,Water heater pipe leakage soaking utility area,6.411948,2.895469,,13/02/2026 04:03,Leak,Lekki LCDA,Ikeja,Oshodi-Isolo
PP20080321090,03/21/2008,Ifeanyi Ojo,Male,2.34818E+12,ifeanyi.ojo56@hotmail.com,16822208858,Ikorodu Division,Buchanan,94102,Severe shower pipe rupture flooding entire bathroom,6.616048,3.497089,,13/02/2026 04:03,Sanitation failure,Oshodi-Bolade LCDA,Ikeja,Alimosho
PP20090601675,06/01/2009,Adebayo Balogun,Male,2.34903E+12,adebayo.balogun11@gmail.com,80220537534,Ikeja Division,South Park,94107,"revise permit pp200706263039 and pp20090518422, change address from 54 south park to 54-56-68 south park and add 2 more inspections",6.590737,3.414651,,13/02/2026 04:03,Sanitation failure,Oriade LCDA,Lagos Island,Lagos Island
PP20141112688,11/12/2014,Femi Chukwu,Male,2.34811E+12,femi.chukwu17@outlook.com,19069225266,Ikeja Division,17th,94114,Open manhole with visible sewage leakage on street,6.553914,3.324176,,13/02/2026 04:03,Leak,Oto-Awori LCDA,Lagos Island,Lagos Mainland
PP20181210337,12/10/2018,Femi Nnamdi,Male,2.34808E+12,femi.nnamdi28@yahoo.com,40813991000,Badagry Division,29th,94131,Septic tank backflow causing strong sewage odor indoors,6.414794,2.887892,,13/02/2026 04:03,Sanitation failure,Mosan-Okunola LCDA,Epe,Epe
PP20180816037,08/16/2018,Chinedu Ogunleye,Male,2.3482E+12,chinedu.ogunleye40@hotmail.com,68095421116,Ikorodu Division,Paris,94112,Bathroom floor drain completely clogged with wastewater backup,6.607611,3.508303,,13/02/2026 04:03,Blockage,Egbe-Idimu LCDA,Ikeja,Ikeja
PP20140218294,02/18/2014,Femi Bamidele,Male,2.3481E+12,femi.bamidele31@gmail.com,36909386956,Badagry Division,Rosewood,94127,Cracked underground pipe slowly flooding compound,6.421095,2.869446,,13/02/2026 04:03,Sanitation failure,Odi-Olowo/Ojuwoye LCDA,Lagos Island,Lagos Island
PP20190625044,06/25/2019,Chioma Nwosu,Female,2.34902E+12,chioma.nwosu95@hotmail.com,10981122230,Ikeja Division,Clay,94118,4 bathroom and kitchen remodel for final inspection.,6.555608,3.309108,,13/02/2026 04:03,Sanitation failure,Ayobo-Ipaja LCDA,Badagry,Ojo
PP20190205866,02/05/2019,Zainab Ogunleye,Female,2.34816E+12,zainab.ogunleye46@hotmail.com,3031651103,Badagry Division,Locust,94118,Blocked drainage channel causing street-level flooding,6.461413,3.193372,,13/02/2026 04:03,Blockage,Odi-Olowo/Ojuwoye LCDA,Lagos Island,Lagos Island
PP20190129702,01/29/2019,Opeyemi Okoye,Female,2.34817E+12,opeyemi.okoye78@hotmail.com,14304441345,Badagry Division,43rd,94121,"plumbing work to replace (1) water heater, add washer/dryer",6.470044,3.348081,,13/02/2026 04:03,Sanitation failure,Ifako-Agege LCDA,Ikeja,Mushin
PP20110920130,09/20/2011,Ijeoma Abiola,Female,2.34906E+12,ijeoma.abiola34@yahoo.com,69229180227,Badagry Division,Ellis,94115,Sewer overflow spreading wastewater near market area,6.405064,2.886359,,13/02/2026 04:03,Sanitation failure,Ifako-Agege LCDA,Ikeja,Mushin
PP20130724680,07/24/2013,Amaka Ibrahim,Female,2.34906E+12,amaka.ibrahim38@gmail.com,52023023630,Badagry Division,Pacific,94133,Bathroom floor drain completely clogged with wastewater backup,6.450845,3.239307,,13/02/2026 04:03,Blockage,Coker-Aguda LCDA,Ikeja,Agege
PP20170510221,05/10/2017,Ayomide Ojo,Male,2.34808E+12,ayomide.ojo35@yahoo.com,85863068508,Ikorodu Division,Divisadero,94115,Underground water pipe burst near hospital entrance,6.628963,3.533747,,13/02/2026 04:03,Leak,Surulere LCDA,Lagos Island,Apapa
PP20170123373,01/23/2017,Uche Adebisi,Male,2.34903E+12,uche.adebisi85@hotmail.com,60341213646,Badagry Division,Cervantes,94123,Sewer overflow spreading wastewater near market area,6.46083,3.18805,,13/02/2026 04:03,Sanitation failure,Ebute-Metta LCDA,Lagos Island,Eti-Osa
PP20090821505,08/21/2009,Adebayo Ekanem,Male,2.34904E+12,adebayo.ekanem82@outlook.com,2104274467,Ikeja Division,Grand View,94114,move sewer trap closer to street,6.528145,3.347464,,13/02/2026 04:03,Sanitation failure,Ifako-Agege LCDA,Ikeja,Mushin
PP20190327357,03/27/2019,Opeyemi Abiola,Female,2.34813E+12,opeyemi.abiola19@hotmail.com,4886314306,Lagos Island Division,Mason,94102,Flooding due to collapsed drainage system after rainfall,6.435892,3.387642,,13/02/2026 04:03,Blockage,Amuwo-Odofin LCDA,Ikeja,Ifako-Ijaiye
PP20120614332,06/14/2012,Ijeoma Bamidele,Female,2.34818E+12,ijeoma.bamidele51@yahoo.com,25432849630,Ikeja Division,Pennsylvania,94107,repair broken pipe drain pipe by the garage door.,6.65588,3.345641,,13/02/2026 04:03,Blockage,Ikotun-Ikosi LCDA,Lagos Island,Lagos Mainland
PP20140421098,04/21/2014,Olamide Balogun,Male,2.34803E+12,olamide.balogun68@gmail.com,19477781395,Lagos Island Division,High,94114,Severe shower pipe rupture flooding entire bathroom,6.523249,3.375741,,13/02/2026 04:03,Sanitation failure,Isolo LCDA,Ikeja,Ikeja
PP20150903702,09/03/2015,Amaka Nwosu,Female,2.34909E+12,amaka.nwosu49@outlook.com,54170008410,Lagos Island Division,Urbano,94127,Public tap pipe severely damaged in residential community,6.462992,3.383482,,13/02/2026 04:03,Sanitation failure,Ojodu LCDA,Lagos Island,Eti-Osa
PP20120626603,06/26/2012,Aisha Ibrahim,Female,2.34815E+12,aisha.ibrahim71@yahoo.com,31217215689,Ikeja Division,Collingwood,94114,Open manhole with visible sewage leakage on street,6.601331,3.295681,,13/02/2026 04:03,Leak,Lekki LCDA,Ikeja,Oshodi-Isolo
PP20081031850,10/31/2008,Opeyemi Nnamdi,Female,2.34807E+12,opeyemi.nnamdi13@gmail.com,34522245884,Ikeja Division,California,94118,Low water pressure affecting entire household supply,6.612088,3.356517,,13/02/2026 04:03,Sanitation failure,Mosan-Okunola LCDA,Epe,Epe
PP20180125200,01/25/2018,Ifeanyi Balogun,Male,2.34816E+12,ifeanyi.balogun64@yahoo.com,76302949238,Ikeja Division,Funston,94118,Blocked drainage channel causing street-level flooding,6.604283,3.352281,,13/02/2026 04:03,Blockage,Ikotun-Ikosi LCDA,Lagos Island,Lagos Mainland
PP20130528091,05/28/2013,Abdulrahman Bamidele,Male,2.34904E+12,abdulrahman.bamidele97@gmail.com,88808178784,Ikorodu Division,Van Ness,94102,Toilet overflow due to heavily blocked drain system,6.623402,3.512517,,13/02/2026 04:03,Blockage,Ikosi-Isheri LCDA,Ikeja,Somolu
PP20150716344,07/16/2015,Obinna Eze,Male,2.34812E+12,obinna.eze12@outlook.com,96233937114,Epe Division,Montezuma,94110,Blocked drainage channel causing street-level flooding,6.4597,3.585461,,13/02/2026 04:03,Blockage,Ikorodu North LCDA,Ikorodu,Ikorodu
PP20170907503,09/07/2017,Ijeoma Oladipo,Female,2.34813E+12,ijeoma.oladipo97@yahoo.com,53693719364,Ikeja Division,16th,94122,Toilet overflow due to heavily blocked drain system,6.604763,3.336811,,13/02/2026 04:03,Blockage,Ikosi-Isheri LCDA,Ikeja,Somolu
PP20180330189,03/30/2018,Kunle Adebisi,Male,2.3482E+12,kunle.adebisi21@outlook.com,91234628924,Epe Division,29th,94116,Flooding due to collapsed drainage system after rainfall,6.579194,4.008994,,13/02/2026 04:03,Blockage,Apapa-Iganmu LCDA,Ikeja,Ifako-Ijaiye
PP20080520858,05/20/2008,Olamide Abiola,Male,2.34812E+12,olamide.abiola26@outlook.com,46520553185,Lagos Island Division,25th,94110,install gas lines for fireplace,6.448401,3.344958,,13/02/2026 04:03,Sanitation failure,Yaba LCDA,Ikeja,Alimosho
PP20080730916,07/30/2008,Ngozi Nwosu,Female,2.34818E+12,ngozi.nwosu84@yahoo.com,7965094361,Ikeja Division,Agua,94127,"1 stacked washer/dryer, 1 sink",6.581958,3.421894,,13/02/2026 04:03,Sanitation failure,Lekki LCDA,Ikeja,Oshodi-Isolo
PP20120524861,05/24/2012,Seyi Okoye,Male,2.34908E+12,seyi.okoye45@gmail.com,6747372650,Ikeja Division,Pine,94115,"to obtain final inspection only. all work is complete. ref. p480251, done by another contractor.",6.544034,3.348705,,13/02/2026 04:03,Sanitation failure,Ifako-Agege LCDA,Ikeja,Mushin
PP20091231216,12/31/2009,Amaka Okoye,Female,2.34815E+12,amaka.okoye95@gmail.com,43583170535,Lagos Island Division,03rd,94124,upgrade gas to 1 1/2 inch to comply with #200990663,6.438276,3.402868,,13/02/2026 04:03,Sanitation failure,Mosan-Okunola LCDA,Epe,Epe
PP20180118006,01/18/2018,Aisha Adeyemi,Female,2.3491E+12,aisha.adeyemi76@hotmail.com,28224656824,Badagry Division,02nd,94105,Major pipe burst near primary school disrupting access road,6.452894,3.328938,,13/02/2026 04:03,Leak,Ikorodu West LCDA,Ikorodu,Ikorodu
PP20180330170,03/30/2018,Aisha Adebisi,Female,2.34811E+12,aisha.adebisi87@gmail.com,42988543341,Badagry Division,Chenery,94131,Persistent dripping tap in kitchen wasting water daily,6.464124,3.332604,,13/02/2026 04:03,Sanitation failure,Ikoyi-Obalende LCDA,Epe,Ibeju-Lekki
PP20180213779,02/13/2018,Emeka Adeyemi,Male,2.34817E+12,emeka.adeyemi60@outlook.com,76607085705,Ikeja Division,Fell,94117,Low water pressure affecting entire household supply,6.676692,3.321764,,13/02/2026 04:03,Sanitation failure,Ikorodu West LCDA,Ikorodu,Ikorodu
PP20100202840,02/02/2010,Emeka Mohammed,Male,2.34817E+12,emeka.mohammed52@hotmail.com,2113626836,Ikeja Division,Paris,94112,Underground water pipe burst near hospital entrance,6.580563,3.416557,,13/02/2026 04:03,Leak,Iba LCDA,Ikeja,Agege
PP20140701971,07/01/2014,Olamide Danladi,Male,2.34804E+12,olamide.danladi40@hotmail.com,1724740192,Lagos Island Division,15th,94122,Sudden burst water pipe inside bathroom wall causing flooding,6.434596,3.422878,,13/02/2026 04:03,Leak,Agbado-Oke Odo LCDA,Lagos Island,Apapa
PP20110406292,04/06/2011,Abdulrahman Mohammed,Male,2.34903E+12,abdulrahman.mohammed92@gmail.com,91840728853,Ikeja Division,Divisadero,94123,"install 2 a.o. smith domestic hot water heaters 240,000 btu each",6.61986,3.344438,,13/02/2026 04:03,Sanitation failure,Iba LCDA,Ikeja,Agege
PP20090701393,07/01/2009,Chukwudi Balogun,Male,2.34806E+12,chukwudi.balogun74@gmail.com,88195329578,Ikeja Division,Washington,94118,Sudden burst water pipe inside bathroom wall causing flooding,6.612926,3.299536,,13/02/2026 04:03,Leak,Apapa-Iganmu LCDA,Ikeja,Ifako-Ijaiye
PP20170731446,07/31/2017,Adebayo Chukwu,Male,2.34808E+12,adebayo.chukwu72@hotmail.com,81774383932,Ikeja Division,Aquavista,94131,Sudden burst water pipe inside bathroom wall causing flooding,6.537778,3.308602,,13/02/2026 04:03,Leak,Ojodu LCDA,Lagos Island,Eti-Osa
PP20190315015,03/15/2019,Opeyemi Ibrahim,Female,2.34906E+12,opeyemi.ibrahim83@yahoo.com,92264813173,Ikorodu Division,Miramar,94112,for a final inspection for work already approved under pp20151109402,6.624195,3.517789,,13/02/2026 04:03,Sanitation failure,Agboyi-Ketu LCDA,Lagos Island,Surulere
PP20161123895,11/23/2016,Ijeoma Ogunleye,Female,2.34816E+12,ijeoma.ogunleye74@gmail.com,9262417303,Epe Division,Peralta,94110,kitchen remodel: replace kitchen sink and faucet.,6.463076,3.57841,,13/02/2026 04:03,Sanitation failure,Badagry West LCDA,Ikeja,Kosofe
PP20140306762,03/06/2014,Chukwudi Adebisi,Male,2.3482E+12,chukwudi.adebisi86@hotmail.com,78053704031,Lagos Island Division,Vallejo,94123,Minor kitchen sink pipe leakage under cabinet,6.518659,3.384564,,13/02/2026 04:03,Leak,Yaba LCDA,Ikeja,Alimosho
PP20130606376,06/06/2013,Uche Ekanem,Male,2.34802E+12,uche.ekanem21@hotmail.com,98132001710,Epe Division,Bush,94108,Persistent dripping tap in kitchen wasting water daily,6.594339,3.979525,,13/02/2026 04:03,Sanitation failure,Ikosi-Isheri LCDA,Ikeja,Somolu
PP20161007640,10/07/2016,Yetunde Adebisi,Female,2.34905E+12,yetunde.adebisi57@outlook.com,50985950620,Ikeja Division,04th,94107,"ti, replace 4 hand sinks, 4 toilets",6.62458,3.337235,,13/02/2026 04:03,Sanitation failure,Lekki LCDA,Ikeja,Oshodi-Isolo
PP20140103120,01/03/2014,Opeyemi Ojo,Female,2.34816E+12,opeyemi.ojo35@hotmail.com,87321120961,Lagos Island Division,Natoma,94103,Low water pressure affecting entire household supply,6.495657,3.358686,,13/02/2026 04:03,Sanitation failure,Onigbongbo LCDA,Epe,Ibeju-Lekki
PP20140228616,02/28/2014,Ngozi Eze,Female,2.34818E+12,ngozi.eze47@hotmail.com,55330579303,Ikeja Division,Bay,94123,High-pressure pipe burst affecting multiple residential buildings,6.561066,3.311356,,13/02/2026 04:03,Leak,Onigbongbo LCDA,Epe,Ibeju-Lekki
PP20171120518,11/20/2017,Ifeanyi Nnamdi,Male,2.3491E+12,ifeanyi.nnamdi34@yahoo.com,13724918206,Badagry Division,42nd,94116,Minor kitchen sink pipe leakage under cabinet,6.437758,2.876478,,13/02/2026 04:03,Leak,Ikorodu North LCDA,Ikorodu,Ikorodu
PP20180215888,02/15/2018,Ayomide Adebisi,Male,2.34807E+12,ayomide.adebisi65@yahoo.com,48206711830,Epe Division,Waller,94117,Underground water pipe burst near hospital entrance,6.589181,3.978308,,13/02/2026 04:03,Leak,Epe LCDA,Badagry,Ajeromi-Ifelodun
PP20150428091,04/28/2015,Adebayo Balogun,Male,2.3482E+12,adebayo.balogun37@gmail.com,88558183386,Badagry Division,North Point,94109,Cracked underground pipe slowly flooding compound,6.406307,2.884891,,13/02/2026 04:03,Sanitation failure,Apapa-Iganmu LCDA,Ikeja,Ifako-Ijaiye
PP20100930229,09/30/2010,Opeyemi Ibrahim,Female,2.34909E+12,opeyemi.ibrahim98@gmail.com,94706311853,Lagos Island Division,Red Rock,94131,High-pressure pipe burst affecting multiple residential buildings,6.498274,3.389982,,13/02/2026 04:03,Leak,Epe LCDA,Badagry,Ajeromi-Ifelodun
PP20151026031,10/26/2015,Zainab Mohammed,Female,2.34907E+12,zainab.mohammed60@hotmail.com,16813002035,Badagry Division,23rd,94114,Water pipeline rupture near highway causing erosion,6.464859,3.321998,,13/02/2026 04:03,Sanitation failure,Ojokoro LCDA,Badagry,Amuwo-Odofin
PP20170518541,05/18/2017,Kunle Ogunleye,Male,2.34908E+12,kunle.ogunleye17@hotmail.com,48112385848,Ikeja Division,Kirkham,94122,Toilet overflow due to heavily blocked drain system,6.61173,3.274254,,13/02/2026 04:03,Blockage,Egbe-Idimu LCDA,Ikeja,Ikeja
PP20111216191,12/16/2011,Tunde Bamidele,Male,2.3491E+12,tunde.bamidele67@hotmail.com,80867203003,Ikorodu Division,Henry,94114,High-pressure pipe burst affecting multiple residential buildings,6.61848,3.51066,,13/02/2026 04:03,Leak,Isolo LCDA,Ikeja,Ikeja
PP20130227613,02/27/2013,Kelechi Ojo,Male,2.34904E+12,kelechi.ojo32@gmail.com,70998548882,Lagos Island Division,15th,94114,Water main leakage along roadside causing traffic obstruction,6.504846,3.370536,,13/02/2026 04:03,Leak,Oriade LCDA,Lagos Island,Lagos Island
PP20160302378,03/02/2016,Ijeoma Adeyemi,Female,2.34906E+12,ijeoma.adeyemi20@gmail.com,79336739501,Lagos Island Division,Green,94133,Water pipeline rupture near highway causing erosion,6.449064,3.393194,,13/02/2026 04:03,Sanitation failure,Itire-Ikate LCDA,Badagry,Badagry
PP20130128760,01/28/2013,Adebayo Eze,Male,2.34818E+12,adebayo.eze65@gmail.com,43259597166,Lagos Island Division,Carl,94117,Sewer overflow spreading wastewater near market area,6.446439,3.383419,,13/02/2026 04:03,Sanitation failure,Amuwo-Odofin LCDA,Ikeja,Ifako-Ijaiye
PP20180425867,04/25/2018,Abdulrahman Mohammed,Male,2.34811E+12,abdulrahman.mohammed76@yahoo.com,15418765484,Badagry Division,Madrid,94112,Sewer overflow spreading wastewater near market area,6.469799,3.320564,,13/02/2026 04:03,Sanitation failure,Agboyi-Ketu LCDA,Lagos Island,Surulere
PP20080422996,04/22/2008,Femi Ogunleye,Male,2.34805E+12,femi.ogunleye38@gmail.com,52878001394,Ikeja Division,Westbrook,94124,Water heater pipe leakage soaking utility area,6.549454,3.298148,,13/02/2026 04:03,Leak,Coker-Aguda LCDA,Ikeja,Agege
PP20170215991,02/15/2017,Femi Adeyemi,Male,2.34815E+12,femi.adeyemi43@yahoo.com,63072810972,Badagry Division,24th,94110,Persistent dripping tap in kitchen wasting water daily,6.472197,3.351314,,13/02/2026 04:03,Sanitation failure,Coker-Aguda LCDA,Ikeja,Agege
PP20151208149,12/08/2015,Temitope Akinyemi,Female,2.34909E+12,temitope.akinyemi91@gmail.com,2739676039,Ikeja Division,Fillmore,94115,Low water pressure affecting entire household supply,6.656784,3.31007,,13/02/2026 04:03,Sanitation failure,Odi-Olowo/Ojuwoye LCDA,Lagos Island,Lagos Island
PP20160831550,08/31/2016,Abdulrahman Afolabi,Male,2.34819E+12,abdulrahman.afolabi11@hotmail.com,86073656990,Badagry Division,Clairview,94131,Persistent dripping tap in kitchen wasting water daily,6.413751,2.885157,,13/02/2026 04:03,Sanitation failure,Apapa-Iganmu LCDA,Ikeja,Ifako-Ijaiye
PP20120828160,08/28/2012,Aisha Adeyemi,Female,2.34814E+12,aisha.adeyemi84@outlook.com,52930971261,Ikorodu Division,Tehama,94103,Sudden burst water pipe inside bathroom wall causing flooding,6.621587,3.506037,,13/02/2026 04:03,Leak,Egbe-Idimu LCDA,Ikeja,Ikeja
PP20111006528,10/06/2011,Chioma Nnamdi,Female,2.34904E+12,chioma.nnamdi86@hotmail.com,36217196235,Ikorodu Division,Fortuna,94115,Low water pressure affecting entire household supply,6.617394,3.514175,,13/02/2026 04:03,Sanitation failure,Ikeja LCDA,Epe,Epe
PP20100419421,04/19/2010,Uche Chukwu,Male,2.34816E+12,uche.chukwu65@yahoo.com,20730150867,Lagos Island Division,Maynard,94112,Public tap pipe severely damaged in residential community,6.443504,3.40235,,13/02/2026 04:03,Sanitation failure,Epe LCDA,Badagry,Ajeromi-Ifelodun
PP20150407511,04/07/2015,Chukwudi Ogunleye,Male,2.34807E+12,chukwudi.ogunleye63@gmail.com,75760287401,Lagos Island Division,Turk,94102,Low water pressure affecting entire household supply,6.445111,3.361138,,13/02/2026 04:03,Sanitation failure,Lekki LCDA,Ikeja,Oshodi-Isolo
PP20100707233,07/07/2010,Ngozi Adebisi,Female,2.34817E+12,ngozi.adebisi83@hotmail.com,99897812201,Ikeja Division,Waller,94117,High-pressure pipe burst affecting multiple residential buildings,6.51812,3.371912,,13/02/2026 04:03,Leak,Onigbongbo LCDA,Epe,Ibeju-Lekki
PP20150106871,01/06/2015,Olamide Abiola,Male,2.34903E+12,olamide.abiola95@yahoo.com,94651731370,Badagry Division,Newton,94112,Underground water pipe burst near hospital entrance,6.408646,2.884587,,13/02/2026 04:03,Leak,Oshodi-Bolade LCDA,Ikeja,Alimosho
PP20130212193,02/12/2013,Femi Yakubu,Male,2.34804E+12,femi.yakubu63@outlook.com,87798680031,Ikeja Division,Point Lobos,94121,Low water pressure affecting entire household supply,6.67536,3.322687,,13/02/2026 04:03,Sanitation failure,Orile-Agege LCDA,Ikeja,Kosofe
PP20101118268,11/18/2010,Olamide Oladipo,Male,2.34818E+12,olamide.oladipo92@gmail.com,70381533593,Lagos Island Division,Diamond,94131,Toilet overflow due to heavily blocked drain system,6.430334,3.354713,,13/02/2026 04:03,Blockage,Surulere LCDA,Lagos Island,Apapa
PP20130205004,02/05/2013,Temitope Abiola,Female,2.34813E+12,temitope.abiola33@gmail.com,87745008324,Ikeja Division,Arkansas,94107,"remodel 3 bathrooms, 1 kitchen & laundry. replace water heater",6.612094,3.348131,,13/02/2026 04:03,Sanitation failure,Isolo LCDA,Ikeja,Ikeja
PP20151022951,10/22/2015,Oluwaseun Danladi,Male,2.34817E+12,oluwaseun.danladi44@gmail.com,88262231549,Ikeja Division,Clayton,94117,Major pipe burst near primary school disrupting access road,6.593336,3.360757,,13/02/2026 04:03,Leak,Ikoyi-Obalende LCDA,Epe,Ibeju-Lekki
PP20161021039,10/21/2016,Emeka Umeh,Male,2.34906E+12,emeka.umeh81@gmail.com,91911328401,Badagry Division,Market,94105,Minor kitchen sink pipe leakage under cabinet,6.463392,3.328198,,13/02/2026 04:03,Leak,Egbe-Idimu LCDA,Ikeja,Ikeja
PP20110620024,06/20/2011,Yetunde Okoye,Female,2.34812E+12,yetunde.okoye95@hotmail.com,67561553312,Ikeja Division,46th,94121,Low water pressure affecting entire household supply,6.671295,3.336308,,13/02/2026 04:03,Sanitation failure,Ojodu LCDA,Lagos Island,Eti-Osa
PP20091118440,11/18/2009,Femi Eze,Male,2.34902E+12,femi.eze37@hotmail.com,95320203306,Badagry Division,Beach,94123,Major pipe burst near primary school disrupting access road,6.490517,3.341572,,13/02/2026 04:03,Leak,Ojodu LCDA,Lagos Island,Eti-Osa
PP20190923610,09/23/2019,Tunde Okoye,Male,2.34902E+12,tunde.okoye42@gmail.com,40465947805,Ikeja Division,Fillmore,94123,Cracked underground pipe slowly flooding compound,6.681398,3.32354,,13/02/2026 04:03,Sanitation failure,Ikosi-Isheri LCDA,Ikeja,Somolu
PP20140317072,03/17/2014,Ijeoma Okafor,Female,2.34818E+12,ijeoma.okafor25@yahoo.com,17404941350,Ikeja Division,Lyon,94115,remove existing kitchen,6.517041,3.355223,,13/02/2026 04:03,Sanitation failure,Iba LCDA,Ikeja,Agege
PP20170406349,04/06/2017,Temitope Owolabi,Female,2.34812E+12,temitope.owolabi21@outlook.com,86507733087,Lagos Island Division,17th,94114,Water heater pipe leakage soaking utility area,6.497972,3.350015,,13/02/2026 04:03,Leak,Ikosi-Isheri LCDA,Ikeja,Somolu
PP20180131392,01/31/2018,Abdulrahman Ibrahim,Male,2.34807E+12,abdulrahman.ibrahim86@outlook.com,96163293956,Ikeja Division,Pierce,94123,Water pipeline rupture near highway causing erosion,6.607247,3.298993,,13/02/2026 04:03,Sanitation failure,Ikosi-Isheri LCDA,Ikeja,Somolu
PP20120727372,07/27/2012,Chukwudi Owolabi,Male,2.34804E+12,chukwudi.owolabi40@hotmail.com,16911060270,Ikeja Division,Clay,94108,Persistent dripping tap in kitchen wasting water daily,6.586904,3.421743,,13/02/2026 04:03,Sanitation failure,Ikoyi-Obalende LCDA,Epe,Ibeju-Lekki
PP20100716484,07/16/2010,Temitope Danladi,Female,2.34809E+12,temitope.danladi36@hotmail.com,51815380092,Badagry Division,Sacramento,94111,relocate fire sprinklers. 6th floor(10-701),6.46961,3.32823,,13/02/2026 04:03,Sanitation failure,Oshodi-Bolade LCDA,Ikeja,Alimosho
PP20150713212,07/13/2015,Tunde Ibrahim,Male,2.34804E+12,tunde.ibrahim68@outlook.com,52689132542,Ikeja Division,Monterey,94127,"kitchen remodel. bathroom rmeodel and add 3 new bathrooms, 1 washer & dryer, wet bar.",6.610361,3.32401,,13/02/2026 04:03,Sanitation failure,Odi-Olowo/Ojuwoye LCDA,Lagos Island,Lagos Island
PP20121206632,12/06/2012,Amaka Ojo,Female,2.34905E+12,amaka.ojo96@yahoo.com,87294447227,Ikorodu Division,17th,94116,Blocked drainage channel causing street-level flooding,6.637248,3.510635,,13/02/2026 04:03,Blockage,Ikeja LCDA,Epe,Epe
PP20151223546,12/23/2015,Zainab Nnamdi,Female,2.34908E+12,zainab.nnamdi12@yahoo.com,84974313166,Ikeja Division,35th,94122,Bathroom floor drain completely clogged with wastewater backup,6.551351,3.298812,,13/02/2026 04:03,Blockage,Ikorodu West LCDA,Ikorodu,Ikorodu
PP20190114201,01/14/2019,Yetunde Owolabi,Female,2.34812E+12,yetunde.owolabi41@outlook.com,83433428600,Ikeja Division,Jackson,94133,"modify of sprinkler system, relocate 19 sprinkler head",6.644857,3.325267,,13/02/2026 04:03,Sanitation failure,Ikoyi-Obalende LCDA,Epe,Ibeju-Lekki
PP20121204552,12/04/2012,Chukwudi Okafor,Male,2.34908E+12,chukwudi.okafor84@yahoo.com,2878469847,Badagry Division,Liberty,94114,gas houseline extension.,6.410712,2.889158,,13/02/2026 04:03,Sanitation failure,Ebute-Metta LCDA,Lagos Island,Eti-Osa
PP20150910840,09/10/2015,Ayomide Danladi,Male,2.34904E+12,ayomide.danladi72@hotmail.com,72479225665,Ikeja Division,Edinburgh,94112,add one bathroom in basement.,6.533302,3.364179,,13/02/2026 04:03,Sanitation failure,Oriade LCDA,Lagos Island,Lagos Island
PP20161216526,12/16/2016,Temitope Balogun,Female,2.34813E+12,temitope.balogun10@outlook.com,66377194122,Ikeja Division,California,94118,Cracked underground pipe slowly flooding compound,6.601376,3.421762,,13/02/2026 04:03,Sanitation failure,Egbe-Idimu LCDA,Ikeja,Ikeja
PP20190320140,03/20/2019,Chioma Adeyemi,Female,2.34817E+12,chioma.adeyemi14@yahoo.com,47264999315,Lagos Island Division,28th,94121,Open manhole with visible sewage leakage on street,6.48634,3.358231,,13/02/2026 04:03,Leak,Ikorodu West LCDA,Ikorodu,Ikorodu
PP20081112251,11/12/2008,Kunle Adebisi,Male,2.34904E+12,kunle.adebisi15@outlook.com,33480441230,Ikeja Division,22nd,94116,replace 15' sewer.,6.618578,3.356682,,13/02/2026 04:03,Sanitation failure,Ikorodu West LCDA,Ikorodu,Ikorodu
PP20080229481,02/29/2008,Aisha Nnamdi,Female,2.34906E+12,aisha.nnamdi14@hotmail.com,92008333873,Ikorodu Division,Olmstead,94134,High-pressure pipe burst affecting multiple residential buildings,6.605422,3.522526,,13/02/2026 04:03,Leak,Egbe-Idimu LCDA,Ikeja,Ikeja
PP20080717543,07/17/2008,Olamide Ibrahim,Male,2.34805E+12,olamide.ibrahim82@hotmail.com,51504701267,Ikeja Division,Florida,94110,Sewer overflow spreading wastewater near market area,6.585099,3.425078,,13/02/2026 04:03,Sanitation failure,Amuwo-Odofin LCDA,Ikeja,Ifako-Ijaiye
PP20140403652,04/03/2014,Chisom Ekanem,Female,2.3481E+12,chisom.ekanem92@gmail.com,37023481629,Badagry Division,05th,94118,Minor kitchen sink pipe leakage under cabinet,6.41398,2.876576,,13/02/2026 04:03,Leak,Ifako-Ijaiye LCDA,Badagry,Badagry
PP20160622497,06/22/2016,Chukwudi Adebisi,Male,2.34906E+12,chukwudi.adebisi96@hotmail.com,18270445624,Ikorodu Division,Badger,94112,Water main leakage along roadside causing traffic obstruction,6.626909,3.517044,,13/02/2026 04:03,Leak,Coker-Aguda LCDA,Ikeja,Agege
PP20090618124,06/18/2009,Ijeoma Bamidele,Female,2.34813E+12,ijeoma.bamidele53@hotmail.com,75162983339,Lagos Island Division,Cook,94118,Major pipe burst near primary school disrupting access road,6.442821,3.421767,,13/02/2026 04:03,Leak,Ikoyi-Obalende LCDA,Epe,Ibeju-Lekki
PP20130426292,04/26/2013,Adaeze Adebisi,Female,2.34903E+12,adaeze.adebisi80@yahoo.com,97027656073,Epe Division,43rd,94122,High-pressure pipe burst affecting multiple residential buildings,6.464002,3.569412,,13/02/2026 04:03,Leak,Lekki LCDA,Ikeja,Oshodi-Isolo
PP20160225237,02/25/2016,Olamide Ogunleye,Male,2.3491E+12,olamide.ogunleye31@gmail.com,3140041896,Lagos Island Division,04th,94118,Toilet overflow due to heavily blocked drain system,6.456994,3.363239,,13/02/2026 04:03,Blockage,Isolo LCDA,Ikeja,Ikeja
PP20181204166,12/04/2018,Kelechi Umeh,Male,2.34908E+12,kelechi.umeh32@outlook.com,36777466121,Epe Division,Shafter,94124,repair water main supply from meter to house.,6.574342,3.978214,,13/02/2026 04:03,Sanitation failure,Ikosi-Isheri LCDA,Ikeja,Somolu
PP20130206035,02/06/2013,Bola Abiola,Female,2.34902E+12,bola.abiola77@outlook.com,28637695349,Ikeja Division,Prentiss,94110,Underground water pipe burst near hospital entrance,6.604332,3.28017,,13/02/2026 04:03,Leak,Ifako-Agege LCDA,Ikeja,Mushin
PP20080905331,09/05/2008,Bola Yakubu,Female,2.34909E+12,bola.yakubu35@gmail.com,72248404868,Badagry Division,Front,94111,Flooding due to collapsed drainage system after rainfall,6.406823,2.873662,,13/02/2026 04:03,Blockage,Ojokoro LCDA,Badagry,Amuwo-Odofin
PP20080731952,07/31/2008,Yetunde Adeyemi,Female,2.34814E+12,yetunde.adeyemi79@outlook.com,99421840113,Lagos Island Division,Mclaren,94121,Persistent dripping tap in kitchen wasting water daily,6.449975,3.387313,,13/02/2026 04:03,Sanitation failure,Ifako-Agege LCDA,Ikeja,Mushin
PP20140410827,04/10/2014,Tunde Umeh,Male,2.34903E+12,tunde.umeh26@gmail.com,57299537885,Lagos Island Division,17th,94114,Water heater pipe leakage soaking utility area,6.43783,3.414926,,13/02/2026 04:03,Leak,Oto-Awori LCDA,Lagos Island,Lagos Mainland
PP20151019851,10/19/2015,Ayomide Nnamdi,Male,2.34909E+12,ayomide.nnamdi64@yahoo.com,11984658473,Badagry Division,Lombard,94123,Water main leakage along roadside causing traffic obstruction,6.462525,3.24221,,13/02/2026 04:03,Leak,Oshodi-Bolade LCDA,Ikeja,Alimosho
PP20121023549,10/23/2012,Abdulrahman Ajayi,Male,2.34815E+12,abdulrahman.ajayi79@hotmail.com,68187909644,Badagry Division,Sunview,94131,Septic tank backflow causing strong sewage odor indoors,6.463724,3.187175,,13/02/2026 04:03,Sanitation failure,Itire-Ikate LCDA,Badagry,Badagry
PP20171212112,12/12/2017,Aisha Danladi,Female,2.34905E+12,aisha.danladi13@hotmail.com,69305007349,Ikeja Division,Haight,94117,Underground water pipe burst near hospital entrance,6.681711,3.320414,,13/02/2026 04:03,Leak,Lekki LCDA,Ikeja,Oshodi-Isolo
PP20091015646,10/15/2009,Zainab Ajayi,Female,2.34903E+12,zainab.ajayi76@hotmail.com,90961581541,Ikeja Division,14th,94116,Septic tank backflow causing strong sewage odor indoors,6.626421,3.330521,,13/02/2026 04:03,Sanitation failure,Badagry Central LCDA,Badagry,Ajeromi-Ifelodun
PP20141010913,10/10/2014,Chisom Nwosu,Female,2.34805E+12,chisom.nwosu65@yahoo.com,81088873810,Badagry Division,Sansome,94111,Persistent dripping tap in kitchen wasting water daily,6.453341,3.340541,,13/02/2026 04:03,Sanitation failure,Epe LCDA,Badagry,Ajeromi-Ifelodun
PP20110225299,02/25/2011,Kunle Balogun,Male,2.34806E+12,kunle.balogun41@hotmail.com,96521735384,Badagry Division,Palou,94124,Major pipe burst near primary school disrupting access road,6.427908,2.910879,,13/02/2026 04:03,Leak,Epe LCDA,Badagry,Ajeromi-Ifelodun
PP20140401529,04/01/2014,Seyi Afolabi,Male,2.34818E+12,seyi.afolabi94@hotmail.com,58510811399,Epe Division,32nd,94122,replace sewer later & house trap.,6.458003,3.591989,,13/02/2026 04:03,Sanitation failure,Itire-Ikate LCDA,Badagry,Badagry
PP20190213131,02/13/2019,Olamide Okafor,Male,2.3491E+12,olamide.okafor38@hotmail.com,26622862228,Badagry Division,Waller,94117,Water main leakage along roadside causing traffic obstruction,6.462602,3.341134,,13/02/2026 04:03,Leak,Badagry West LCDA,Ikeja,Kosofe
PP20160518535,05/18/2016,Ifeanyi Mohammed,Male,2.34817E+12,ifeanyi.mohammed34@hotmail.com,76708444841,Epe Division,Joost,94131,Severe shower pipe rupture flooding entire bathroom,6.569295,3.970972,,13/02/2026 04:03,Sanitation failure,Orile-Agege LCDA,Ikeja,Kosofe
PP20150303499,03/03/2015,Olamide Okafor,Male,2.34908E+12,olamide.okafor72@gmail.com,56661580256,Badagry Division,18th,94116,Public tap pipe severely damaged in residential community,6.442241,3.25079,,13/02/2026 04:03,Sanitation failure,Egbe-Idimu LCDA,Ikeja,Ikeja
PP20190507586,05/07/2019,Tunde Ogunleye,Male,2.3482E+12,tunde.ogunleye80@yahoo.com,19758888199,Ikeja Division,Funston,94122,to comply with physical inspection report cc8343,6.547189,3.314691,,13/02/2026 04:03,Sanitation failure,Oto-Awori LCDA,Lagos Island,Lagos Mainland
PP20080811248,08/11/2008,Abdulrahman Abiola,Male,2.34808E+12,abdulrahman.abiola29@hotmail.com,64809694863,Ikeja Division,Mason,94133,Minor kitchen sink pipe leakage under cabinet,6.625769,3.341996,,13/02/2026 04:03,Leak,Ojodu LCDA,Lagos Island,Eti-Osa
PP20130917218,09/17/2013,Kunle Adeyemi,Male,2.34908E+12,kunle.adeyemi19@outlook.com,78893530575,Badagry Division,10th,94116,Open manhole with visible sewage leakage on street,6.431188,2.889158,,13/02/2026 04:03,Leak,Oriade LCDA,Lagos Island,Lagos Island
PP20170623481,06/23/2017,Olamide Nwosu,Male,2.34814E+12,olamide.nwosu48@outlook.com,27980597130,Badagry Division,20th,94121,Severe shower pipe rupture flooding entire bathroom,6.448831,3.196634,,13/02/2026 04:03,Sanitation failure,Ikorodu North LCDA,Ikorodu,Ikorodu
PP20080409614,04/09/2008,Olamide Umeh,Male,2.34813E+12,olamide.umeh28@gmail.com,31232566042,Ikeja Division,Filbert,94123,Septic tank backflow causing strong sewage odor indoors,6.577248,3.425804,,13/02/2026 04:03,Sanitation failure,Epe LCDA,Badagry,Ajeromi-Ifelodun
PP20130204952,02/04/2013,Chioma Okafor,Female,2.34808E+12,chioma.okafor52@gmail.com,197392718,Lagos Island Division,Ellsworth,94110,Sudden burst water pipe inside bathroom wall causing flooding,6.469837,3.399267,,13/02/2026 04:03,Leak,Lekki LCDA,Ikeja,Oshodi-Isolo
PP20161205153,12/05/2016,Abdulrahman Balogun,Male,2.34805E+12,abdulrahman.balogun79@hotmail.com,38049634855,Epe Division,Mission,94103,Low water pressure affecting entire household supply,6.569038,3.974418,,13/02/2026 04:03,Sanitation failure,Badagry Central LCDA,Badagry,Ajeromi-Ifelodun
PP20170918778,09/18/2017,Amaka Ogunleye,Female,2.34818E+12,amaka.ogunleye74@outlook.com,10392665423,Lagos Island Division,Turk,94118,Water main leakage along roadside causing traffic obstruction,6.446327,3.420209,,13/02/2026 04:03,Leak,Itire-Ikate LCDA,Badagry,Badagry
PP20110613802,06/13/2011,Chinedu Mohammed,Male,2.34905E+12,chinedu.mohammed69@yahoo.com,43214111176,Lagos Island Division,Mission,94103,2nd floor--furnish and install (1) ada compliant break room sink.,6.525196,3.386788,,13/02/2026 04:03,Sanitation failure,Badagry West LCDA,Ikeja,Kosofe
PP20160421816,04/21/2016,Temitope Afolabi,Female,2.34803E+12,temitope.afolabi72@yahoo.com,82058003908,Lagos Island Division,Bruce,94112,Blocked drainage channel causing street-level flooding,6.503863,3.363588,,13/02/2026 04:03,Blockage,Badagry West LCDA,Ikeja,Kosofe
PP20090109246,01/09/2009,Adebayo Ajayi,Male,2.34902E+12,adebayo.ajayi45@yahoo.com,54412635705,Ikeja Division,20th,94107,Severe shower pipe rupture flooding entire bathroom,6.551513,3.304973,,13/02/2026 04:03,Sanitation failure,Orile-Agege LCDA,Ikeja,Kosofe
PP20130131910,01/31/2013,Oluwaseun Owolabi,Male,2.34805E+12,oluwaseun.owolabi66@yahoo.com,7349126672,Lagos Island Division,Francisco,94123,Severe shower pipe rupture flooding entire bathroom,6.505479,3.366336,,13/02/2026 04:03,Sanitation failure,Ojokoro LCDA,Badagry,Amuwo-Odofin
PP20170316799,03/16/2017,Yetunde Ojo,Female,2.34908E+12,yetunde.ojo88@hotmail.com,11513892019,Lagos Island Division,Bay,94133,Severe shower pipe rupture flooding entire bathroom,6.446227,3.369821,,13/02/2026 04:03,Sanitation failure,Ikeja LCDA,Epe,Epe
PP20190325286,03/25/2019,Tunde Akinyemi,Male,2.34803E+12,tunde.akinyemi51@gmail.com,96883705717,Ikeja Division,Washington,94108,High-pressure pipe burst affecting multiple residential buildings,6.66851,3.320083,,13/02/2026 04:03,Leak,Oriade LCDA,Lagos Island,Lagos Island
PP20180222059,02/22/2018,Oluwaseun Adeyemi,Male,2.34809E+12,oluwaseun.adeyemi97@yahoo.com,31373764712,Badagry Division,Francisco,94123,Public tap pipe severely damaged in residential community,6.45911,3.323513,,13/02/2026 04:03,Sanitation failure,Oriade LCDA,Lagos Island,Lagos Island
PP20100224254,02/24/2010,Obinna Abiola,Male,2.34814E+12,obinna.abiola47@yahoo.com,39440004127,Lagos Island Division,Sacramento,94111,"remodel of existing restrooms and addition of one new restroom, basement: one new lavatory & one toilet, 2 new urinals & 3 new lavatory, 2nd flr: 1 new lavatory & add 2 kitchen sinks",6.521676,3.391537,,13/02/2026 04:03,Sanitation failure,Agboyi-Ketu LCDA,Lagos Island,Surulere
PP20080424127,04/24/2008,Femi Ojo,Male,2.34807E+12,femi.ojo87@gmail.com,97917899502,Ikorodu Division,Gellert,94132,Cracked underground pipe slowly flooding compound,6.611349,3.512385,,13/02/2026 04:03,Sanitation failure,Bariga LCDA,Badagry,Amuwo-Odofin
PP20190501383,05/01/2019,Chioma Chukwu,Female,2.34815E+12,chioma.chukwu33@yahoo.com,42284763221,Ikorodu Division,Sweeny,94134,Open manhole with visible sewage leakage on street,6.612833,3.507897,,13/02/2026 04:03,Leak,Mosan-Okunola LCDA,Epe,Epe
PP20170620372,06/20/2017,Ijeoma Danladi,Female,2.34816E+12,ijeoma.danladi11@yahoo.com,41135575534,Ikeja Division,Valparaiso,94133,Flooding due to collapsed drainage system after rainfall,6.6004,3.333795,,13/02/2026 04:03,Blockage,Agboyi-Ketu LCDA,Lagos Island,Surulere
PP20121025595,10/25/2012,Bola Okoye,Female,2.34811E+12,bola.okoye43@yahoo.com,69839051658,Badagry Division,Greenwich,94123,Open manhole with visible sewage leakage on street,6.464763,3.338703,,13/02/2026 04:03,Leak,Oriade LCDA,Lagos Island,Lagos Island
PP20180727505,07/27/2018,Abdulrahman Abiola,Male,2.34803E+12,abdulrahman.abiola96@gmail.com,55382097708,Lagos Island Division,Sacramento,94111,existing fire sprinikler system t.i. 127 sprinklers.,6.526633,3.367216,,13/02/2026 04:03,Sanitation failure,Badagry West LCDA,Ikeja,Kosofe
PP20140115446,01/15/2014,Ngozi Balogun,Female,2.34812E+12,ngozi.balogun24@outlook.com,15856840896,Ikorodu Division,Glenview,94131,Water heater pipe leakage soaking utility area,6.630242,3.512603,,13/02/2026 04:03,Leak,Lekki LCDA,Ikeja,Oshodi-Isolo
PP20080922015,09/22/2008,Zainab Ibrahim,Female,2.34813E+12,zainab.ibrahim12@hotmail.com,71476631928,Ikeja Division,Sansome,94111,Water pipeline rupture near highway causing erosion,6.585284,3.416608,,13/02/2026 04:03,Sanitation failure,Ojokoro LCDA,Badagry,Amuwo-Odofin
PP20190424181,04/24/2019,Kunle Ekanem,Male,2.34908E+12,kunle.ekanem47@outlook.com,30937799193,Badagry Division,14th,94114,100 gal commercial water heater install (300k btu),6.409822,2.887178,,13/02/2026 04:03,Sanitation failure,Ifako-Agege LCDA,Ikeja,Mushin
PP20160111901,01/11/2016,Femi Abiola,Male,2.34908E+12,femi.abiola26@yahoo.com,67070549659,Badagry Division,Locksley,94131,High-pressure pipe burst affecting multiple residential buildings,6.454756,3.232531,,13/02/2026 04:03,Leak,Ojodu LCDA,Lagos Island,Eti-Osa
PP20140623718,06/23/2014,Yetunde Eze,Female,2.34812E+12,yetunde.eze92@gmail.com,5256588749,Ikeja Division,Avila,94123,Major pipe burst near primary school disrupting access road,6.577912,3.414151,,13/02/2026 04:03,Leak,Ikorodu North LCDA,Ikorodu,Ikorodu
PP20110328015,03/28/2011,Tunde Umeh,Male,2.34807E+12,tunde.umeh30@hotmail.com,23978792672,Ikeja Division,Haight,94117,Water heater pipe leakage soaking utility area,6.556162,3.320033,,13/02/2026 04:03,Leak,Ikosi-Isheri LCDA,Ikeja,Somolu
PP20110601566,06/01/2011,Olamide Nnamdi,Male,2.34902E+12,olamide.nnamdi97@hotmail.com,6206631948,Badagry Division,Post,94102,High-pressure pipe burst affecting multiple residential buildings,6.407283,2.88002,,13/02/2026 04:03,Leak,Ifako-Ijaiye LCDA,Badagry,Badagry
PP20150727610,07/27/2015,Ngozi Nnamdi,Female,2.34819E+12,ngozi.nnamdi92@outlook.com,59801521563,Badagry Division,College,94112,Open manhole with visible sewage leakage on street,6.444875,3.241985,,13/02/2026 04:03,Leak,Egbe-Idimu LCDA,Ikeja,Ikeja
PP20191108059,11/08/2019,Bola Balogun,Female,2.34809E+12,bola.balogun49@hotmail.com,98214805765,Ikeja Division,39th,94122,Underground water pipe burst near hospital entrance,6.550128,3.315808,,13/02/2026 04:03,Leak,Agboyi-Ketu LCDA,Lagos Island,Surulere
PP20160718191,07/18/2016,Emeka Umeh,Male,2.3481E+12,emeka.umeh88@hotmail.com,28408980681,Badagry Division,Fulton,94118,Cracked underground pipe slowly flooding compound,6.439462,3.254278,,13/02/2026 04:03,Sanitation failure,Ikorodu North LCDA,Ikorodu,Ikorodu
PP20161114615,11/14/2016,Abdulrahman Adebisi,Male,2.34902E+12,abdulrahman.adebisi44@hotmail.com,95902464745,Lagos Island Division,38th,94121,Low water pressure affecting entire household supply,6.507381,3.373587,,13/02/2026 04:03,Sanitation failure,Isolo LCDA,Ikeja,Ikeja
PP20190719698,07/19/2019,Seyi Nnamdi,Male,2.34819E+12,seyi.nnamdi42@hotmail.com,14609887846,Badagry Division,Sacramento,94115,Underground water pipe burst near hospital entrance,6.411705,2.901749,,13/02/2026 04:03,Leak,Ikorodu North LCDA,Ikorodu,Ikorodu
PP20080903234,09/03/2008,Chukwudi Mohammed,Male,2.34807E+12,chukwudi.mohammed65@gmail.com,6828487695,Ikeja Division,Bay,94109,Minor kitchen sink pipe leakage under cabinet,6.524552,3.332588,,13/02/2026 04:03,Leak,Badagry Central LCDA,Badagry,Ajeromi-Ifelodun
PP20160112955,01/12/2016,Bola Adeyemi,Female,2.34807E+12,bola.adeyemi63@hotmail.com,16155893814,Ikorodu Division,Van Ness,94109,Underground water pipe burst near hospital entrance,6.599411,3.51084,,13/02/2026 04:03,Leak,Isolo LCDA,Ikeja,Ikeja
PP20161006590,10/06/2016,Temitope Abiola,Female,2.34812E+12,temitope.abiola91@gmail.com,25198364736,Ikeja Division,Jackson,94118,"install (5) shower pans ,ref pw20150727062, pmw20160610159",6.533438,3.358355,,13/02/2026 04:03,Sanitation failure,Agboyi-Ketu LCDA,Lagos Island,Surulere
PP20130429330,04/29/2013,Zainab Abiola,Female,2.34818E+12,zainab.abiola81@yahoo.com,42753881983,Lagos Island Division,35th,94116,Low water pressure affecting entire household supply,6.526076,3.390823,,13/02/2026 04:03,Sanitation failure,Orile-Agege LCDA,Ikeja,Kosofe
PP20090615030,06/15/2009,Aisha Mohammed,Female,2.34802E+12,aisha.mohammed93@outlook.com,89792961139,Ikeja Division,San Andreas,94127,Low water pressure affecting entire household supply,6.603604,3.303949,,13/02/2026 04:03,Sanitation failure,Ifako-Ijaiye LCDA,Badagry,Badagry
PP20150825444,08/25/2015,Opeyemi Eze,Female,2.34813E+12,opeyemi.eze23@yahoo.com,63114220235,Ikeja Division,37th,94122,Blocked drainage channel causing street-level flooding,6.59918,3.326951,,13/02/2026 04:03,Blockage,Badagry Central LCDA,Badagry,Ajeromi-Ifelodun
PP20140604258,06/04/2014,Ngozi Ekanem,Female,2.34908E+12,ngozi.ekanem88@hotmail.com,54354901893,Lagos Island Division,Taylor,94102,Public tap pipe severely damaged in residential community,6.50633,3.376452,,13/02/2026 04:03,Sanitation failure,Agboyi-Ketu LCDA,Lagos Island,Surulere
PP20150603236,06/03/2015,Chukwudi Abiola,Male,2.34907E+12,chukwudi.abiola93@gmail.com,54100059668,Ikeja Division,Campton,94108,"1 floor drain, moved one floor sink, one hand sink, install dishwasher,drains, assorted copper work.",6.615037,3.337141,,13/02/2026 04:03,Blockage,Oto-Awori LCDA,Lagos Island,Lagos Mainland
PP20171208005,12/08/2017,Bola Eze,Female,2.34808E+12,bola.eze87@gmail.com,28016193110,Ikorodu Division,Haight,94117,Water pipeline rupture near highway causing erosion,6.620019,3.501224,,13/02/2026 04:03,Sanitation failure,Oto-Awori LCDA,Lagos Island,Lagos Mainland
PP20140930535,09/30/2014,Adebayo Danladi,Male,2.34906E+12,adebayo.danladi35@outlook.com,89209576613,Ikeja Division,Cole,94117,Sudden burst water pipe inside bathroom wall causing flooding,6.599898,3.336526,,13/02/2026 04:03,Leak,Agboyi-Ketu LCDA,Lagos Island,Surulere
PP20200113656,01/13/2020,Abdulrahman Ekanem,Male,2.34907E+12,abdulrahman.ekanem34@gmail.com,51442167338,Lagos Island Division,Pacific,94109,install 1 shower pan,6.538032,3.376164,,13/02/2026 04:03,Sanitation failure,Ikosi-Isheri LCDA,Ikeja,Somolu
PP20120330534,03/30/2012,Ayomide Bamidele,Male,2.34803E+12,ayomide.bamidele69@hotmail.com,39202414895,Ikeja Division,Pomona,94124,Toilet overflow due to heavily blocked drain system,6.522411,3.370489,,13/02/2026 04:03,Blockage,Ojodu LCDA,Lagos Island,Eti-Osa
PP20150409552,04/09/2015,Ijeoma Eze,Female,2.34808E+12,ijeoma.eze36@outlook.com,24078487714,Ikeja Division,Mission,94105,Sewer overflow spreading wastewater near market area,6.589378,3.340244,,13/02/2026 04:03,Sanitation failure,Igbogbo-Baiyeku LCDA,Badagry,Ojo
PP20171218266,12/18/2017,Zainab Oladipo,Female,2.34812E+12,zainab.oladipo85@hotmail.com,72033933808,Ikeja Division,Baker,94117,High-pressure pipe burst affecting multiple residential buildings,6.658838,3.327921,,13/02/2026 04:03,Leak,Ikoyi-Obalende LCDA,Epe,Ibeju-Lekki
PP20130605369,06/05/2013,Chioma Nnamdi,Female,2.34807E+12,chioma.nnamdi72@hotmail.com,64199933317,Lagos Island Division,Webster,94117,Water pipeline rupture near highway causing erosion,6.437416,3.429297,,13/02/2026 04:03,Sanitation failure,Badagry West LCDA,Ikeja,Kosofe
PP20110718611,07/18/2011,Aisha Umeh,Female,2.34817E+12,aisha.umeh34@outlook.com,38164463282,Lagos Island Division,03rd,94124,Blocked drainage channel causing street-level flooding,6.47982,3.372206,,13/02/2026 04:03,Blockage,Ebute-Metta LCDA,Lagos Island,Eti-Osa
PP20180706923,07/06/2018,Kunle Ojo,Male,2.3481E+12,kunle.ojo61@yahoo.com,41664783113,Lagos Island Division,Broderick,94123,Septic tank backflow causing strong sewage odor indoors,6.502987,3.355229,,13/02/2026 04:03,Sanitation failure,Bariga LCDA,Badagry,Amuwo-Odofin
PP20160412587,04/12/2016,Temitope Nnamdi,Female,2.34818E+12,temitope.nnamdi19@outlook.com,55101742867,Lagos Island Division,Bryant,94103,"new lower bathroom (toilet, lav, shower), new upper bathroom (toilet, lav), kitchenette, new water heater, new gas line, 1 shower pan.",6.448236,3.388502,,13/02/2026 04:03,Sanitation failure,Ikeja LCDA,Epe,Epe
PP20190220290,02/20/2019,Emeka Afolabi,Male,2.34811E+12,emeka.afolabi59@yahoo.com,56200061509,Lagos Island Division,Union,94133,Open manhole with visible sewage leakage on street,6.445012,3.411545,,13/02/2026 04:03,Leak,Mosan-Okunola LCDA,Epe,Epe
PP20100311598,03/11/2010,Temitope Ibrahim,Female,2.34813E+12,temitope.ibrahim10@outlook.com,74821740527,Ikeja Division,27th,94131,Low water pressure affecting entire household supply,6.617423,3.295232,,13/02/2026 04:03,Sanitation failure,Ayobo-Ipaja LCDA,Badagry,Ojo
PP20090512289,05/12/2009,Temitope Ogunleye,Female,2.3481E+12,temitope.ogunleye63@hotmail.com,51526009363,Lagos Island Division,19th,94114,main water line on side walk.,6.46231,3.343875,,13/02/2026 04:03,Sanitation failure,Surulere LCDA,Lagos Island,Apapa
PP20081014039,10/14/2008,Chukwudi Akinyemi,Male,2.34902E+12,chukwudi.akinyemi96@outlook.com,87402767019,Epe Division,Jackson,94133,all 16 units: install a new hot water line for all 16 units from water heater to each fixture,6.456693,3.56322,,13/02/2026 04:03,Sanitation failure,Ebute-Metta LCDA,Lagos Island,Eti-Osa
PP20100920953,09/20/2010,Seyi Nnamdi,Male,2.34904E+12,seyi.nnamdi39@yahoo.com,64498046496,Lagos Island Division,27th,94122,1)convert one bathroom into 2 bathrooms on upstairs 2nd floor.2)add one full bathroom and relocate water heater and furnace,6.441806,3.360617,,13/02/2026 04:03,Sanitation failure,Ebute-Metta LCDA,Lagos Island,Eti-Osa
PP20100315656,03/15/2010,Temitope Nnamdi,Female,2.34806E+12,temitope.nnamdi74@hotmail.com,4553475046,Badagry Division,Santiago,94116,survey inspection only.,6.416029,2.886493,,13/02/2026 04:03,Sanitation failure,Ifako-Agege LCDA,Ikeja,Mushin
PP20080604251,06/04/2008,Ifeanyi Oladipo,Male,2.34909E+12,ifeanyi.oladipo38@gmail.com,73135550664,Ikeja Division,46th,94122,Water main leakage along roadside causing traffic obstruction,6.601389,3.344032,,13/02/2026 04:03,Leak,Ifako-Ijaiye LCDA,Badagry,Badagry
PP20120208326,02/08/2012,Tunde Okafor,Male,2.34816E+12,tunde.okafor49@yahoo.com,32772479951,Badagry Division,20th,94110,Persistent dripping tap in kitchen wasting water daily,6.463396,3.190331,,13/02/2026 04:03,Sanitation failure,Oriade LCDA,Lagos Island,Lagos Island
PP20081022413,10/22/2008,Uche Akinyemi,Male,2.34819E+12,uche.akinyemi26@outlook.com,6199356663,Badagry Division,Townsend,94103,Toilet overflow due to heavily blocked drain system,6.447772,3.336415,,13/02/2026 04:03,Blockage,Ikotun-Ikosi LCDA,Lagos Island,Lagos Mainland
PP20080318984,03/18/2008,Aisha Bamidele,Female,2.34906E+12,aisha.bamidele70@hotmail.com,99527074731,Lagos Island Division,Baker,94115,Water main leakage along roadside causing traffic obstruction,6.512522,3.375227,,13/02/2026 04:03,Leak,Coker-Aguda LCDA,Ikeja,Agege
PP20180306379,03/06/2018,Femi Ajayi,Male,2.34819E+12,femi.ajayi78@gmail.com,37904533329,Epe Division,Market,94102,unit #2725: kitchen and bathroom remodel,6.475344,3.585911,,13/02/2026 04:03,Sanitation failure,Oriade LCDA,Lagos Island,Lagos Island
PP20181205203,12/05/2018,Chinedu Mohammed,Male,2.34903E+12,chinedu.mohammed88@hotmail.com,45228157700,Ikeja Division,Chestnut,94109,Severe shower pipe rupture flooding entire bathroom,6.545085,3.308163,,13/02/2026 04:03,Sanitation failure,Ikotun-Ikosi LCDA,Lagos Island,Lagos Mainland
PP20150401336,04/01/2015,Obinna Eze,Male,2.34902E+12,obinna.eze80@yahoo.com,70282100925,Ikeja Division,Flood,94112,"install water line, sewer line for bathrooms and luandry, install new water heater, install gas line for dryer, furnace, water heater, install shower pan",6.511985,3.366103,,13/02/2026 04:03,Sanitation failure,Surulere LCDA,Lagos Island,Apapa
PP20131017175,10/17/2013,Chukwudi Ibrahim,Male,2.34811E+12,chukwudi.ibrahim29@yahoo.com,65583403956,Badagry Division,Brotherhood,94132,Persistent dripping tap in kitchen wasting water daily,6.412947,2.896185,,13/02/2026 04:03,Sanitation failure,Ikorodu North LCDA,Ikorodu,Ikorodu
PP20090311779,03/11/2009,Kelechi Ogunleye,Male,2.34904E+12,kelechi.ogunleye49@hotmail.com,19526837952,Ikorodu Division,Miramar,94112,Toilet overflow due to heavily blocked drain system,6.614135,3.505264,,13/02/2026 04:03,Blockage,Itire-Ikate LCDA,Badagry,Badagry
PP20180313615,03/13/2018,Kelechi Nwosu,Male,2.34905E+12,kelechi.nwosu11@yahoo.com,22314768237,Ikeja Division,Country Club,94132,High-pressure pipe burst affecting multiple residential buildings,6.594158,3.360262,,13/02/2026 04:03,Leak,Apapa-Iganmu LCDA,Ikeja,Ifako-Ijaiye
PP20180906613,09/06/2018,Uche Oladipo,Male,2.34909E+12,uche.oladipo70@outlook.com,92019976372,Ikeja Division,10th,94118,Underground water pipe burst near hospital entrance,6.594706,3.357946,,13/02/2026 04:03,Leak,Badagry West LCDA,Ikeja,Kosofe
PP20111025978,10/25/2011,Oluwaseun Akinyemi,Male,2.34906E+12,oluwaseun.akinyemi80@outlook.com,3553781270,Ikeja Division,10th,94118,Minor kitchen sink pipe leakage under cabinet,6.597975,3.33174,,13/02/2026 04:03,Leak,Agbado-Oke Odo LCDA,Lagos Island,Apapa
PP20100127729,01/27/2010,Tunde Okafor,Male,2.34817E+12,tunde.okafor86@gmail.com,6966468552,Ikeja Division,Vasquez,94127,Minor kitchen sink pipe leakage under cabinet,6.577597,3.404909,,13/02/2026 04:03,Leak,Oriade LCDA,Lagos Island,Lagos Island
PP20080820529,08/20/2008,Chukwudi Ojo,Male,2.34812E+12,chukwudi.ojo39@yahoo.com,65422554213,Badagry Division,Thornton,94124,High-pressure pipe burst affecting multiple residential buildings,6.415339,2.873096,,13/02/2026 04:03,Leak,Lekki LCDA,Ikeja,Oshodi-Isolo
PP20131126269,11/26/2013,Kelechi Afolabi,Male,2.34812E+12,kelechi.afolabi96@gmail.com,39182049250,Lagos Island Division,Sutter,94108,"install waste & vent, cold water three sinks (wash station). instant hot water heater.",6.45806,3.358089,,13/02/2026 04:03,Sanitation failure,Ikorodu North LCDA,Ikorodu,Ikorodu
PP20180611214,06/11/2018,Aisha Danladi,Female,2.34814E+12,aisha.danladi33@hotmail.com,93009793925,Ikeja Division,24th,94114,install ada bathroom,6.581524,3.423259,,13/02/2026 04:03,Sanitation failure,Igbogbo-Baiyeku LCDA,Badagry,Ojo
PP20100104248,01/04/2010,Femi Balogun,Male,2.34905E+12,femi.balogun65@outlook.com,98507028378,Lagos Island Division,Folsom,94107,Underground water pipe burst near hospital entrance,6.463739,3.394499,,13/02/2026 04:03,Leak,Lekki LCDA,Ikeja,Oshodi-Isolo
PP20100831495,08/31/2010,Ifeanyi Abiola,Male,2.34819E+12,ifeanyi.abiola70@gmail.com,75854732383,Ikeja Division,Market,94111,Underground water pipe burst near hospital entrance,6.601288,3.27726,,13/02/2026 04:03,Leak,Coker-Aguda LCDA,Ikeja,Agege
PP20081218780,12/18/2008,Bola Adeyemi,Female,2.34807E+12,bola.adeyemi22@gmail.com,60576431004,Ikeja Division,20th,94121,3rd level: kitchen remodel - replace sink & laundry room sink.. replace bathroom sink and trim for tub.,6.66294,3.322428,,13/02/2026 04:03,Sanitation failure,Ayobo-Ipaja LCDA,Badagry,Ojo
PP20120920694,09/20/2012,Kelechi Owolabi,Male,2.34903E+12,kelechi.owolabi89@hotmail.com,86159678216,Badagry Division,Powell,94133,Septic tank backflow causing strong sewage odor indoors,6.462071,3.179549,,13/02/2026 04:03,Sanitation failure,Badagry Central LCDA,Badagry,Ajeromi-Ifelodun
PP20170510230,05/10/2017,Chisom Adeyemi,Female,2.34908E+12,chisom.adeyemi24@outlook.com,78948089415,Epe Division,Jamestown,94124,Major pipe burst near primary school disrupting access road,6.590879,3.97747,,13/02/2026 04:03,Leak,Ikorodu North LCDA,Ikorodu,Ikorodu
PP20130108284,01/08/2013,Obinna Danladi,Male,2.34908E+12,obinna.danladi21@yahoo.com,6697010772,Ikorodu Division,Madrid,94112,Flooding due to collapsed drainage system after rainfall,6.61883,3.52234,,13/02/2026 04:03,Blockage,Badagry Central LCDA,Badagry,Ajeromi-Ifelodun
PP20140530131,05/30/2014,Tunde Afolabi,Male,2.34907E+12,tunde.afolabi98@outlook.com,91848150636,Ikeja Division,Pacific,94133,High-pressure pipe burst affecting multiple residential buildings,6.557018,3.3075,,13/02/2026 04:03,Leak,Agbado-Oke Odo LCDA,Lagos Island,Apapa
PP20100614736,06/14/2010,Chisom Bamidele,Female,2.34818E+12,chisom.bamidele33@gmail.com,80069173691,Ikorodu Division,26th,94131,Water main leakage along roadside causing traffic obstruction,6.613381,3.504168,,13/02/2026 04:03,Leak,Ikosi-Isheri LCDA,Ikeja,Somolu
PP20140117510,01/17/2014,Ijeoma Okafor,Female,2.34903E+12,ijeoma.okafor18@hotmail.com,75081387730,Badagry Division,New Montgomery,94105,Water main leakage along roadside causing traffic obstruction,6.452494,3.17759,,13/02/2026 04:03,Leak,Ebute-Metta LCDA,Lagos Island,Eti-Osa
PP20101105978,11/05/2010,Chinedu Okoye,Male,2.34903E+12,chinedu.okoye55@yahoo.com,93220823020,Badagry Division,18th,94114,remove illegal bath/kitchen sink waste and water heaters/gas line for stoves and laundry on grnd flr (in compliance with cc5755),6.474257,3.331081,,13/02/2026 04:03,Sanitation failure,Agboyi-Ketu LCDA,Lagos Island,Surulere
PP20150114147,01/14/2015,Adaeze Okafor,Female,2.34905E+12,adaeze.okafor80@hotmail.com,39697705799,Lagos Island Division,Vallejo,94133,2 shower pans.,6.419602,3.439582,,13/02/2026 04:03,Sanitation failure,Amuwo-Odofin LCDA,Ikeja,Ifako-Ijaiye
PP20080520851,05/20/2008,Tunde Afolabi,Male,2.3482E+12,tunde.afolabi20@yahoo.com,78740899994,Lagos Island Division,47th,94116,Water heater pipe leakage soaking utility area,6.5276,3.365131,,13/02/2026 04:03,Leak,Amuwo-Odofin LCDA,Ikeja,Ifako-Ijaiye
PP20190726934,07/26/2019,Femi Akinyemi,Male,2.34804E+12,femi.akinyemi12@outlook.com,66379831931,Ikeja Division,Pacific,94109,Bathroom floor drain completely clogged with wastewater backup,6.611082,3.337109,,13/02/2026 04:03,Blockage,Egbe-Idimu LCDA,Ikeja,Ikeja
PP20190718656,07/18/2019,Abdulrahman Balogun,Male,2.34902E+12,abdulrahman.balogun11@gmail.com,388645020,Ikeja Division,Lake,94121,Minor kitchen sink pipe leakage under cabinet,6.600346,3.405619,,13/02/2026 04:03,Leak,Ikorodu West LCDA,Ikorodu,Ikorodu
PP20130123669,01/23/2013,Chisom Mohammed,Female,2.34813E+12,chisom.mohammed11@gmail.com,94325583837,Ikeja Division,Sutter,94115,Open manhole with visible sewage leakage on street,6.61156,3.365495,,13/02/2026 04:03,Leak,Lekki LCDA,Ikeja,Oshodi-Isolo
PP20121217856,12/17/2012,Opeyemi Danladi,Female,2.34908E+12,opeyemi.danladi25@gmail.com,71971752652,Ikeja Division,Mcallister,94102,Minor kitchen sink pipe leakage under cabinet,6.521013,3.351825,,13/02/2026 04:03,Leak,Agbado-Oke Odo LCDA,Lagos Island,Apapa
PP20090204938,02/04/2009,Yetunde Adebisi,Female,2.34808E+12,yetunde.adebisi19@hotmail.com,43500778714,Lagos Island Division,Missouri,94107,install shower pan.,6.422737,3.419865,,13/02/2026 04:03,Sanitation failure,Lekki LCDA,Ikeja,Oshodi-Isolo
PP20180914847,09/14/2018,Kelechi Adebisi,Male,2.34813E+12,kelechi.adebisi52@yahoo.com,78538354039,Badagry Division,Clay,94115,Underground water pipe burst near hospital entrance,6.414634,2.891596,,13/02/2026 04:03,Leak,Mosan-Okunola LCDA,Epe,Epe
PP20080825657,08/25/2008,Chinedu Bamidele,Male,2.34904E+12,chinedu.bamidele67@gmail.com,27690761931,Lagos Island Division,15th,94127,shower pan inspection.,6.444002,3.414419,,13/02/2026 04:03,Sanitation failure,Agboyi-Ketu LCDA,Lagos Island,Surulere
PP20130116482,01/16/2013,Abdulrahman Ojo,Male,2.34901E+12,abdulrahman.ojo69@yahoo.com,87007403189,Ikeja Division,Waller,94102,Bathroom floor drain completely clogged with wastewater backup,6.582127,3.351288,,13/02/2026 04:03,Blockage,Surulere LCDA,Lagos Island,Apapa
PP20120119838,01/19/2012,Amaka Bamidele,Female,2.34819E+12,amaka.bamidele33@hotmail.com,58003105709,Epe Division,Mississippi,94107,water heater installation.,6.472935,3.587494,,13/02/2026 04:03,Sanitation failure,Oto-Awori LCDA,Lagos Island,Lagos Mainland
PP20150807941,08/07/2015,Obinna Nwosu,Male,2.34905E+12,obinna.nwosu94@yahoo.com,95075080827,Epe Division,California,94104,"fire sprinkler ti relocate 46 heads, add 3 heads total 49 heads",6.466733,3.586248,,13/02/2026 04:03,Sanitation failure,Odi-Olowo/Ojuwoye LCDA,Lagos Island,Lagos Island
PP20170328100,03/28/2017,Ayomide Eze,Male,2.34909E+12,ayomide.eze25@hotmail.com,76124410442,Badagry Division,Roosevelt,94114,"bathroom remodel, kitchen rmeodel, new fixtures in powder room. shower pan.",6.476154,3.186817,,13/02/2026 04:03,Sanitation failure,Ikorodu West LCDA,Ikorodu,Ikorodu
PP20110527490,05/27/2011,Ayomide Okoye,Male,2.34908E+12,ayomide.okoye18@yahoo.com,75113587713,Epe Division,16th,94116,Low water pressure affecting entire household supply,6.580266,3.978598,,13/02/2026 04:03,Sanitation failure,Ikosi-Isheri LCDA,Ikeja,Somolu
PP20150414700,04/14/2015,Adebayo Danladi,Male,2.34819E+12,adebayo.danladi74@yahoo.com,55957764552,Lagos Island Division,Pine,94109,Severe shower pipe rupture flooding entire bathroom,6.452401,3.411067,,13/02/2026 04:03,Sanitation failure,Surulere LCDA,Lagos Island,Apapa
PP20170831380,08/31/2017,Abdulrahman Nnamdi,Male,2.34811E+12,abdulrahman.nnamdi33@yahoo.com,26545534609,Epe Division,Mason,94102,Public tap pipe severely damaged in residential community,6.582167,3.983402,,13/02/2026 04:03,Sanitation failure,Yaba LCDA,Ikeja,Alimosho
PP20181003419,10/03/2018,Abdulrahman Adeyemi,Male,2.34808E+12,abdulrahman.adeyemi91@gmail.com,54503739771,Ikeja Division,Plymouth,94127,Blocked drainage channel causing street-level flooding,6.522477,3.36559,,13/02/2026 04:03,Blockage,Odi-Olowo/Ojuwoye LCDA,Lagos Island,Lagos Island
PP20090923190,09/23/2009,Olamide Okafor,Male,2.34909E+12,olamide.okafor82@outlook.com,56603652990,Lagos Island Division,Madrid,94112,Septic tank backflow causing strong sewage odor indoors,6.473698,3.399206,,13/02/2026 04:03,Sanitation failure,Iba LCDA,Ikeja,Agege
PP20151123792,11/23/2015,Abdulrahman Ajayi,Male,2.34815E+12,abdulrahman.ajayi92@hotmail.com,47248784283,Ikeja Division,Innes,94124,Major pipe burst near primary school disrupting access road,6.670628,3.328968,,13/02/2026 04:03,Leak,Oriade LCDA,Lagos Island,Lagos Island
PP20140819346,08/19/2014,Ijeoma Mohammed,Female,2.34902E+12,ijeoma.mohammed12@yahoo.com,1715487024,Ikeja Division,27th,94131,Flooding due to collapsed drainage system after rainfall,6.591657,3.343452,,13/02/2026 04:03,Blockage,Apapa-Iganmu LCDA,Ikeja,Ifako-Ijaiye
PP20080306683,03/06/2008,Bola Balogun,Female,2.34815E+12,bola.balogun82@yahoo.com,76164574804,Ikeja Division,22nd,94116,Open manhole with visible sewage leakage on street,6.528642,3.358883,,13/02/2026 04:03,Leak,Coker-Aguda LCDA,Ikeja,Agege
PP20081210416,12/10/2008,Zainab Mohammed,Female,2.34817E+12,zainab.mohammed82@gmail.com,48154662,Badagry Division,Isis,94103,Low water pressure affecting entire household supply,6.442885,3.246155,,13/02/2026 04:03,Sanitation failure,Egbe-Idimu LCDA,Ikeja,Ikeja
PP20120824065,08/24/2012,Oluwaseun Adeyemi,Male,2.34814E+12,oluwaseun.adeyemi57@gmail.com,52143337028,Badagry Division,Taraval,94116,Open manhole with visible sewage leakage on street,6.41089,2.895216,,13/02/2026 04:03,Leak,Epe LCDA,Badagry,Ajeromi-Ifelodun
PP20181114653,11/14/2018,Chukwudi Akinyemi,Male,2.34816E+12,chukwudi.akinyemi52@hotmail.com,20439789403,Lagos Island Division,Raleigh,94112,Septic tank backflow causing strong sewage odor indoors,6.429312,3.442727,,13/02/2026 04:03,Sanitation failure,Orile-Agege LCDA,Ikeja,Kosofe
PP20080318991,03/18/2008,Kelechi Owolabi,Male,2.34819E+12,kelechi.owolabi16@hotmail.com,25147447439,Ikeja Division,14th,94116,gas furnace flue and ductwork,6.674109,3.315843,,13/02/2026 04:03,Sanitation failure,Itire-Ikate LCDA,Badagry,Badagry
PP20121119194,11/19/2012,Chisom Ogunleye,Female,2.34817E+12,chisom.ogunleye83@gmail.com,81039282296,Ikorodu Division,Vicente,94116,Sudden burst water pipe inside bathroom wall causing flooding,6.618115,3.503983,,13/02/2026 04:03,Leak,Ikosi-Isheri LCDA,Ikeja,Somolu
PP20190204821,02/04/2019,Adaeze Ogunleye,Female,2.34806E+12,adaeze.ogunleye87@gmail.com,17587373496,Badagry Division,Van Ness,94109,Sudden burst water pipe inside bathroom wall causing flooding,6.393056,2.900995,,13/02/2026 04:03,Leak,Amuwo-Odofin LCDA,Ikeja,Ifako-Ijaiye
PP20160314707,03/14/2016,Amaka Chukwu,Female,2.34819E+12,amaka.chukwu90@gmail.com,54149655480,Lagos Island Division,Turk,94102,Water heater pipe leakage soaking utility area,6.461131,3.400032,,13/02/2026 04:03,Leak,Ebute-Metta LCDA,Lagos Island,Eti-Osa
PP20171025841,10/25/2017,Chisom Okoye,Female,2.34909E+12,chisom.okoye37@yahoo.com,36035976862,Badagry Division,Fillmore,94123,Blocked drainage channel causing street-level flooding,6.416654,2.87118,,13/02/2026 04:03,Blockage,Ikotun-Ikosi LCDA,Lagos Island,Lagos Mainland
PP20190124557,01/24/2019,Zainab Okafor,Female,2.3481E+12,zainab.okafor61@outlook.com,93287989914,Ikeja Division,39th,94122,Water pipeline rupture near highway causing erosion,6.596964,3.359918,,13/02/2026 04:03,Sanitation failure,Agboyi-Ketu LCDA,Lagos Island,Surulere
PP20191121408,11/21/2019,Tunde Nnamdi,Male,2.34812E+12,tunde.nnamdi22@yahoo.com,46337058149,Ikeja Division,Pennsylvania,94107,Severe shower pipe rupture flooding entire bathroom,6.591288,3.326182,,13/02/2026 04:03,Sanitation failure,Ikoyi-Obalende LCDA,Epe,Ibeju-Lekki
PP20170118263,01/18/2017,Abdulrahman Adeyemi,Male,2.34815E+12,abdulrahman.adeyemi76@hotmail.com,98387819498,Epe Division,Staples,94112,Water pipeline rupture near highway causing erosion,6.581729,3.982182,,13/02/2026 04:03,Sanitation failure,Odi-Olowo/Ojuwoye LCDA,Lagos Island,Lagos Island
PP20160923237,09/23/2016,Uche Ogunleye,Male,2.34803E+12,uche.ogunleye53@yahoo.com,43751746381,Ikeja Division,Ofarrell,94109,Underground water pipe burst near hospital entrance,6.671156,3.335885,,13/02/2026 04:03,Leak,Ifako-Agege LCDA,Ikeja,Mushin
PP20080723727,07/23/2008,Ayomide Nwosu,Male,2.34904E+12,ayomide.nwosu24@hotmail.com,98354263072,Lagos Island Division,Frederick,94117,Open manhole with visible sewage leakage on street,6.530776,3.381788,,13/02/2026 04:03,Leak,Onigbongbo LCDA,Epe,Ibeju-Lekki
PP20161130037,11/30/2016,Ijeoma Owolabi,Female,2.34907E+12,ijeoma.owolabi17@yahoo.com,51836822249,Ikorodu Division,Webster,94115,Sewer overflow spreading wastewater near market area,6.631355,3.49531,,13/02/2026 04:03,Sanitation failure,Ojodu LCDA,Lagos Island,Eti-Osa
PP20130715405,07/15/2013,Bola Nwosu,Female,2.34907E+12,bola.nwosu14@yahoo.com,52980684293,Badagry Division,Grove,94117,Public tap pipe severely damaged in residential community,6.455046,3.256265,,13/02/2026 04:03,Sanitation failure,Mosan-Okunola LCDA,Epe,Epe
PP20180731575,07/31/2018,Ayomide Adebisi,Male,2.34902E+12,ayomide.adebisi95@gmail.com,72425065520,Ikeja Division,South Van Ness,94110,High-pressure pipe burst affecting multiple residential buildings,6.596604,3.279971,,13/02/2026 04:03,Leak,Ikorodu West LCDA,Ikorodu,Ikorodu
PP20140409788,04/09/2014,Chinedu Bamidele,Male,2.34902E+12,chinedu.bamidele55@gmail.com,6353781006,Ikeja Division,Newcomb,94124,Sewer overflow spreading wastewater near market area,6.546141,3.301485,,13/02/2026 04:03,Sanitation failure,Oriade LCDA,Lagos Island,Lagos Island
PP20140320209,03/20/2014,Adebayo Nnamdi,Male,2.34804E+12,adebayo.nnamdi75@yahoo.com,12389191077,Ikeja Division,Broderick,94115,Septic tank backflow causing strong sewage odor indoors,6.561134,3.301955,,13/02/2026 04:03,Sanitation failure,Odi-Olowo/Ojuwoye LCDA,Lagos Island,Lagos Island
PP20170421752,04/21/2017,Temitope Nwosu,Female,2.34813E+12,temitope.nwosu35@outlook.com,42018793247,Badagry Division,18th,94121,Sewer overflow spreading wastewater near market area,6.452437,3.176884,,13/02/2026 04:03,Sanitation failure,Ikorodu North LCDA,Ikorodu,Ikorodu
PP20120723229,07/23/2012,Aisha Yakubu,Female,2.34909E+12,aisha.yakubu60@gmail.com,95937341939,Lagos Island Division,38th,94122,Minor kitchen sink pipe leakage under cabinet,6.535586,3.37933,,13/02/2026 04:03,Leak,Agboyi-Ketu LCDA,Lagos Island,Surulere
PP20140508543,05/08/2014,Uche Nnamdi,Male,2.34812E+12,uche.nnamdi60@outlook.com,92776583350,Ikeja Division,47th,94121,Major pipe burst near primary school disrupting access road,6.551807,3.307,,13/02/2026 04:03,Leak,Ifako-Ijaiye LCDA,Badagry,Badagry
PP20190108052,01/08/2019,Zainab Ajayi,Female,2.34813E+12,zainab.ajayi82@outlook.com,11934174788,Epe Division,Bush,94108,Major pipe burst near primary school disrupting access road,6.596921,3.976108,,13/02/2026 04:03,Leak,Mosan-Okunola LCDA,Epe,Epe
PP20160614263,06/14/2016,Chinedu Ibrahim,Male,2.34803E+12,chinedu.ibrahim47@yahoo.com,39114935863,Lagos Island Division,O'farrell,94102,Water pipeline rupture near highway causing erosion,6.446255,3.424005,,13/02/2026 04:03,Sanitation failure,Surulere LCDA,Lagos Island,Apapa
PP20191023576,10/23/2019,Amaka Danladi,Female,2.34902E+12,amaka.danladi54@gmail.com,61488374253,Ikeja Division,Fillmore,94115,p-traps to be removed and replaced in kitchen and bathroom,6.581696,3.441709,,13/02/2026 04:03,Sanitation failure,Ifako-Agege LCDA,Ikeja,Mushin
PP20151124837,11/24/2015,Opeyemi Mohammed,Female,2.34909E+12,opeyemi.mohammed80@gmail.com,23097854830,Lagos Island Division,Pacheco,94116,Minor kitchen sink pipe leakage under cabinet,6.513844,3.375663,,13/02/2026 04:03,Leak,Ifako-Ijaiye LCDA,Badagry,Badagry
PP20170504073,05/04/2017,Femi Afolabi,Male,2.3482E+12,femi.afolabi34@gmail.com,60832305664,Badagry Division,Sacramento,94115,Underground water pipe burst near hospital entrance,6.454376,3.342825,,13/02/2026 04:03,Leak,Oriade LCDA,Lagos Island,Lagos Island
PP20180404274,04/04/2018,Tunde Ekanem,Male,2.34806E+12,tunde.ekanem59@gmail.com,99459785253,Ikeja Division,Mcallister,94117,"remodel 1 kithcen & 2 bathrooms , add hydronic heating",6.632392,3.352699,,13/02/2026 04:03,Sanitation failure,Ojodu LCDA,Lagos Island,Eti-Osa
PP20111007587,10/07/2011,Emeka Nwosu,Male,2.34902E+12,emeka.nwosu63@yahoo.com,36577231067,Ikeja Division,Topeka,94124,Cracked underground pipe slowly flooding compound,6.565839,3.306124,,13/02/2026 04:03,Sanitation failure,Agboyi-Ketu LCDA,Lagos Island,Surulere
PP20191016376,10/16/2019,Ijeoma Nwosu,Female,2.34816E+12,ijeoma.nwosu93@gmail.com,75673756967,Ikorodu Division,Arguello,94118,Sudden burst water pipe inside bathroom wall causing flooding,6.615748,3.493788,,13/02/2026 04:03,Leak,Badagry Central LCDA,Badagry,Ajeromi-Ifelodun
PP20160427981,04/27/2016,Emeka Ekanem,Male,2.34907E+12,emeka.ekanem49@gmail.com,41701431364,Lagos Island Division,Beach,94133,"t.i. restaurant: add new appliaces, bar, new hand sink, 3-comp sink, d/w, ice maker. espresso machin, fridge, cocktail workstation, bar equipment, new gas line.",6.517259,3.36549,,13/02/2026 04:03,Sanitation failure,Ojokoro LCDA,Badagry,Amuwo-Odofin
PP20110202785,02/02/2011,Chioma Owolabi,Female,2.34819E+12,chioma.owolabi96@gmail.com,31109553832,Lagos Island Division,Jackson,94109,Sewer overflow spreading wastewater near market area,6.44388,3.372281,,13/02/2026 04:03,Sanitation failure,Yaba LCDA,Ikeja,Alimosho
PP20090730031,07/30/2009,Ayomide Akinyemi,Male,2.3491E+12,ayomide.akinyemi70@gmail.com,98010600554,Lagos Island Division,Hawthorne,94105,High-pressure pipe burst affecting multiple residential buildings,6.439072,3.363066,,13/02/2026 04:03,Leak,Ebute-Metta LCDA,Lagos Island,Eti-Osa
PP20171004267,10/04/2017,Chioma Danladi,Female,2.34808E+12,chioma.danladi82@gmail.com,37200422185,Ikeja Division,01st,94105,Water pipeline rupture near highway causing erosion,6.613774,3.342387,,13/02/2026 04:03,Sanitation failure,Lekki LCDA,Ikeja,Oshodi-Isolo
PP20140320195,03/20/2014,Chioma Ekanem,Female,2.34811E+12,chioma.ekanem64@hotmail.com,61079388392,Ikeja Division,Golden Gate,94115,reroute and relocate kitchen plumbing.,6.601164,3.336991,,13/02/2026 04:03,Sanitation failure,Itire-Ikate LCDA,Badagry,Badagry
PP20080929380,09/29/2008,Emeka Chukwu,Male,2.34807E+12,emeka.chukwu20@hotmail.com,45930641879,Lagos Island Division,Palm,94118,Open manhole with visible sewage leakage on street,6.497656,3.371289,,13/02/2026 04:03,Leak,Ikorodu West LCDA,Ikorodu,Ikorodu
PP20110627161,06/27/2011,Chisom Umeh,Female,2.34906E+12,chisom.umeh45@gmail.com,68912851549,Ikeja Division,Pioche,94134,Underground water pipe burst near hospital entrance,6.583008,3.424451,,13/02/2026 04:03,Leak,Amuwo-Odofin LCDA,Ikeja,Ifako-Ijaiye
PP20150911890,09/11/2015,Chisom Danladi,Female,2.34806E+12,chisom.danladi40@yahoo.com,44156844856,Ikeja Division,Somerset,94134,Sewer overflow spreading wastewater near market area,6.605045,3.335737,,13/02/2026 04:03,Sanitation failure,Oshodi-Bolade LCDA,Ikeja,Alimosho
PP20170504089,05/04/2017,Kelechi Ekanem,Male,2.34817E+12,kelechi.ekanem72@hotmail.com,33041443984,Ikorodu Division,Moscow,94112,Septic tank backflow causing strong sewage odor indoors,6.613155,3.51797,,13/02/2026 04:03,Sanitation failure,Oriade LCDA,Lagos Island,Lagos Island
PP20120411802,04/11/2012,Chinedu Nnamdi,Male,2.34807E+12,chinedu.nnamdi63@gmail.com,50485831831,Epe Division,Frederick,94117,Sewer overflow spreading wastewater near market area,6.470315,3.591901,,13/02/2026 04:03,Sanitation failure,Ojodu LCDA,Lagos Island,Eti-Osa
PP20110908862,09/08/2011,Obinna Ajayi,Male,2.34816E+12,obinna.ajayi59@gmail.com,1425316579,Badagry Division,Belle,94132,Septic tank backflow causing strong sewage odor indoors,6.425877,2.891916,,13/02/2026 04:03,Sanitation failure,Amuwo-Odofin LCDA,Ikeja,Ifako-Ijaiye
PP20101213737,12/13/2010,Aisha Oladipo,Female,2.34808E+12,aisha.oladipo63@yahoo.com,42344583665,Ikorodu Division,Spruce,94118,Sewer overflow spreading wastewater near market area,6.622131,3.500518,,13/02/2026 04:03,Sanitation failure,Amuwo-Odofin LCDA,Ikeja,Ifako-Ijaiye
PP20130821472,08/21/2013,Chinedu Ibrahim,Male,2.34901E+12,chinedu.ibrahim95@gmail.com,8521202439,Ikeja Division,Teresita,94127,Open manhole with visible sewage leakage on street,6.527272,3.349269,,13/02/2026 04:03,Leak,Ayobo-Ipaja LCDA,Badagry,Ojo
PP20100625034,06/25/2010,Oluwaseun Afolabi,Male,2.34807E+12,oluwaseun.afolabi96@outlook.com,4296974975,Epe Division,Van Ness,94109,Cracked underground pipe slowly flooding compound,6.466559,3.581255,,13/02/2026 04:03,Sanitation failure,Agboyi-Ketu LCDA,Lagos Island,Surulere
PP20191218083,12/18/2019,Ayomide Oladipo,Male,2.34817E+12,ayomide.oladipo93@gmail.com,54950747295,Ikeja Division,48th,94122,Water main leakage along roadside causing traffic obstruction,6.660001,3.309027,,13/02/2026 04:03,Leak,Yaba LCDA,Ikeja,Alimosho
PP20091103108,11/03/2009,Adaeze Okafor,Female,2.34907E+12,adaeze.okafor44@yahoo.com,395249392,Epe Division,Dolores,94110,Sudden burst water pipe inside bathroom wall causing flooding,6.577319,3.985534,,13/02/2026 04:03,Leak,Orile-Agege LCDA,Ikeja,Kosofe
PP20080523956,05/23/2008,Amaka Ogunleye,Female,2.34811E+12,amaka.ogunleye39@yahoo.com,83964642585,Epe Division,Lupine,94118,Open manhole with visible sewage leakage on street,6.570518,3.983757,,13/02/2026 04:03,Leak,Badagry West LCDA,Ikeja,Kosofe
PP20081209370,12/09/2008,Kelechi Umeh,Male,2.34806E+12,kelechi.umeh64@yahoo.com,30221917723,Badagry Division,Hayes,94117,installation of gas heat lamp rear deck,6.485703,3.343531,,13/02/2026 04:03,Sanitation failure,Igbogbo-Baiyeku LCDA,Badagry,Ojo
PP20140822492,08/22/2014,Adebayo Afolabi,Male,2.34815E+12,adebayo.afolabi95@gmail.com,48456135342,Epe Division,Mcallister,94115,Bathroom floor drain completely clogged with wastewater backup,6.600435,3.987511,,13/02/2026 04:03,Blockage,Amuwo-Odofin LCDA,Ikeja,Ifako-Ijaiye
PP20150612493,06/12/2015,Chioma Ajayi,Female,2.34812E+12,chioma.ajayi10@outlook.com,10298074346,Lagos Island Division,Filbert,94123,High-pressure pipe burst affecting multiple residential buildings,6.536075,3.37196,,13/02/2026 04:03,Leak,Isolo LCDA,Ikeja,Ikeja
PP20080926305,09/26/2008,Aisha Ajayi,Female,2.34905E+12,aisha.ajayi34@hotmail.com,71537324348,Ikeja Division,Union,94123,Public tap pipe severely damaged in residential community,6.663357,3.301209,,13/02/2026 04:03,Sanitation failure,Mosan-Okunola LCDA,Epe,Epe
PP20170203694,02/03/2017,Adaeze Ibrahim,Female,2.34805E+12,adaeze.ibrahim80@hotmail.com,21186935952,Lagos Island Division,Eddy,94115,Septic tank backflow causing strong sewage odor indoors,6.444961,3.437303,,13/02/2026 04:03,Sanitation failure,Surulere LCDA,Lagos Island,Apapa
PP20100623954,06/23/2010,Chioma Nnamdi,Female,2.34909E+12,chioma.nnamdi61@outlook.com,83014768019,Lagos Island Division,Anzavista,94115,Water pipeline rupture near highway causing erosion,6.427568,3.41936,,13/02/2026 04:03,Sanitation failure,Isolo LCDA,Ikeja,Ikeja
PP20170907518,09/07/2017,Emeka Chukwu,Male,2.34816E+12,emeka.chukwu94@gmail.com,36041118947,Ikeja Division,02nd,94107,"bathroom remodel - replace vanity, sink, tub / shower",6.575761,3.420527,,13/02/2026 04:03,Sanitation failure,Onigbongbo LCDA,Epe,Ibeju-Lekki
PP20191206789,12/06/2019,Chisom Oladipo,Female,2.34806E+12,chisom.oladipo93@outlook.com,95098617113,Badagry Division,Sacramento,94109,"unit 39: install faucet, dw, garbage disposaly and range",6.426249,2.867572,,13/02/2026 04:03,Sanitation failure,Odi-Olowo/Ojuwoye LCDA,Lagos Island,Lagos Island
PP20091119480,11/19/2009,Chisom Chukwu,Female,2.34809E+12,chisom.chukwu92@yahoo.com,76195390775,Epe Division,Sansome,94111,High-pressure pipe burst affecting multiple residential buildings,6.588094,3.980833,,13/02/2026 04:03,Leak,Coker-Aguda LCDA,Ikeja,Agege
PP20111007572,10/07/2011,Adebayo Ibrahim,Male,2.34905E+12,adebayo.ibrahim10@yahoo.com,96283131317,Ikeja Division,Arkansas,94107,"sewer to new bathroom at basement & 2nd floor bathroom, kitchen and (2) shower pans.",6.610134,3.29959,,13/02/2026 04:03,Sanitation failure,Coker-Aguda LCDA,Ikeja,Agege
PP20100426601,04/26/2010,Ngozi Ojo,Female,2.34909E+12,ngozi.ojo25@outlook.com,57081731039,Badagry Division,Gerke,94133,Sewer overflow spreading wastewater near market area,6.448118,3.248964,,13/02/2026 04:03,Sanitation failure,Ikotun-Ikosi LCDA,Lagos Island,Lagos Mainland
PP20171027940,10/27/2017,Ayomide Ojo,Male,2.34802E+12,ayomide.ojo27@gmail.com,7179066425,Epe Division,Rolph,94112,Bathroom floor drain completely clogged with wastewater backup,6.467861,3.594703,,13/02/2026 04:03,Blockage,Iba LCDA,Ikeja,Agege
PP20160622484,06/22/2016,Olamide Okoye,Male,2.34816E+12,olamide.okoye53@yahoo.com,48389582053,Epe Division,Montgomery,94104,Sewer overflow spreading wastewater near market area,6.588188,3.985806,,13/02/2026 04:03,Sanitation failure,Amuwo-Odofin LCDA,Ikeja,Ifako-Ijaiye
PP20160808874,08/08/2016,Tunde Adebisi,Male,2.34816E+12,tunde.adebisi83@yahoo.com,93304821196,Epe Division,Jackson,94115,Sudden burst water pipe inside bathroom wall causing flooding,6.57129,3.979814,,13/02/2026 04:03,Leak,Eredo LCDA,Ikeja,Mushin
PP20160512386,05/12/2016,Kelechi Akinyemi,Male,2.34907E+12,kelechi.akinyemi61@gmail.com,51065449245,Lagos Island Division,27th,94131,Blocked drainage channel causing street-level flooding,6.505887,3.361177,,13/02/2026 04:03,Blockage,Amuwo-Odofin LCDA,Ikeja,Ifako-Ijaiye
PP20160615313,06/15/2016,Chinedu Okafor,Male,2.34817E+12,chinedu.okafor84@yahoo.com,66997436173,Epe Division,16th,94118,Bathroom floor drain completely clogged with wastewater backup,6.590595,4.001265,,13/02/2026 04:03,Blockage,Oshodi-Bolade LCDA,Ikeja,Alimosho
PP20090106129,01/06/2009,Emeka Nwosu,Male,2.34908E+12,emeka.nwosu26@hotmail.com,90104083928,Badagry Division,Westwood,94112,Underground water pipe burst near hospital entrance,6.425386,2.885932,,13/02/2026 04:03,Leak,Egbe-Idimu LCDA,Ikeja,Ikeja
PP20180612251,06/12/2018,Oluwaseun Akinyemi,Male,2.34805E+12,oluwaseun.akinyemi12@yahoo.com,30130560526,Ikeja Division,Haight,94117,Minor kitchen sink pipe leakage under cabinet,6.66469,3.303065,,13/02/2026 04:03,Leak,Ikotun-Ikosi LCDA,Lagos Island,Lagos Mainland
PP20170919827,09/19/2017,Aisha Owolabi,Female,2.3482E+12,aisha.owolabi30@gmail.com,11372764399,Lagos Island Division,Great,94132,Open manhole with visible sewage leakage on street,6.431416,3.41864,,13/02/2026 04:03,Leak,Ikorodu North LCDA,Ikorodu,Ikorodu
PP20120608195,06/08/2012,Aisha Umeh,Female,2.34909E+12,aisha.umeh10@yahoo.com,18341119184,Badagry Division,Green,94123,Blocked drainage channel causing street-level flooding,6.453904,3.248461,,13/02/2026 04:03,Blockage,Bariga LCDA,Badagry,Amuwo-Odofin
PP20190517891,05/17/2019,Ifeanyi Bamidele,Male,2.34808E+12,ifeanyi.bamidele65@hotmail.com,53122977597,Ikeja Division,Rome,94112,Open manhole with visible sewage leakage on street,6.524096,3.336806,,13/02/2026 04:03,Leak,Ikosi-Isheri LCDA,Ikeja,Somolu
PP20180627725,06/27/2018,Zainab Umeh,Female,2.34815E+12,zainab.umeh31@gmail.com,26488450303,Badagry Division,11th,94118,"remodel 2 bathrooms on upper unit. 2 showers, 2 toilets, 2 vent fans.",6.4573,3.338067,,13/02/2026 04:03,Sanitation failure,Igbogbo-Baiyeku LCDA,Badagry,Ojo
PP20180201435,02/01/2018,Ijeoma Owolabi,Female,2.34817E+12,ijeoma.owolabi67@hotmail.com,9358115952,Badagry Division,Powell,94108,Public tap pipe severely damaged in residential community,6.432159,2.884025,,13/02/2026 04:03,Sanitation failure,Orile-Agege LCDA,Ikeja,Kosofe
PP20130312959,03/12/2013,Chioma Okoye,Female,2.34902E+12,chioma.okoye66@yahoo.com,12336395592,Ikeja Division,Ord,94114,Water main leakage along roadside causing traffic obstruction,6.586578,3.426225,,13/02/2026 04:03,Leak,Ikorodu West LCDA,Ikorodu,Ikorodu
PP20160404317,04/04/2016,Obinna Ogunleye,Male,2.34908E+12,obinna.ogunleye49@hotmail.com,89498955894,Lagos Island Division,Country Club,94132,to renew pp20140926459 for final inspection.,6.424991,3.425568,,13/02/2026 04:03,Sanitation failure,Amuwo-Odofin LCDA,Ikeja,Ifako-Ijaiye
PP20080313872,03/13/2008,Adaeze Oladipo,Female,2.3482E+12,adaeze.oladipo65@outlook.com,22115777961,Badagry Division,Taylor,94133,Water heater pipe leakage soaking utility area,6.453595,3.191648,,13/02/2026 04:03,Leak,Onigbongbo LCDA,Epe,Ibeju-Lekki
PP20090910899,09/10/2009,Amaka Ajayi,Female,2.34817E+12,amaka.ajayi48@outlook.com,91963584932,Lagos Island Division,Washington,94118,Low water pressure affecting entire household supply,6.450314,3.361985,,13/02/2026 04:03,Sanitation failure,Ifako-Ijaiye LCDA,Badagry,Badagry
PP20100604545,06/04/2010,Oluwaseun Ojo,Male,2.34814E+12,oluwaseun.ojo23@gmail.com,66649713055,Ikeja Division,California,94121,new tankless water heater and gas line.,6.661974,3.33567,,13/02/2026 04:03,Sanitation failure,Ikoyi-Obalende LCDA,Epe,Ibeju-Lekki
PP20080415770,04/15/2008,Ayomide Abiola,Male,2.34808E+12,ayomide.abiola27@outlook.com,20402798286,Ikeja Division,Balboa,94118,Flooding due to collapsed drainage system after rainfall,6.604147,3.406621,,13/02/2026 04:03,Blockage,Surulere LCDA,Lagos Island,Apapa
PP20170315752,03/15/2017,Zainab Owolabi,Female,2.3481E+12,zainab.owolabi65@hotmail.com,75497160653,Lagos Island Division,Palou,94124,High-pressure pipe burst affecting multiple residential buildings,6.493502,3.363116,,13/02/2026 04:03,Leak,Coker-Aguda LCDA,Ikeja,Agege
PP20170515372,05/15/2017,Kelechi Afolabi,Male,2.34811E+12,kelechi.afolabi66@outlook.com,28550463185,Epe Division,Franklin,94123,Open manhole with visible sewage leakage on street,6.477864,3.579405,,13/02/2026 04:03,Leak,Onigbongbo LCDA,Epe,Ibeju-Lekki
PP20081222878,12/22/2008,Kelechi Nnamdi,Male,2.34806E+12,kelechi.nnamdi67@outlook.com,87011136607,Ikeja Division,Filbert,94123,Open manhole with visible sewage leakage on street,6.58067,3.308592,,13/02/2026 04:03,Leak,Mosan-Okunola LCDA,Epe,Epe
PP20171016570,10/16/2017,Aisha Abiola,Female,2.34809E+12,aisha.abiola34@gmail.com,37986224668,Badagry Division,34th,94116,Water main leakage along roadside causing traffic obstruction,6.422605,2.867571,,13/02/2026 04:03,Leak,Mosan-Okunola LCDA,Epe,Epe
PP20190531281,05/31/2019,Ijeoma Yakubu,Female,2.34807E+12,ijeoma.yakubu79@hotmail.com,2059618426,Ikeja Division,Marina,94123,full installation of fire sprinklers.,6.521224,3.370282,,13/02/2026 04:03,Sanitation failure,Badagry West LCDA,Ikeja,Kosofe
PP20140930542,09/30/2014,Kunle Okafor,Male,2.34804E+12,kunle.okafor12@gmail.com,60526439667,Ikeja Division,Diamond,94131,"install gas line for cooktop, install p-trap for sink.",6.684278,3.337986,,13/02/2026 04:03,Sanitation failure,Agboyi-Ketu LCDA,Lagos Island,Surulere
PP20170630658,06/30/2017,Obinna Afolabi,Male,2.34804E+12,obinna.afolabi41@yahoo.com,43039065675,Ikorodu Division,Pine,94115,Bathroom floor drain completely clogged with wastewater backup,6.617639,3.51133,,13/02/2026 04:03,Blockage,Badagry Central LCDA,Badagry,Ajeromi-Ifelodun
PP20101206595,12/06/2010,Bola Eze,Female,2.34808E+12,bola.eze29@outlook.com,11855077368,Badagry Division,Stratford,94132,Severe shower pipe rupture flooding entire bathroom,6.448691,3.261282,,13/02/2026 04:03,Sanitation failure,Iba LCDA,Ikeja,Agege
PP20180821160,08/21/2018,Obinna Adeyemi,Male,2.34812E+12,obinna.adeyemi27@yahoo.com,4769320214,Ikeja Division,Mission,94103,Water main leakage along roadside causing traffic obstruction,6.606742,3.327942,,13/02/2026 04:03,Leak,Ikoyi-Obalende LCDA,Epe,Ibeju-Lekki
PP20120517716,05/17/2012,Obinna Ibrahim,Male,2.34904E+12,obinna.ibrahim84@outlook.com,3780254011,Lagos Island Division,Frederick,94117,Water pipeline rupture near highway causing erosion,6.507003,3.360356,,13/02/2026 04:03,Sanitation failure,Amuwo-Odofin LCDA,Ikeja,Ifako-Ijaiye
PP20090707513,07/07/2009,Temitope Ibrahim,Female,2.34904E+12,temitope.ibrahim45@yahoo.com,65500395543,Ikeja Division,Broadway,94123,Flooding due to collapsed drainage system after rainfall,6.567385,3.301385,,13/02/2026 04:03,Blockage,Itire-Ikate LCDA,Badagry,Badagry
PP20080529076,05/29/2008,Aisha Ojo,Female,2.3481E+12,aisha.ojo85@gmail.com,16562003366,Lagos Island Division,Van Ness,94109,Open manhole with visible sewage leakage on street,6.523852,3.369976,,13/02/2026 04:03,Leak,Oriade LCDA,Lagos Island,Lagos Island
PP20160201540,02/01/2016,Ngozi Balogun,Female,2.34808E+12,ngozi.balogun69@outlook.com,36785391865,Badagry Division,Union,94133,Blocked drainage channel causing street-level flooding,6.461074,3.168215,,13/02/2026 04:03,Blockage,Iba LCDA,Ikeja,Agege
PP20081107132,11/07/2008,Chioma Chukwu,Female,2.34903E+12,chioma.chukwu45@gmail.com,33104598044,Ikeja Division,Minerva,94112,High-pressure pipe burst affecting multiple residential buildings,6.596924,3.337137,,13/02/2026 04:03,Leak,Lekki LCDA,Ikeja,Oshodi-Isolo
PP20180409402,04/09/2018,Amaka Akinyemi,Female,2.34811E+12,amaka.akinyemi53@hotmail.com,83225000648,Ikeja Division,Foerster,94127,Public tap pipe severely damaged in residential community,6.590239,3.423866,,13/02/2026 04:03,Sanitation failure,Coker-Aguda LCDA,Ikeja,Agege
PP20131119110,11/19/2013,Zainab Adeyemi,Female,2.34805E+12,zainab.adeyemi75@hotmail.com,25628169386,Lagos Island Division,Page,94117,Septic tank backflow causing strong sewage odor indoors,6.479597,3.374139,,13/02/2026 04:03,Sanitation failure,Agboyi-Ketu LCDA,Lagos Island,Surulere
PP20100624005,06/24/2010,Kunle Balogun,Male,2.34902E+12,kunle.balogun86@yahoo.com,79253319800,Epe Division,Webster,94123,3 new bathroom and one kitchen,6.494974,3.58546,,13/02/2026 04:03,Sanitation failure,Orile-Agege LCDA,Ikeja,Kosofe
PP20100825372,08/25/2010,Ijeoma Ajayi,Female,2.34903E+12,ijeoma.ajayi38@hotmail.com,69637453217,Epe Division,Decatur,94103,Major pipe burst near primary school disrupting access road,6.577589,4.011843,,13/02/2026 04:03,Leak,Badagry West LCDA,Ikeja,Kosofe
PP20181012686,10/12/2018,Femi Ogunleye,Male,2.34803E+12,femi.ogunleye45@hotmail.com,49553869763,Ikeja Division,Oakdale,94124,Blocked drainage channel causing street-level flooding,6.54041,3.308301,,13/02/2026 04:03,Blockage,Oshodi-Bolade LCDA,Ikeja,Alimosho
PP20180507178,05/07/2018,Obinna Balogun,Male,2.34907E+12,obinna.balogun17@gmail.com,81417824852,Badagry Division,Minna,94105,Flooding due to collapsed drainage system after rainfall,6.451796,3.263451,,13/02/2026 04:03,Blockage,Ikorodu West LCDA,Ikorodu,Ikorodu
PP20080215059,02/15/2008,Chukwudi Yakubu,Male,2.34819E+12,chukwudi.yakubu87@outlook.com,58963302801,Lagos Island Division,Victoria,94127,Water pipeline rupture near highway causing erosion,6.500497,3.355814,,13/02/2026 04:03,Sanitation failure,Isolo LCDA,Ikeja,Ikeja
PP20130503472,05/03/2013,Aisha Adeyemi,Female,2.34814E+12,aisha.adeyemi52@yahoo.com,17563335300,Lagos Island Division,35th,94122,Open manhole with visible sewage leakage on street,6.514888,3.375782,,13/02/2026 04:03,Leak,Ikosi-Isheri LCDA,Ikeja,Somolu
PP20150904745,09/04/2015,Temitope Akinyemi,Female,2.3491E+12,temitope.akinyemi19@hotmail.com,71897097836,Badagry Division,Bush,94109,Toilet overflow due to heavily blocked drain system,6.439931,3.250478,,13/02/2026 04:03,Blockage,Odi-Olowo/Ojuwoye LCDA,Lagos Island,Lagos Island
PP20130423169,04/23/2013,Obinna Chukwu,Male,2.34811E+12,obinna.chukwu15@hotmail.com,32016572551,Epe Division,Scott,94117,"install hot water syste, 16 collectors, 5 tanks, and 2 heat exchangers.",6.578358,3.96866,,13/02/2026 04:03,Sanitation failure,Ikorodu West LCDA,Ikorodu,Ikorodu
PP20120405662,04/05/2012,Chioma Owolabi,Female,2.34806E+12,chioma.owolabi69@yahoo.com,1852960796,Epe Division,09th,94103,Water main leakage along roadside causing traffic obstruction,6.596551,3.978623,,13/02/2026 04:03,Leak,Lekki LCDA,Ikeja,Oshodi-Isolo
PP20171220346,12/20/2017,Femi Oladipo,Male,2.34818E+12,femi.oladipo30@hotmail.com,23634049932,Lagos Island Division,Kenwood,94127,Persistent dripping tap in kitchen wasting water daily,6.441419,3.393017,,13/02/2026 04:03,Sanitation failure,Lekki LCDA,Ikeja,Oshodi-Isolo
PP20181106386,11/06/2018,Tunde Ojo,Male,2.34907E+12,tunde.ojo67@gmail.com,80949144903,Lagos Island Division,14th,94118,Severe shower pipe rupture flooding entire bathroom,6.525084,3.361735,,13/02/2026 04:03,Sanitation failure,Badagry Central LCDA,Badagry,Ajeromi-Ifelodun
PP20160216922,02/16/2016,Obinna Ojo,Male,2.34905E+12,obinna.ojo39@gmail.com,60913911012,Badagry Division,South Van Ness,94110,Bathroom floor drain completely clogged with wastewater backup,6.418316,2.874528,,13/02/2026 04:03,Blockage,Ikeja LCDA,Epe,Epe
PP20150310681,03/10/2015,Opeyemi Mohammed,Female,2.3482E+12,opeyemi.mohammed19@hotmail.com,30064698079,Ikeja Division,Manor,94127,Persistent dripping tap in kitchen wasting water daily,6.63261,3.34124,,13/02/2026 04:03,Sanitation failure,Apapa-Iganmu LCDA,Ikeja,Ifako-Ijaiye
PP20090302589,03/02/2009,Abdulrahman Adeyemi,Male,2.34813E+12,abdulrahman.adeyemi20@yahoo.com,38187542059,Lagos Island Division,02nd,94118,install new vented trap,6.492901,3.353348,,13/02/2026 04:03,Sanitation failure,Eredo LCDA,Ikeja,Mushin
PP20121108907,11/08/2012,Bola Ogunleye,Female,2.34819E+12,bola.ogunleye72@outlook.com,47090679086,Lagos Island Division,Geary,94109,replacing existing fire pump with new one in the basement,6.49585,3.366928,,13/02/2026 04:03,Sanitation failure,Lekki LCDA,Ikeja,Oshodi-Isolo
PP20140226496,02/26/2014,Abdulrahman Abiola,Male,2.34809E+12,abdulrahman.abiola68@hotmail.com,67703825302,Badagry Division,Ashbury,94117,Sudden burst water pipe inside bathroom wall causing flooding,6.466445,3.331128,,13/02/2026 04:03,Leak,Mosan-Okunola LCDA,Epe,Epe
PP20130930602,09/30/2013,Temitope Yakubu,Female,2.34806E+12,temitope.yakubu73@outlook.com,22586608370,Ikeja Division,South Park,94107,Bathroom floor drain completely clogged with wastewater backup,6.554184,3.302061,,13/02/2026 04:03,Blockage,Isolo LCDA,Ikeja,Ikeja
PP20120611243,06/11/2012,Amaka Adebisi,Female,2.34813E+12,amaka.adebisi50@hotmail.com,78469105809,Ikeja Division,04th,94103,Water pipeline rupture near highway causing erosion,6.523868,3.333742,,13/02/2026 04:03,Sanitation failure,Ifako-Agege LCDA,Ikeja,Mushin
PP20180228235,02/28/2018,Adebayo Bamidele,Male,2.34818E+12,adebayo.bamidele81@hotmail.com,3958146355,Epe Division,Fillmore,94117,sink in bedroom,6.479737,3.587988,,13/02/2026 04:03,Sanitation failure,Ikosi-Isheri LCDA,Ikeja,Somolu
PP20190617773,06/17/2019,Tunde Abiola,Male,2.34812E+12,tunde.abiola89@outlook.com,33804888169,Ikeja Division,Bryant,94110,Septic tank backflow causing strong sewage odor indoors,6.594065,3.370487,,13/02/2026 04:03,Sanitation failure,Amuwo-Odofin LCDA,Ikeja,Ifako-Ijaiye
PP20170525685,05/25/2017,Olamide Okoye,Male,2.34904E+12,olamide.okoye12@gmail.com,70108943727,Lagos Island Division,Bush,94108,Sewer overflow spreading wastewater near market area,6.49777,3.350439,,13/02/2026 04:03,Sanitation failure,Ikoyi-Obalende LCDA,Epe,Ibeju-Lekki
PP20110809135,08/09/2011,Kelechi Chukwu,Male,2.34803E+12,kelechi.chukwu41@gmail.com,25376424374,Ikeja Division,19th,94121,ground and 2nd floor bathroom remodel,6.591867,3.42068,,13/02/2026 04:03,Sanitation failure,Ojodu LCDA,Lagos Island,Eti-Osa
PP20161012765,10/12/2016,Ngozi Nwosu,Female,2.34907E+12,ngozi.nwosu64@gmail.com,99418502399,Ikeja Division,Blake,94118,Public tap pipe severely damaged in residential community,6.619446,3.331742,,13/02/2026 04:03,Sanitation failure,Iba LCDA,Ikeja,Agege
PP20151013673,10/13/2015,Oluwaseun Mohammed,Male,2.34816E+12,oluwaseun.mohammed27@gmail.com,19315980486,Ikeja Division,Sacramento,94108,Water pipeline rupture near highway causing erosion,6.531805,3.351982,,13/02/2026 04:03,Sanitation failure,Ikorodu North LCDA,Ikorodu,Ikorodu
PP20110426746,04/26/2011,Chisom Adeyemi,Female,2.34815E+12,chisom.adeyemi84@gmail.com,56827095804,Ikeja Division,Pacific,94115,2nd floor : relocate skimmer @ existing pool,6.614559,3.275951,,13/02/2026 04:03,Sanitation failure,Lekki LCDA,Ikeja,Oshodi-Isolo
PP20081020294,10/20/2008,Zainab Owolabi,Female,2.34812E+12,zainab.owolabi59@hotmail.com,79552703758,Ikorodu Division,Granada,94112,Severe shower pipe rupture flooding entire bathroom,6.615061,3.527722,,13/02/2026 04:03,Sanitation failure,Ayobo-Ipaja LCDA,Badagry,Ojo
PP20120214462,02/14/2012,Bola Nwosu,Female,2.34814E+12,bola.nwosu21@outlook.com,1038385493,Ikeja Division,Portola,94127,Low water pressure affecting entire household supply,6.575629,3.410662,,13/02/2026 04:03,Sanitation failure,Igbogbo-Baiyeku LCDA,Badagry,Ojo
PP20160304475,03/04/2016,Seyi Afolabi,Male,2.3481E+12,seyi.afolabi75@gmail.com,91720967637,Epe Division,34th,94121,Underground water pipe burst near hospital entrance,6.57952,3.971452,,13/02/2026 04:03,Leak,Eredo LCDA,Ikeja,Mushin
PP20120814784,08/14/2012,Yetunde Danladi,Female,2.34807E+12,yetunde.danladi31@outlook.com,93471974463,Lagos Island Division,Evelyn,94127,install new sink in kitchen and gas cooktop.,6.426717,3.356694,,13/02/2026 04:03,Sanitation failure,Ikorodu West LCDA,Ikorodu,Ikorodu
PP20090407454,04/07/2009,Bola Owolabi,Female,2.3482E+12,bola.owolabi18@yahoo.com,25595632221,Lagos Island Division,Baker,94117,Public tap pipe severely damaged in residential community,6.498259,3.360275,,13/02/2026 04:03,Sanitation failure,Ikorodu North LCDA,Ikorodu,Ikorodu
PP20140707115,07/07/2014,Olamide Eze,Male,2.34905E+12,olamide.eze88@outlook.com,50575162875,Lagos Island Division,Jones,94109,Bathroom floor drain completely clogged with wastewater backup,6.452651,3.39513,,13/02/2026 04:03,Blockage,Surulere LCDA,Lagos Island,Apapa
PP20141120958,11/20/2014,Oluwaseun Umeh,Male,2.34904E+12,oluwaseun.umeh22@hotmail.com,1750871942,Lagos Island Division,17th,94118,Toilet overflow due to heavily blocked drain system,6.534628,3.377296,,13/02/2026 04:03,Blockage,Mosan-Okunola LCDA,Epe,Epe
PP20081117487,11/17/2008,Uche Ajayi,Male,2.34811E+12,uche.ajayi37@gmail.com,6862523010,Badagry Division,Bonview,94110,gas houseline extension.,6.409259,2.882189,,13/02/2026 04:03,Sanitation failure,Isolo LCDA,Ikeja,Ikeja
PP20080418926,04/18/2008,Emeka Eze,Male,2.34901E+12,emeka.eze73@gmail.com,91357989636,Ikeja Division,19th,94114,Flooding due to collapsed drainage system after rainfall,6.533093,3.36872,,13/02/2026 04:03,Blockage,Bariga LCDA,Badagry,Amuwo-Odofin
PP20181107422,11/07/2018,Uche Ajayi,Male,2.34909E+12,uche.ajayi73@yahoo.com,9507377159,Lagos Island Division,15th,94116,Water pipeline rupture near highway causing erosion,6.518119,3.380189,,13/02/2026 04:03,Sanitation failure,Eredo LCDA,Ikeja,Mushin
PP20110414489,04/14/2011,Tunde Mohammed,Male,2.34904E+12,tunde.mohammed64@gmail.com,32898149968,Ikorodu Division,Ulloa,94116,Water pipeline rupture near highway causing erosion,6.622784,3.500574,,13/02/2026 04:03,Sanitation failure,Mosan-Okunola LCDA,Epe,Epe
PP20080829944,08/29/2008,Abdulrahman Eze,Male,2.34811E+12,abdulrahman.eze42@gmail.com,79320083735,Epe Division,Arlington,94131,Sudden burst water pipe inside bathroom wall causing flooding,6.470204,3.570343,,13/02/2026 04:03,Leak,Ikeja LCDA,Epe,Epe
PP20130619757,06/19/2013,Adebayo Yakubu,Male,2.34816E+12,adebayo.yakubu32@hotmail.com,31075042121,Ikorodu Division,Leavenworth,94102,Septic tank backflow causing strong sewage odor indoors,6.601709,3.514167,,13/02/2026 04:03,Sanitation failure,Coker-Aguda LCDA,Ikeja,Agege
PP20120111648,01/11/2012,Adaeze Eze,Female,2.34813E+12,adaeze.eze65@outlook.com,91022327390,Lagos Island Division,Capitol,94112,Bathroom floor drain completely clogged with wastewater backup,6.520561,3.381223,,13/02/2026 04:03,Blockage,Itire-Ikate LCDA,Badagry,Badagry
PP20180719311,07/19/2018,Zainab Ajayi,Female,2.34811E+12,zainab.ajayi17@gmail.com,16585178453,Badagry Division,Avila,94123,Septic tank backflow causing strong sewage odor indoors,6.414821,2.875236,,13/02/2026 04:03,Sanitation failure,Ikorodu North LCDA,Ikorodu,Ikorodu
PP20161202107,12/02/2016,Ayomide Owolabi,Male,2.34815E+12,ayomide.owolabi66@outlook.com,14404028385,Lagos Island Division,West Point,94124,Septic tank backflow causing strong sewage odor indoors,6.448347,3.346669,,13/02/2026 04:03,Sanitation failure,Agboyi-Ketu LCDA,Lagos Island,Surulere
PP20110503911,05/03/2011,Kelechi Ogunleye,Male,2.34803E+12,kelechi.ogunleye71@yahoo.com,2239372326,Lagos Island Division,Treat,94110,Sewer overflow spreading wastewater near market area,6.53831,3.36564,,13/02/2026 04:03,Sanitation failure,Ikorodu North LCDA,Ikorodu,Ikorodu
PP20150126498,01/26/2015,Yetunde Akinyemi,Female,2.34805E+12,yetunde.akinyemi20@outlook.com,50905281285,Ikeja Division,Bush,94109,Toilet overflow due to heavily blocked drain system,6.599842,3.341077,,13/02/2026 04:03,Blockage,Agboyi-Ketu LCDA,Lagos Island,Surulere
PP20101201455,12/01/2010,Ngozi Ajayi,Female,2.34817E+12,ngozi.ajayi49@hotmail.com,1650915558,Lagos Island Division,26th,94131,Flooding due to collapsed drainage system after rainfall,6.530104,3.375886,,13/02/2026 04:03,Blockage,Ikeja LCDA,Epe,Epe
PP20150520850,05/20/2015,Tunde Ajayi,Male,2.34813E+12,tunde.ajayi65@gmail.com,19988988298,Ikeja Division,Bay,94123,install 2in dedicated fire service.,6.603813,3.303532,,13/02/2026 04:03,Sanitation failure,Ikorodu West LCDA,Ikorodu,Ikorodu
PP20100113443,01/13/2010,Ngozi Umeh,Female,2.34903E+12,ngozi.umeh94@outlook.com,98233364656,Ikeja Division,23rd,94122,Blocked drainage channel causing street-level flooding,6.583594,3.421866,,13/02/2026 04:03,Blockage,Ikorodu North LCDA,Ikorodu,Ikorodu
PP20090930332,09/30/2009,Chisom Ogunleye,Female,2.34807E+12,chisom.ogunleye37@yahoo.com,75834881185,Ikorodu Division,Moffitt,94131,Flooding due to collapsed drainage system after rainfall,6.609587,3.496452,,13/02/2026 04:03,Blockage,Isolo LCDA,Ikeja,Ikeja
PP20171016577,10/16/2017,Kelechi Chukwu,Male,2.34814E+12,kelechi.chukwu51@outlook.com,77749323737,Ikeja Division,Washington,94109,"make corrections per nov 201625733, 201652051, 201625773; remove and reinstall (e) toilet, tub and sink, repair drain in kitchen.",6.670872,3.325412,,13/02/2026 04:03,Blockage,Amuwo-Odofin LCDA,Ikeja,Ifako-Ijaiye
PP20130620800,06/20/2013,Opeyemi Ibrahim,Female,2.34902E+12,opeyemi.ibrahim55@yahoo.com,70825280642,Ikeja Division,Filbert,94123,Persistent dripping tap in kitchen wasting water daily,6.621764,3.335201,,13/02/2026 04:03,Sanitation failure,Ayobo-Ipaja LCDA,Badagry,Ojo
PP20190827861,08/27/2019,Kelechi Ekanem,Male,2.34818E+12,kelechi.ekanem32@yahoo.com,60568864606,Ikeja Division,23rd,94110,Major pipe burst near primary school disrupting access road,6.611051,3.278766,,13/02/2026 04:03,Leak,Surulere LCDA,Lagos Island,Apapa
PP20130916163,09/16/2013,Bola Okoye,Female,2.34902E+12,bola.okoye38@hotmail.com,93156674997,Epe Division,Nordhoff,94131,Water heater pipe leakage soaking utility area,6.488884,3.583358,,13/02/2026 04:03,Leak,Ayobo-Ipaja LCDA,Badagry,Ojo
PP20090203901,02/03/2009,Kelechi Ibrahim,Male,2.34811E+12,kelechi.ibrahim84@yahoo.com,39073436921,Lagos Island Division,Washington,94115,Major pipe burst near primary school disrupting access road,6.503876,3.352439,,13/02/2026 04:03,Leak,Mosan-Okunola LCDA,Epe,Epe
PP20120501246,05/01/2012,Temitope Umeh,Female,2.34907E+12,temitope.umeh55@gmail.com,91695175753,Lagos Island Division,Chestnut,94123,Water heater pipe leakage soaking utility area,6.52748,3.366172,,13/02/2026 04:03,Leak,Apapa-Iganmu LCDA,Ikeja,Ifako-Ijaiye
PP20160523674,05/23/2016,Femi Okafor,Male,2.34803E+12,femi.okafor72@hotmail.com,73543675063,Ikorodu Division,Pfeiffer,94133,"bathroom remodel, new wasteline for tub, 1 shower pan.",6.623921,3.50694,,13/02/2026 04:03,Sanitation failure,Badagry Central LCDA,Badagry,Ajeromi-Ifelodun
PP20141106581,11/06/2014,Adaeze Yakubu,Female,2.34802E+12,adaeze.yakubu34@yahoo.com,12936895948,Ikorodu Division,Brannan,94107,High-pressure pipe burst affecting multiple residential buildings,6.619692,3.51748,,13/02/2026 04:03,Leak,Amuwo-Odofin LCDA,Ikeja,Ifako-Ijaiye
PP20150218114,02/18/2015,Ngozi Mohammed,Female,2.34909E+12,ngozi.mohammed91@hotmail.com,77777996114,Ikeja Division,25th,94114,Water heater pipe leakage soaking utility area,6.589475,3.344655,,13/02/2026 04:03,Leak,Iba LCDA,Ikeja,Agege
PP20130118546,01/18/2013,Chioma Owolabi,Female,2.34907E+12,chioma.owolabi92@hotmail.com,58066709394,Badagry Division,35th,94116,Septic tank backflow causing strong sewage odor indoors,6.465573,3.203982,,13/02/2026 04:03,Sanitation failure,Lekki LCDA,Ikeja,Oshodi-Isolo
PP20150217094,02/17/2015,Tunde Nnamdi,Male,2.34806E+12,tunde.nnamdi78@outlook.com,11326614477,Badagry Division,32nd,94116,Septic tank backflow causing strong sewage odor indoors,6.448619,3.255911,,13/02/2026 04:03,Sanitation failure,Ikorodu West LCDA,Ikorodu,Ikorodu
PP20140414919,04/14/2014,Femi Ogunleye,Male,2.3481E+12,femi.ogunleye79@gmail.com,39056078728,Badagry Division,Fulton,94121,Sudden burst water pipe inside bathroom wall causing flooding,6.46563,3.352722,,13/02/2026 04:03,Leak,Oto-Awori LCDA,Lagos Island,Lagos Mainland
PP20150811069,08/11/2015,Chinedu Nnamdi,Male,2.34809E+12,chinedu.nnamdi43@hotmail.com,92356762118,Ikeja Division,Alabama,94110,Water pipeline rupture near highway causing erosion,6.598028,3.336946,,13/02/2026 04:03,Sanitation failure,Itire-Ikate LCDA,Badagry,Badagry
PP20120514594,05/14/2012,Ngozi Okoye,Female,2.34819E+12,ngozi.okoye62@outlook.com,66456893506,Ikorodu Division,Taraval,94116,Open manhole with visible sewage leakage on street,6.603145,3.485434,,13/02/2026 04:03,Leak,Igbogbo-Baiyeku LCDA,Badagry,Ojo
PP20080616648,06/16/2008,Temitope Adeyemi,Female,2.34905E+12,temitope.adeyemi52@hotmail.com,31371006634,Lagos Island Division,Franklin,94123,Sewer overflow spreading wastewater near market area,6.457075,3.396095,,13/02/2026 04:03,Sanitation failure,Bariga LCDA,Badagry,Amuwo-Odofin
PP20111212019,12/12/2011,Ngozi Abiola,Female,2.34902E+12,ngozi.abiola41@outlook.com,46246683043,Ikeja Division,Castenada,94116,High-pressure pipe burst affecting multiple residential buildings,6.524452,3.353538,,13/02/2026 04:03,Leak,Epe LCDA,Badagry,Ajeromi-Ifelodun
PP20141003690,10/03/2014,Chioma Abiola,Female,2.34905E+12,chioma.abiola32@hotmail.com,26835002458,Lagos Island Division,Columbus,94133,Water main leakage along roadside causing traffic obstruction,6.555383,3.376618,,13/02/2026 04:03,Leak,Igbogbo-Baiyeku LCDA,Badagry,Ojo
PP20160824333,08/24/2016,Kelechi Bamidele,Male,2.34808E+12,kelechi.bamidele28@gmail.com,89017428169,Ikeja Division,Jamestown,94124,Open manhole with visible sewage leakage on street,6.588401,3.410206,,13/02/2026 04:03,Leak,Ikotun-Ikosi LCDA,Lagos Island,Lagos Mainland
PP20170323954,03/23/2017,Chioma Akinyemi,Female,2.34904E+12,chioma.akinyemi81@gmail.com,71027348385,Ikeja Division,Judah,94122,Bathroom floor drain completely clogged with wastewater backup,6.530252,3.352218,,13/02/2026 04:03,Blockage,Ifako-Agege LCDA,Ikeja,Mushin
PP20181203127,12/03/2018,Opeyemi Ojo,Female,2.3482E+12,opeyemi.ojo27@gmail.com,67990812092,Badagry Division,Palou,94124,Major pipe burst near primary school disrupting access road,6.410895,2.903189,,13/02/2026 04:03,Leak,Ojokoro LCDA,Badagry,Amuwo-Odofin
PP20160310617,03/10/2016,Ngozi Yakubu,Female,2.34804E+12,ngozi.yakubu21@yahoo.com,16659326289,Ikeja Division,10th,94122,Public tap pipe severely damaged in residential community,6.620772,3.296367,,13/02/2026 04:03,Sanitation failure,Surulere LCDA,Lagos Island,Apapa
PP20180110816,01/10/2018,Zainab Abiola,Female,2.34815E+12,zainab.abiola46@gmail.com,76192727348,Lagos Island Division,Castro,94114,Bathroom floor drain completely clogged with wastewater backup,6.473858,3.35719,,13/02/2026 04:03,Blockage,Amuwo-Odofin LCDA,Ikeja,Ifako-Ijaiye
PP20150205802,02/05/2015,Kunle Danladi,Male,2.34904E+12,kunle.danladi64@hotmail.com,91207898248,Lagos Island Division,Tocoloma,94134,2nd floor: kitchen and bathroom remodel,6.55143,3.376893,,13/02/2026 04:03,Sanitation failure,Coker-Aguda LCDA,Ikeja,Agege
PP20080620789,06/20/2008,Temitope Abiola,Female,2.34903E+12,temitope.abiola72@yahoo.com,40036665024,Ikeja Division,Mission,94105,Major pipe burst near primary school disrupting access road,6.612832,3.365919,,13/02/2026 04:03,Leak,Oshodi-Bolade LCDA,Ikeja,Alimosho
PP20190809337,08/09/2019,Zainab Ogunleye,Female,2.34819E+12,zainab.ogunleye21@yahoo.com,33868692938,Epe Division,28th,94121,Low water pressure affecting entire household supply,6.58619,3.975182,,13/02/2026 04:03,Sanitation failure,Badagry Central LCDA,Badagry,Ajeromi-Ifelodun
PP20180226147,02/26/2018,Obinna Balogun,Male,2.34818E+12,obinna.balogun17@hotmail.com,2336397029,Ikeja Division,Pierce,94123,Major pipe burst near primary school disrupting access road,6.558947,3.423542,,13/02/2026 04:03,Leak,Oto-Awori LCDA,Lagos Island,Lagos Mainland
PP20080429260,04/29/2008,Kunle Danladi,Male,2.34803E+12,kunle.danladi93@gmail.com,95276414842,Ikeja Division,Dolores,94110,Water pipeline rupture near highway causing erosion,6.593652,3.353262,,13/02/2026 04:03,Sanitation failure,Badagry West LCDA,Ikeja,Kosofe
PP20160301356,03/01/2016,Amaka Yakubu,Female,2.3491E+12,amaka.yakubu72@gmail.com,62744595268,Ikeja Division,Mission Bay Blvd North,94158,Sewer overflow spreading wastewater near market area,6.541102,3.305448,,13/02/2026 04:03,Sanitation failure,Agbado-Oke Odo LCDA,Lagos Island,Apapa
PP20150506348,05/06/2015,Ayomide Ogunleye,Male,2.34905E+12,ayomide.ogunleye68@outlook.com,3305150945,Ikeja Division,Pacific,94109,"remodel 1 bathroom, conver 1/2 bath to full bathroom",6.583637,3.419386,,13/02/2026 04:03,Sanitation failure,Ayobo-Ipaja LCDA,Badagry,Ojo
PP20080304576,03/04/2008,Opeyemi Owolabi,Female,2.34804E+12,opeyemi.owolabi76@outlook.com,91060608456,Ikeja Division,34th,94122,Open manhole with visible sewage leakage on street,6.516152,3.366569,,13/02/2026 04:03,Leak,Ebute-Metta LCDA,Lagos Island,Eti-Osa
PP20110323914,03/23/2011,Aisha Adebisi,Female,2.34803E+12,aisha.adebisi48@yahoo.com,7510032597,Badagry Division,Oliver,94112,Open manhole with visible sewage leakage on street,6.444031,3.233255,,13/02/2026 04:03,Leak,Ikotun-Ikosi LCDA,Lagos Island,Lagos Mainland
PP20100525273,05/25/2010,Bola Akinyemi,Female,2.34814E+12,bola.akinyemi94@outlook.com,6747013049,Epe Division,Esmeralda,94110,Water main leakage along roadside causing traffic obstruction,6.46891,3.585344,,13/02/2026 04:03,Leak,Epe LCDA,Badagry,Ajeromi-Ifelodun
PP20110218167,02/18/2011,Kelechi Ekanem,Male,2.34808E+12,kelechi.ekanem35@outlook.com,21618572428,Ikeja Division,Valley,94131,Bathroom floor drain completely clogged with wastewater backup,6.528906,3.368221,,13/02/2026 04:03,Blockage,Badagry West LCDA,Ikeja,Kosofe
PP20130806031,08/06/2013,Chisom Akinyemi,Female,2.34808E+12,chisom.akinyemi72@yahoo.com,7561606719,Badagry Division,Montana,94112,Low water pressure affecting entire household supply,6.464336,3.332104,,13/02/2026 04:03,Sanitation failure,Iba LCDA,Ikeja,Agege
PP20091021774,10/21/2009,Ijeoma Adeyemi,Female,2.34903E+12,ijeoma.adeyemi48@yahoo.com,12937259791,Badagry Division,Guerrero,94110,Sewer overflow spreading wastewater near market area,6.438968,3.258206,,13/02/2026 04:03,Sanitation failure,Ikotun-Ikosi LCDA,Lagos Island,Lagos Mainland
PP20131016082,10/16/2013,Uche Adebisi,Male,2.34908E+12,uche.adebisi55@outlook.com,30708527126,Ikorodu Division,Sproule,94108,Bathroom floor drain completely clogged with wastewater backup,6.621243,3.5063,,13/02/2026 04:03,Blockage,Onigbongbo LCDA,Epe,Ibeju-Lekki
PP20090407447,04/07/2009,Oluwaseun Ajayi,Male,2.34808E+12,oluwaseun.ajayi25@hotmail.com,8982319078,Lagos Island Division,Teddy,94134,Open manhole with visible sewage leakage on street,6.505353,3.393644,,13/02/2026 04:03,Leak,Orile-Agege LCDA,Ikeja,Kosofe
PP20190528153,05/28/2019,Kelechi Adeyemi,Male,2.34802E+12,kelechi.adeyemi81@hotmail.com,89444531154,Ikeja Division,Castro,94114,replace approximately 12' of pipe along with new sewer trap,6.589523,3.345587,,13/02/2026 04:03,Sanitation failure,Epe LCDA,Badagry,Ajeromi-Ifelodun
PP20101117224,11/17/2010,Amaka Abiola,Female,2.34903E+12,amaka.abiola94@outlook.com,35393538652,Ikeja Division,20th,94114,"install plumbing for 4-1/2 bathrooms, 1 kitchen, 1 laundry. install plumbing for 1 furnace, 1 water heater, 1 new water service and gas to 2 fire places; ref bldg. permit application # 201011094595 and 201008118541",6.557183,3.296134,,13/02/2026 04:03,Sanitation failure,Oto-Awori LCDA,Lagos Island,Lagos Mainland
PP20160801620,08/01/2016,Amaka Ojo,Female,2.34806E+12,amaka.ojo20@hotmail.com,31208927376,Badagry Division,09th,94118,Low water pressure affecting entire household supply,6.400065,2.863761,,13/02/2026 04:03,Sanitation failure,Ikorodu North LCDA,Ikorodu,Ikorodu
PP20170207749,02/07/2017,Opeyemi Abiola,Female,2.34905E+12,opeyemi.abiola45@yahoo.com,36792426509,Ikorodu Division,Innes,94124,Sewer overflow spreading wastewater near market area,6.62661,3.505048,,13/02/2026 04:03,Sanitation failure,Lekki LCDA,Ikeja,Oshodi-Isolo
PP20080407508,04/07/2008,Chukwudi Nnamdi,Male,2.34808E+12,chukwudi.nnamdi32@gmail.com,43106654812,Ikeja Division,Pine,94108,Persistent dripping tap in kitchen wasting water daily,6.612573,3.406756,,13/02/2026 04:03,Sanitation failure,Orile-Agege LCDA,Ikeja,Kosofe
PP20140507519,05/07/2014,Ngozi Ajayi,Female,2.34818E+12,ngozi.ajayi58@hotmail.com,81259617805,Lagos Island Division,47th,94122,kitchen & bathroom remodel.,6.444885,3.389046,,13/02/2026 04:03,Sanitation failure,Ikotun-Ikosi LCDA,Lagos Island,Lagos Mainland
PP20190823774,08/23/2019,Adebayo Owolabi,Male,2.34817E+12,adebayo.owolabi51@outlook.com,39945568380,Epe Division,Mission Bay Blvd North,94158,Cracked underground pipe slowly flooding compound,6.472431,3.580298,,13/02/2026 04:03,Sanitation failure,Ikosi-Isheri LCDA,Ikeja,Somolu
PP20120321298,03/21/2012,Chukwudi Akinyemi,Male,2.34809E+12,chukwudi.akinyemi53@yahoo.com,87166175547,Ikorodu Division,Ocean,94112,Water main leakage along roadside causing traffic obstruction,6.625523,3.500714,,13/02/2026 04:03,Leak,Oshodi-Bolade LCDA,Ikeja,Alimosho
PP20100407140,04/07/2010,Emeka Chukwu,Male,2.34907E+12,emeka.chukwu10@outlook.com,98405045201,Epe Division,California,94104,to install steam service into 351 california.,6.570184,3.965618,,13/02/2026 04:03,Sanitation failure,Odi-Olowo/Ojuwoye LCDA,Lagos Island,Lagos Island
PP20100831523,08/31/2010,Tunde Balogun,Male,2.34907E+12,tunde.balogun57@hotmail.com,22156462423,Badagry Division,Rivera,94116,Septic tank backflow causing strong sewage odor indoors,6.438764,3.177819,,13/02/2026 04:03,Sanitation failure,Lekki LCDA,Ikeja,Oshodi-Isolo
PP20181221734,12/21/2018,Olamide Nwosu,Male,2.34814E+12,olamide.nwosu94@hotmail.com,53365070836,Lagos Island Division,Flood,94131,Low water pressure affecting entire household supply,6.43009,3.415586,,13/02/2026 04:03,Sanitation failure,Oshodi-Bolade LCDA,Ikeja,Alimosho
PP20100726674,07/26/2010,Tunde Okafor,Male,2.34804E+12,tunde.okafor57@yahoo.com,49279192444,Lagos Island Division,Sadowa,94112,Sewer overflow spreading wastewater near market area,6.461234,3.37128,,13/02/2026 04:03,Sanitation failure,Eredo LCDA,Ikeja,Mushin
PP20140812148,08/12/2014,Adaeze Owolabi,Female,2.34814E+12,adaeze.owolabi52@outlook.com,67727913142,Badagry Division,Geary,94109,supply plumbing to new kitchen and bathroom remodel,6.457652,3.165061,,13/02/2026 04:03,Sanitation failure,Ojokoro LCDA,Badagry,Amuwo-Odofin
PP20190905117,09/05/2019,Obinna Adebisi,Male,2.34809E+12,obinna.adebisi75@outlook.com,99243549423,Ikeja Division,18th,94114,Severe shower pipe rupture flooding entire bathroom,6.603333,3.289002,,13/02/2026 04:03,Sanitation failure,Agboyi-Ketu LCDA,Lagos Island,Surulere
PP20090721807,07/21/2009,Aisha Adeyemi,Female,2.34901E+12,aisha.adeyemi48@gmail.com,22989591022,Lagos Island Division,29th,94116,Minor kitchen sink pipe leakage under cabinet,6.517829,3.372223,,13/02/2026 04:03,Leak,Coker-Aguda LCDA,Ikeja,Agege
PP20111024936,10/24/2011,Tunde Adebisi,Male,2.34807E+12,tunde.adebisi50@outlook.com,33431096880,Badagry Division,Moraga,94122,Persistent dripping tap in kitchen wasting water daily,6.454465,3.179135,,13/02/2026 04:03,Sanitation failure,Ifako-Ijaiye LCDA,Badagry,Badagry
PP20161122886,11/22/2016,Opeyemi Balogun,Female,2.34813E+12,opeyemi.balogun23@yahoo.com,80019584887,Ikeja Division,Maynard,94134,Water pipeline rupture near highway causing erosion,6.576945,3.418783,,13/02/2026 04:03,Sanitation failure,Ikosi-Isheri LCDA,Ikeja,Somolu
PP20150325113,03/25/2015,Temitope Nwosu,Female,2.34903E+12,temitope.nwosu83@hotmail.com,62923827751,Badagry Division,Bush,94115,Open manhole with visible sewage leakage on street,6.453604,3.240894,,13/02/2026 04:03,Leak,Amuwo-Odofin LCDA,Ikeja,Ifako-Ijaiye
PP20120323361,03/23/2012,Adaeze Yakubu,Female,2.34903E+12,adaeze.yakubu97@yahoo.com,53602709227,Lagos Island Division,Clay,94109,Major pipe burst near primary school disrupting access road,6.466811,3.384899,,13/02/2026 04:03,Leak,Apapa-Iganmu LCDA,Ikeja,Ifako-Ijaiye
PP20160823295,08/23/2016,Kelechi Oladipo,Male,2.34908E+12,kelechi.oladipo93@hotmail.com,9463929541,Epe Division,Waller,94102,Public tap pipe severely damaged in residential community,6.567822,3.987408,,13/02/2026 04:03,Sanitation failure,Ebute-Metta LCDA,Lagos Island,Eti-Osa
PP20170110025,01/10/2017,Femi Balogun,Male,2.34817E+12,femi.balogun37@hotmail.com,52828578712,Ikeja Division,O'farrell,94109,"washer and dryer installation at first floor of building, water lines and drain lines installation",6.600826,3.298213,,13/02/2026 04:03,Blockage,Eredo LCDA,Ikeja,Mushin
PP20170615241,06/15/2017,Temitope Umeh,Female,2.34906E+12,temitope.umeh43@hotmail.com,74935564070,Ikeja Division,Sloat,94132,Water heater pipe leakage soaking utility area,6.503263,3.368525,,13/02/2026 04:03,Leak,Badagry Central LCDA,Badagry,Ajeromi-Ifelodun
PP20150721470,07/21/2015,Yetunde Ojo,Female,2.34811E+12,yetunde.ojo79@yahoo.com,32257455060,Badagry Division,Clay,94118,Toilet overflow due to heavily blocked drain system,6.473423,3.318295,,13/02/2026 04:03,Blockage,Oriade LCDA,Lagos Island,Lagos Island
PP20140922261,09/22/2014,Uche Mohammed,Male,2.34906E+12,uche.mohammed95@hotmail.com,67375585499,Ikeja Division,Geary,94109,Sudden burst water pipe inside bathroom wall causing flooding,6.655012,3.345323,,13/02/2026 04:03,Leak,Ikoyi-Obalende LCDA,Epe,Ibeju-Lekki
PP20140828639,08/28/2014,Ayomide Ojo,Male,2.3481E+12,ayomide.ojo59@gmail.com,57899776033,Badagry Division,Folsom,94110,High-pressure pipe burst affecting multiple residential buildings,6.453626,3.174658,,13/02/2026 04:03,Leak,Bariga LCDA,Badagry,Amuwo-Odofin
PP20110329054,03/29/2011,Ngozi Ajayi,Female,2.34804E+12,ngozi.ajayi84@gmail.com,23122906378,Badagry Division,Sacramento,94115,Severe shower pipe rupture flooding entire bathroom,6.427339,3.246492,,13/02/2026 04:03,Sanitation failure,Itire-Ikate LCDA,Badagry,Badagry
PP20190418054,04/18/2019,Oluwaseun Bamidele,Male,2.34817E+12,oluwaseun.bamidele44@outlook.com,11171549810,Ikeja Division,Duboce,94117,unit #307: rehabilitate kitchen and bathroom,6.667523,3.335755,,13/02/2026 04:03,Sanitation failure,Onigbongbo LCDA,Epe,Ibeju-Lekki
PP20111018791,10/18/2011,Chukwudi Adeyemi,Male,2.34903E+12,chukwudi.adeyemi84@outlook.com,19477141697,Lagos Island Division,Warren,94131,Public tap pipe severely damaged in residential community,6.510409,3.363997,,13/02/2026 04:03,Sanitation failure,Apapa-Iganmu LCDA,Ikeja,Ifako-Ijaiye
PP20130514733,05/14/2013,Temitope Ajayi,Female,2.34818E+12,temitope.ajayi36@yahoo.com,40621519721,Lagos Island Division,Broadway,94133,Underground water pipe burst near hospital entrance,6.52891,3.389267,,13/02/2026 04:03,Leak,Oshodi-Bolade LCDA,Ikeja,Alimosho
PP20090218273,02/18/2009,Seyi Balogun,Male,2.34818E+12,seyi.balogun63@outlook.com,75349636542,Lagos Island Division,05th,94107,"install new plumbing in building include roof drain floor drain, 2 bathrooms with water waste and vent & gas.",6.433088,3.369815,,13/02/2026 04:03,Blockage,Ikosi-Isheri LCDA,Ikeja,Somolu
PP20161005551,10/05/2016,Kelechi Oladipo,Male,2.34818E+12,kelechi.oladipo81@yahoo.com,7653441540,Epe Division,Webster,94115,replace kitchen faucet.,6.470375,3.595918,,13/02/2026 04:03,Sanitation failure,Lekki LCDA,Ikeja,Oshodi-Isolo
PP20151211275,12/11/2015,Ayomide Nnamdi,Male,2.34908E+12,ayomide.nnamdi93@outlook.com,86150162654,Ikorodu Division,12th,94122,install two shower pans.,6.618698,3.485277,,13/02/2026 04:03,Sanitation failure,Oshodi-Bolade LCDA,Ikeja,Alimosho
PP20160210800,02/10/2016,Ngozi Ekanem,Female,2.34904E+12,ngozi.ekanem88@hotmail.com,98944760913,Badagry Division,14th,94116,Open manhole with visible sewage leakage on street,6.46518,3.343901,,13/02/2026 04:03,Leak,Mosan-Okunola LCDA,Epe,Epe
PP20200115776,01/15/2020,Amaka Danladi,Female,2.34906E+12,amaka.danladi86@outlook.com,86170740266,Badagry Division,45th,94122,"four bathroom & kitchen remodel, underground plumbing.",6.457763,3.32942,,13/02/2026 04:03,Sanitation failure,Ikorodu West LCDA,Ikorodu,Ikorodu
PP20141021144,10/21/2014,Kelechi Owolabi,Male,2.34905E+12,kelechi.owolabi58@yahoo.com,73567247501,Lagos Island Division,Hyde,94109,Blocked drainage channel causing street-level flooding,6.447039,3.330005,,13/02/2026 04:03,Blockage,Iba LCDA,Ikeja,Agege
PP20140109300,01/09/2014,Aisha Abiola,Female,2.34818E+12,aisha.abiola87@gmail.com,26928878783,Epe Division,Market,94114,relocate kitchen sink drain and supply lines.,6.600713,3.974586,,13/02/2026 04:03,Blockage,Yaba LCDA,Ikeja,Alimosho
PP20190221331,02/21/2019,Chukwudi Ekanem,Male,2.34904E+12,chukwudi.ekanem42@outlook.com,34683658884,Badagry Division,06th,94118,Flooding due to collapsed drainage system after rainfall,6.471757,3.332433,,13/02/2026 04:03,Blockage,Iba LCDA,Ikeja,Agege
PP20191114185,11/14/2019,Aisha Okafor,Female,2.34809E+12,aisha.okafor63@hotmail.com,25166153679,Badagry Division,Pine,94109,Low water pressure affecting entire household supply,6.462576,3.254061,,13/02/2026 04:03,Sanitation failure,Ifako-Ijaiye LCDA,Badagry,Badagry
PP20190830981,08/30/2019,Tunde Ojo,Male,2.34819E+12,tunde.ojo24@gmail.com,4813747990,Ikorodu Division,Granada,94112,install fire sprinkler system through per nfpa13 including u/g.,6.617051,3.501565,,13/02/2026 04:03,Sanitation failure,Oriade LCDA,Lagos Island,Lagos Island
PP20170804613,08/04/2017,Adaeze Abiola,Female,2.34806E+12,adaeze.abiola13@yahoo.com,65162352090,Ikeja Division,34th,94121,Underground water pipe burst near hospital entrance,6.609779,3.332766,,13/02/2026 04:03,Leak,Badagry Central LCDA,Badagry,Ajeromi-Ifelodun
PP20100609651,06/09/2010,Chukwudi Chukwu,Male,2.34809E+12,chukwudi.chukwu93@hotmail.com,53687260189,Ikorodu Division,Pine,94115,Septic tank backflow causing strong sewage odor indoors,6.625859,3.49951,,13/02/2026 04:03,Sanitation failure,Ikosi-Isheri LCDA,Ikeja,Somolu
PP20150831568,08/31/2015,Emeka Adebisi,Male,2.34909E+12,emeka.adebisi31@hotmail.com,76911665945,Ikeja Division,Larkin,94109,Major pipe burst near primary school disrupting access road,6.614323,3.353113,,13/02/2026 04:03,Leak,Ikorodu North LCDA,Ikorodu,Ikorodu
PP20110209928,02/09/2011,Chinedu Eze,Male,2.34805E+12,chinedu.eze56@outlook.com,83908713225,Ikeja Division,California,94109,Water pipeline rupture near highway causing erosion,6.615441,3.29582,,13/02/2026 04:03,Sanitation failure,Agboyi-Ketu LCDA,Lagos Island,Surulere
PP20161031264,10/31/2016,Kelechi Afolabi,Male,2.34813E+12,kelechi.afolabi15@outlook.com,67681931290,Ikeja Division,Dolores,94103,Septic tank backflow causing strong sewage odor indoors,6.536076,3.299493,,13/02/2026 04:03,Sanitation failure,Yaba LCDA,Ikeja,Alimosho
PP20170309606,03/09/2017,Adebayo Chukwu,Male,2.34814E+12,adebayo.chukwu19@outlook.com,74478898166,Epe Division,Jackson,94111,Blocked drainage channel causing street-level flooding,6.590724,3.985267,,13/02/2026 04:03,Blockage,Odi-Olowo/Ojuwoye LCDA,Lagos Island,Lagos Island
PP20170531777,05/31/2017,Chukwudi Chukwu,Male,2.34817E+12,chukwudi.chukwu83@yahoo.com,34561911455,Ikorodu Division,Vallejo,94123,Bathroom floor drain completely clogged with wastewater backup,6.63121,3.514533,,13/02/2026 04:03,Blockage,Surulere LCDA,Lagos Island,Apapa
PP20130109299,01/09/2013,Oluwaseun Bamidele,Male,2.34905E+12,oluwaseun.bamidele46@yahoo.com,23665095045,Badagry Division,Green,94133,Major pipe burst near primary school disrupting access road,6.440333,3.242039,,13/02/2026 04:03,Leak,Onigbongbo LCDA,Epe,Ibeju-Lekki
PP20160125320,01/25/2016,Kunle Danladi,Male,2.34815E+12,kunle.danladi60@hotmail.com,67856396902,Badagry Division,Van Ness,94109,Toilet overflow due to heavily blocked drain system,6.467729,3.31016,,13/02/2026 04:03,Blockage,Ikosi-Isheri LCDA,Ikeja,Somolu
PP20160310631,03/10/2016,Chukwudi Ibrahim,Male,2.34809E+12,chukwudi.ibrahim81@hotmail.com,7261429247,Lagos Island Division,25th,94114,Blocked drainage channel causing street-level flooding,6.465534,3.363417,,13/02/2026 04:03,Blockage,Ikosi-Isheri LCDA,Ikeja,Somolu
PP20090605851,06/05/2009,Aisha Ekanem,Female,2.34817E+12,aisha.ekanem60@yahoo.com,13345849742,Epe Division,Oak,94117,"to replace kitchen sink, bathroom sink, tub and toilet",6.59627,3.967794,,13/02/2026 04:03,Sanitation failure,Ojokoro LCDA,Badagry,Amuwo-Odofin
PP20160317817,03/17/2016,Olamide Ibrahim,Male,2.34818E+12,olamide.ibrahim58@outlook.com,53473623778,Lagos Island Division,Short,94114,Blocked drainage channel causing street-level flooding,6.509346,3.383115,,13/02/2026 04:03,Blockage,Agbado-Oke Odo LCDA,Lagos Island,Apapa
PP20151001424,10/01/2015,Amaka Okoye,Female,2.34901E+12,amaka.okoye37@hotmail.com,39344209073,Lagos Island Division,06th,94118,Low water pressure affecting entire household supply,6.511191,3.386914,,13/02/2026 04:03,Sanitation failure,Apapa-Iganmu LCDA,Ikeja,Ifako-Ijaiye
PP20150529092,05/29/2015,Chioma Bamidele,Female,2.34811E+12,chioma.bamidele45@hotmail.com,91584231633,Ikeja Division,43rd,94122,Septic tank backflow causing strong sewage odor indoors,6.669811,3.313156,,13/02/2026 04:03,Sanitation failure,Oriade LCDA,Lagos Island,Lagos Island
PP20110303420,03/03/2011,Abdulrahman Okafor,Male,2.34806E+12,abdulrahman.okafor34@hotmail.com,79425790834,Badagry Division,11th,94103,Sewer overflow spreading wastewater near market area,6.419929,2.893336,,13/02/2026 04:03,Sanitation failure,Oshodi-Bolade LCDA,Ikeja,Alimosho
PP20191029741,10/29/2019,Chukwudi Oladipo,Male,2.34902E+12,chukwudi.oladipo86@hotmail.com,92850842340,Badagry Division,Brannan,94107,Cracked underground pipe slowly flooding compound,6.460689,3.344959,,13/02/2026 04:03,Sanitation failure,Ikosi-Isheri LCDA,Ikeja,Somolu
PP20180530831,05/30/2018,Tunde Ajayi,Male,2.34905E+12,tunde.ajayi16@gmail.com,92685338053,Lagos Island Division,35th,94121,Flooding due to collapsed drainage system after rainfall,6.416432,3.406952,,13/02/2026 04:03,Blockage,Badagry West LCDA,Ikeja,Kosofe
PP20150413685,04/13/2015,Yetunde Mohammed,Female,2.34803E+12,yetunde.mohammed82@outlook.com,20439371993,Ikeja Division,Broderick,94115,Water pipeline rupture near highway causing erosion,6.584666,3.416954,,13/02/2026 04:03,Sanitation failure,Isolo LCDA,Ikeja,Ikeja
PP20131105703,11/05/2013,Chukwudi Adeyemi,Male,2.34808E+12,chukwudi.adeyemi45@yahoo.com,1992016995,Ikorodu Division,Folsom,94107,penthouse: 22nd floor - set kitchen fixtures,6.612234,3.518596,,13/02/2026 04:03,Sanitation failure,Coker-Aguda LCDA,Ikeja,Agege
PP20120607188,06/07/2012,Opeyemi Akinyemi,Female,2.34812E+12,opeyemi.akinyemi82@yahoo.com,10980948852,Ikeja Division,Girard,94134,"legalize 1st floor 1/2 bathroom, 2nd floor full bathroom on pathway floor drain. to comply with nov #201178673",6.558909,3.316681,,13/02/2026 04:03,Blockage,Lekki LCDA,Ikeja,Oshodi-Isolo
PP20151215351,12/15/2015,Olamide Balogun,Male,2.34908E+12,olamide.balogun56@outlook.com,12021796004,Badagry Division,Moncada,94127,sewer line replacement at the back of the houyse and up to mid driveway- about 35 linear feet.,6.465469,3.339326,,13/02/2026 04:03,Sanitation failure,Coker-Aguda LCDA,Ikeja,Agege
PP20100819278,08/19/2010,Oluwaseun Ogunleye,Male,2.34814E+12,oluwaseun.ogunleye38@outlook.com,37724672798,Epe Division,Geary,94121,add 6 sinks at countertop,6.465543,3.605538,,13/02/2026 04:03,Sanitation failure,Ikosi-Isheri LCDA,Ikeja,Somolu
PP20170830339,08/30/2017,Tunde Ekanem,Male,2.34807E+12,tunde.ekanem14@gmail.com,21149056475,Lagos Island Division,15th,94103,Blocked drainage channel causing street-level flooding,6.424975,3.442953,,13/02/2026 04:03,Blockage,Onigbongbo LCDA,Epe,Ibeju-Lekki
PP20190606505,06/06/2019,Zainab Ibrahim,Female,2.34807E+12,zainab.ibrahim78@outlook.com,8440429297,Ikeja Division,Amber,94131,Major pipe burst near primary school disrupting access road,6.553949,3.294345,,13/02/2026 04:03,Leak,Lekki LCDA,Ikeja,Oshodi-Isolo
PP20180507186,05/07/2018,Ijeoma Adebisi,Female,2.34805E+12,ijeoma.adebisi65@gmail.com,85272615728,Badagry Division,Tunnel,94134,Water pipeline rupture near highway causing erosion,6.480381,3.334559,,13/02/2026 04:03,Sanitation failure,Yaba LCDA,Ikeja,Alimosho
PP20080428225,04/28/2008,Tunde Afolabi,Male,2.34906E+12,tunde.afolabi60@gmail.com,82248000361,Ikorodu Division,Cordova,94112,Public tap pipe severely damaged in residential community,6.627911,3.522739,,13/02/2026 04:03,Sanitation failure,Egbe-Idimu LCDA,Ikeja,Ikeja
PP20170607006,06/07/2017,Abdulrahman Abiola,Male,2.3481E+12,abdulrahman.abiola46@hotmail.com,23011536711,Lagos Island Division,Seal Rock,94121,Flooding due to collapsed drainage system after rainfall,6.45218,3.353078,,13/02/2026 04:03,Blockage,Egbe-Idimu LCDA,Ikeja,Ikeja
PP20150122383,01/22/2015,Emeka Owolabi,Male,2.3491E+12,emeka.owolabi18@yahoo.com,43918893127,Epe Division,13th,94103,Sewer overflow spreading wastewater near market area,6.479757,3.585008,,13/02/2026 04:03,Sanitation failure,Odi-Olowo/Ojuwoye LCDA,Lagos Island,Lagos Island
PP20080414698,04/14/2008,Aisha Adeyemi,Female,2.34817E+12,aisha.adeyemi47@outlook.com,76309860421,Ikeja Division,Shotwell,94110,Major pipe burst near primary school disrupting access road,6.615859,3.273463,,13/02/2026 04:03,Leak,Ikorodu North LCDA,Ikorodu,Ikorodu
PP20090320033,03/20/2009,Uche Abiola,Male,2.34812E+12,uche.abiola62@gmail.com,25698960607,Lagos Island Division,Filbert,94133,Minor kitchen sink pipe leakage under cabinet,6.52887,3.372814,,13/02/2026 04:03,Leak,Ifako-Ijaiye LCDA,Badagry,Badagry
PP20140925408,09/25/2014,Aisha Balogun,Female,2.34813E+12,aisha.balogun62@outlook.com,11087873870,Badagry Division,Leavenworth,94102,Septic tank backflow causing strong sewage odor indoors,6.466533,3.256231,,13/02/2026 04:03,Sanitation failure,Mosan-Okunola LCDA,Epe,Epe
PP20160225220,02/25/2016,Ngozi Okafor,Female,2.34818E+12,ngozi.okafor97@outlook.com,94870551105,Ikorodu Division,Geary,94102,Toilet overflow due to heavily blocked drain system,6.621799,3.515363,,13/02/2026 04:03,Blockage,Lekki LCDA,Ikeja,Oshodi-Isolo
PP20160923260,09/23/2016,Amaka Ibrahim,Female,2.34819E+12,amaka.ibrahim58@yahoo.com,87471517146,Ikeja Division,Hoffman,94114,Bathroom floor drain completely clogged with wastewater backup,6.659816,3.344833,,13/02/2026 04:03,Blockage,Ikorodu North LCDA,Ikorodu,Ikorodu
PP20161228754,12/28/2016,Amaka Chukwu,Female,2.34818E+12,amaka.chukwu79@outlook.com,63769431137,Ikorodu Division,Marview,94131,2nd floor: remodel existing kitchen and bathroom,6.639314,3.514429,,13/02/2026 04:03,Sanitation failure,Ikeja LCDA,Epe,Epe
PP20081014056,10/14/2008,Aisha Ajayi,Female,2.34807E+12,aisha.ajayi25@gmail.com,58160187869,Lagos Island Division,Mint,94103,Water heater pipe leakage soaking utility area,6.540304,3.373509,,13/02/2026 04:03,Leak,Ikoyi-Obalende LCDA,Epe,Ibeju-Lekki
PP20150116248,01/16/2015,Adebayo Chukwu,Male,2.34808E+12,adebayo.chukwu20@outlook.com,83234933633,Lagos Island Division,Bush,94109,pulling permit for purpoose of certifying 2 steam boilers installed by others.,6.446129,3.395109,,13/02/2026 04:03,Sanitation failure,Onigbongbo LCDA,Epe,Ibeju-Lekki
PP20171226488,12/26/2017,Bola Adeyemi,Female,2.34803E+12,bola.adeyemi11@hotmail.com,88481467482,Ikeja Division,46th,94116,Low water pressure affecting entire household supply,6.613349,3.29106,,13/02/2026 04:03,Sanitation failure,Coker-Aguda LCDA,Ikeja,Agege
PP20090303624,03/03/2009,Ifeanyi Ogunleye,Male,2.34808E+12,ifeanyi.ogunleye28@hotmail.com,78648775130,Ikorodu Division,Ellis,94102,High-pressure pipe burst affecting multiple residential buildings,6.624778,3.513564,,13/02/2026 04:03,Leak,Onigbongbo LCDA,Epe,Ibeju-Lekki
PP20190416931,04/16/2019,Femi Umeh,Male,2.34908E+12,femi.umeh54@yahoo.com,94905979053,Ikeja Division,Prentiss,94110,Public tap pipe severely damaged in residential community,6.605517,3.341188,,13/02/2026 04:03,Sanitation failure,Onigbongbo LCDA,Epe,Ibeju-Lekki
PP20160721347,07/21/2016,Ifeanyi Balogun,Male,2.34811E+12,ifeanyi.balogun56@gmail.com,87315206389,Ikeja Division,South Van Ness,94110,Underground water pipe burst near hospital entrance,6.535935,3.356315,,13/02/2026 04:03,Leak,Oto-Awori LCDA,Lagos Island,Lagos Mainland
PP20161201057,12/01/2016,Yetunde Ekanem,Female,2.34907E+12,yetunde.ekanem88@gmail.com,92999013673,Ikeja Division,Grand View,94114,High-pressure pipe burst affecting multiple residential buildings,6.565126,3.295926,,13/02/2026 04:03,Leak,Coker-Aguda LCDA,Ikeja,Agege
PP20110818387,08/18/2011,Ijeoma Ibrahim,Female,2.34903E+12,ijeoma.ibrahim51@gmail.com,29875876592,Ikorodu Division,Haight,94102,Toilet overflow due to heavily blocked drain system,6.62408,3.498797,,13/02/2026 04:03,Blockage,Ikosi-Isheri LCDA,Ikeja,Somolu
PP20191122447,11/22/2019,Opeyemi Eze,Female,2.34817E+12,opeyemi.eze50@outlook.com,53466885517,Badagry Division,Seacliff,94121,Public tap pipe severely damaged in residential community,6.455559,3.326991,,13/02/2026 04:03,Sanitation failure,Eredo LCDA,Ikeja,Mushin
PP20140819369,08/19/2014,Temitope Okafor,Female,2.34813E+12,temitope.okafor78@yahoo.com,20342649455,Badagry Division,Mission,94110,"add to pp20130802933, add extra fee. commercial kitchen island sink, 1 mob sink, 2 hand sinks, kitchen gas line, 3 floor sinks, 2 floor drains, change of use. (bldg permit 201311262884)",6.457279,3.32782,,13/02/2026 04:03,Blockage,Ifako-Ijaiye LCDA,Badagry,Badagry
PP20100806984,08/06/2010,Opeyemi Bamidele,Female,2.34807E+12,opeyemi.bamidele28@hotmail.com,82768467871,Ikeja Division,02nd,94105,Sewer overflow spreading wastewater near market area,6.551458,3.316472,,13/02/2026 04:03,Sanitation failure,Igbogbo-Baiyeku LCDA,Badagry,Ojo
PP20170119301,01/19/2017,Oluwaseun Afolabi,Male,2.34809E+12,oluwaseun.afolabi48@outlook.com,53386510938,Badagry Division,Goettingen,94134,kitchen remodel,6.463488,3.317444,,13/02/2026 04:03,Sanitation failure,Ebute-Metta LCDA,Lagos Island,Eti-Osa
PP20160815061,08/15/2016,Obinna Nnamdi,Male,2.3491E+12,obinna.nnamdi48@yahoo.com,31750394018,Lagos Island Division,Bay,94133,Severe shower pipe rupture flooding entire bathroom,6.535801,3.370829,,13/02/2026 04:03,Sanitation failure,Ikorodu North LCDA,Ikorodu,Ikorodu
PP20121121237,11/21/2012,Oluwaseun Afolabi,Male,2.34909E+12,oluwaseun.afolabi43@outlook.com,7811698982,Ikorodu Division,15th,94103,"install solar thermal collector, water storage tanks, tankler water heaters, radiant heat plumbing and panel radiators.",6.618813,3.514965,,13/02/2026 04:03,Sanitation failure,Oto-Awori LCDA,Lagos Island,Lagos Mainland
PP20180524702,05/24/2018,Yetunde Adebisi,Female,2.34905E+12,yetunde.adebisi53@gmail.com,65777795843,Epe Division,19th,94114,High-pressure pipe burst affecting multiple residential buildings,6.471996,3.595942,,13/02/2026 04:03,Leak,Egbe-Idimu LCDA,Ikeja,Ikeja
PP20101103927,11/03/2010,Femi Ojo,Male,2.34906E+12,femi.ojo77@outlook.com,62774972238,Ikeja Division,Laguna,94115,Underground water pipe burst near hospital entrance,6.58809,3.408087,,13/02/2026 04:03,Leak,Lekki LCDA,Ikeja,Oshodi-Isolo
PP20130805959,08/05/2013,Chukwudi Oladipo,Male,2.34906E+12,chukwudi.oladipo80@hotmail.com,45383212070,Badagry Division,Huntington,94132,Cracked underground pipe slowly flooding compound,6.436786,2.886943,,13/02/2026 04:03,Sanitation failure,Ifako-Ijaiye LCDA,Badagry,Badagry
PP20150925293,09/25/2015,Opeyemi Nnamdi,Female,2.34905E+12,opeyemi.nnamdi12@gmail.com,51288564654,Ikeja Division,Larkin,94109,Severe shower pipe rupture flooding entire bathroom,6.581827,3.426339,,13/02/2026 04:03,Sanitation failure,Ikotun-Ikosi LCDA,Lagos Island,Lagos Mainland
PP20090804104,08/04/2009,Yetunde Akinyemi,Female,2.3491E+12,yetunde.akinyemi43@gmail.com,21474292487,Lagos Island Division,Green,94133,installation of shower pan in master bath,6.456595,3.398692,,13/02/2026 04:03,Sanitation failure,Ifako-Ijaiye LCDA,Badagry,Badagry
PP20200113681,01/13/2020,Seyi Owolabi,Male,2.34816E+12,seyi.owolabi18@gmail.com,64815663100,Ikeja Division,South Van Ness,94110,Underground water pipe burst near hospital entrance,6.552222,3.351849,,13/02/2026 04:03,Leak,Ikeja LCDA,Epe,Epe
PP20101013472,10/13/2010,Chukwudi Owolabi,Male,2.34903E+12,chukwudi.owolabi29@hotmail.com,26468703467,Ikeja Division,Tompkins,94110,Water pipeline rupture near highway causing erosion,6.612322,3.337166,,13/02/2026 04:03,Sanitation failure,Ebute-Metta LCDA,Lagos Island,Eti-Osa
PP20120801464,08/01/2012,Femi Owolabi,Male,2.34908E+12,femi.owolabi21@outlook.com,73618535697,Lagos Island Division,Clement,94118,Underground water pipe burst near hospital entrance,6.464815,3.379635,,13/02/2026 04:03,Leak,Mosan-Okunola LCDA,Epe,Epe
PP20170320839,03/20/2017,Ijeoma Okoye,Female,2.34807E+12,ijeoma.okoye37@hotmail.com,38502055600,Badagry Division,Scott,94123,Public tap pipe severely damaged in residential community,6.430344,3.244129,,13/02/2026 04:03,Sanitation failure,Ikosi-Isheri LCDA,Ikeja,Somolu
PP20180416593,04/16/2018,Abdulrahman Ibrahim,Male,2.34906E+12,abdulrahman.ibrahim83@outlook.com,44066565914,Ikeja Division,Gough,94109,Flooding due to collapsed drainage system after rainfall,6.653461,3.324352,,13/02/2026 04:03,Blockage,Oto-Awori LCDA,Lagos Island,Lagos Mainland
PP20140804957,08/04/2014,Ifeanyi Nnamdi,Male,2.34907E+12,ifeanyi.nnamdi16@yahoo.com,61428906934,Badagry Division,Staples,94112,new full bathroom in basement.,6.420025,2.876093,,13/02/2026 04:03,Sanitation failure,Yaba LCDA,Ikeja,Alimosho
PP20160929403,09/29/2016,Aisha Ojo,Female,2.34807E+12,aisha.ojo92@yahoo.com,4751180175,Lagos Island Division,Van Buren,94131,Cracked underground pipe slowly flooding compound,6.482632,3.361493,,13/02/2026 04:03,Sanitation failure,Egbe-Idimu LCDA,Ikeja,Ikeja
PP20110422687,04/22/2011,Opeyemi Owolabi,Female,2.34817E+12,opeyemi.owolabi90@outlook.com,22819465092,Ikeja Division,Moreland,94131,Flooding due to collapsed drainage system after rainfall,6.678425,3.31165,,13/02/2026 04:03,Blockage,Ikorodu West LCDA,Ikorodu,Ikorodu
PP20080424120,04/24/2008,Chinedu Owolabi,Male,2.34909E+12,chinedu.owolabi28@yahoo.com,42247977584,Badagry Division,Broadway,94123,Septic tank backflow causing strong sewage odor indoors,6.458202,3.258173,,13/02/2026 04:03,Sanitation failure,Badagry Central LCDA,Badagry,Ajeromi-Ifelodun
PP20140506485,05/06/2014,Chisom Nwosu,Female,2.34804E+12,chisom.nwosu69@gmail.com,96030915085,Ikeja Division,Pacific,94109,Severe shower pipe rupture flooding entire bathroom,6.563141,3.320285,,13/02/2026 04:03,Sanitation failure,Ebute-Metta LCDA,Lagos Island,Eti-Osa
PP20190917454,09/17/2019,Kelechi Ibrahim,Male,2.34807E+12,kelechi.ibrahim76@yahoo.com,79971127741,Lagos Island Division,Vienna,94112,Water main leakage along roadside causing traffic obstruction,6.47082,3.355439,,13/02/2026 04:03,Leak,Iba LCDA,Ikeja,Agege
PP20101208625,12/08/2010,Yetunde Yakubu,Female,2.34813E+12,yetunde.yakubu98@gmail.com,33639511401,Badagry Division,Lombard,94109,install new peerless lc6 lonox compliant steam boiler.,6.451096,3.245836,,13/02/2026 04:03,Sanitation failure,Lekki LCDA,Ikeja,Oshodi-Isolo
PP20191004024,10/04/2019,Ayomide Balogun,Male,2.34812E+12,ayomide.balogun40@outlook.com,28864117265,Ikeja Division,Hyde,94109,Water heater pipe leakage soaking utility area,6.66982,3.343929,,13/02/2026 04:03,Leak,Odi-Olowo/Ojuwoye LCDA,Lagos Island,Lagos Island
PP20140905829,09/05/2014,Ayomide Owolabi,Male,2.34809E+12,ayomide.owolabi87@gmail.com,52530782000,Ikeja Division,Leavenworth,94109,Toilet overflow due to heavily blocked drain system,6.59555,3.28639,,13/02/2026 04:03,Blockage,Eredo LCDA,Ikeja,Mushin
PP20100910757,09/10/2010,Chisom Ekanem,Female,2.34815E+12,chisom.ekanem61@outlook.com,89429898540,Lagos Island Division,Jamestown,94124,Open manhole with visible sewage leakage on street,6.462572,3.3692,,13/02/2026 04:03,Leak,Orile-Agege LCDA,Ikeja,Kosofe
PP20141201194,12/01/2014,Ngozi Okafor,Female,2.34811E+12,ngozi.okafor29@hotmail.com,54862451689,Epe Division,Franklin,94109,job b3148: rmeove and replace domestic boiler.,6.466369,3.593544,,13/02/2026 04:03,Sanitation failure,Ikeja LCDA,Epe,Epe
PP20081107176,11/07/2008,Aisha Ekanem,Female,2.34816E+12,aisha.ekanem61@outlook.com,84785332895,Badagry Division,Justin,94112,Sewer overflow spreading wastewater near market area,6.470112,3.348303,,13/02/2026 04:03,Sanitation failure,Ikeja LCDA,Epe,Epe
PP20080604244,06/04/2008,Ngozi Yakubu,Female,2.34907E+12,ngozi.yakubu80@yahoo.com,71312188564,Badagry Division,Mission,94103,repair damaged street trap,6.467445,3.343556,,13/02/2026 04:03,Sanitation failure,Badagry Central LCDA,Badagry,Ajeromi-Ifelodun
PP20180719303,07/19/2018,Uche Mohammed,Male,2.34803E+12,uche.mohammed14@gmail.com,90337420047,Badagry Division,Fulton,94117,Flooding due to collapsed drainage system after rainfall,6.49312,3.339281,,13/02/2026 04:03,Blockage,Ayobo-Ipaja LCDA,Badagry,Ojo
PP20171213131,12/13/2017,Ngozi Oladipo,Female,2.34904E+12,ngozi.oladipo13@outlook.com,89914327114,Ikeja Division,Carl,94117,Septic tank backflow causing strong sewage odor indoors,6.602293,3.358724,,13/02/2026 04:03,Sanitation failure,Ifako-Ijaiye LCDA,Badagry,Badagry
PP20190410812,04/10/2019,Ijeoma Ajayi,Female,2.34817E+12,ijeoma.ajayi28@yahoo.com,99906819081,Lagos Island Division,Pizarro,94112,Toilet overflow due to heavily blocked drain system,6.450447,3.41858,,13/02/2026 04:03,Blockage,Eredo LCDA,Ikeja,Mushin
PP20080215094,02/15/2008,Tunde Ogunleye,Male,2.34907E+12,tunde.ogunleye93@outlook.com,87603650617,Badagry Division,16th,94116,"remodel bathroom, one shower pan",6.462801,3.180271,,13/02/2026 04:03,Sanitation failure,Odi-Olowo/Ojuwoye LCDA,Lagos Island,Lagos Island
PP20120507388,05/07/2012,Opeyemi Adebisi,Female,2.34811E+12,opeyemi.adebisi38@yahoo.com,13572550508,Ikeja Division,Faxon,94112,Water heater pipe leakage soaking utility area,6.574943,3.427672,,13/02/2026 04:03,Leak,Agboyi-Ketu LCDA,Lagos Island,Surulere
PP20141202211,12/02/2014,Oluwaseun Yakubu,Male,2.34909E+12,oluwaseun.yakubu46@yahoo.com,34008599545,Ikeja Division,Market,94103,Cracked underground pipe slowly flooding compound,6.678472,3.323626,,13/02/2026 04:03,Sanitation failure,Ikotun-Ikosi LCDA,Lagos Island,Lagos Mainland
PP20191206781,12/06/2019,Ngozi Ogunleye,Female,2.34814E+12,ngozi.ogunleye70@hotmail.com,76688805479,Ikeja Division,San Jose,94112,Underground water pipe burst near hospital entrance,6.559365,3.293014,,13/02/2026 04:03,Leak,Mosan-Okunola LCDA,Epe,Epe
PP20190529201,05/29/2019,Seyi Owolabi,Male,2.34819E+12,seyi.owolabi56@gmail.com,77499036164,Lagos Island Division,Wisconsin,94107,Severe shower pipe rupture flooding entire bathroom,6.52625,3.383728,,13/02/2026 04:03,Sanitation failure,Iba LCDA,Ikeja,Agege
PP20140129763,01/29/2014,Aisha Okafor,Female,2.34909E+12,aisha.okafor98@hotmail.com,55496308688,Epe Division,Beach,94123,Open manhole with visible sewage leakage on street,6.487073,3.577292,,13/02/2026 04:03,Leak,Odi-Olowo/Ojuwoye LCDA,Lagos Island,Lagos Island
PP20150611465,06/11/2015,Temitope Okoye,Female,2.34901E+12,temitope.okoye79@hotmail.com,61138683867,Ikeja Division,Brentwood,94127,Open manhole with visible sewage leakage on street,6.514516,3.345646,,13/02/2026 04:03,Leak,Isolo LCDA,Ikeja,Ikeja
PP20150921116,09/21/2015,Amaka Abiola,Female,2.34901E+12,amaka.abiola58@outlook.com,8707427274,Lagos Island Division,Agua,94127,kitchen remodel,6.440734,3.408067,,13/02/2026 04:03,Sanitation failure,Yaba LCDA,Ikeja,Alimosho
PP20080915704,09/15/2008,Amaka Bamidele,Female,2.34901E+12,amaka.bamidele27@yahoo.com,72955346072,Ikeja Division,Market,94111,Toilet overflow due to heavily blocked drain system,6.598786,3.419902,,13/02/2026 04:03,Blockage,Amuwo-Odofin LCDA,Ikeja,Ifako-Ijaiye
PP20150316838,03/16/2015,Tunde Adeyemi,Male,2.34907E+12,tunde.adeyemi98@hotmail.com,68199604644,Epe Division,Mission,94103,Underground water pipe burst near hospital entrance,6.482213,3.58634,,13/02/2026 04:03,Leak,Badagry Central LCDA,Badagry,Ajeromi-Ifelodun
PP20170815902,08/15/2017,Ijeoma Nwosu,Female,2.34808E+12,ijeoma.nwosu31@outlook.com,59959199820,Ikeja Division,Market,94102,Toilet overflow due to heavily blocked drain system,6.668849,3.32527,,13/02/2026 04:03,Blockage,Badagry West LCDA,Ikeja,Kosofe
PP20080416805,04/16/2008,Kelechi Ojo,Male,2.34811E+12,kelechi.ojo85@gmail.com,8561012273,Lagos Island Division,Presidio,94115,Water main leakage along roadside causing traffic obstruction,6.493796,3.345322,,13/02/2026 04:03,Leak,Ojokoro LCDA,Badagry,Amuwo-Odofin
PP20110804026,08/04/2011,Seyi Ekanem,Male,2.34803E+12,seyi.ekanem69@outlook.com,1818433217,Badagry Division,Vallejo,94123,Toilet overflow due to heavily blocked drain system,6.463643,3.182597,,13/02/2026 04:03,Blockage,Ifako-Ijaiye LCDA,Badagry,Badagry
PP20130213236,02/13/2013,Olamide Nnamdi,Male,2.34808E+12,olamide.nnamdi75@yahoo.com,58107741947,Badagry Division,Fulton,94118,Low water pressure affecting entire household supply,6.422454,2.885935,,13/02/2026 04:03,Sanitation failure,Egbe-Idimu LCDA,Ikeja,Ikeja
PP20121114082,11/14/2012,Zainab Okoye,Female,2.3481E+12,zainab.okoye73@yahoo.com,31228206059,Lagos Island Division,Gough,94109,Severe shower pipe rupture flooding entire bathroom,6.495273,3.352088,,13/02/2026 04:03,Sanitation failure,Ebute-Metta LCDA,Lagos Island,Eti-Osa
PP20171018656,10/18/2017,Ayomide Ogunleye,Male,2.34904E+12,ayomide.ogunleye67@outlook.com,36665672498,Ikeja Division,Vienna,94112,Public tap pipe severely damaged in residential community,6.602522,3.358882,,13/02/2026 04:03,Sanitation failure,Ojokoro LCDA,Badagry,Amuwo-Odofin
PP20120926831,09/26/2012,Ayomide Balogun,Male,2.34908E+12,ayomide.balogun39@outlook.com,75894184773,Lagos Island Division,Ocean,94127,Sudden burst water pipe inside bathroom wall causing flooding,6.512967,3.380075,,13/02/2026 04:03,Leak,Ikorodu North LCDA,Ikorodu,Ikorodu
PP20080228474,02/28/2008,Kelechi Nnamdi,Male,2.34819E+12,kelechi.nnamdi19@gmail.com,30484455704,Ikeja Division,Divisadero,94117,shower pan inspection,6.58563,3.409519,,13/02/2026 04:03,Sanitation failure,Ikorodu North LCDA,Ikorodu,Ikorodu
PP20140404697,04/04/2014,Opeyemi Chukwu,Female,2.34904E+12,opeyemi.chukwu55@outlook.com,82669262577,Ikeja Division,Jackson,94109,Sudden burst water pipe inside bathroom wall causing flooding,6.609621,3.338306,,13/02/2026 04:03,Leak,Egbe-Idimu LCDA,Ikeja,Ikeja
PP20160919092,09/19/2016,Amaka Okoye,Female,2.34806E+12,amaka.okoye67@hotmail.com,51022631167,Lagos Island Division,Curtis,94112,Minor kitchen sink pipe leakage under cabinet,6.442766,3.398199,,13/02/2026 04:03,Leak,Ifako-Agege LCDA,Ikeja,Mushin
PP20080516738,05/16/2008,Tunde Owolabi,Male,2.34808E+12,tunde.owolabi94@yahoo.com,41209369823,Ikeja Division,Beale,94105,Open manhole with visible sewage leakage on street,6.574346,3.427329,,13/02/2026 04:03,Leak,Ikotun-Ikosi LCDA,Lagos Island,Lagos Mainland
PP20160303408,03/03/2016,Olamide Nwosu,Male,2.34804E+12,olamide.nwosu60@yahoo.com,50494988023,Ikeja Division,Eastman,94109,Toilet overflow due to heavily blocked drain system,6.638878,3.327392,,13/02/2026 04:03,Blockage,Badagry West LCDA,Ikeja,Kosofe
PP20180424827,04/24/2018,Ngozi Akinyemi,Female,2.34808E+12,ngozi.akinyemi67@hotmail.com,8142331171,Badagry Division,28th,94131,Open manhole with visible sewage leakage on street,6.455342,3.242733,,13/02/2026 04:03,Leak,Agboyi-Ketu LCDA,Lagos Island,Surulere
PP20110309547,03/09/2011,Ifeanyi Bamidele,Male,2.34807E+12,ifeanyi.bamidele11@yahoo.com,96009228132,Epe Division,48th,94121,Toilet overflow due to heavily blocked drain system,6.59441,3.970947,,13/02/2026 04:03,Blockage,Ifako-Agege LCDA,Ikeja,Mushin
PP20110325986,03/25/2011,Adaeze Afolabi,Female,2.34813E+12,adaeze.afolabi27@gmail.com,65871207131,Badagry Division,Pine,94115,Sudden burst water pipe inside bathroom wall causing flooding,6.419806,2.87627,,13/02/2026 04:03,Leak,Amuwo-Odofin LCDA,Ikeja,Ifako-Ijaiye
PP20111206914,12/06/2011,Uche Adeyemi,Male,2.34814E+12,uche.adeyemi95@gmail.com,12947914329,Ikeja Division,California,94109,Sudden burst water pipe inside bathroom wall causing flooding,6.59973,3.34119,,13/02/2026 04:03,Leak,Ikorodu North LCDA,Ikorodu,Ikorodu
PP20170410433,04/10/2017,Uche Ekanem,Male,2.34807E+12,uche.ekanem44@yahoo.com,58710741907,Ikeja Division,Duboce,94117,Severe shower pipe rupture flooding entire bathroom,6.617224,3.28663,,13/02/2026 04:03,Sanitation failure,Ikosi-Isheri LCDA,Ikeja,Somolu
PP20110311630,03/11/2011,Femi Abiola,Male,2.34909E+12,femi.abiola65@hotmail.com,75445416360,Epe Division,Wayne,94133,Sudden burst water pipe inside bathroom wall causing flooding,6.58952,3.980159,,13/02/2026 04:03,Leak,Badagry West LCDA,Ikeja,Kosofe
PP20130708227,07/08/2013,Amaka Afolabi,Female,2.34809E+12,amaka.afolabi91@outlook.com,51229047796,Ikeja Division,14th,94103,Sudden burst water pipe inside bathroom wall causing flooding,6.668655,3.330078,,13/02/2026 04:03,Leak,Ikorodu North LCDA,Ikorodu,Ikorodu
PP20080313879,03/13/2008,Ifeanyi Ogunleye,Male,2.34817E+12,ifeanyi.ogunleye82@hotmail.com,67746135921,Ikeja Division,San Pablo,94127,Septic tank backflow causing strong sewage odor indoors,6.545982,3.310204,,13/02/2026 04:03,Sanitation failure,Bariga LCDA,Badagry,Amuwo-Odofin
PP20170911598,09/11/2017,Ngozi Yakubu,Female,2.34905E+12,ngozi.yakubu81@gmail.com,3129592232,Lagos Island Division,Williams,94124,"to erect 3 stories, single family dwelling - underground, rough, finish. all plumbing work",6.539703,3.371419,,13/02/2026 04:03,Sanitation failure,Epe LCDA,Badagry,Ajeromi-Ifelodun
PP20191015292,10/15/2019,Chinedu Ibrahim,Male,2.34808E+12,chinedu.ibrahim17@gmail.com,58712724818,Badagry Division,Hattie,94114,Underground water pipe burst near hospital entrance,6.478418,3.348281,,13/02/2026 04:03,Leak,Bariga LCDA,Badagry,Amuwo-Odofin
PP20191001888,10/01/2019,Ifeanyi Adebisi,Male,2.34806E+12,ifeanyi.adebisi22@outlook.com,94837724905,Badagry Division,26th,94122,new fixtures in kitchen & bathroom.,6.452838,3.168449,,13/02/2026 04:03,Sanitation failure,Surulere LCDA,Lagos Island,Apapa
PP20180803683,08/03/2018,Oluwaseun Umeh,Male,2.3481E+12,oluwaseun.umeh30@gmail.com,80165921699,Ikeja Division,De Haro,94107,Major pipe burst near primary school disrupting access road,6.53032,3.349126,,13/02/2026 04:03,Leak,Ojodu LCDA,Lagos Island,Eti-Osa
PP20080617684,06/17/2008,Abdulrahman Adebisi,Male,2.34817E+12,abdulrahman.adebisi46@gmail.com,45863823929,Ikeja Division,Van Ness,94109,add 1 each fire sprinkler to existing computer room.,6.572286,3.308448,,13/02/2026 04:03,Sanitation failure,Ikorodu West LCDA,Ikorodu,Ikorodu
PP20140207996,02/07/2014,Zainab Oladipo,Female,2.34807E+12,zainab.oladipo61@gmail.com,20438325943,Epe Division,25th,94110,Underground water pipe burst near hospital entrance,6.575978,3.972128,,13/02/2026 04:03,Leak,Amuwo-Odofin LCDA,Ikeja,Ifako-Ijaiye
PP20111213064,12/13/2011,Zainab Danladi,Female,2.34818E+12,zainab.danladi57@yahoo.com,2397878900,Ikeja Division,Columbus,94133,Water main leakage along roadside causing traffic obstruction,6.564499,3.302388,,13/02/2026 04:03,Leak,Badagry Central LCDA,Badagry,Ajeromi-Ifelodun
PP20130610462,06/10/2013,Chukwudi Oladipo,Male,2.34908E+12,chukwudi.oladipo87@gmail.com,23196853505,Badagry Division,Jackson,94115,"new kitchen sink & dishwasher, remodel 2 bathrooms",6.450438,3.259558,,13/02/2026 04:03,Sanitation failure,Ikeja LCDA,Epe,Epe
PP20080918889,09/18/2008,Abdulrahman Bamidele,Male,2.34905E+12,abdulrahman.bamidele60@hotmail.com,32587785760,Badagry Division,Lobos,94112,Open manhole with visible sewage leakage on street,6.445157,3.249541,,13/02/2026 04:03,Leak,Ikeja LCDA,Epe,Epe
PP20180831487,08/31/2018,Olamide Ojo,Male,2.34903E+12,olamide.ojo95@hotmail.com,53229706930,Badagry Division,26th,94116,plumbing work for walk-in tub installation.,6.460834,3.189833,,13/02/2026 04:03,Sanitation failure,Mosan-Okunola LCDA,Epe,Epe
PP20080602153,06/02/2008,Ayomide Okoye,Male,2.34903E+12,ayomide.okoye84@yahoo.com,16905326845,Ikeja Division,Westwood,94112,"final inspection for three bathrooms, kitchen, laundry & furnace.",6.675707,3.326399,,13/02/2026 04:03,Sanitation failure,Ikotun-Ikosi LCDA,Lagos Island,Lagos Mainland
PP20120814794,08/14/2012,Opeyemi Nwosu,Female,2.34818E+12,opeyemi.nwosu54@hotmail.com,69552246512,Ikeja Division,06th,94103,replace 2x120gal storage tanks.,6.583936,3.412982,,13/02/2026 04:03,Sanitation failure,Egbe-Idimu LCDA,Ikeja,Ikeja
PP20120125976,01/25/2012,Ayomide Nnamdi,Male,2.34906E+12,ayomide.nnamdi18@hotmail.com,46592649351,Lagos Island Division,Harrison,94105,Low water pressure affecting entire household supply,6.482124,3.363376,,13/02/2026 04:03,Sanitation failure,Surulere LCDA,Lagos Island,Apapa
PP20110426774,04/26/2011,Opeyemi Adebisi,Female,2.34819E+12,opeyemi.adebisi25@outlook.com,61671762601,Ikorodu Division,Lexington,94110,"relocate kitchen, add new bathroom and add a toilet room.",6.638322,3.501663,,13/02/2026 04:03,Sanitation failure,Lekki LCDA,Ikeja,Oshodi-Isolo
PP20100803882,08/03/2010,Abdulrahman Danladi,Male,2.34814E+12,abdulrahman.danladi40@gmail.com,48045241724,Epe Division,Fillmore,94123,Flooding due to collapsed drainage system after rainfall,6.46227,3.576293,,13/02/2026 04:03,Blockage,Yaba LCDA,Ikeja,Alimosho
PP20150224296,02/24/2015,Olamide Afolabi,Male,2.34906E+12,olamide.afolabi14@outlook.com,4081582506,Ikeja Division,Bush,94109,Severe shower pipe rupture flooding entire bathroom,6.677046,3.333085,,13/02/2026 04:03,Sanitation failure,Coker-Aguda LCDA,Ikeja,Agege
PP20160818184,08/18/2016,Oluwaseun Oladipo,Male,2.34807E+12,oluwaseun.oladipo56@outlook.com,14406336905,Ikeja Division,Rosewood,94127,Low water pressure affecting entire household supply,6.525715,3.34542,,13/02/2026 04:03,Sanitation failure,Badagry Central LCDA,Badagry,Ajeromi-Ifelodun
PP20180926229,09/26/2018,Chioma Ibrahim,Female,2.34807E+12,chioma.ibrahim27@outlook.com,5919076114,Epe Division,Marina,94123,"renew permit #pp20170727376, and add (1) gas line installation.",6.584924,3.967954,,13/02/2026 04:03,Sanitation failure,Surulere LCDA,Lagos Island,Apapa
PP20110110239,01/10/2011,Zainab Akinyemi,Female,2.34909E+12,zainab.akinyemi29@outlook.com,33809827492,Badagry Division,Hyde,94102,Bathroom floor drain completely clogged with wastewater backup,6.462434,3.191715,,13/02/2026 04:03,Blockage,Ifako-Agege LCDA,Ikeja,Mushin
PP20170710808,07/10/2017,Obinna Balogun,Male,2.3491E+12,obinna.balogun11@hotmail.com,88722992518,Ikorodu Division,Clayton,94117,Persistent dripping tap in kitchen wasting water daily,6.606888,3.495175,,13/02/2026 04:03,Sanitation failure,Ayobo-Ipaja LCDA,Badagry,Ojo
PP20091020767,10/20/2009,Ayomide Eze,Male,2.34902E+12,ayomide.eze39@yahoo.com,19793340359,Ikeja Division,Santa Rosa,94112,(1) sub pump,6.569394,3.301982,,13/02/2026 04:03,Sanitation failure,Ikosi-Isheri LCDA,Ikeja,Somolu
PP20140814224,08/14/2014,Emeka Danladi,Male,2.34804E+12,emeka.danladi73@yahoo.com,12328544181,Lagos Island Division,Filbert,94123,remodel bathroom and kitchen,6.535759,3.37766,,13/02/2026 04:03,Sanitation failure,Surulere LCDA,Lagos Island,Apapa
PP20190228560,02/28/2019,Zainab Danladi,Female,2.34902E+12,zainab.danladi84@gmail.com,46274922223,Badagry Division,Scott,94117,unit #2: 1)rehabilitate extg bathroom and kitchen 2)install washer/dryer,6.41338,2.889384,,13/02/2026 04:03,Sanitation failure,Coker-Aguda LCDA,Ikeja,Agege
PP20151113535,11/13/2015,Adebayo Ekanem,Male,2.34809E+12,adebayo.ekanem62@hotmail.com,90299477885,Badagry Division,Green,94133,Severe shower pipe rupture flooding entire bathroom,6.44116,3.251325,,13/02/2026 04:03,Sanitation failure,Ifako-Ijaiye LCDA,Badagry,Badagry
PP20141110669,11/10/2014,Yetunde Balogun,Female,2.34903E+12,yetunde.balogun25@hotmail.com,96322176759,Lagos Island Division,Pacific,94115,Flooding due to collapsed drainage system after rainfall,6.520585,3.365995,,13/02/2026 04:03,Blockage,Agbado-Oke Odo LCDA,Lagos Island,Apapa
PP20110110256,01/10/2011,Olamide Mohammed,Male,2.34807E+12,olamide.mohammed70@hotmail.com,94071087842,Ikeja Division,Pacific,94118,Open manhole with visible sewage leakage on street,6.556975,3.305467,,13/02/2026 04:03,Leak,Bariga LCDA,Badagry,Amuwo-Odofin
PP20190829957,08/29/2019,Ngozi Nnamdi,Female,2.34905E+12,ngozi.nnamdi90@yahoo.com,73083192585,Lagos Island Division,Rousseau,94112,to renew expired # pp20170906487---(1st floor: new fire sprinkler system),6.43153,3.409798,,13/02/2026 04:03,Sanitation failure,Ikosi-Isheri LCDA,Ikeja,Somolu
PP20120907392,09/07/2012,Chisom Nwosu,Female,2.34806E+12,chisom.nwosu53@outlook.com,30162153088,Ikeja Division,Santa Rita,94116,Sudden burst water pipe inside bathroom wall causing flooding,6.543214,3.363367,,13/02/2026 04:03,Leak,Coker-Aguda LCDA,Ikeja,Agege
PP20130325325,03/25/2013,Kunle Yakubu,Male,2.34906E+12,kunle.yakubu70@outlook.com,47565622929,Lagos Island Division,Geary,94102,Minor kitchen sink pipe leakage under cabinet,6.506542,3.357746,,13/02/2026 04:03,Leak,Agboyi-Ketu LCDA,Lagos Island,Surulere
PP20190529176,05/29/2019,Adebayo Chukwu,Male,2.34904E+12,adebayo.chukwu39@hotmail.com,50883166572,Epe Division,Landers,94114,"remodel (e) master bathroom. replaxe fixtures, new shower pan.",6.452708,3.604529,,13/02/2026 04:03,Sanitation failure,Oto-Awori LCDA,Lagos Island,Lagos Mainland
PP20150623721,06/23/2015,Adaeze Ibrahim,Female,2.34817E+12,adaeze.ibrahim20@outlook.com,19027761267,Lagos Island Division,Leavenworth,94109,unit 5 - remodel kitchen and bathroom with new fixture,6.453489,3.387212,,13/02/2026 04:03,Sanitation failure,Apapa-Iganmu LCDA,Ikeja,Ifako-Ijaiye
PP20131008837,10/08/2013,Tunde Umeh,Male,2.34818E+12,tunde.umeh79@yahoo.com,85928438919,Ikorodu Division,Cesar Chavez,94110,Persistent dripping tap in kitchen wasting water daily,6.623568,3.522171,,13/02/2026 04:03,Sanitation failure,Oriade LCDA,Lagos Island,Lagos Island
PP20120501253,05/01/2012,Chioma Mohammed,Female,2.34803E+12,chioma.mohammed38@hotmail.com,35594964507,Ikeja Division,18th,94121,Water main leakage along roadside causing traffic obstruction,6.527069,3.367386,,13/02/2026 04:03,Leak,Ikotun-Ikosi LCDA,Lagos Island,Lagos Mainland
PP20180129291,01/29/2018,Kelechi Chukwu,Male,2.34806E+12,kelechi.chukwu88@gmail.com,44955733287,Badagry Division,Anza,94118,"relocate sewer and water lines at 2 bathrooms, install new hydronic heating system, install plumbing fixtures.",6.42583,2.874236,,13/02/2026 04:03,Sanitation failure,Ikoyi-Obalende LCDA,Epe,Ibeju-Lekki
PP20151109399,11/09/2015,Chioma Afolabi,Female,2.34904E+12,chioma.afolabi15@hotmail.com,47548879285,Epe Division,Post,94109,Flooding due to collapsed drainage system after rainfall,6.577262,3.993175,,13/02/2026 04:03,Blockage,Oriade LCDA,Lagos Island,Lagos Island
PP20131216753,12/16/2013,Abdulrahman Afolabi,Male,2.34815E+12,abdulrahman.afolabi85@outlook.com,80053442805,Ikeja Division,29th,94131,"repair/replace waste water pipe to comply with complaint # 201334672, issued 11/6/13 and extended to 12/18/13",6.588374,3.334505,,13/02/2026 04:03,Sanitation failure,Eredo LCDA,Ikeja,Mushin
PP20080728853,07/28/2008,Ijeoma Danladi,Female,2.34807E+12,ijeoma.danladi89@yahoo.com,11891876789,Ikeja Division,Guerrero,94103,Bathroom floor drain completely clogged with wastewater backup,6.594692,3.290234,,13/02/2026 04:03,Blockage,Badagry Central LCDA,Badagry,Ajeromi-Ifelodun
PP20130820464,08/20/2013,Chioma Abiola,Female,2.34903E+12,chioma.abiola47@yahoo.com,82907934556,Lagos Island Division,Taraval,94116,Bathroom floor drain completely clogged with wastewater backup,6.521412,3.375618,,13/02/2026 04:03,Blockage,Surulere LCDA,Lagos Island,Apapa
PP20120224698,02/24/2012,Chisom Ajayi,Female,2.34902E+12,chisom.ajayi82@yahoo.com,92181893029,Ikeja Division,21st,94110,Open manhole with visible sewage leakage on street,6.603477,3.284029,,13/02/2026 04:03,Leak,Eredo LCDA,Ikeja,Mushin
PP20120514601,05/14/2012,Adaeze Bamidele,Female,2.3481E+12,adaeze.bamidele63@hotmail.com,13195904803,Badagry Division,Baker,94123,Severe shower pipe rupture flooding entire bathroom,6.483919,3.201675,,13/02/2026 04:03,Sanitation failure,Odi-Olowo/Ojuwoye LCDA,Lagos Island,Lagos Island
PP20180129309,01/29/2018,Oluwaseun Eze,Male,2.34813E+12,oluwaseun.eze16@yahoo.com,11414042130,Epe Division,Webster,94115,Toilet overflow due to heavily blocked drain system,6.458379,3.600821,,13/02/2026 04:03,Blockage,Igbogbo-Baiyeku LCDA,Badagry,Ojo
PP20170426852,04/26/2017,Adaeze Ibrahim,Female,2.34808E+12,adaeze.ibrahim49@outlook.com,20740186201,Lagos Island Division,Clay,94109,High-pressure pipe burst affecting multiple residential buildings,6.492905,3.362092,,13/02/2026 04:03,Leak,Oriade LCDA,Lagos Island,Lagos Island
PP20100219168,02/19/2010,Chioma Yakubu,Female,2.34814E+12,chioma.yakubu33@outlook.com,67439346630,Ikeja Division,Capp,94110,Open manhole with visible sewage leakage on street,6.614867,3.329403,,13/02/2026 04:03,Leak,Ikorodu North LCDA,Ikorodu,Ikorodu
PP20150508452,05/08/2015,Kunle Owolabi,Male,2.34809E+12,kunle.owolabi50@outlook.com,46367114230,Lagos Island Division,New Montgomery,94105,Cracked underground pipe slowly flooding compound,6.534239,3.380459,,13/02/2026 04:03,Sanitation failure,Lekki LCDA,Ikeja,Oshodi-Isolo
PP20130531206,05/31/2013,Temitope Ojo,Female,2.3481E+12,temitope.ojo48@yahoo.com,33321372510,Badagry Division,Monterey,94131,Sudden burst water pipe inside bathroom wall causing flooding,6.410234,2.871954,,13/02/2026 04:03,Leak,Amuwo-Odofin LCDA,Ikeja,Ifako-Ijaiye
PP20191021474,10/21/2019,Adebayo Akinyemi,Male,2.3481E+12,adebayo.akinyemi92@outlook.com,65936513875,Ikeja Division,Plymouth,94112,Water main leakage along roadside causing traffic obstruction,6.606564,3.319586,,13/02/2026 04:03,Leak,Ikorodu North LCDA,Ikorodu,Ikorodu
PP20140113370,01/13/2014,Amaka Mohammed,Female,2.34909E+12,amaka.mohammed78@yahoo.com,6072845358,Lagos Island Division,Sears,94112,remove bath tub. restore washer and dryer machine per approved plan. remove illegal stove and sink,6.454222,3.382733,,13/02/2026 04:03,Sanitation failure,Odi-Olowo/Ojuwoye LCDA,Lagos Island,Lagos Island
PP20180308465,03/08/2018,Yetunde Chukwu,Female,2.34906E+12,yetunde.chukwu68@gmail.com,61587045830,Badagry Division,34th,94116,Minor kitchen sink pipe leakage under cabinet,6.412344,2.898701,,13/02/2026 04:03,Leak,Yaba LCDA,Ikeja,Alimosho
PP20080421962,04/21/2008,Amaka Ekanem,Female,2.34905E+12,amaka.ekanem34@gmail.com,58569312016,Badagry Division,Masonic,94117,Minor kitchen sink pipe leakage under cabinet,6.472993,3.182677,,13/02/2026 04:03,Leak,Mosan-Okunola LCDA,Epe,Epe
PP20160613256,06/13/2016,Chukwudi Oladipo,Male,2.34904E+12,chukwudi.oladipo33@yahoo.com,88806688094,Ikeja Division,Buchanan,94102,Major pipe burst near primary school disrupting access road,6.600929,3.370299,,13/02/2026 04:03,Leak,Ikeja LCDA,Epe,Epe
PP20170807638,08/07/2017,Seyi Mohammed,Male,2.34903E+12,seyi.mohammed52@outlook.com,15156503246,Badagry Division,De Montfort,94112,Minor kitchen sink pipe leakage under cabinet,6.471908,3.330022,,13/02/2026 04:03,Leak,Ikosi-Isheri LCDA,Ikeja,Somolu
PP20080620803,06/20/2008,Chisom Ekanem,Female,2.34817E+12,chisom.ekanem63@yahoo.com,20855308969,Ikeja Division,25th,94114,"1 kitchen sink, 1 shower, 1 bathtub, 1 laundry tray, 1 cwm, 3 toilets, 4 lavatories, 1 area drain, 1 lightwell drain, 1 cathbasin, 1 sump, 1 ice make, 2 hosebibbs, 2 trap primeus, 2 back flow preventer (valves) 1 range, 1 furnace, 1 fire place, 1 dry (gas lines) 1 water heater.",6.51304,3.358539,,13/02/2026 04:03,Blockage,Ayobo-Ipaja LCDA,Badagry,Ojo
PP20110419558,04/19/2011,Kelechi Mohammed,Male,2.34816E+12,kelechi.mohammed88@yahoo.com,66677273643,Ikeja Division,Eddy,94109,Public tap pipe severely damaged in residential community,6.561893,3.301783,,13/02/2026 04:03,Sanitation failure,Surulere LCDA,Lagos Island,Apapa
PP20181121874,11/21/2018,Amaka Nnamdi,Female,2.34817E+12,amaka.nnamdi35@yahoo.com,35147146498,Ikorodu Division,Geary,94102,Bathroom floor drain completely clogged with wastewater backup,6.622312,3.506864,,13/02/2026 04:03,Blockage,Oriade LCDA,Lagos Island,Lagos Island
PP20140627874,06/27/2014,Ifeanyi Ekanem,Male,2.34809E+12,ifeanyi.ekanem70@yahoo.com,87812349193,Badagry Division,Broadway,94123,remodeling one bathroom.,6.41316,2.860122,,13/02/2026 04:03,Sanitation failure,Ayobo-Ipaja LCDA,Badagry,Ojo
PP20170821043,08/21/2017,Yetunde Afolabi,Female,2.34903E+12,yetunde.afolabi84@gmail.com,34505821717,Ikeja Division,Duboce,94103,install water heater,6.551382,3.317794,,13/02/2026 04:03,Sanitation failure,Badagry Central LCDA,Badagry,Ajeromi-Ifelodun
PP20171023746,10/23/2017,Yetunde Owolabi,Female,2.3481E+12,yetunde.owolabi88@hotmail.com,93830704625,Ikeja Division,Precita,94110,Minor kitchen sink pipe leakage under cabinet,6.547286,3.308625,,13/02/2026 04:03,Leak,Ikorodu North LCDA,Ikorodu,Ikorodu
PP20090406407,04/06/2009,Chisom Adebisi,Female,2.34808E+12,chisom.adebisi18@yahoo.com,5413659581,Ikeja Division,Downey,94117,shower pan inspection for 2 individual showers,6.54604,3.311704,,13/02/2026 04:03,Sanitation failure,Iba LCDA,Ikeja,Agege
PP20160211822,02/11/2016,Tunde Nwosu,Male,2.34815E+12,tunde.nwosu38@outlook.com,1289846291,Ikeja Division,Corbett,94131,"13r fire sprinkler system in entire house and run 2"" dedicated fire service.",6.581135,3.407308,,13/02/2026 04:03,Sanitation failure,Ifako-Ijaiye LCDA,Badagry,Badagry
PP20190227515,02/27/2019,Yetunde Oladipo,Female,2.34906E+12,yetunde.oladipo90@hotmail.com,55409169149,Ikeja Division,Terra Vista,94115,Sewer overflow spreading wastewater near market area,6.683126,3.337889,,13/02/2026 04:03,Sanitation failure,Ikeja LCDA,Epe,Epe
PP20170928106,09/28/2017,Seyi Akinyemi,Male,2.34904E+12,seyi.akinyemi67@yahoo.com,39040286143,Ikeja Division,Grant,94133,Underground water pipe burst near hospital entrance,6.602951,3.299978,,13/02/2026 04:03,Leak,Ayobo-Ipaja LCDA,Badagry,Ojo
PP20150724579,07/24/2015,Aisha Ajayi,Female,2.34813E+12,aisha.ajayi72@gmail.com,63825497091,Lagos Island Division,Shotwell,94110,Major pipe burst near primary school disrupting access road,6.438474,3.428323,,13/02/2026 04:03,Leak,Ifako-Ijaiye LCDA,Badagry,Badagry
PP20160606007,06/06/2016,Amaka Ibrahim,Female,2.34805E+12,amaka.ibrahim20@yahoo.com,60479448402,Badagry Division,Rosenkranz,94110,Flooding due to collapsed drainage system after rainfall,6.398057,2.895066,,13/02/2026 04:03,Blockage,Bariga LCDA,Badagry,Amuwo-Odofin
PP20130819423,08/19/2013,Bola Owolabi,Female,2.34813E+12,bola.owolabi98@yahoo.com,47913325912,Badagry Division,04th,94103,Toilet overflow due to heavily blocked drain system,6.455303,3.179422,,13/02/2026 04:03,Blockage,Ikoyi-Obalende LCDA,Epe,Ibeju-Lekki
PP20141015988,10/15/2014,Chinedu Eze,Male,2.34907E+12,chinedu.eze39@yahoo.com,19714306590,Badagry Division,Geary,94109,Low water pressure affecting entire household supply,6.441379,2.888019,,13/02/2026 04:03,Sanitation failure,Ikeja LCDA,Epe,Epe
PP20190702207,07/02/2019,Adebayo Okoye,Male,2.34813E+12,adebayo.okoye74@hotmail.com,83070140050,Ikeja Division,Devonshire,94131,Water pipeline rupture near highway causing erosion,6.579437,3.394647,,13/02/2026 04:03,Sanitation failure,Agboyi-Ketu LCDA,Lagos Island,Surulere
PP20160329176,03/29/2016,Ngozi Mohammed,Female,2.3491E+12,ngozi.mohammed67@yahoo.com,49412222390,Epe Division,21st,94114,Septic tank backflow causing strong sewage odor indoors,6.597898,3.970148,,13/02/2026 04:03,Sanitation failure,Agboyi-Ketu LCDA,Lagos Island,Surulere
PP20100401034,04/01/2010,Abdulrahman Adeyemi,Male,2.34818E+12,abdulrahman.adeyemi66@gmail.com,33734342270,Ikorodu Division,Embarcadero Center,94111,High-pressure pipe burst affecting multiple residential buildings,6.609366,3.507186,,13/02/2026 04:03,Leak,Oto-Awori LCDA,Lagos Island,Lagos Mainland
PP20120813752,08/13/2012,Temitope Danladi,Female,2.34902E+12,temitope.danladi63@gmail.com,21957532378,Ikorodu Division,22nd,94116,"2 bathroom, washer and dry, water heater. shower pan.",6.633564,3.518232,,13/02/2026 04:03,Sanitation failure,Oto-Awori LCDA,Lagos Island,Lagos Mainland
PP20090107172,01/07/2009,Kunle Balogun,Male,2.34805E+12,kunle.balogun78@yahoo.com,78744071559,Ikorodu Division,Vallejo,94109,Bathroom floor drain completely clogged with wastewater backup,6.617822,3.513583,,13/02/2026 04:03,Blockage,Ikosi-Isheri LCDA,Ikeja,Somolu
PP20140915105,09/15/2014,Obinna Nwosu,Male,2.3481E+12,obinna.nwosu33@outlook.com,38271451649,Epe Division,Jones,94109,remodel kitchen & bathroom.,6.463996,3.586397,,13/02/2026 04:03,Sanitation failure,Bariga LCDA,Badagry,Amuwo-Odofin
PP20130625921,06/25/2013,Obinna Adebisi,Male,2.34803E+12,obinna.adebisi60@outlook.com,33180032861,Lagos Island Division,Ulloa,94116,sewer repair with housetrap,6.449533,3.368688,,13/02/2026 04:03,Sanitation failure,Iba LCDA,Ikeja,Agege
PP20150702976,07/02/2015,Chioma Adeyemi,Female,2.34906E+12,chioma.adeyemi56@gmail.com,34933376305,Ikeja Division,Lurline,94122,High-pressure pipe burst affecting multiple residential buildings,6.625172,3.34094,,13/02/2026 04:03,Leak,Badagry Central LCDA,Badagry,Ajeromi-Ifelodun
PP20190702227,07/02/2019,Abdulrahman Yakubu,Male,2.34815E+12,abdulrahman.yakubu55@gmail.com,44575567367,Badagry Division,Fell,94117,High-pressure pipe burst affecting multiple residential buildings,6.463077,3.340718,,13/02/2026 04:03,Leak,Ikorodu North LCDA,Ikorodu,Ikorodu
PP20150212992,02/12/2015,Femi Okoye,Male,2.34905E+12,femi.okoye39@gmail.com,58535175367,Badagry Division,Paul,94124,to comply with complaint 201520841: roof drain relocated for rainwater.,6.41408,2.874181,,13/02/2026 04:03,Blockage,Oto-Awori LCDA,Lagos Island,Lagos Mainland
PP20110614866,06/14/2011,Chisom Oladipo,Female,2.34812E+12,chisom.oladipo88@hotmail.com,29292214505,Badagry Division,21st,94116,Underground water pipe burst near hospital entrance,6.445967,3.250845,,13/02/2026 04:03,Leak,Amuwo-Odofin LCDA,Ikeja,Ifako-Ijaiye
PP20150814183,08/14/2015,Yetunde Okoye,Female,2.3482E+12,yetunde.okoye66@gmail.com,61065211170,Lagos Island Division,Hickory,94102,Toilet overflow due to heavily blocked drain system,6.506002,3.358965,,13/02/2026 04:03,Blockage,Ifako-Ijaiye LCDA,Badagry,Badagry
PP20130214278,02/14/2013,Ayomide Oladipo,Male,2.34908E+12,ayomide.oladipo65@hotmail.com,27561862829,Ikeja Division,17th,94114,Cracked underground pipe slowly flooding compound,6.571208,3.417267,,13/02/2026 04:03,Sanitation failure,Oriade LCDA,Lagos Island,Lagos Island
PP20080723734,07/23/2008,Temitope Ajayi,Female,2.34808E+12,temitope.ajayi34@gmail.com,76246218120,Lagos Island Division,Front,94111,Persistent dripping tap in kitchen wasting water daily,6.498035,3.362658,,13/02/2026 04:03,Sanitation failure,Ikotun-Ikosi LCDA,Lagos Island,Lagos Mainland
PP20080625923,06/25/2008,Seyi Abiola,Male,2.34805E+12,seyi.abiola31@gmail.com,925923163,Epe Division,Avila,94123,Open manhole with visible sewage leakage on street,6.479199,3.595189,,13/02/2026 04:03,Leak,Agboyi-Ketu LCDA,Lagos Island,Surulere
PP20190808280,08/08/2019,Olamide Owolabi,Male,2.34907E+12,olamide.owolabi46@hotmail.com,3327699237,Lagos Island Division,35th,94116,Blocked drainage channel causing street-level flooding,6.490958,3.354639,,13/02/2026 04:03,Blockage,Ikotun-Ikosi LCDA,Lagos Island,Lagos Mainland
PP20150206832,02/06/2015,Seyi Ibrahim,Male,2.34812E+12,seyi.ibrahim37@yahoo.com,92444489488,Lagos Island Division,24th,94110,Open manhole with visible sewage leakage on street,6.438398,3.365988,,13/02/2026 04:03,Leak,Isolo LCDA,Ikeja,Ikeja
PP20140328449,03/28/2014,Opeyemi Bamidele,Female,2.34906E+12,opeyemi.bamidele39@outlook.com,93812069827,Ikeja Division,California,94121,Severe shower pipe rupture flooding entire bathroom,6.541788,3.351449,,13/02/2026 04:03,Sanitation failure,Ikoyi-Obalende LCDA,Epe,Ibeju-Lekki
PP20170725297,07/25/2017,Temitope Adeyemi,Female,2.34803E+12,temitope.adeyemi66@gmail.com,5543236629,Lagos Island Division,Broderick,94115,Major pipe burst near primary school disrupting access road,6.494486,3.375468,,13/02/2026 04:03,Leak,Amuwo-Odofin LCDA,Ikeja,Ifako-Ijaiye
PP20150515714,05/15/2015,Seyi Umeh,Male,2.34908E+12,seyi.umeh21@outlook.com,22409676783,Ikorodu Division,Valencia,94110,Water pipeline rupture near highway causing erosion,6.624456,3.514862,,13/02/2026 04:03,Sanitation failure,Ojodu LCDA,Lagos Island,Eti-Osa
,,Abdulrahman Mohammed,Male,2.34903E+12,abdulrahman.mohammed50@outlook.com,26887251543,Badagry Division,,,Underground water pipe burst near hospital entrance,6.449091,3.189787,,,Leak,Eredo LCDA,Ikeja,Mushin
,,Ifeanyi Danladi,Male,2.34813E+12,ifeanyi.danladi51@gmail.com,27958243515,Badagry Division,,,,6.405709,2.87366,,,Sanitation failure,Ikoyi-Obalende LCDA,Epe,Ibeju-Lekki
,,Seyi Okafor,Male,2.34909E+12,seyi.okafor74@yahoo.com,27995765889,Lagos Island Division,,,High-pressure pipe burst affecting multiple residential buildings,6.493432,3.354942,,,Leak,Ojodu LCDA,Lagos Island,Eti-Osa
,,Chioma Chukwu,Female,2.34817E+12,chioma.chukwu74@yahoo.com,93724293479,Badagry Division,,,Flooding due to collapsed drainage system after rainfall,6.447784,3.23559,,,Blockage,Epe LCDA,Badagry,Ajeromi-Ifelodun
,,Obinna Mohammed,Male,2.34815E+12,obinna.mohammed52@hotmail.com,72793127416,Ikeja Division,,,Severe shower pipe rupture flooding entire bathroom,6.563188,3.319377,,,Sanitation failure,Ojokoro LCDA,Badagry,Amuwo-Odofin
,,Yetunde Eze,Female,2.34813E+12,yetunde.eze29@yahoo.com,45160994868,Badagry Division,,,Cracked underground pipe slowly flooding compound,6.447227,3.343085,,,Sanitation failure,Ikorodu West LCDA,Ikorodu,Ikorodu
,,Obinna Ogunleye,Male,2.3491E+12,obinna.ogunleye72@outlook.com,80761252736,Lagos Island Division,,,Minor kitchen sink pipe leakage under cabinet,6.440695,3.36757,,,Leak,Apapa-Iganmu LCDA,Ikeja,Ifako-Ijaiye
,,Chukwudi Ekanem,Male,2.34808E+12,chukwudi.ekanem33@hotmail.com,31670497021,Lagos Island Division,,,Bathroom floor drain completely clogged with wastewater backup,6.432416,3.422188,,,Blockage,Ojokoro LCDA,Badagry,Amuwo-Odofin
,,Oluwaseun Mohammed,Male,2.34905E+12,oluwaseun.mohammed84@hotmail.com,22202189756,Badagry Division,,,Water heater pipe leakage soaking utility area,6.459149,3.195121,,,Leak,Itire-Ikate LCDA,Badagry,Badagry
,,Ifeanyi Ojo,Male,2.34814E+12,ifeanyi.ojo44@gmail.com,6775613737,Epe Division,,,High-pressure pipe burst affecting multiple residential buildings,6.457604,3.591078,,,Leak,Eredo LCDA,Ikeja,Mushin
